dataset,reference_locus,gene,annotation,strand,translation_start,n_motif_occurrences,minimum_mismatches,has_exact_motif,has_one_mismatch_motif,has_leq1_mismatch_motif,closest_motif_start_rel_CDS
background,MIDG2331_RS00005,dnaA,chromosomal replication initiator protein DnaA,+,192,0,,FALSE,FALSE,FALSE,
background,MIDG2331_RS00010,dnaN,DNA polymerase III subunit beta,+,1564,0,,FALSE,FALSE,FALSE,
background,MIDG2331_RS00015,recF,DNA replication/repair protein RecF,+,3001,0,,FALSE,FALSE,FALSE,
background,MIDG2331_RS00020,sodC,superoxide dismutase family protein,-,4711,0,,FALSE,FALSE,FALSE,
background,MIDG2331_RS00025,asd,aspartate-semialdehyde dehydrogenase,+,4894,1,1,FALSE,TRUE,TRUE,-35
background,MIDG2331_RS00030,,porin,-,7263,0,,FALSE,FALSE,FALSE,
background,MIDG2331_RS00035,lpxB,lipid-A-disaccharide synthase,+,7412,0,,FALSE,FALSE,FALSE,
background,MIDG2331_RS00040,sohB,protease SohB,+,8623,0,,FALSE,FALSE,FALSE,
background,MIDG2331_RS00045,mraZ,division/cell wall cluster transcriptional repressor MraZ,+,9914,0,,FALSE,FALSE,FALSE,
background,MIDG2331_RS00050,rsmH,16S rRNA (cytosine(1402)-N(4))-methyltransferase RsmH,+,10398,0,,FALSE,FALSE,FALSE,
background,MIDG2331_RS00055,ftsL,cell division protein FtsL,+,11352,0,,FALSE,FALSE,FALSE,
background,MIDG2331_RS00060,,penicillin-binding transpeptidase domain-containing protein,+,11670,0,,FALSE,FALSE,FALSE,
background,MIDG2331_RS00065,murE,"UDP-N-acetylmuramoyl-L-alanyl-D-glutamate--2, 6-diaminopimelate ligase",+,13754,0,,FALSE,FALSE,FALSE,
background,MIDG2331_RS00070,murF,UDP-N-acetylmuramoyl-tripeptide--D-alanyl-D- alanine ligase,+,15471,0,,FALSE,FALSE,FALSE,
background,MIDG2331_RS00075,mraY,phospho-N-acetylmuramoyl-pentapeptide- transferase,+,16962,0,,FALSE,FALSE,FALSE,
background,MIDG2331_RS00080,murD,UDP-N-acetylmuramoyl-L-alanine--D-glutamate ligase,+,18128,0,,FALSE,FALSE,FALSE,
background,MIDG2331_RS00085,ftsW,putative lipid II flippase FtsW,+,19440,0,,FALSE,FALSE,FALSE,
background,MIDG2331_RS00090,murG,undecaprenyldiphospho-muramoylpentapeptide beta-N-acetylglucosaminyltransferase,+,20773,0,,FALSE,FALSE,FALSE,
background,MIDG2331_RS00095,murC,UDP-N-acetylmuramate--L-alanine ligase,+,21880,0,,FALSE,FALSE,FALSE,
background,MIDG2331_RS00100,,D-alanine--D-alanine ligase,+,23415,0,,FALSE,FALSE,FALSE,
background,MIDG2331_RS00105,,cell division protein FtsQ/DivIB,+,24467,0,,FALSE,FALSE,FALSE,
background,MIDG2331_RS00115,ftsZ,cell division protein FtsZ,+,26459,0,,FALSE,FALSE,FALSE,
background,MIDG2331_RS00120,lpxC,UDP-3-O-acyl-N-acetylglucosamine deacetylase,+,27704,0,,FALSE,FALSE,FALSE,
background,MIDG2331_RS00125,recN,DNA repair protein RecN,+,28786,0,,FALSE,FALSE,FALSE,
background,MIDG2331_RS00130,,ABC transporter ATP-binding protein,-,32004,0,,FALSE,FALSE,FALSE,
background,MIDG2331_RS00135,,ABC transporter permease,-,32789,0,,FALSE,FALSE,FALSE,
background,MIDG2331_RS00140,,ABC transporter permease,-,33739,0,,FALSE,FALSE,FALSE,
background,MIDG2331_RS00145,,ABC transporter substrate-binding protein,-,35407,0,,FALSE,FALSE,FALSE,
background,MIDG2331_RS00150,prfC,peptide chain release factor 3,-,37181,0,,FALSE,FALSE,FALSE,
background,MIDG2331_RS00155,,DUF805 domain-containing protein,+,37364,0,,FALSE,FALSE,FALSE,
background,MIDG2331_RS00160,,DUF805 domain-containing protein,+,37878,0,,FALSE,FALSE,FALSE,
background,MIDG2331_RS00165,pth,aminoacyl-tRNA hydrolase,+,38520,0,,FALSE,FALSE,FALSE,
background,MIDG2331_RS00170,ychF,redox-regulated ATPase YchF,+,39213,0,,FALSE,FALSE,FALSE,
background,MIDG2331_RS00175,,methyltransferase family protein,+,40376,0,,FALSE,FALSE,FALSE,
background,MIDG2331_RS00180,,hypothetical protein,-,41138,0,,FALSE,FALSE,FALSE,
background,MIDG2331_RS00185,,outer membrane lipoprotein,-,41633,0,,FALSE,FALSE,FALSE,
background,MIDG2331_RS00190,,VOC family protein,-,42256,0,,FALSE,FALSE,FALSE,
background,MIDG2331_RS00195,argS,arginine--tRNA ligase,+,42354,0,,FALSE,FALSE,FALSE,
background,MIDG2331_RS00200,cgtA,Obg family GTPase CgtA,+,44225,0,,FALSE,FALSE,FALSE,
background,MIDG2331_RS00205,,HI_0552 family protein,+,45475,0,,FALSE,FALSE,FALSE,
background,MIDG2331_RS00210,rlmB,23S rRNA (guanosine(2251)-2'-O)-methyltransferase RlmB,-,46929,0,,FALSE,FALSE,FALSE,
background,MIDG2331_RS00215,pssA,CDP-diacylglycerol--serine O-phosphatidyltransferase,-,48372,0,,FALSE,FALSE,FALSE,
background,MIDG2331_RS00220,ileS,isoleucine--tRNA ligase,-,51340,0,,FALSE,FALSE,FALSE,
background,MIDG2331_RS00225,ribF,bifunctional riboflavin kinase/FAD synthetase,-,52363,0,,FALSE,FALSE,FALSE,
background,MIDG2331_RS00230,nadR,multifunctional transcriptional regulator/nicotinamide-nucleotide adenylyltransferase/ribosylnicotinamide kinase NadR,+,52696,0,,FALSE,FALSE,FALSE,
background,MIDG2331_RS00235,,metallophosphoesterase family protein,+,53973,0,,FALSE,FALSE,FALSE,
background,MIDG2331_RS00240,arcA,two-component system response regulator ArcA,+,54844,0,,FALSE,FALSE,FALSE,
background,MIDG2331_RS00245,,porin family protein,+,55612,0,,FALSE,FALSE,FALSE,
background,MIDG2331_RS00250,,KdsC family phosphatase,-,56750,0,,FALSE,FALSE,FALSE,
background,MIDG2331_RS00255,,YggS family pyridoxal phosphate-dependent enzyme,+,56805,0,,FALSE,FALSE,FALSE,
background,MIDG2331_RS00260,typA,translational GTPase TypA,+,57692,0,,FALSE,FALSE,FALSE,
background,MIDG2331_RS00265,,GrxA family glutaredoxin,+,59698,0,,FALSE,FALSE,FALSE,
background,MIDG2331_RS00270,rph,ribonuclease PH,-,60743,0,,FALSE,FALSE,FALSE,
background,MIDG2331_RS00275,,YicC/YloC family endoribonuclease,+,60947,0,,FALSE,FALSE,FALSE,
background,MIDG2331_RS00280,ygfZ,CAF17-like 4Fe-4S cluster assembly/insertion protein YgfZ,+,61819,0,,FALSE,FALSE,FALSE,
background,MIDG2331_RS00285,,YfhL family 4Fe-4S dicluster ferredoxin,-,63016,0,,FALSE,FALSE,FALSE,
background,MIDG2331_RS00290,,response regulator,-,63791,0,,FALSE,FALSE,FALSE,
background,MIDG2331_RS00295,rlmKL,bifunctional 23S rRNA (guanine(2069)-N(7))-methyltransferase RlmK/23S rRNA (guanine(2445)-N(2))-methyltransferase RlmL,+,63995,0,,FALSE,FALSE,FALSE,
background,MIDG2331_RS00300,trmL,tRNA (uridine(34)/cytosine(34)/5- carboxymethylaminomethyluridine(34)-2'-O)- methyltransferase TrmL,+,66191,0,,FALSE,FALSE,FALSE,
background,MIDG2331_RS00305,tal,transaldolase,-,67757,0,,FALSE,FALSE,FALSE,
background,MIDG2331_RS00335,,ABC transporter substrate-binding protein,+,73811,0,,FALSE,FALSE,FALSE,
background,MIDG2331_RS00340,,ABC transporter substrate-binding protein,+,75574,1,1,FALSE,TRUE,TRUE,-22
background,MIDG2331_RS00345,,ABC transporter permease subunit,+,77303,0,,FALSE,FALSE,FALSE,
background,MIDG2331_RS00350,,ABC transporter permease subunit,+,78385,0,,FALSE,FALSE,FALSE,
background,MIDG2331_RS00355,dppD,dipeptide ABC transporter ATP-binding protein,+,79286,0,,FALSE,FALSE,FALSE,
background,MIDG2331_RS00365,psiE,phosphate-starvation-inducible protein PsiE,-,81757,0,,FALSE,FALSE,FALSE,
background,MIDG2331_RS00370,,hydrolase,-,82467,0,,FALSE,FALSE,FALSE,
background,MIDG2331_RS00375,,RidA family protein,-,82866,0,,FALSE,FALSE,FALSE,
background,MIDG2331_RS00385,grxD,Grx4 family monothiol glutaredoxin,-,84464,0,,FALSE,FALSE,FALSE,
background,MIDG2331_RS00395,,YbaB/EbfC family nucleoid-associated protein,-,85541,0,,FALSE,FALSE,FALSE,
background,MIDG2331_RS00400,,energy transducer TonB family protein,-,86567,0,,FALSE,FALSE,FALSE,
background,MIDG2331_RS00405,exbD,TonB system transport protein ExbD,-,86966,0,,FALSE,FALSE,FALSE,
background,MIDG2331_RS00410,exbB,TonB-system energizer ExbB,-,87463,0,,FALSE,FALSE,FALSE,
background,MIDG2331_RS00415,glpE,thiosulfate sulfurtransferase GlpE,+,87651,0,,FALSE,FALSE,FALSE,
background,MIDG2331_RS00420,,co-chaperone YbbN,+,88021,0,,FALSE,FALSE,FALSE,
background,MIDG2331_RS00425,dhaM,dihydroxyacetone kinase phosphoryl donor subunit DhaM,-,89348,0,,FALSE,FALSE,FALSE,
background,MIDG2331_RS00430,dhaL,dihydroxyacetone kinase subunit DhaL,-,89983,0,,FALSE,FALSE,FALSE,
background,MIDG2331_RS00435,dhaK,dihydroxyacetone kinase subunit DhaK,-,91055,0,,FALSE,FALSE,FALSE,
background,MIDG2331_RS00440,trxB,thioredoxin-disulfide reductase,+,91225,0,,FALSE,FALSE,FALSE,
background,MIDG2331_RS00445,kdsB,3-deoxy-manno-octulosonate cytidylyltransferase,+,92286,0,,FALSE,FALSE,FALSE,
background,MIDG2331_RS00450,,YidB family protein,+,93162,0,,FALSE,FALSE,FALSE,
background,MIDG2331_RS00455,nudC,NAD(+) diphosphatase,-,94449,0,,FALSE,FALSE,FALSE,
background,MIDG2331_RS00460,,pseudouridine synthase,-,95147,0,,FALSE,FALSE,FALSE,
background,MIDG2331_RS00465,,DMT family transporter,-,95996,0,,FALSE,FALSE,FALSE,
background,MIDG2331_RS00470,,FxsA family protein,-,96460,0,,FALSE,FALSE,FALSE,
background,MIDG2331_RS00475,pepQ,Xaa-Pro dipeptidase,-,97814,0,,FALSE,FALSE,FALSE,
background,MIDG2331_RS00480,tusA,sulfurtransferase TusA,+,97838,0,,FALSE,FALSE,FALSE,
background,MIDG2331_RS00485,rraB,ribonuclease E inhibitor RraB,-,98567,0,,FALSE,FALSE,FALSE,
background,MIDG2331_RS00490,yihA,ribosome biogenesis GTP-binding protein YihA/YsxC,-,99189,0,,FALSE,FALSE,FALSE,
background,MIDG2331_RS00495,,DUF805 domain-containing protein,-,99900,0,,FALSE,FALSE,FALSE,
background,MIDG2331_RS00500,,ZIP family metal transporter,-,100768,0,,FALSE,FALSE,FALSE,
background,MIDG2331_RS00510,ilvM,acetolactate synthase 2 small subunit,-,103090,0,,FALSE,FALSE,FALSE,
background,MIDG2331_RS00520,nrfA,ammonia-forming nitrite reductase cytochrome c552 subunit,+,105163,0,,FALSE,FALSE,FALSE,
background,MIDG2331_RS00525,nrfB,cytochrome c nitrite reductase pentaheme subunit,+,106692,0,,FALSE,FALSE,FALSE,
background,MIDG2331_RS00530,nrfC,cytochrome c nitrite reductase Fe-S protein,+,107339,0,,FALSE,FALSE,FALSE,
background,MIDG2331_RS00535,nrfD,cytochrome c nitrite reductase subunit NrfD,+,108016,0,,FALSE,FALSE,FALSE,
background,MIDG2331_RS00540,,YadA-like family protein,+,109268,0,,FALSE,FALSE,FALSE,
background,MIDG2331_RS00545,,uracil-xanthine permease family protein,-,124435,0,,FALSE,FALSE,FALSE,
background,MIDG2331_RS00550,putA,bifunctional proline dehydrogenase/L-glutamate gamma-semialdehyde dehydrogenase PutA,-,128200,0,,FALSE,FALSE,FALSE,
background,MIDG2331_RS00555,putP,sodium/proline symporter PutP,-,129817,0,,FALSE,FALSE,FALSE,
background,MIDG2331_RS00560,,IclR family transcriptional regulator,-,131177,0,,FALSE,FALSE,FALSE,
background,MIDG2331_RS00565,,5-formyltetrahydrofolate cyclo-ligase,-,131749,0,,FALSE,FALSE,FALSE,
background,MIDG2331_RS00570,,cell division protein ZapA,-,132340,0,,FALSE,FALSE,FALSE,
background,MIDG2331_RS00575,,UPF0149 family protein,+,132418,0,,FALSE,FALSE,FALSE,
background,MIDG2331_RS00580,hemE,uroporphyrinogen decarboxylase,+,133075,0,,FALSE,FALSE,FALSE,
background,MIDG2331_RS00585,,YjaG family protein,+,134263,0,,FALSE,FALSE,FALSE,
background,MIDG2331_RS00590,,HU family DNA-binding protein,+,134989,0,,FALSE,FALSE,FALSE,
background,MIDG2331_RS00595,,thymidylate synthase,-,136165,0,,FALSE,FALSE,FALSE,
background,MIDG2331_RS00600,,hypothetical protein,+,136253,0,,FALSE,FALSE,FALSE,
background,MIDG2331_RS00605,bioB,biotin synthase BioB,+,136933,0,,FALSE,FALSE,FALSE,
background,MIDG2331_RS00610,cspE,transcription antiterminator/RNA stability regulator CspE,-,138216,0,,FALSE,FALSE,FALSE,
background,MIDG2331_RS00620,prc,carboxy terminal-processing peptidase,+,139219,0,,FALSE,FALSE,FALSE,
background,MIDG2331_RS00625,,"L,D-transpeptidase family protein",+,141328,0,,FALSE,FALSE,FALSE,
background,MIDG2331_RS00630,,YcbK family protein,+,143065,0,,FALSE,FALSE,FALSE,
background,MIDG2331_RS00635,,MBL fold metallo-hydrolase,+,143637,0,,FALSE,FALSE,FALSE,
background,MIDG2331_RS00640,,choline/ethanolamine kinase family protein,-,145018,0,,FALSE,FALSE,FALSE,
background,MIDG2331_RS00645,,YcfL family protein,-,145389,0,,FALSE,FALSE,FALSE,
background,MIDG2331_RS00650,hinT,purine nucleoside phosphoramidase,-,145756,1,1,FALSE,TRUE,TRUE,5
background,MIDG2331_RS00655,,metal ABC transporter permease,-,146658,0,,FALSE,FALSE,FALSE,
background,MIDG2331_RS00660,,metal ABC transporter permease,-,147505,0,,FALSE,FALSE,FALSE,
background,MIDG2331_RS00665,rnhB,ribonuclease HII,-,148099,0,,FALSE,FALSE,FALSE,
background,MIDG2331_RS00680,yjjG,pyrimidine 5'-nucleotidase,+,150556,0,,FALSE,FALSE,FALSE,
background,MIDG2331_RS00690,,hypothetical protein,+,152220,0,,FALSE,FALSE,FALSE,
background,MIDG2331_RS00695,ansB,L-asparaginase 2,-,153992,0,,FALSE,FALSE,FALSE,
background,MIDG2331_RS00700,pyrG,glutamine hydrolyzing CTP synthase,+,154297,0,,FALSE,FALSE,FALSE,
background,MIDG2331_RS00705,,DUF2301 domain-containing membrane protein,+,156034,0,,FALSE,FALSE,FALSE,
background,MIDG2331_RS00710,leuD,3-isopropylmalate dehydratase small subunit,-,157188,0,,FALSE,FALSE,FALSE,
background,MIDG2331_RS00720,,CdaR family transcriptional regulator,+,158951,0,,FALSE,FALSE,FALSE,
background,MIDG2331_RS00725,,GntP family permease,+,160194,0,,FALSE,FALSE,FALSE,
background,MIDG2331_RS00730,,glycerate kinase,+,161467,0,,FALSE,FALSE,FALSE,
background,MIDG2331_RS00735,,acylphosphatase,+,162619,0,,FALSE,FALSE,FALSE,
background,MIDG2331_RS00740,,DUF2813 domain-containing protein,-,164521,0,,FALSE,FALSE,FALSE,
background,MIDG2331_RS00745,ppnN,nucleotide 5'-monophosphate nucleosidase PpnN,-,165904,0,,FALSE,FALSE,FALSE,
background,MIDG2331_RS00750,dusA,tRNA dihydrouridine(20/20a) synthase DusA,-,166941,0,,FALSE,FALSE,FALSE,
background,MIDG2331_RS00755,,ribonucleotide-diphosphate reductase subunit beta,+,167294,0,,FALSE,FALSE,FALSE,
background,MIDG2331_RS00760,,ribonucleoside-diphosphate reductase subunit alpha,+,168258,0,,FALSE,FALSE,FALSE,
background,MIDG2331_RS00765,nfuA,Fe-S biogenesis protein NfuA,-,170656,0,,FALSE,FALSE,FALSE,
background,MIDG2331_RS00770,,Na(+)-translocating NADH-quinone reductase subunit A,+,171111,0,,FALSE,FALSE,FALSE,
background,MIDG2331_RS00775,,NADH:ubiquinone reductase (Na(+)-transporting) subunit B,+,172465,0,,FALSE,FALSE,FALSE,
background,MIDG2331_RS00780,,Na(+)-translocating NADH-quinone reductase subunit C,+,173700,0,,FALSE,FALSE,FALSE,
background,MIDG2331_RS00785,,NADH:ubiquinone reductase (Na(+)-transporting) subunit D,+,174473,0,,FALSE,FALSE,FALSE,
background,MIDG2331_RS00790,nqrE,NADH:ubiquinone reductase (Na(+)-transporting) subunit E,+,175098,0,,FALSE,FALSE,FALSE,
background,MIDG2331_RS00795,nqrF,NADH:ubiquinone reductase (Na(+)-transporting) subunit F,+,175705,0,,FALSE,FALSE,FALSE,
background,MIDG2331_RS00800,,FAD:protein FMN transferase,+,177141,0,,FALSE,FALSE,FALSE,
background,MIDG2331_RS00805,nqrM,(Na+)-NQR maturation NqrM,+,178185,0,,FALSE,FALSE,FALSE,
background,MIDG2331_RS00810,mnmA,tRNA 2-thiouridine(34) synthase MnmA,+,178661,0,,FALSE,FALSE,FALSE,
background,MIDG2331_RS00815,,3-phenylpropionate MFS transporter,-,181057,0,,FALSE,FALSE,FALSE,
background,MIDG2331_RS00820,proC,pyrroline-5-carboxylate reductase,-,181872,0,,FALSE,FALSE,FALSE,
background,MIDG2331_RS00825,rdgC,recombination-associated protein RdgC,+,182046,0,,FALSE,FALSE,FALSE,
background,MIDG2331_RS00830,,beta-phosphoglucomutase family hydrolase,+,182964,0,,FALSE,FALSE,FALSE,
background,MIDG2331_RS00835,nrdD,anaerobic ribonucleoside-triphosphate reductase,-,185607,0,,FALSE,FALSE,FALSE,
background,MIDG2331_RS00840,nrdG,anaerobic ribonucleoside-triphosphate reductase activating protein,-,186079,1,1,FALSE,TRUE,TRUE,-32
background,MIDG2331_RS00845,rsxA,electron transport complex subunit RsxA,+,186461,0,,FALSE,FALSE,FALSE,
background,MIDG2331_RS00850,rsxB,electron transport complex subunit RsxB,+,187042,0,,FALSE,FALSE,FALSE,
background,MIDG2331_RS00855,rsxC,electron transport complex subunit RsxC,+,187646,0,,FALSE,FALSE,FALSE,
background,MIDG2331_RS00860,,trimeric intracellular cation channel family protein,+,189951,0,,FALSE,FALSE,FALSE,
background,MIDG2331_RS00865,rsxD,electron transport complex subunit RsxD,+,190615,0,,FALSE,FALSE,FALSE,
background,MIDG2331_RS00870,rsxG,electron transport complex subunit RsxG,+,191661,0,,FALSE,FALSE,FALSE,
background,MIDG2331_RS00875,,electron transport complex subunit E,+,192305,0,,FALSE,FALSE,FALSE,
background,MIDG2331_RS00880,lpxM,lauroyl-Kdo(2)-lipid IV(A) myristoyltransferase,+,193000,0,,FALSE,FALSE,FALSE,
background,MIDG2331_RS00885,,amidohydrolase family protein,-,195002,0,,FALSE,FALSE,FALSE,
background,MIDG2331_RS00890,thiB,thiamine ABC transporter substrate binding subunit,+,195444,0,,FALSE,FALSE,FALSE,
background,MIDG2331_RS00900,pcnB,polynucleotide adenylyltransferase PcnB,+,197208,0,,FALSE,FALSE,FALSE,
background,MIDG2331_RS00905,folK,2-amino-4-hydroxy-6- hydroxymethyldihydropteridine diphosphokinase,+,198810,0,,FALSE,FALSE,FALSE,
background,MIDG2331_RS00910,,YnbE family lipoprotein,-,199538,0,,FALSE,FALSE,FALSE,
background,MIDG2331_RS00915,,YdbH family protein,-,202264,0,,FALSE,FALSE,FALSE,
background,MIDG2331_RS00920,,hypothetical protein,-,203088,0,,FALSE,FALSE,FALSE,
background,MIDG2331_RS00925,gloA,lactoylglutathione lyase,+,203186,0,,FALSE,FALSE,FALSE,
background,MIDG2331_RS00930,rnt,ribonuclease T,+,203733,0,,FALSE,FALSE,FALSE,
background,MIDG2331_RS00935,,NRAMP family divalent metal transporter,-,205757,1,1,FALSE,TRUE,TRUE,7
background,MIDG2331_RS00940,tyrA,bifunctional chorismate mutase/prephenate dehydrogenase,-,207454,0,,FALSE,FALSE,FALSE,
background,MIDG2331_RS00950,,glycosyltransferase family 9 protein,-,209716,0,,FALSE,FALSE,FALSE,
background,MIDG2331_RS00955,pyk,pyruvate kinase,-,211243,0,,FALSE,FALSE,FALSE,
background,MIDG2331_RS00960,sixA,phosphohistidine phosphatase SixA,+,211375,0,,FALSE,FALSE,FALSE,
background,MIDG2331_RS00965,dusB,tRNA dihydrouridine synthase DusB,+,212089,0,,FALSE,FALSE,FALSE,
background,MIDG2331_RS00970,fis,DNA-binding transcriptional regulator Fis,+,213079,0,,FALSE,FALSE,FALSE,
background,MIDG2331_RS00975,,sodium-dependent transporter,-,214798,0,,FALSE,FALSE,FALSE,
background,MIDG2331_RS00980,,Dam family site-specific DNA-(adenine-N6)-methyltransferase,-,215696,0,,FALSE,FALSE,FALSE,
background,MIDG2331_RS00985,aroB,3-dehydroquinate synthase,-,216789,0,,FALSE,FALSE,FALSE,
background,MIDG2331_RS00990,aroK,shikimate kinase AroK,-,217384,0,,FALSE,FALSE,FALSE,
background,MIDG2331_RS00995,,penicillin-binding protein 1A,-,220213,0,,FALSE,FALSE,FALSE,
background,MIDG2331_RS01000,,type IV pilus biogenesis protein PilM,+,220352,0,,FALSE,FALSE,FALSE,
background,MIDG2331_RS01005,,hypothetical protein,+,221014,0,,FALSE,FALSE,FALSE,
background,MIDG2331_RS01010,,hypothetical protein,+,221634,0,,FALSE,FALSE,FALSE,
background,MIDG2331_RS01015,,hypothetical protein,+,222058,0,,FALSE,FALSE,FALSE,
background,MIDG2331_RS01020,pilQ,type IV pilus secretin PilQ,+,222474,0,,FALSE,FALSE,FALSE,
background,MIDG2331_RS01025,nusB,transcription antitermination factor NusB,+,223898,0,,FALSE,FALSE,FALSE,
background,MIDG2331_RS01030,thiL,thiamine-phosphate kinase,+,224376,0,,FALSE,FALSE,FALSE,
background,MIDG2331_RS01035,,phosphatidylglycerophosphatase A family protein,+,225354,0,,FALSE,FALSE,FALSE,
background,MIDG2331_RS01040,,LysE family transporter,+,225840,0,,FALSE,FALSE,FALSE,
background,MIDG2331_RS01045,,TrmH family RNA methyltransferase,-,227551,0,,FALSE,FALSE,FALSE,
background,MIDG2331_RS01050,suhB,inositol-1-monophosphatase,+,227717,0,,FALSE,FALSE,FALSE,
background,MIDG2331_RS01070,glyA,serine hydroxymethyltransferase,-,233236,0,,FALSE,FALSE,FALSE,
background,MIDG2331_RS01075,,NAD(+) kinase,-,234354,0,,FALSE,FALSE,FALSE,
background,MIDG2331_RS01080,cas3f,type I-F CRISPR-associated helicase Cas3f,-,237792,0,,FALSE,FALSE,FALSE,
background,MIDG2331_RS01085,cas1f,type I-F CRISPR-associated endonuclease Cas1f,-,238745,0,,FALSE,FALSE,FALSE,
background,MIDG2331_RS01090,cas6f,type I-F CRISPR-associated endoribonuclease Cas6/Csy4,-,240720,0,,FALSE,FALSE,FALSE,
background,MIDG2331_RS01095,csy3,type I-F CRISPR-associated protein Csy3,-,241718,0,,FALSE,FALSE,FALSE,
background,MIDG2331_RS01100,csy2,type I-F CRISPR-associated protein Csy2,-,242679,0,,FALSE,FALSE,FALSE,
background,MIDG2331_RS01110,thrS,threonine--tRNA ligase,+,244475,0,,FALSE,FALSE,FALSE,
background,MIDG2331_RS01115,,CsgG/HfaB family protein,+,246548,0,,FALSE,FALSE,FALSE,
background,MIDG2331_RS01120,,DUF4810 domain-containing protein,+,247232,0,,FALSE,FALSE,FALSE,
background,MIDG2331_RS01125,,DUF799 domain-containing protein,+,247591,0,,FALSE,FALSE,FALSE,
background,MIDG2331_RS01130,infC,translation initiation factor IF-3,+,248465,0,,FALSE,FALSE,FALSE,
background,MIDG2331_RS01135,rpmI,50S ribosomal protein L35,+,249256,0,,FALSE,FALSE,FALSE,
background,MIDG2331_RS01140,rplT,50S ribosomal protein L20,+,249521,0,,FALSE,FALSE,FALSE,
background,MIDG2331_RS01145,,hypothetical protein,+,249923,0,,FALSE,FALSE,FALSE,
background,MIDG2331_RS01150,,hypothetical protein,+,250492,0,,FALSE,FALSE,FALSE,
background,MIDG2331_RS01155,paeA,polyamine export protein PaeA,-,252137,0,,FALSE,FALSE,FALSE,
background,MIDG2331_RS01160,,TIGR01621 family pseudouridine synthase,-,252831,0,,FALSE,FALSE,FALSE,
background,MIDG2331_RS01165,,histidine phosphatase family protein,+,252881,0,,FALSE,FALSE,FALSE,
background,MIDG2331_RS01170,ruvX,Holliday junction resolvase RuvX,-,253993,0,,FALSE,FALSE,FALSE,
background,MIDG2331_RS01175,,YqgE/AlgH family protein,-,254606,0,,FALSE,FALSE,FALSE,
background,MIDG2331_RS01180,rsmE,16S rRNA (uracil(1498)-N(3))-methyltransferase,-,255337,0,,FALSE,FALSE,FALSE,
background,MIDG2331_RS01185,,YajG family lipoprotein,-,256102,0,,FALSE,FALSE,FALSE,
background,MIDG2331_RS01190,,BolA family protein,+,256231,0,,FALSE,FALSE,FALSE,
background,MIDG2331_RS01200,,copper resistance protein NlpE,-,257309,0,,FALSE,FALSE,FALSE,
background,MIDG2331_RS01205,,DciA family protein,-,257637,0,,FALSE,FALSE,FALSE,
background,MIDG2331_RS01210,secM,secA translation cis-regulator SecM,+,257740,0,,FALSE,FALSE,FALSE,
background,MIDG2331_RS01215,secA,preprotein translocase subunit SecA,+,258175,0,,FALSE,FALSE,FALSE,
background,MIDG2331_RS01220,,glycosyltransferase family 9 protein,+,261022,0,,FALSE,FALSE,FALSE,
background,MIDG2331_RS01230,argC,N-acetyl-gamma-glutamyl-phosphate reductase,+,262839,0,,FALSE,FALSE,FALSE,
background,MIDG2331_RS01235,argB,acetylglutamate kinase,+,263813,0,,FALSE,FALSE,FALSE,
background,MIDG2331_RS01245,,transferrin-binding protein-like solute binding protein,+,266076,0,,FALSE,FALSE,FALSE,
background,MIDG2331_RS01265,rho,transcription termination factor Rho,-,271897,0,,FALSE,FALSE,FALSE,
background,MIDG2331_RS01270,cysK,cysteine synthase A,-,273045,0,,FALSE,FALSE,FALSE,
background,MIDG2331_RS01275,thrB,homoserine kinase,-,274207,0,,FALSE,FALSE,FALSE,
background,MIDG2331_RS01280,thrA,bifunctional aspartate kinase/homoserine dehydrogenase I,-,276663,0,,FALSE,FALSE,FALSE,
background,MIDG2331_RS01285,sodA,superoxide dismutase [Mn],+,277072,0,,FALSE,FALSE,FALSE,
background,MIDG2331_RS01290,alr,alanine racemase,-,278925,0,,FALSE,FALSE,FALSE,
background,MIDG2331_RS01295,recD,exodeoxyribonuclease V subunit alpha,+,279046,0,,FALSE,FALSE,FALSE,
background,MIDG2331_RS01320,,aminoacyl-histidine dipeptidase,-,288306,0,,FALSE,FALSE,FALSE,
background,MIDG2331_RS01325,gpt,xanthine phosphoribosyltransferase,+,288479,0,,FALSE,FALSE,FALSE,
background,MIDG2331_RS01330,gmk,guanylate kinase,+,289036,0,,FALSE,FALSE,FALSE,
background,MIDG2331_RS01335,tdeA,toxin/drug exporter TdeA,+,289758,0,,FALSE,FALSE,FALSE,
background,MIDG2331_RS01340,,RnfH family protein,-,291529,0,,FALSE,FALSE,FALSE,
background,MIDG2331_RS01345,,type II toxin-antitoxin system RatA family toxin,-,291923,0,,FALSE,FALSE,FALSE,
background,MIDG2331_RS01350,modC,molybdenum ABC transporter ATP-binding protein ModC,-,293026,0,,FALSE,FALSE,FALSE,
background,MIDG2331_RS01355,modB,molybdate ABC transporter permease subunit,-,293719,0,,FALSE,FALSE,FALSE,
background,MIDG2331_RS01360,modA,molybdate ABC transporter substrate-binding protein,-,294537,0,,FALSE,FALSE,FALSE,
background,MIDG2331_RS01365,,ABC transporter permease,-,295394,0,,FALSE,FALSE,FALSE,
background,MIDG2331_RS01370,,ABC transporter ATP-binding protein,-,296306,0,,FALSE,FALSE,FALSE,
background,MIDG2331_RS01375,dnaX,DNA polymerase III subunit gamma/tau,-,298372,0,,FALSE,FALSE,FALSE,
background,MIDG2331_RS01380,apt,adenine phosphoribosyltransferase,-,298960,0,,FALSE,FALSE,FALSE,
background,MIDG2331_RS01385,,helix-turn-helix transcriptional regulator,+,299161,0,,FALSE,FALSE,FALSE,
background,MIDG2331_RS01390,,RidA family protein,+,299793,0,,FALSE,FALSE,FALSE,
background,MIDG2331_RS01395,,threonine synthase,+,300166,0,,FALSE,FALSE,FALSE,
background,MIDG2331_RS01400,,YbaK/prolyl-tRNA synthetase associated domain-containing protein,+,301275,0,,FALSE,FALSE,FALSE,
background,MIDG2331_RS01405,,metal ABC transporter ATP-binding protein,-,302632,0,,FALSE,FALSE,FALSE,
background,MIDG2331_RS01410,,metal ABC transporter substrate-binding protein,-,303530,0,,FALSE,FALSE,FALSE,
background,MIDG2331_RS01415,,TusE/DsrC/DsvC family sulfur relay protein,-,303932,0,,FALSE,FALSE,FALSE,
background,MIDG2331_RS01420,,Bax inhibitor-1 family protein,-,304649,0,,FALSE,FALSE,FALSE,
background,MIDG2331_RS01425,pgsA,CDP-diacylglycerol--glycerol-3-phosphate 3-phosphatidyltransferase,+,304831,0,,FALSE,FALSE,FALSE,
background,MIDG2331_RS01430,,TonB-dependent receptor domain-containing protein,+,305502,0,,FALSE,FALSE,FALSE,
background,MIDG2331_RS01435,uvrC,excinuclease ABC subunit UvrC,+,307625,0,,FALSE,FALSE,FALSE,
background,MIDG2331_RS01440,,TatD family hydrolase,+,309526,0,,FALSE,FALSE,FALSE,
background,MIDG2331_RS01445,rep,DNA helicase Rep,-,312433,0,,FALSE,FALSE,FALSE,
background,MIDG2331_RS01450,potA,spermidine/putrescine ABC transporter ATP-binding protein PotA,+,312767,0,,FALSE,FALSE,FALSE,
background,MIDG2331_RS01455,potB,spermidine/putrescine ABC transporter permease PotB,+,313869,0,,FALSE,FALSE,FALSE,
background,MIDG2331_RS01460,potC,spermidine/putrescine ABC transporter permease PotC,+,314735,0,,FALSE,FALSE,FALSE,
background,MIDG2331_RS01465,ruvA,Holliday junction branch migration protein RuvA,+,315639,0,,FALSE,FALSE,FALSE,
background,MIDG2331_RS01470,ruvB,Holliday junction branch migration DNA helicase RuvB,+,316263,0,,FALSE,FALSE,FALSE,
background,MIDG2331_RS01475,ubiG,bifunctional 2-polyprenyl-6-hydroxyphenol methylase/3-demethylubiquinol 3-O-methyltransferase UbiG,-,318028,0,,FALSE,FALSE,FALSE,
background,MIDG2331_RS01480,gyrA,DNA topoisomerase (ATP-hydrolyzing) subunit A,+,318208,0,,FALSE,FALSE,FALSE,
background,MIDG2331_RS01490,,virulence RhuM family protein,+,322541,0,,FALSE,FALSE,FALSE,
background,MIDG2331_RS01495,,Abi family protein,+,323884,0,,FALSE,FALSE,FALSE,
background,MIDG2331_RS01500,,restriction endonuclease subunit S,+,324963,0,,FALSE,FALSE,FALSE,
background,MIDG2331_RS01505,,AAA family ATPase,+,326187,0,,FALSE,FALSE,FALSE,
background,MIDG2331_RS01510,,type I restriction endonuclease subunit R,+,327676,0,,FALSE,FALSE,FALSE,
background,MIDG2331_RS01515,,ABC transporter ATP-binding protein,+,330823,0,,FALSE,FALSE,FALSE,
background,MIDG2331_RS01520,tcdA,tRNA cyclic N6-threonylcarbamoyladenosine(37) synthase TcdA,+,332766,0,,FALSE,FALSE,FALSE,
background,MIDG2331_RS01525,,DUF5339 domain-containing protein,-,333941,0,,FALSE,FALSE,FALSE,
background,MIDG2331_RS01530,,cytochrome ubiquinol oxidase subunit I,+,334398,0,,FALSE,FALSE,FALSE,
background,MIDG2331_RS01535,cydB,cytochrome d ubiquinol oxidase subunit II,+,335962,0,,FALSE,FALSE,FALSE,
background,MIDG2331_RS01540,ybgE,cyd operon protein YbgE,+,337221,0,,FALSE,FALSE,FALSE,
background,MIDG2331_RS01545,ybgC,tol-pal system-associated acyl-CoA thioesterase,+,337666,0,,FALSE,FALSE,FALSE,
background,MIDG2331_RS01550,tolQ,protein TolQ,+,338090,0,,FALSE,FALSE,FALSE,
background,MIDG2331_RS01555,tolR,colicin uptake protein TolR,+,338849,0,,FALSE,FALSE,FALSE,
background,MIDG2331_RS01560,tolA,cell envelope integrity protein TolA,+,339305,0,,FALSE,FALSE,FALSE,
background,MIDG2331_RS01565,tolB,Tol-Pal system beta propeller repeat protein TolB,+,340714,0,,FALSE,FALSE,FALSE,
background,MIDG2331_RS01570,pal,peptidoglycan-associated lipoprotein Pal,+,342021,0,,FALSE,FALSE,FALSE,
background,MIDG2331_RS01575,,DMT family transporter,+,342575,0,,FALSE,FALSE,FALSE,
background,MIDG2331_RS01580,djlA,co-chaperone DjlA,+,343542,0,,FALSE,FALSE,FALSE,
background,MIDG2331_RS01585,dusC,tRNA dihydrouridine(16) synthase DusC,+,344487,0,,FALSE,FALSE,FALSE,
background,MIDG2331_RS01590,,YcjF family protein,+,345501,0,,FALSE,FALSE,FALSE,
background,MIDG2331_RS01595,,ABC transporter ATP-binding protein,-,348651,0,,FALSE,FALSE,FALSE,
background,MIDG2331_RS01600,,hypothetical protein,+,348812,0,,FALSE,FALSE,FALSE,
background,MIDG2331_RS01605,moeA,molybdopterin molybdotransferase MoeA,+,349242,0,,FALSE,FALSE,FALSE,
background,MIDG2331_RS01610,moeB,molybdopterin-synthase adenylyltransferase MoeB,+,350493,0,,FALSE,FALSE,FALSE,
background,MIDG2331_RS01620,rlmD,23S rRNA (uracil(1939)-C(5))-methyltransferase RlmD,-,352964,0,,FALSE,FALSE,FALSE,
background,MIDG2331_RS01625,,anti-phage deoxyguanosine triphosphatase,+,353022,0,,FALSE,FALSE,FALSE,
background,MIDG2331_RS01630,rapA,RNA polymerase-associated protein RapA,+,354519,0,,FALSE,FALSE,FALSE,
background,MIDG2331_RS01635,rluA,bifunctional tRNA pseudouridine(32) synthase/23S rRNA pseudouridine(746) synthase RluA,+,357544,0,,FALSE,FALSE,FALSE,
background,MIDG2331_RS01640,ampD,"1,6-anhydro-N-acetylmuramyl-L-alanine amidase AmpD",-,358956,0,,FALSE,FALSE,FALSE,
background,MIDG2331_RS01645,,23S rRNA (adenine(2030)-N(6))-methyltransferase RlmJ,+,359077,0,,FALSE,FALSE,FALSE,
background,MIDG2331_RS01650,pyrE,orotate phosphoribosyltransferase,+,360005,0,,FALSE,FALSE,FALSE,
background,MIDG2331_RS01655,,5-methyltetrahydropteroyltriglutamate-- homocysteine S-methyltransferase,+,360785,0,,FALSE,FALSE,FALSE,
background,MIDG2331_RS01665,dsbB,disulfide bond formation protein DsbB,-,363756,0,,FALSE,FALSE,FALSE,
background,MIDG2331_RS01670,nhaB,sodium/proton antiporter NhaB,-,365393,0,,FALSE,FALSE,FALSE,
background,MIDG2331_RS01675,fadR,fatty acid metabolism transcriptional regulator FadR,+,365558,0,,FALSE,FALSE,FALSE,
background,MIDG2331_RS01680,,PhoH family protein,+,366295,0,,FALSE,FALSE,FALSE,
background,MIDG2331_RS01685,,AEC family transporter,-,368450,0,,FALSE,FALSE,FALSE,
background,MIDG2331_RS01690,prfB,peptide chain release factor 2,-,369549,0,,FALSE,FALSE,FALSE,
background,MIDG2331_RS01695,selD,"selenide, water dikinase SelD",+,369690,0,,FALSE,FALSE,FALSE,
background,MIDG2331_RS01700,,NUDIX hydrolase,+,370738,0,,FALSE,FALSE,FALSE,
background,MIDG2331_RS01705,ubiH,2-octaprenyl-6-methoxyphenyl hydroxylase,+,371203,0,,FALSE,FALSE,FALSE,
background,MIDG2331_RS01710,,hypothetical protein,-,372908,0,,FALSE,FALSE,FALSE,
background,MIDG2331_RS01715,,hypothetical protein,-,373582,0,,FALSE,FALSE,FALSE,
background,MIDG2331_RS01720,,hypothetical protein,-,374142,0,,FALSE,FALSE,FALSE,
background,MIDG2331_RS01725,,FAD-dependent monooxygenase,-,375464,0,,FALSE,FALSE,FALSE,
background,MIDG2331_RS01730,rapZ,RNase adapter RapZ,-,376412,0,,FALSE,FALSE,FALSE,
background,MIDG2331_RS01735,,PTS sugar transporter subunit IIA,-,376943,0,,FALSE,FALSE,FALSE,
background,MIDG2331_RS01740,lptB,LPS export ABC transporter ATP-binding protein,-,377718,0,,FALSE,FALSE,FALSE,
background,MIDG2331_RS01745,lptA,lipopolysaccharide transport periplasmic protein LptA,-,378231,0,,FALSE,FALSE,FALSE,
background,MIDG2331_RS01750,lptC,LPS export ABC transporter periplasmic protein LptC,-,378852,0,,FALSE,FALSE,FALSE,
background,MIDG2331_RS01755,ppc,phosphoenolpyruvate carboxylase,-,381651,0,,FALSE,FALSE,FALSE,
background,MIDG2331_RS01760,,TPM domain-containing protein,-,382694,0,,FALSE,FALSE,FALSE,
background,MIDG2331_RS01765,,TPM domain-containing protein,-,383140,0,,FALSE,FALSE,FALSE,
background,MIDG2331_RS01770,,LemA family protein,-,383791,0,,FALSE,FALSE,FALSE,
background,MIDG2331_RS01775,,fructose-specific PTS transporter subunit EIIC,-,385605,0,,FALSE,FALSE,FALSE,
background,MIDG2331_RS01780,fruK,1-phosphofructokinase,-,386634,0,,FALSE,FALSE,FALSE,
background,MIDG2331_RS01785,fruB,fused PTS fructose transporter subunit IIA/HPr protein,-,388157,0,,FALSE,FALSE,FALSE,
background,MIDG2331_RS01790,glgB,"1,4-alpha-glucan branching protein GlgB",+,388418,0,,FALSE,FALSE,FALSE,
background,MIDG2331_RS01795,glgX,glycogen debranching protein GlgX,+,390759,0,,FALSE,FALSE,FALSE,
background,MIDG2331_RS01800,glgC,glucose-1-phosphate adenylyltransferase,+,392760,0,,FALSE,FALSE,FALSE,
background,MIDG2331_RS01805,glgA,glycogen synthase GlgA,+,394179,0,,FALSE,FALSE,FALSE,
background,MIDG2331_RS01810,,glycogen/starch/alpha-glucan phosphorylase,+,395645,0,,FALSE,FALSE,FALSE,
background,MIDG2331_RS01815,ndk,nucleoside-diphosphate kinase,-,398677,0,,FALSE,FALSE,FALSE,
background,MIDG2331_RS01820,metG,methionine--tRNA ligase,-,400784,0,,FALSE,FALSE,FALSE,
background,MIDG2331_RS01825,menC,o-succinylbenzoate synthase,+,400903,0,,FALSE,FALSE,FALSE,
background,MIDG2331_RS01830,rsuA,16S rRNA pseudouridine(516) synthase RsuA,+,402227,0,,FALSE,FALSE,FALSE,
background,MIDG2331_RS01835,,Bcr/CflA family multidrug efflux MFS transporter,+,402919,0,,FALSE,FALSE,FALSE,
background,MIDG2331_RS01840,,hypothetical protein,-,404547,0,,FALSE,FALSE,FALSE,
background,MIDG2331_RS01845,,TorD/DmsD family molecular chaperone,-,405187,0,,FALSE,FALSE,FALSE,
background,MIDG2331_RS01850,nfo,deoxyribonuclease IV,+,405245,0,,FALSE,FALSE,FALSE,
background,MIDG2331_RS01855,,NlpC/P60 family protein,+,406208,0,,FALSE,FALSE,FALSE,
background,MIDG2331_RS01860,,LexA family protein,-,407308,0,,FALSE,FALSE,FALSE,
background,MIDG2331_RS01865,grcA,autonomous glycyl radical cofactor GrcA,-,407920,0,,FALSE,FALSE,FALSE,
background,MIDG2331_RS01870,ung,uracil-DNA glycosylase,+,408117,0,,FALSE,FALSE,FALSE,
background,MIDG2331_RS01875,,VirK/YbjX family protein,-,409773,0,,FALSE,FALSE,FALSE,
background,MIDG2331_RS01880,,S8 family serine peptidase,-,412666,0,,FALSE,FALSE,FALSE,
background,MIDG2331_RS01885,hrpA,ATP-dependent RNA helicase HrpA,-,416790,0,,FALSE,FALSE,FALSE,
background,MIDG2331_RS01890,,DUF441 domain-containing protein,-,417378,0,,FALSE,FALSE,FALSE,
background,MIDG2331_RS01895,grpE,nucleotide exchange factor GrpE,-,418171,0,,FALSE,FALSE,FALSE,
background,MIDG2331_RS01900,,extracellular solute-binding protein,+,418416,0,,FALSE,FALSE,FALSE,
background,MIDG2331_RS01905,,MATE family efflux transporter,+,419642,0,,FALSE,FALSE,FALSE,
background,MIDG2331_RS01910,recB,exodeoxyribonuclease V subunit beta,+,421049,0,,FALSE,FALSE,FALSE,
background,MIDG2331_RS01915,lnt,apolipoprotein N-acyltransferase,-,426246,0,,FALSE,FALSE,FALSE,
background,MIDG2331_RS01920,corC,CNNM family magnesium/cobalt transport protein CorC,-,427221,0,,FALSE,FALSE,FALSE,
background,MIDG2331_RS01925,,curli polymerization inhibitor CsgI-related protein,+,427391,0,,FALSE,FALSE,FALSE,
background,MIDG2331_RS01930,,MIP/aquaporin family protein,+,428229,0,,FALSE,FALSE,FALSE,
background,MIDG2331_RS01935,glpK,glycerol kinase GlpK,+,429046,0,,FALSE,FALSE,FALSE,
background,MIDG2331_RS01940,lon,endopeptidase La,-,433086,0,,FALSE,FALSE,FALSE,
background,MIDG2331_RS01945,glpT,glycerol-3-phosphate transporter,-,434677,0,,FALSE,FALSE,FALSE,
background,MIDG2331_RS01950,glpQ,glycerophosphodiester phosphodiesterase,-,435968,0,,FALSE,FALSE,FALSE,
background,MIDG2331_RS01955,glpA,anaerobic glycerol-3-phosphate dehydrogenase subunit A,+,436220,0,,FALSE,FALSE,FALSE,
background,MIDG2331_RS01965,glpC,anaerobic glycerol-3-phosphate dehydrogenase subunit GlpC,+,439178,0,,FALSE,FALSE,FALSE,
background,MIDG2331_RS01970,ribD,bifunctional diaminohydroxyphosphoribosylaminopyrimidine deaminase/5-amino-6-(5-phosphoribosylamino)uracil reductase RibD,+,440762,0,,FALSE,FALSE,FALSE,
background,MIDG2331_RS01975,ribE,riboflavin synthase,+,441979,0,,FALSE,FALSE,FALSE,
background,MIDG2331_RS01980,,"bifunctional 3,4-dihydroxy-2-butanone-4-phosphate synthase/GTP cyclohydrolase II",+,442687,0,,FALSE,FALSE,FALSE,
background,MIDG2331_RS01985,ribH,"6,7-dimethyl-8-ribityllumazine synthase",+,444003,0,,FALSE,FALSE,FALSE,
background,MIDG2331_RS01990,greB,transcription elongation factor GreB,-,445043,0,,FALSE,FALSE,FALSE,
background,MIDG2331_RS01995,,KpsF/GutQ family sugar-phosphate isomerase,-,445988,0,,FALSE,FALSE,FALSE,
background,MIDG2331_RS02000,pepB,aminopeptidase PepB,-,447399,0,,FALSE,FALSE,FALSE,
background,MIDG2331_RS02005,,"5'-nucleotidase, lipoprotein e(P4) family",-,448338,0,,FALSE,FALSE,FALSE,
background,MIDG2331_RS02010,,bile acid:sodium symporter family protein,+,448511,0,,FALSE,FALSE,FALSE,
background,MIDG2331_RS02015,,efflux RND transporter periplasmic adaptor subunit,-,450710,0,,FALSE,FALSE,FALSE,
background,MIDG2331_RS02020,,Cof-type HAD-IIB family hydrolase,-,451622,0,,FALSE,FALSE,FALSE,
background,MIDG2331_RS02025,leuA,2-isopropylmalate synthase,+,452219,0,,FALSE,FALSE,FALSE,
background,MIDG2331_RS02030,rpoE,RNA polymerase sigma factor RpoE,+,454103,0,,FALSE,FALSE,FALSE,
background,MIDG2331_RS02035,,sigma-E factor negative regulatory protein,+,454701,0,,FALSE,FALSE,FALSE,
background,MIDG2331_RS02040,,SoxR reducing system RseC family protein,+,455549,0,,FALSE,FALSE,FALSE,
background,MIDG2331_RS02045,fadD,long-chain-fatty-acid--CoA ligase FadD,+,455989,0,,FALSE,FALSE,FALSE,
background,MIDG2331_RS02050,upp,uracil phosphoribosyltransferase,+,457747,0,,FALSE,FALSE,FALSE,
background,MIDG2331_RS02055,rsmA,16S rRNA (adenine(1518)-N(6)/adenine(1519)-N(6))- dimethyltransferase RsmA,-,459349,0,,FALSE,FALSE,FALSE,
background,MIDG2331_RS02060,,peptidylprolyl isomerase,-,460365,0,,FALSE,FALSE,FALSE,
background,MIDG2331_RS02065,pyrR,bifunctional pyr operon transcriptional regulator/uracil phosphoribosyltransferase PyrR,-,460985,0,,FALSE,FALSE,FALSE,
background,MIDG2331_RS02070,hldE,bifunctional D-glycero-beta-D-manno-heptose-7-phosphate kinase/D-glycero-beta-D-manno-heptose 1-phosphate adenylyltransferase HldE,-,462431,0,,FALSE,FALSE,FALSE,
background,MIDG2331_RS02075,der,ribosome biogenesis GTPase Der,-,464065,0,,FALSE,FALSE,FALSE,
background,MIDG2331_RS02080,hemA,glutamyl-tRNA reductase,-,465533,0,,FALSE,FALSE,FALSE,
background,MIDG2331_RS02085,relA,GTP diphosphokinase,+,465811,0,,FALSE,FALSE,FALSE,
background,MIDG2331_RS02090,ispC,1-deoxy-D-xylulose-5-phosphate reductoisomerase,+,468092,0,,FALSE,FALSE,FALSE,
background,MIDG2331_RS02095,,"IS256 family transposase, variant Zn-binding type",-,470290,0,,FALSE,FALSE,FALSE,
background,MIDG2331_RS02100,lpxA,acyl-ACP--UDP-N-acetylglucosamine O-acyltransferase,-,471234,0,,FALSE,FALSE,FALSE,
background,MIDG2331_RS02105,fabZ,3-hydroxyacyl-ACP dehydratase FabZ,-,471726,0,,FALSE,FALSE,FALSE,
background,MIDG2331_RS02110,lpxD,UDP-3-O-(3-hydroxymyristoyl)glucosamine N-acyltransferase,-,472820,0,,FALSE,FALSE,FALSE,
background,MIDG2331_RS02115,,OmpH/Skp family outer membrane protein,-,473626,0,,FALSE,FALSE,FALSE,
background,MIDG2331_RS02120,bamA,outer membrane protein assembly factor BamA,-,476123,0,,FALSE,FALSE,FALSE,
background,MIDG2331_RS02125,rseP,RIP metalloprotease RseP,-,477498,0,,FALSE,FALSE,FALSE,
background,MIDG2331_RS02130,,phosphatidate cytidylyltransferase,-,478374,0,,FALSE,FALSE,FALSE,
background,MIDG2331_RS02135,,isoprenyl transferase,-,479112,0,,FALSE,FALSE,FALSE,
background,MIDG2331_RS02140,gloB,hydroxyacylglutathione hydrolase,-,479992,0,,FALSE,FALSE,FALSE,
background,MIDG2331_RS02145,nagK,N-acetylglucosamine kinase,-,480968,0,,FALSE,FALSE,FALSE,
background,MIDG2331_RS02150,,phosphatase PAP2 family protein,-,481675,0,,FALSE,FALSE,FALSE,
background,MIDG2331_RS02155,yhbY,ribosome assembly RNA-binding protein YhbY,-,482084,0,,FALSE,FALSE,FALSE,
background,MIDG2331_RS02160,,glycosyltransferase family 2 protein,+,482206,0,,FALSE,FALSE,FALSE,
background,MIDG2331_RS02165,,D-alanyl-D-alanine carboxypeptidase family protein,-,483848,0,,FALSE,FALSE,FALSE,
background,MIDG2331_RS02170,,glycosyltransferase family 9 protein,-,484968,0,,FALSE,FALSE,FALSE,
background,MIDG2331_RS02175,argG,argininosuccinate synthase,+,485212,0,,FALSE,FALSE,FALSE,
background,MIDG2331_RS02180,rnhA,ribonuclease HI,+,486665,0,,FALSE,FALSE,FALSE,
background,MIDG2331_RS02185,,CvpA family protein,+,487283,0,,FALSE,FALSE,FALSE,
background,MIDG2331_RS02190,purF,amidophosphoribosyltransferase,+,487800,0,,FALSE,FALSE,FALSE,
background,MIDG2331_RS02195,,DUF5358 family protein,-,489844,0,,FALSE,FALSE,FALSE,
background,MIDG2331_RS02200,gdhA,NADP-specific glutamate dehydrogenase,-,491280,0,,FALSE,FALSE,FALSE,
background,MIDG2331_RS02205,bamE,outer membrane protein assembly factor BamE,-,491928,0,,FALSE,FALSE,FALSE,
background,MIDG2331_RS02210,yejK,nucleoid-associated protein YejK,-,493000,0,,FALSE,FALSE,FALSE,
background,MIDG2331_RS02215,,RidA family protein,+,493093,0,,FALSE,FALSE,FALSE,
background,MIDG2331_RS02220,pgeF,peptidoglycan editing factor PgeF,+,493510,0,,FALSE,FALSE,FALSE,
background,MIDG2331_RS02230,,YceK/YidQ family lipoprotein,-,494697,0,,FALSE,FALSE,FALSE,
background,MIDG2331_RS02240,msrB,peptide-methionine (R)-S-oxide reductase MsrB,-,496413,0,,FALSE,FALSE,FALSE,
background,MIDG2331_RS02250,,rod shape-determining protein,+,497836,0,,FALSE,FALSE,FALSE,
background,MIDG2331_RS02255,mreC,rod shape-determining protein MreC,+,499005,0,,FALSE,FALSE,FALSE,
background,MIDG2331_RS02260,mreD,rod shape-determining protein MreD,+,500054,0,,FALSE,FALSE,FALSE,
background,MIDG2331_RS02265,,replication-associated recombination protein A,+,500555,0,,FALSE,FALSE,FALSE,
background,MIDG2331_RS02270,znuB,zinc ABC transporter permease subunit ZnuB,+,501976,0,,FALSE,FALSE,FALSE,
background,MIDG2331_RS02275,,class II glutamine amidotransferase,+,502940,0,,FALSE,FALSE,FALSE,
background,MIDG2331_RS02280,metX,homoserine O-acetyltransferase MetX,-,504893,0,,FALSE,FALSE,FALSE,
background,MIDG2331_RS02285,,SanA/YdcF family protein,+,505185,0,,FALSE,FALSE,FALSE,
background,MIDG2331_RS02290,,YadA-like family protein,+,506121,0,,FALSE,FALSE,FALSE,
background,MIDG2331_RS02295,,LutC/YkgG family protein,-,517637,0,,FALSE,FALSE,FALSE,
background,MIDG2331_RS02305,,(Fe-S)-binding protein,-,519907,0,,FALSE,FALSE,FALSE,
background,MIDG2331_RS02310,,L-lactate permease,-,521672,0,,FALSE,FALSE,FALSE,
background,MIDG2331_RS02315,,H-NS family histone-like protein,-,522545,0,,FALSE,FALSE,FALSE,
background,MIDG2331_RS02320,,Na+/H+ antiporter NhaC family protein,+,523102,0,,FALSE,FALSE,FALSE,
background,MIDG2331_RS02325,,substrate-binding domain-containing protein,+,524825,0,,FALSE,FALSE,FALSE,
background,MIDG2331_RS02330,sucD,succinate--CoA ligase subunit alpha,-,526803,0,,FALSE,FALSE,FALSE,
background,MIDG2331_RS02340,,VirK/YbjX family protein,-,528982,0,,FALSE,FALSE,FALSE,
background,MIDG2331_RS02345,odhB,2-oxoglutarate dehydrogenase complex dihydrolipoyllysine-residue succinyltransferase,-,530354,0,,FALSE,FALSE,FALSE,
background,MIDG2331_RS02350,sucA,2-oxoglutarate dehydrogenase E1 component,-,533284,0,,FALSE,FALSE,FALSE,
background,MIDG2331_RS02355,znuC,zinc ABC transporter ATP-binding protein ZnuC,-,534327,0,,FALSE,FALSE,FALSE,
background,MIDG2331_RS02360,mepM,murein DD-endopeptidase MepM,+,534531,0,,FALSE,FALSE,FALSE,
background,MIDG2331_RS02365,dsbC,bifunctional protein-disulfide isomerase/oxidoreductase DsbC,+,536040,0,,FALSE,FALSE,FALSE,
background,MIDG2331_RS02370,recJ,single-stranded-DNA-specific exonuclease RecJ,+,536827,0,,FALSE,FALSE,FALSE,
background,MIDG2331_RS02375,,OmpA family protein,+,538676,0,,FALSE,FALSE,FALSE,
background,MIDG2331_RS02380,,pyridoxal phosphatase,+,539609,0,,FALSE,FALSE,FALSE,
background,MIDG2331_RS02385,narQ,nitrate/nitrite two-component system sensor histidine kinase NarQ,+,540427,0,,FALSE,FALSE,FALSE,
background,MIDG2331_RS02390,,GNAT family N-acetyltransferase,+,542165,0,,FALSE,FALSE,FALSE,
background,MIDG2331_RS02395,rdgB,RdgB/HAM1 family non-canonical purine NTP pyrophosphatase,+,542724,0,,FALSE,FALSE,FALSE,
background,MIDG2331_RS02400,,YbjQ family protein,+,543348,0,,FALSE,FALSE,FALSE,
background,MIDG2331_RS02405,,formate--tetrahydrofolate ligase,-,545444,0,,FALSE,FALSE,FALSE,
background,MIDG2331_RS02410,,YcgN family cysteine cluster protein,+,545554,0,,FALSE,FALSE,FALSE,
background,MIDG2331_RS02415,,SDR family oxidoreductase,+,546090,0,,FALSE,FALSE,FALSE,
background,MIDG2331_RS02420,trpB,tryptophan synthase subunit beta,+,547025,0,,FALSE,FALSE,FALSE,
background,MIDG2331_RS02425,trpA,tryptophan synthase subunit alpha,+,548217,0,,FALSE,FALSE,FALSE,
background,MIDG2331_RS02430,,hypothetical protein,-,549396,0,,FALSE,FALSE,FALSE,
background,MIDG2331_RS02435,polA,DNA polymerase I,+,549870,0,,FALSE,FALSE,FALSE,
background,MIDG2331_RS02440,lolA,outer membrane lipoprotein periplasmic chaperone LolA,+,552901,0,,FALSE,FALSE,FALSE,
background,MIDG2331_RS02445,trpR,trp operon repressor,+,553617,0,,FALSE,FALSE,FALSE,
background,MIDG2331_RS02450,mtgA,monofunctional biosynthetic peptidoglycan transglycosylase,+,553954,0,,FALSE,FALSE,FALSE,
background,MIDG2331_RS02455,,carboxymuconolactone decarboxylase family protein,-,555120,0,,FALSE,FALSE,FALSE,
background,MIDG2331_RS02460,,SLAC1 anion channel family protein,-,556151,0,,FALSE,FALSE,FALSE,
background,MIDG2331_RS02465,,DUF5368 family protein,-,556502,0,,FALSE,FALSE,FALSE,
background,MIDG2331_RS02470,,NAD(P)/FAD-dependent oxidoreductase,-,557856,0,,FALSE,FALSE,FALSE,
background,MIDG2331_RS02475,,YgaP family membrane protein,-,558113,0,,FALSE,FALSE,FALSE,
background,MIDG2331_RS02480,,ArsR/SmtB family transcription factor,+,558268,0,,FALSE,FALSE,FALSE,
background,MIDG2331_RS02485,nfsA,oxygen-insensitive NADPH nitroreductase,+,558630,0,,FALSE,FALSE,FALSE,
background,MIDG2331_RS02490,,ATP-grasp domain-containing protein,+,559346,0,,FALSE,FALSE,FALSE,
background,MIDG2331_RS02495,,YdcF family protein,-,561053,0,,FALSE,FALSE,FALSE,
background,MIDG2331_RS02500,,malic enzyme-like NAD(P)-binding protein,+,561370,0,,FALSE,FALSE,FALSE,
background,MIDG2331_RS02510,,DUF1007 family protein,+,563690,0,,FALSE,FALSE,FALSE,
background,MIDG2331_RS02515,,nickel/cobalt transporter,+,564322,0,,FALSE,FALSE,FALSE,
background,MIDG2331_RS02520,,alanine/glycine:cation symporter family protein,+,565417,0,,FALSE,FALSE,FALSE,
background,MIDG2331_RS02535,,ABC transporter permease,+,567979,0,,FALSE,FALSE,FALSE,
background,MIDG2331_RS02540,,HesA/MoeB/ThiF family protein,+,568772,0,,FALSE,FALSE,FALSE,
background,MIDG2331_RS02550,thiH,2-iminoacetate synthase ThiH,+,570272,0,,FALSE,FALSE,FALSE,
background,MIDG2331_RS02555,tenA,thiaminase II,+,571423,0,,FALSE,FALSE,FALSE,
background,MIDG2331_RS02560,,ABC transporter substrate-binding protein,+,572114,0,,FALSE,FALSE,FALSE,
background,MIDG2331_RS02565,thiD,bifunctional hydroxymethylpyrimidine kinase/phosphomethylpyrimidine kinase,+,573086,0,,FALSE,FALSE,FALSE,
background,MIDG2331_RS02570,thiE,thiamine phosphate synthase,+,573672,0,,FALSE,FALSE,FALSE,
background,MIDG2331_RS02575,lepA,translation elongation factor 4,+,574290,0,,FALSE,FALSE,FALSE,
background,MIDG2331_RS02580,lepB,signal peptidase I,+,576188,0,,FALSE,FALSE,FALSE,
background,MIDG2331_RS02585,rnc,ribonuclease III,+,577244,0,,FALSE,FALSE,FALSE,
background,MIDG2331_RS02590,era,GTPase Era,+,577985,0,,FALSE,FALSE,FALSE,
background,MIDG2331_RS02595,recO,DNA repair protein RecO,+,578911,0,,FALSE,FALSE,FALSE,
background,MIDG2331_RS02600,,Flp pilus assembly protein,-,581316,0,,FALSE,FALSE,FALSE,
background,MIDG2331_RS02605,tadF,tight adherence pilus pseudopilin TadF,-,581936,0,,FALSE,FALSE,FALSE,
background,MIDG2331_RS02610,,TadE/TadG family type IV pilus assembly protein,-,582393,0,,FALSE,FALSE,FALSE,
background,MIDG2331_RS02615,,tetratricopeptide repeat protein,-,583148,0,,FALSE,FALSE,FALSE,
background,MIDG2331_RS02620,,type II secretion system F family protein,-,583983,0,,FALSE,FALSE,FALSE,
background,MIDG2331_RS02625,,type II secretion system F family protein,-,584870,0,,FALSE,FALSE,FALSE,
background,MIDG2331_RS02630,,CpaF family protein,-,586147,0,,FALSE,FALSE,FALSE,
background,MIDG2331_RS02635,,Flp operon protein D,-,587283,0,,FALSE,FALSE,FALSE,
background,MIDG2331_RS02640,,Rough colony protein B,-,587949,0,,FALSE,FALSE,FALSE,
background,MIDG2331_RS02645,,type II and III secretion system protein family protein,-,589334,0,,FALSE,FALSE,FALSE,
background,MIDG2331_RS02650,,SAF domain-containing protein,-,590142,0,,FALSE,FALSE,FALSE,
background,MIDG2331_RS02655,,A24 family peptidase,-,590597,0,,FALSE,FALSE,FALSE,
background,MIDG2331_RS02660,,Flp family type IVb pilin,-,590838,0,,FALSE,FALSE,FALSE,
background,MIDG2331_RS02665,,Flp family type IVb pilin,-,591124,0,,FALSE,FALSE,FALSE,
background,MIDG2331_RS02670,rhlB,ATP-dependent RNA helicase RhlB,+,591722,0,,FALSE,FALSE,FALSE,
background,MIDG2331_RS02675,,hypothetical protein,+,593060,0,,FALSE,FALSE,FALSE,
background,MIDG2331_RS02680,,helicase HerA-like C-terminal domain-containing protein,+,593533,0,,FALSE,FALSE,FALSE,
background,MIDG2331_RS02685,,ABC transporter substrate-binding protein,+,595217,0,,FALSE,FALSE,FALSE,
background,MIDG2331_RS02690,,ABC transporter permease,+,596380,0,,FALSE,FALSE,FALSE,
background,MIDG2331_RS02695,,TonB-dependent siderophore receptor,+,598619,0,,FALSE,FALSE,FALSE,
background,MIDG2331_RS02705,,ABC transporter ATP-binding protein/permease,+,600901,0,,FALSE,FALSE,FALSE,
background,MIDG2331_RS02710,rpsB,30S ribosomal protein S2,+,602768,0,,FALSE,FALSE,FALSE,
background,MIDG2331_RS02715,tsf,translation elongation factor Ts,+,603580,0,,FALSE,FALSE,FALSE,
background,MIDG2331_RS02720,,phosphoethanolamine transferase,-,606114,0,,FALSE,FALSE,FALSE,
background,MIDG2331_RS02725,pyrH,UMP kinase,+,606226,0,,FALSE,FALSE,FALSE,
background,MIDG2331_RS02730,frr,ribosome recycling factor,+,607123,0,,FALSE,FALSE,FALSE,
background,MIDG2331_RS02735,pdxR,MocR-like pyridoxine biosynthesis transcription factor PdxR,-,609146,0,,FALSE,FALSE,FALSE,
background,MIDG2331_RS02740,pdxS,pyridoxal 5'-phosphate synthase lyase subunit PdxS,+,609245,0,,FALSE,FALSE,FALSE,
background,MIDG2331_RS02745,pdxT,pyridoxal 5'-phosphate synthase glutaminase subunit PdxT,+,610132,0,,FALSE,FALSE,FALSE,
background,MIDG2331_RS02750,tadA,tRNA adenosine(34) deaminase TadA,-,611305,0,,FALSE,FALSE,FALSE,
background,MIDG2331_RS02755,,DEAD/DEAH box helicase,-,613247,0,,FALSE,FALSE,FALSE,
background,MIDG2331_RS02760,nlpI,lipoprotein NlpI,-,614410,0,,FALSE,FALSE,FALSE,
background,MIDG2331_RS02765,pnp,polyribonucleotide nucleotidyltransferase,-,616618,0,,FALSE,FALSE,FALSE,
background,MIDG2331_RS02770,parC,DNA topoisomerase IV subunit A,+,616919,0,,FALSE,FALSE,FALSE,
background,MIDG2331_RS02775,mukF,chromosome partition protein MukF,+,619305,0,,FALSE,FALSE,FALSE,
background,MIDG2331_RS02780,mukE,chromosome partition protein MukE,+,620716,0,,FALSE,FALSE,FALSE,
background,MIDG2331_RS02790,,sugar transporter,+,626017,0,,FALSE,FALSE,FALSE,
background,MIDG2331_RS02795,,DUF3413 domain-containing protein,-,628983,0,,FALSE,FALSE,FALSE,
background,MIDG2331_RS02800,,YejL family protein,-,629207,0,,FALSE,FALSE,FALSE,
background,MIDG2331_RS02805,,TetR/AcrR family transcriptional regulator,+,629417,0,,FALSE,FALSE,FALSE,
background,MIDG2331_RS02810,,efflux RND transporter periplasmic adaptor subunit,+,630028,0,,FALSE,FALSE,FALSE,
background,MIDG2331_RS02815,,efflux RND transporter permease subunit,+,631246,0,,FALSE,FALSE,FALSE,
background,MIDG2331_RS02820,glmU,bifunctional UDP-N-acetylglucosamine diphosphorylase/glucosamine-1-phosphate N-acetyltransferase GlmU,+,634583,0,,FALSE,FALSE,FALSE,
background,MIDG2331_RS02825,,CHY zinc finger protein,-,636371,0,,FALSE,FALSE,FALSE,
background,MIDG2331_RS02830,,DUF1919 domain-containing protein,-,636995,0,,FALSE,FALSE,FALSE,
background,MIDG2331_RS02835,,phospho-sugar mutase,+,637289,0,,FALSE,FALSE,FALSE,
background,MIDG2331_RS02840,guaA,glutamine-hydrolyzing GMP synthase,-,640600,0,,FALSE,FALSE,FALSE,
background,MIDG2331_RS02845,,hypothetical protein,-,640929,0,,FALSE,FALSE,FALSE,
background,MIDG2331_RS02850,guaB,IMP dehydrogenase,-,642482,0,,FALSE,FALSE,FALSE,
background,MIDG2331_RS02855,rlmE,23S rRNA (uridine(2552)-2'-O)-methyltransferase RlmE,+,642735,0,,FALSE,FALSE,FALSE,
background,MIDG2331_RS02860,ftsH,ATP-dependent zinc metalloprotease FtsH,+,643465,0,,FALSE,FALSE,FALSE,
background,MIDG2331_RS02865,,aromatic amino acid transport family protein,+,645625,0,,FALSE,FALSE,FALSE,
background,MIDG2331_RS02870,,aromatic amino acid transport family protein,+,646936,0,,FALSE,FALSE,FALSE,
background,MIDG2331_RS02875,glnD,bifunctional uridylyltransferase/uridylyl-removing protein GlnD,+,648260,0,,FALSE,FALSE,FALSE,
background,MIDG2331_RS02880,,Z-ring associated ZapG family protein,-,651243,0,,FALSE,FALSE,FALSE,
background,MIDG2331_RS02885,rplM,50S ribosomal protein L13,+,651548,0,,FALSE,FALSE,FALSE,
background,MIDG2331_RS02895,yaaA,peroxide stress protein YaaA,+,652510,0,,FALSE,FALSE,FALSE,
background,MIDG2331_RS02900,,hypothetical protein,+,653292,0,,FALSE,FALSE,FALSE,
background,MIDG2331_RS02910,,Zn-ribbon-containing protein,+,654767,0,,FALSE,FALSE,FALSE,
background,MIDG2331_RS02915,,L-cystine transporter,+,655636,0,,FALSE,FALSE,FALSE,
background,MIDG2331_RS02920,,NAD(P)H-dependent oxidoreductase,-,657727,0,,FALSE,FALSE,FALSE,
background,MIDG2331_RS02925,pheS,phenylalanine--tRNA ligase subunit alpha,+,658006,0,,FALSE,FALSE,FALSE,
background,MIDG2331_RS02930,pheT,phenylalanine--tRNA ligase subunit beta,+,659090,0,,FALSE,FALSE,FALSE,
background,MIDG2331_RS02935,,integration host factor subunit alpha,+,661495,0,,FALSE,FALSE,FALSE,
background,MIDG2331_RS02940,,NlpC/P60 family protein,+,661851,0,,FALSE,FALSE,FALSE,
background,MIDG2331_RS02955,bioD,dethiobiotin synthase,-,664773,0,,FALSE,FALSE,FALSE,
background,MIDG2331_RS02960,,ROK family protein,-,666017,0,,FALSE,FALSE,FALSE,
background,MIDG2331_RS02965,rnd,ribonuclease D,+,666196,0,,FALSE,FALSE,FALSE,
background,MIDG2331_RS02980,ypfJ,KPN_02809 family neutral zinc metallopeptidase,+,670945,0,,FALSE,FALSE,FALSE,
background,MIDG2331_RS02985,aroG,3-deoxy-7-phosphoheptulonate synthase AroG,+,671931,0,,FALSE,FALSE,FALSE,
background,MIDG2331_RS02990,tsaB,tRNA (adenosine(37)-N6)-threonylcarbamoyltransferase complex dimerization subunit type 1 TsaB,+,673108,0,,FALSE,FALSE,FALSE,
background,MIDG2331_RS02995,,thymidine kinase,-,674822,0,,FALSE,FALSE,FALSE,
background,MIDG2331_RS03000,zapB,cell division protein ZapB,-,675100,0,,FALSE,FALSE,FALSE,
background,MIDG2331_RS03005,glpX,class II fructose-bisphosphatase,+,675285,0,,FALSE,FALSE,FALSE,
background,MIDG2331_RS03010,,Nif3-like dinuclear metal center hexameric protein,-,677119,0,,FALSE,FALSE,FALSE,
background,MIDG2331_RS03015,,MacB family efflux pump subunit,-,679132,0,,FALSE,FALSE,FALSE,
background,MIDG2331_RS03020,cpxA,envelope stress sensor histidine kinase CpxA,-,680676,0,,FALSE,FALSE,FALSE,
background,MIDG2331_RS03025,,response regulator,-,681469,0,,FALSE,FALSE,FALSE,
background,MIDG2331_RS03030,mazG,nucleoside triphosphate pyrophosphohydrolase,-,682342,0,,FALSE,FALSE,FALSE,
background,MIDG2331_RS03035,accD,"acetyl-CoA carboxylase, carboxyltransferase subunit beta",+,682681,0,,FALSE,FALSE,FALSE,
background,MIDG2331_RS03040,folC,bifunctional tetrahydrofolate synthase/dihydrofolate synthase,+,683631,0,,FALSE,FALSE,FALSE,
background,MIDG2331_RS03050,rimP,ribosome maturation factor RimP,+,685319,0,,FALSE,FALSE,FALSE,
background,MIDG2331_RS03055,nusA,transcription termination factor NusA,+,685797,0,,FALSE,FALSE,FALSE,
background,MIDG2331_RS03060,infB,translation initiation factor IF-2,+,687300,0,,FALSE,FALSE,FALSE,
background,MIDG2331_RS03065,rbfA,30S ribosome-binding factor RbfA,+,689997,0,,FALSE,FALSE,FALSE,
background,MIDG2331_RS03070,truB,tRNA pseudouridine(55) synthase TruB,+,690381,0,,FALSE,FALSE,FALSE,
background,MIDG2331_RS03075,,lytic murein transglycosylase,+,691344,0,,FALSE,FALSE,FALSE,
background,MIDG2331_RS03080,,YegP family protein,+,692561,0,,FALSE,FALSE,FALSE,
background,MIDG2331_RS03085,,"IS256 family transposase, variant Zn-binding type",-,693444,0,,FALSE,FALSE,FALSE,
background,MIDG2331_RS03090,pta,phosphate acetyltransferase,-,696089,0,,FALSE,FALSE,FALSE,
background,MIDG2331_RS03095,,acetate kinase,-,697353,0,,FALSE,FALSE,FALSE,
background,MIDG2331_RS03100,cpdB,"2',3'-cyclic-nucleotide 2'-phosphodiesterase",+,697650,0,,FALSE,FALSE,FALSE,
background,MIDG2331_RS03110,,hypothetical protein,+,700528,0,,FALSE,FALSE,FALSE,
background,MIDG2331_RS03115,,DUF6953 family protein,-,701122,0,,FALSE,FALSE,FALSE,
background,MIDG2331_RS03120,,YodC family protein,-,701327,0,,FALSE,FALSE,FALSE,
background,MIDG2331_RS03125,,hypothetical protein,-,701885,0,,FALSE,FALSE,FALSE,
background,MIDG2331_RS03130,,hypothetical protein,-,702067,0,,FALSE,FALSE,FALSE,
background,MIDG2331_RS03135,,phage/plasmid replication domain-containing protein,+,702220,0,,FALSE,FALSE,FALSE,
background,MIDG2331_RS03140,,DNA-binding protein,+,703411,0,,FALSE,FALSE,FALSE,
background,MIDG2331_RS03145,,hypothetical protein,+,703741,0,,FALSE,FALSE,FALSE,
background,MIDG2331_RS03150,,hypothetical protein,+,704069,0,,FALSE,FALSE,FALSE,
background,MIDG2331_RS03155,,type II secretion system protein GspD,+,704345,0,,FALSE,FALSE,FALSE,
background,MIDG2331_RS03160,,EexN family lipoprotein,+,705268,0,,FALSE,FALSE,FALSE,
background,MIDG2331_RS03165,,hypothetical protein,+,705595,0,,FALSE,FALSE,FALSE,
background,MIDG2331_RS03170,,hypothetical protein,+,706332,0,,FALSE,FALSE,FALSE,
background,MIDG2331_RS03175,,DUF6953 family protein,-,706926,0,,FALSE,FALSE,FALSE,
background,MIDG2331_RS03180,,YodC family protein,-,707131,0,,FALSE,FALSE,FALSE,
background,MIDG2331_RS03185,,hypothetical protein,-,707689,0,,FALSE,FALSE,FALSE,
background,MIDG2331_RS03190,,hypothetical protein,-,707871,0,,FALSE,FALSE,FALSE,
background,MIDG2331_RS03195,,phage/plasmid replication domain-containing protein,+,708024,0,,FALSE,FALSE,FALSE,
background,MIDG2331_RS03200,,DNA-binding protein,+,709215,0,,FALSE,FALSE,FALSE,
background,MIDG2331_RS03205,,hypothetical protein,+,709545,0,,FALSE,FALSE,FALSE,
background,MIDG2331_RS03210,,hypothetical protein,+,709873,0,,FALSE,FALSE,FALSE,
background,MIDG2331_RS03215,,type II secretion system protein GspD,+,710149,0,,FALSE,FALSE,FALSE,
background,MIDG2331_RS03220,,EexN family lipoprotein,+,711072,0,,FALSE,FALSE,FALSE,
background,MIDG2331_RS03225,,hypothetical protein,+,711399,0,,FALSE,FALSE,FALSE,
background,MIDG2331_RS03235,priC,primosomal replication protein PriC,+,713734,0,,FALSE,FALSE,FALSE,
background,MIDG2331_RS03240,galU,UTP--glucose-1-phosphate uridylyltransferase GalU,-,715174,0,,FALSE,FALSE,FALSE,
background,MIDG2331_RS03245,,phosphohexomutase domain-containing protein,-,716645,0,,FALSE,FALSE,FALSE,
background,MIDG2331_RS03250,csrA,carbon storage regulator CsrA,-,716873,0,,FALSE,FALSE,FALSE,
background,MIDG2331_RS03255,alaS,alanine--tRNA ligase,-,719576,0,,FALSE,FALSE,FALSE,
background,MIDG2331_RS03260,,universal stress protein,-,720227,0,,FALSE,FALSE,FALSE,
background,MIDG2331_RS03265,,FNR family transcription factor,+,720491,0,,FALSE,FALSE,FALSE,
background,MIDG2331_RS03270,,ClpXP protease specificity-enhancing factor,-,721773,0,,FALSE,FALSE,FALSE,
background,MIDG2331_RS03275,sspA,stringent starvation protein SspA,-,722417,0,,FALSE,FALSE,FALSE,
background,MIDG2331_RS03280,purE,5-(carboxyamino)imidazole ribonucleotide mutase,+,722636,0,,FALSE,FALSE,FALSE,
background,MIDG2331_RS03285,,asparaginase,+,723140,0,,FALSE,FALSE,FALSE,
background,MIDG2331_RS03290,purK,5-(carboxyamino)imidazole ribonucleotide synthase,+,724216,0,,FALSE,FALSE,FALSE,
background,MIDG2331_RS03305,,ATP-binding protein,-,729730,0,,FALSE,FALSE,FALSE,
background,MIDG2331_RS03310,,type II toxin-antitoxin system VapC family toxin,-,730255,0,,FALSE,FALSE,FALSE,
background,MIDG2331_RS03315,,antitoxin,-,730516,0,,FALSE,FALSE,FALSE,
background,MIDG2331_RS03320,uvrB,excinuclease ABC subunit UvrB,-,732671,0,,FALSE,FALSE,FALSE,
background,MIDG2331_RS03325,efeO,iron uptake system protein EfeO,+,732848,0,,FALSE,FALSE,FALSE,
background,MIDG2331_RS03330,efeB,iron uptake transporter deferrochelatase/peroxidase subunit,+,733672,0,,FALSE,FALSE,FALSE,
background,MIDG2331_RS03335,,hypothetical protein,+,734876,0,,FALSE,FALSE,FALSE,
background,MIDG2331_RS03340,,PHP domain-containing protein,-,736354,0,,FALSE,FALSE,FALSE,
background,MIDG2331_RS03345,,hypothetical protein,-,736948,0,,FALSE,FALSE,FALSE,
background,MIDG2331_RS03350,sbcB,exodeoxyribonuclease I,-,738509,0,,FALSE,FALSE,FALSE,
background,MIDG2331_RS03355,,chloride channel protein,-,740157,0,,FALSE,FALSE,FALSE,
background,MIDG2331_RS03360,asnS,asparagine--tRNA ligase,+,740365,0,,FALSE,FALSE,FALSE,
background,MIDG2331_RS03365,epmB,EF-P beta-lysylation protein EpmB,-,742871,0,,FALSE,FALSE,FALSE,
background,MIDG2331_RS03370,,hypothetical protein,-,743524,0,,FALSE,FALSE,FALSE,
background,MIDG2331_RS03375,efp,elongation factor P,+,743675,0,,FALSE,FALSE,FALSE,
background,MIDG2331_RS03380,glnS,glutamine--tRNA ligase,+,744396,0,,FALSE,FALSE,FALSE,
background,MIDG2331_RS03385,,DHA2 family efflux MFS transporter permease subunit,-,747687,0,,FALSE,FALSE,FALSE,
background,MIDG2331_RS03390,,transglycosylase SLT domain-containing protein,-,749976,0,,FALSE,FALSE,FALSE,
background,MIDG2331_RS03395,hpt,hypoxanthine phosphoribosyltransferase,-,750624,0,,FALSE,FALSE,FALSE,
background,MIDG2331_RS03405,dapB,4-hydroxy-tetrahydrodipicolinate reductase,-,752787,0,,FALSE,FALSE,FALSE,
background,MIDG2331_RS03410,,hypothetical protein,-,753424,0,,FALSE,FALSE,FALSE,
background,MIDG2331_RS03415,,DUF4747 family protein,-,754338,0,,FALSE,FALSE,FALSE,
background,MIDG2331_RS03420,rlmM,23S rRNA (cytidine(2498)-2'-O)-methyltransferase RlmM,-,755448,1,1,FALSE,TRUE,TRUE,-186
background,MIDG2331_RS03425,,DUF423 domain-containing protein,-,756224,0,,FALSE,FALSE,FALSE,
background,MIDG2331_RS03430,dld,D-lactate dehydrogenase,+,756328,0,,FALSE,FALSE,FALSE,
background,MIDG2331_RS03435,torA,trimethylamine-N-oxide reductase TorA,-,760631,0,,FALSE,FALSE,FALSE,
background,MIDG2331_RS03440,,NapC/NirT family cytochrome c,-,761945,0,,FALSE,FALSE,FALSE,
background,MIDG2331_RS03445,moaA,"GTP 3',8-cyclase MoaA",+,762297,0,,FALSE,FALSE,FALSE,
background,MIDG2331_RS03450,moaC,cyclic pyranopterin monophosphate synthase MoaC,+,763604,0,,FALSE,FALSE,FALSE,
background,MIDG2331_RS03455,moaD,molybdopterin synthase sulfur carrier subunit,+,764102,0,,FALSE,FALSE,FALSE,
background,MIDG2331_RS03460,moaE,molybdopterin synthase catalytic subunit MoaE,+,764348,0,,FALSE,FALSE,FALSE,
background,MIDG2331_RS03465,ybeY,rRNA maturation RNase YbeY,+,764884,0,,FALSE,FALSE,FALSE,
background,MIDG2331_RS03470,,GNAT family N-acetyltransferase,+,765375,0,,FALSE,FALSE,FALSE,
background,MIDG2331_RS03475,topA,type I DNA topoisomerase,-,769849,0,,FALSE,FALSE,FALSE,
background,MIDG2331_RS03480,,LysR family transcriptional regulator,+,769991,0,,FALSE,FALSE,FALSE,
background,MIDG2331_RS03485,argA,amino-acid N-acetyltransferase,-,772292,0,,FALSE,FALSE,FALSE,
background,MIDG2331_RS03490,aroA,3-phosphoshikimate 1-carboxyvinyltransferase,-,773738,0,,FALSE,FALSE,FALSE,
background,MIDG2331_RS03500,,O-acetylhomoserine aminocarboxypropyltransferase/cysteine synthase family protein,-,776314,0,,FALSE,FALSE,FALSE,
background,MIDG2331_RS03510,,SNF2-related protein,-,780675,0,,FALSE,FALSE,FALSE,
background,MIDG2331_RS03515,,DEAD/DEAH box helicase family protein,-,783989,0,,FALSE,FALSE,FALSE,
background,MIDG2331_RS03520,,site-specific DNA-methyltransferase,-,787273,0,,FALSE,FALSE,FALSE,
background,MIDG2331_RS03525,,MurR/RpiR family transcriptional regulator,-,788450,0,,FALSE,FALSE,FALSE,
background,MIDG2331_RS03530,nanQ,N-acetylneuraminate anomerase,-,788927,0,,FALSE,FALSE,FALSE,
background,MIDG2331_RS03535,ppx,exopolyphosphatase,-,790636,0,,FALSE,FALSE,FALSE,
background,MIDG2331_RS03540,,DUF496 family protein,+,790845,0,,FALSE,FALSE,FALSE,
background,MIDG2331_RS03545,lysC,lysine-sensitive aspartokinase 3,+,791675,0,,FALSE,FALSE,FALSE,
background,MIDG2331_RS03550,nrdR,transcriptional regulator NrdR,-,793602,0,,FALSE,FALSE,FALSE,
background,MIDG2331_RS03555,,YcgL domain-containing protein,-,793889,0,,FALSE,FALSE,FALSE,
background,MIDG2331_RS03560,,replicative DNA helicase,-,795342,0,,FALSE,FALSE,FALSE,
background,MIDG2331_RS03565,,siderophore ABC transporter substrate-binding protein,+,795522,0,,FALSE,FALSE,FALSE,
background,MIDG2331_RS03570,,ABC transporter permease,+,796517,0,,FALSE,FALSE,FALSE,
background,MIDG2331_RS03575,,iron chelate uptake ABC transporter family permease subunit,+,797464,0,,FALSE,FALSE,FALSE,
background,MIDG2331_RS03580,,iron ABC transporter ATP-binding protein,+,798407,0,,FALSE,FALSE,FALSE,
background,MIDG2331_RS03585,,TIGR00153 family protein,+,799354,0,,FALSE,FALSE,FALSE,
background,MIDG2331_RS03590,,inorganic phosphate transporter,+,800044,0,,FALSE,FALSE,FALSE,
background,MIDG2331_RS03595,,TIGR04211 family SH3 domain-containing protein,+,801371,0,,FALSE,FALSE,FALSE,
background,MIDG2331_RS03600,,sulfurtransferase TusA family protein,-,802257,0,,FALSE,FALSE,FALSE,
background,MIDG2331_RS03605,,hemerythrin domain-containing protein,-,802779,0,,FALSE,FALSE,FALSE,
background,MIDG2331_RS03610,tgt,tRNA guanosine(34) transglycosylase Tgt,-,804000,0,,FALSE,FALSE,FALSE,
background,MIDG2331_RS03615,,DUF1439 domain-containing protein,+,804323,0,,FALSE,FALSE,FALSE,
background,MIDG2331_RS03620,cspD,cold shock domain-containing protein CspD,+,805003,0,,FALSE,FALSE,FALSE,
background,MIDG2331_RS03625,can,carbonate dehydratase,+,805327,0,,FALSE,FALSE,FALSE,
background,MIDG2331_RS03635,ilvN,acetolactate synthase small subunit,+,808078,0,,FALSE,FALSE,FALSE,
background,MIDG2331_RS03640,pmbA,metalloprotease PmbA,-,810188,0,,FALSE,FALSE,FALSE,
background,MIDG2331_RS03645,yjgA,ribosome biogenesis factor YjgA,+,810296,0,,FALSE,FALSE,FALSE,
background,MIDG2331_RS03650,,SirB2 family protein,+,810871,0,,FALSE,FALSE,FALSE,
background,MIDG2331_RS03655,,UbiX family flavin prenyltransferase,+,811302,0,,FALSE,FALSE,FALSE,
background,MIDG2331_RS03660,,DUF554 domain-containing protein,+,811877,0,,FALSE,FALSE,FALSE,
background,MIDG2331_RS03665,,PNPOx family protein,+,812637,0,,FALSE,FALSE,FALSE,
background,MIDG2331_RS03670,yciH,stress response translation initiation inhibitor YciH,-,813470,0,,FALSE,FALSE,FALSE,
background,MIDG2331_RS03675,pyrF,orotidine-5'-phosphate decarboxylase,-,814242,0,,FALSE,FALSE,FALSE,
background,MIDG2331_RS03680,lapB,lipopolysaccharide assembly protein LapB,-,815463,0,,FALSE,FALSE,FALSE,
background,MIDG2331_RS03685,,LapA family protein,-,815753,0,,FALSE,FALSE,FALSE,
background,MIDG2331_RS03690,,integration host factor subunit beta,-,816103,0,,FALSE,FALSE,FALSE,
background,MIDG2331_RS03695,rpsA,30S ribosomal protein S1,-,817841,0,,FALSE,FALSE,FALSE,
background,MIDG2331_RS03700,cmk,(d)CMP kinase,-,818612,0,,FALSE,FALSE,FALSE,
background,MIDG2331_RS03705,degS,outer membrane-stress sensor serine endopeptidase DegS,-,819673,0,,FALSE,FALSE,FALSE,
background,MIDG2331_RS03715,secG,preprotein translocase subunit SecG,-,820248,0,,FALSE,FALSE,FALSE,
background,MIDG2331_RS03720,,DNA topoisomerase III,-,822296,0,,FALSE,FALSE,FALSE,
background,MIDG2331_RS03725,,alkaline phosphatase,+,822479,0,,FALSE,FALSE,FALSE,
background,MIDG2331_RS03730,mepA,penicillin-insensitive murein endopeptidase,-,824804,0,,FALSE,FALSE,FALSE,
background,MIDG2331_RS03740,mscK,mechanosensitive channel MscK,-,829311,0,,FALSE,FALSE,FALSE,
background,MIDG2331_RS03745,mscK,mechanosensitive channel MscK,-,832673,0,,FALSE,FALSE,FALSE,
background,MIDG2331_RS03750,menE,o-succinylbenzoate--CoA ligase,-,834084,0,,FALSE,FALSE,FALSE,
background,MIDG2331_RS03755,seqA,replication initiation negative regulator SeqA,-,834662,0,,FALSE,FALSE,FALSE,
background,MIDG2331_RS03760,,alpha/beta fold hydrolase,+,834786,0,,FALSE,FALSE,FALSE,
background,MIDG2331_RS03765,cmoA,carboxy-S-adenosyl-L-methionine synthase CmoA,+,835579,0,,FALSE,FALSE,FALSE,
background,MIDG2331_RS03770,,enoyl-ACP reductase FabI,+,836508,0,,FALSE,FALSE,FALSE,
background,MIDG2331_RS03775,,BrnT family toxin,+,837491,0,,FALSE,FALSE,FALSE,
background,MIDG2331_RS03780,,BrnA antitoxin family protein,+,837744,0,,FALSE,FALSE,FALSE,
background,MIDG2331_RS03785,,exoribonuclease II,+,838154,0,,FALSE,FALSE,FALSE,
background,MIDG2331_RS03790,,CidA/LrgA family protein,+,840205,0,,FALSE,FALSE,FALSE,
background,MIDG2331_RS03795,,LrgB family protein,+,840573,0,,FALSE,FALSE,FALSE,
background,MIDG2331_RS03800,apaH,bis(5'-nucleosyl)-tetraphosphatase (symmetrical) ApaH,+,841284,0,,FALSE,FALSE,FALSE,
background,MIDG2331_RS03815,,class I SAM-dependent methyltransferase,+,842695,0,,FALSE,FALSE,FALSE,
background,MIDG2331_RS03820,,AI-2E family transporter,+,843509,0,,FALSE,FALSE,FALSE,
background,MIDG2331_RS03825,,gluconeogenesis factor YvcK family protein,+,844600,0,,FALSE,FALSE,FALSE,
background,MIDG2331_RS03830,queA,tRNA preQ1(34) S-adenosylmethionine ribosyltransferase-isomerase QueA,+,845577,0,,FALSE,FALSE,FALSE,
background,MIDG2331_RS03835,,DNA internalization-related competence protein ComEC/Rec2,-,848991,0,,FALSE,FALSE,FALSE,
background,MIDG2331_RS03845,,diacylglycerol kinase,+,850554,0,,FALSE,FALSE,FALSE,
background,MIDG2331_RS03850,ushA,bifunctional UDP-sugar hydrolase/5'-nucleotidase UshA,+,850997,0,,FALSE,FALSE,FALSE,
background,MIDG2331_RS03855,,DUF4298 domain-containing protein,+,852719,0,,FALSE,FALSE,FALSE,
background,MIDG2331_RS03860,,hypothetical protein,+,853145,0,,FALSE,FALSE,FALSE,
background,MIDG2331_RS03875,lpdA,dihydrolipoyl dehydrogenase,-,855649,0,,FALSE,FALSE,FALSE,
background,MIDG2331_RS03880,aceF,pyruvate dehydrogenase complex dihydrolipoyllysine-residue acetyltransferase,-,857643,0,,FALSE,FALSE,FALSE,
background,MIDG2331_RS03885,aceE,"pyruvate dehydrogenase (acetyl-transferring), homodimeric type",-,860357,0,,FALSE,FALSE,FALSE,
background,MIDG2331_RS03890,pyrD,quinone-dependent dihydroorotate dehydrogenase,-,861719,0,,FALSE,FALSE,FALSE,
background,MIDG2331_RS03895,,ribose-phosphate pyrophosphokinase,-,862743,0,,FALSE,FALSE,FALSE,
background,MIDG2331_RS03900,ispE,4-(cytidine 5'-diphospho)-2-C-methyl-D-erythritol kinase,-,863612,0,,FALSE,FALSE,FALSE,
background,MIDG2331_RS03905,lolB,lipoprotein insertase outer membrane protein LolB,-,864254,0,,FALSE,FALSE,FALSE,
background,MIDG2331_RS03910,msbA,lipid A ABC transporter ATP-binding protein/permease MsbA,-,866131,0,,FALSE,FALSE,FALSE,
background,MIDG2331_RS03915,,CidB/LrgB family autolysis modulator,-,866922,0,,FALSE,FALSE,FALSE,
background,MIDG2331_RS03920,,CidA/LrgA family protein,-,867291,0,,FALSE,FALSE,FALSE,
background,MIDG2331_RS03925,,ATP-dependent DNA helicase,-,869280,0,,FALSE,FALSE,FALSE,
background,MIDG2331_RS03930,,hypothetical protein,+,869402,0,,FALSE,FALSE,FALSE,
background,MIDG2331_RS03935,uvrA,excinuclease ABC subunit UvrA,-,872581,0,,FALSE,FALSE,FALSE,
background,MIDG2331_RS03940,,single-stranded DNA-binding protein,+,872732,0,,FALSE,FALSE,FALSE,
background,MIDG2331_RS03945,,LysR family transcriptional regulator,-,874365,0,,FALSE,FALSE,FALSE,
background,MIDG2331_RS03950,,zinc-dependent alcohol dehydrogenase family protein,+,874477,0,,FALSE,FALSE,FALSE,
background,MIDG2331_RS03955,,Cd(II)/Pb(II)-responsive transcriptional regulator,-,875948,0,,FALSE,FALSE,FALSE,
background,MIDG2331_RS03960,,cation diffusion facilitator family transporter,+,876020,0,,FALSE,FALSE,FALSE,
background,MIDG2331_RS03965,,zinc-dependent alcohol dehydrogenase family protein,+,876821,0,,FALSE,FALSE,FALSE,
background,MIDG2331_RS03970,,AAA family ATPase,-,879770,0,,FALSE,FALSE,FALSE,
background,MIDG2331_RS03975,,ATP-binding protein,-,881130,0,,FALSE,FALSE,FALSE,
background,MIDG2331_RS03980,,LysR family transcriptional regulator,-,882325,0,,FALSE,FALSE,FALSE,
background,MIDG2331_RS03985,,NAD(P)H-dependent flavin oxidoreductase,+,882430,0,,FALSE,FALSE,FALSE,
background,MIDG2331_RS03990,,MFS transporter,+,883942,0,,FALSE,FALSE,FALSE,
background,MIDG2331_RS03995,,MmcQ/YjbR family DNA-binding protein,-,886183,0,,FALSE,FALSE,FALSE,
background,MIDG2331_RS04000,,peptide ABC transporter ATP-binding protein,-,887304,0,,FALSE,FALSE,FALSE,
background,MIDG2331_RS04005,,ABC transporter permease subunit,-,888205,0,,FALSE,FALSE,FALSE,
background,MIDG2331_RS04010,,ABC transporter permease,-,889157,0,,FALSE,FALSE,FALSE,
background,MIDG2331_RS04015,,ABC transporter substrate-binding protein,-,890854,0,,FALSE,FALSE,FALSE,
background,MIDG2331_RS04020,,sigma 54-interacting transcriptional regulator,-,892012,0,,FALSE,FALSE,FALSE,
background,MIDG2331_RS04025,lpcA,D-sedoheptulose 7-phosphate isomerase,+,892217,0,,FALSE,FALSE,FALSE,
background,MIDG2331_RS04030,pckA,phosphoenolpyruvate carboxykinase (ATP),-,894626,0,,FALSE,FALSE,FALSE,
background,MIDG2331_RS04035,ftsB,cell division protein FtsB,+,894899,0,,FALSE,FALSE,FALSE,
background,MIDG2331_RS04040,ispD,2-C-methyl-D-erythritol 4-phosphate cytidylyltransferase,+,895193,0,,FALSE,FALSE,FALSE,
background,MIDG2331_RS04045,ispF,"2-C-methyl-D-erythritol 2,4-cyclodiphosphate synthase",+,895876,0,,FALSE,FALSE,FALSE,
background,MIDG2331_RS04050,,LTA synthase family protein,-,898997,0,,FALSE,FALSE,FALSE,
background,MIDG2331_RS04055,,MOSC domain-containing protein,-,899823,0,,FALSE,FALSE,FALSE,
background,MIDG2331_RS04060,xseB,exodeoxyribonuclease VII small subunit,+,899968,0,,FALSE,FALSE,FALSE,
background,MIDG2331_RS04065,ispA,"(2E,6E)-farnesyl diphosphate synthase",+,900201,0,,FALSE,FALSE,FALSE,
background,MIDG2331_RS04070,,DMT family protein,-,901522,0,,FALSE,FALSE,FALSE,
background,MIDG2331_RS04075,lysS,lysine--tRNA ligase,-,903125,0,,FALSE,FALSE,FALSE,
background,MIDG2331_RS04080,rng,ribonuclease G,-,904735,0,,FALSE,FALSE,FALSE,
background,MIDG2331_RS04085,ycaO,30S ribosomal protein S12 methylthiotransferase accessory factor YcaO,+,904965,0,,FALSE,FALSE,FALSE,
background,MIDG2331_RS04090,cmoB,tRNA 5-methoxyuridine(34)/uridine 5-oxyacetic acid(34) synthase CmoB,+,906943,0,,FALSE,FALSE,FALSE,
background,MIDG2331_RS04095,,hypothetical protein,+,908051,0,,FALSE,FALSE,FALSE,
background,MIDG2331_RS04100,mltA,murein transglycosylase A,-,909550,0,,FALSE,FALSE,FALSE,
background,MIDG2331_RS04110,xseA,exodeoxyribonuclease VII large subunit,+,909866,0,,FALSE,FALSE,FALSE,
background,MIDG2331_RS04120,uraH,hydroxyisourate hydrolase,-,912208,0,,FALSE,FALSE,FALSE,
background,MIDG2331_RS04125,purR,HTH-type transcriptional repressor PurR,+,912407,0,,FALSE,FALSE,FALSE,
background,MIDG2331_RS04130,,DedA family protein,+,913440,0,,FALSE,FALSE,FALSE,
background,MIDG2331_RS04135,gyrB,DNA topoisomerase (ATP-hydrolyzing) subunit B,-,916574,0,,FALSE,FALSE,FALSE,
background,MIDG2331_RS04140,ubiA,4-hydroxybenzoate octaprenyltransferase,-,917668,0,,FALSE,FALSE,FALSE,
background,MIDG2331_RS04145,,DeoR/GlpR family transcriptional regulator,-,918429,0,,FALSE,FALSE,FALSE,
background,MIDG2331_RS04150,purB,adenylosuccinate lyase,-,919864,0,,FALSE,FALSE,FALSE,
background,MIDG2331_RS04155,hflD,high frequency lysogenization protein HflD,-,920553,0,,FALSE,FALSE,FALSE,
background,MIDG2331_RS04160,cydC,heme ABC transporter ATP-binding protein/permease CydC,-,922385,0,,FALSE,FALSE,FALSE,
background,MIDG2331_RS04165,cydD,heme ABC transporter permease/ATP-binding protein CydD,-,924138,0,,FALSE,FALSE,FALSE,
background,MIDG2331_RS04170,tamB,autotransporter assembly complex protein TamB,-,928257,0,,FALSE,FALSE,FALSE,
background,MIDG2331_RS04175,tamA,autotransporter assembly complex protein TamA,-,930144,0,,FALSE,FALSE,FALSE,
background,MIDG2331_RS04180,,divergent polysaccharide deacetylase family protein,-,931008,0,,FALSE,FALSE,FALSE,
background,MIDG2331_RS04185,envC,murein hydrolase activator EnvC,-,932216,0,,FALSE,FALSE,FALSE,
background,MIDG2331_RS04190,,"2,3-diphosphoglycerate-dependent phosphoglycerate mutase",+,932386,0,,FALSE,FALSE,FALSE,
background,MIDG2331_RS04195,,LysE/ArgO family amino acid transporter,-,933788,0,,FALSE,FALSE,FALSE,
background,MIDG2331_RS04200,udk,uridine kinase,+,933906,0,,FALSE,FALSE,FALSE,
background,MIDG2331_RS04205,dcd,dCTP deaminase,+,934568,0,,FALSE,FALSE,FALSE,
background,MIDG2331_RS04210,,TetR/AcrR family transcriptional regulator,-,935775,0,,FALSE,FALSE,FALSE,
background,MIDG2331_RS04215,,HlyD family secretion protein,+,935916,0,,FALSE,FALSE,FALSE,
background,MIDG2331_RS04220,rbbA,ribosome-associated ATPase/putative transporter RbbA,+,936981,0,,FALSE,FALSE,FALSE,
background,MIDG2331_RS04225,,ABC transporter permease,+,939724,0,,FALSE,FALSE,FALSE,
background,MIDG2331_RS04230,,efflux transporter outer membrane subunit,+,940865,0,,FALSE,FALSE,FALSE,
background,MIDG2331_RS04235,pntB,Re/Si-specific NAD(P)(+) transhydrogenase subunit beta,-,943785,0,,FALSE,FALSE,FALSE,
background,MIDG2331_RS04240,pntA,Re/Si-specific NAD(P)(+) transhydrogenase subunit alpha,-,945334,0,,FALSE,FALSE,FALSE,
background,MIDG2331_RS04245,trmJ,tRNA (cytosine(32)/uridine(32)-2'-O)-methyltransferase TrmJ,+,945539,0,,FALSE,FALSE,FALSE,
background,MIDG2331_RS04250,,hypothetical protein,-,947523,0,,FALSE,FALSE,FALSE,
background,MIDG2331_RS04255,,nucleoid-associated protein,-,948611,0,,FALSE,FALSE,FALSE,
background,MIDG2331_RS04260,queF,NADPH-dependent 7-cyano-7-deazaguanine reductase QueF,-,949663,0,,FALSE,FALSE,FALSE,
background,MIDG2331_RS04265,gmhB,"D-glycero-beta-D-manno-heptose 1,7-bisphosphate 7-phosphatase",-,950301,0,,FALSE,FALSE,FALSE,
background,MIDG2331_RS04270,bcp,thioredoxin-dependent thiol peroxidase,-,950771,0,,FALSE,FALSE,FALSE,
background,MIDG2331_RS04275,,hypothetical protein,-,951045,0,,FALSE,FALSE,FALSE,
background,MIDG2331_RS04280,hemW,radical SAM family heme chaperone HemW,-,952315,0,,FALSE,FALSE,FALSE,
background,MIDG2331_RS04285,,ABC transporter substrate-binding protein,+,952578,0,,FALSE,FALSE,FALSE,
background,MIDG2331_RS04290,,ABC transporter permease,+,954251,0,,FALSE,FALSE,FALSE,
background,MIDG2331_RS04295,,dipeptide/oligopeptide/nickel ABC transporter permease/ATP-binding protein,+,955204,0,,FALSE,FALSE,FALSE,
background,MIDG2331_RS04300,,ABC transporter ATP-binding protein,+,957181,0,,FALSE,FALSE,FALSE,
background,MIDG2331_RS04305,,FAD-binding protein,+,958039,0,,FALSE,FALSE,FALSE,
background,MIDG2331_RS04310,,5-methyltetrahydropteroyltriglutamate-- homocysteine S-methyltransferase,-,960856,0,,FALSE,FALSE,FALSE,
background,MIDG2331_RS04315,metF,methylenetetrahydrofolate reductase,+,961077,0,,FALSE,FALSE,FALSE,
background,MIDG2331_RS04320,,ABC transporter substrate-binding protein,-,963649,0,,FALSE,FALSE,FALSE,
background,MIDG2331_RS04325,,serine/threonine transporter,+,964006,0,,FALSE,FALSE,FALSE,
background,MIDG2331_RS04330,,L-serine ammonia-lyase,+,965331,0,,FALSE,FALSE,FALSE,
background,MIDG2331_RS04335,mnmC,bifunctional tRNA (5-methylaminomethyl-2-thiouridine)(34)-methyltransferase MnmC2/FAD-dependent 5-carboxymethylaminomethyl-2-thiouridine(34) oxidoreductase MnmC1,-,968892,0,,FALSE,FALSE,FALSE,
background,MIDG2331_RS04340,trpCF,bifunctional indole-3-glycerol-phosphate synthase TrpC/phosphoribosylanthranilate isomerase TrpF,-,970517,0,,FALSE,FALSE,FALSE,
background,MIDG2331_RS04345,,Fic family protein,+,970671,0,,FALSE,FALSE,FALSE,
background,MIDG2331_RS04350,,YqcC family protein,+,971368,0,,FALSE,FALSE,FALSE,
background,MIDG2331_RS04355,truC,tRNA pseudouridine(65) synthase TruC,+,971680,0,,FALSE,FALSE,FALSE,
background,MIDG2331_RS04360,,hypothetical protein,+,972586,0,,FALSE,FALSE,FALSE,
background,MIDG2331_RS04365,,CYTH domain-containing protein,-,973921,0,,FALSE,FALSE,FALSE,
background,MIDG2331_RS04370,,YcjX family GTP-binding protein,+,973989,0,,FALSE,FALSE,FALSE,
background,MIDG2331_RS04375,smpB,SsrA-binding protein SmpB,+,975532,0,,FALSE,FALSE,FALSE,
background,MIDG2331_RS04380,serS,serine--tRNA ligase,+,976129,0,,FALSE,FALSE,FALSE,
background,MIDG2331_RS04385,,M20 family metallo-hydrolase,-,978775,0,,FALSE,FALSE,FALSE,
background,MIDG2331_RS04390,dcuC,C4-dicarboxylate transporter DcuC,-,980161,0,,FALSE,FALSE,FALSE,
background,MIDG2331_RS04395,pepE,dipeptidase PepE,-,980876,0,,FALSE,FALSE,FALSE,
background,MIDG2331_RS04400,leuS,leucine--tRNA ligase,+,981127,0,,FALSE,FALSE,FALSE,
background,MIDG2331_RS04405,,LPS-assembly lipoprotein LptE,+,983812,0,,FALSE,FALSE,FALSE,
background,MIDG2331_RS04410,holA,DNA polymerase III subunit delta,+,984415,0,,FALSE,FALSE,FALSE,
background,MIDG2331_RS04415,yacG,DNA gyrase inhibitor YacG,-,985705,0,,FALSE,FALSE,FALSE,
background,MIDG2331_RS04420,coaE,dephospho-CoA kinase,-,986325,0,,FALSE,FALSE,FALSE,
background,MIDG2331_RS04425,,prepilin peptidase,-,986985,0,,FALSE,FALSE,FALSE,
background,MIDG2331_RS04430,,type II secretion system F family protein,-,988214,0,,FALSE,FALSE,FALSE,
background,MIDG2331_RS04435,,GspE/PulE family protein,-,989592,0,,FALSE,FALSE,FALSE,
background,MIDG2331_RS04440,,prepilin-type N-terminal cleavage/methylation domain-containing protein,-,990056,0,,FALSE,FALSE,FALSE,
background,MIDG2331_RS04445,radA,DNA repair protein RadA,+,990238,0,,FALSE,FALSE,FALSE,
background,MIDG2331_RS04450,,YgjV family protein,-,991894,1,1,FALSE,TRUE,TRUE,-61
background,MIDG2331_RS04455,folA,type 3 dihydrofolate reductase,-,992509,0,,FALSE,FALSE,FALSE,
background,MIDG2331_RS04460,proB,glutamate 5-kinase,+,992596,0,,FALSE,FALSE,FALSE,
background,MIDG2331_RS04465,,TSUP family transporter,+,993700,0,,FALSE,FALSE,FALSE,
background,MIDG2331_RS04470,nth,endonuclease III,+,994477,0,,FALSE,FALSE,FALSE,
background,MIDG2331_RS04475,,acetyl-CoA C-acyltransferase,+,995319,0,,FALSE,FALSE,FALSE,
background,MIDG2331_RS04480,,3-hydroxyacyl-CoA dehydrogenase NAD-binding domain-containing protein,+,996633,0,,FALSE,FALSE,FALSE,
background,MIDG2331_RS04485,,YdgA family protein,+,998841,0,,FALSE,FALSE,FALSE,
background,MIDG2331_RS04490,,AEC family transporter,-,1001271,0,,FALSE,FALSE,FALSE,
background,MIDG2331_RS04495,fdhD,formate dehydrogenase accessory sulfurtransferase FdhD,-,1002079,0,,FALSE,FALSE,FALSE,
background,MIDG2331_RS04505,fdnG,formate dehydrogenase-N subunit alpha,+,1002498,0,,FALSE,FALSE,FALSE,
background,MIDG2331_RS04510,fdxH,formate dehydrogenase subunit beta,+,1005557,0,,FALSE,FALSE,FALSE,
background,MIDG2331_RS04515,,formate dehydrogenase subunit gamma,+,1006449,0,,FALSE,FALSE,FALSE,
background,MIDG2331_RS04520,fdhE,formate dehydrogenase accessory protein FdhE,+,1007230,0,,FALSE,FALSE,FALSE,
background,MIDG2331_RS04535,folD,bifunctional methylenetetrahydrofolate dehydrogenase/methenyltetrahydrofolate cyclohydrolase FolD,+,1008751,0,,FALSE,FALSE,FALSE,
background,MIDG2331_RS04540,,L-lactate MFS transporter,+,1009753,0,,FALSE,FALSE,FALSE,
background,MIDG2331_RS04550,,Kdo(2)-lipid IV(A) acyltransferase,-,1013376,0,,FALSE,FALSE,FALSE,
background,MIDG2331_RS04555,hpf,"ribosome hibernation-promoting factor, HPF/YfiA family",+,1013541,0,,FALSE,FALSE,FALSE,
background,MIDG2331_RS04560,truA,tRNA pseudouridine(38-40) synthase TruA,-,1014701,0,,FALSE,FALSE,FALSE,
background,MIDG2331_RS04565,folE,GTP cyclohydrolase I FolE,-,1015436,0,,FALSE,FALSE,FALSE,
background,MIDG2331_RS04570,,3-deoxy-D-manno-octulosonic acid kinase,+,1015537,0,,FALSE,FALSE,FALSE,
background,MIDG2331_RS04575,,cyclophilin-like fold protein,-,1016658,0,,FALSE,FALSE,FALSE,
background,MIDG2331_RS04580,,sugar O-acetyltransferase,-,1017292,0,,FALSE,FALSE,FALSE,
background,MIDG2331_RS04585,,alpha/beta hydrolase,-,1018519,0,,FALSE,FALSE,FALSE,
background,MIDG2331_RS04590,,LysR family transcriptional regulator,+,1018678,0,,FALSE,FALSE,FALSE,
background,MIDG2331_RS04595,,MetQ/NlpA family ABC transporter substrate-binding protein,-,1020434,0,,FALSE,FALSE,FALSE,
background,MIDG2331_RS04605,,methionine ABC transporter permease,-,1022071,0,,FALSE,FALSE,FALSE,
background,MIDG2331_RS04610,metN,methionine ABC transporter ATP-binding protein MetN,-,1023095,0,,FALSE,FALSE,FALSE,
background,MIDG2331_RS04615,cysS,cysteine--tRNA ligase,-,1024672,0,,FALSE,FALSE,FALSE,
background,MIDG2331_RS04620,,peptidylprolyl isomerase,+,1024817,0,,FALSE,FALSE,FALSE,
background,MIDG2331_RS04625,,multifunctional CCA addition/repair protein,+,1025430,0,,FALSE,FALSE,FALSE,
background,MIDG2331_RS04640,,TonB-dependent receptor,-,1030488,0,,FALSE,FALSE,FALSE,
background,MIDG2331_RS04645,,membrane protein,+,1030650,0,,FALSE,FALSE,FALSE,
background,MIDG2331_RS04650,,surface lipoprotein assembly modifier,+,1031963,0,,FALSE,FALSE,FALSE,
background,MIDG2331_RS04655,iscX,Fe-S cluster assembly protein IscX,-,1034590,0,,FALSE,FALSE,FALSE,
background,MIDG2331_RS04660,fdx,ISC system 2Fe-2S type ferredoxin,-,1034931,0,,FALSE,FALSE,FALSE,
background,MIDG2331_RS04670,,DUF2625 family protein,-,1037656,0,,FALSE,FALSE,FALSE,
background,MIDG2331_RS04675,,DMT family transporter,-,1038136,0,,FALSE,FALSE,FALSE,
background,MIDG2331_RS04680,hscB,Fe-S protein assembly co-chaperone HscB,-,1038705,0,,FALSE,FALSE,FALSE,
background,MIDG2331_RS04685,iscA,iron-sulfur cluster assembly protein IscA,-,1039038,0,,FALSE,FALSE,FALSE,
background,MIDG2331_RS04695,,IscS subfamily cysteine desulfurase,-,1040927,0,,FALSE,FALSE,FALSE,
background,MIDG2331_RS04700,,Rrf2 family transcriptional regulator,-,1041434,0,,FALSE,FALSE,FALSE,
background,MIDG2331_RS04705,,outer membrane protein transport protein,+,1041924,0,,FALSE,FALSE,FALSE,
background,MIDG2331_RS04710,,methylated-DNA--[protein]-cysteine S-methyltransferase,+,1043401,0,,FALSE,FALSE,FALSE,
background,MIDG2331_RS04715,,ATP-binding protein,-,1045834,0,,FALSE,FALSE,FALSE,
background,MIDG2331_RS04720,,membrane protein,-,1046803,0,,FALSE,FALSE,FALSE,
background,MIDG2331_RS04725,smrB,endonuclease SmrB,-,1047461,0,,FALSE,FALSE,FALSE,
background,MIDG2331_RS04735,bioC,malonyl-ACP O-methyltransferase BioC,-,1048865,0,,FALSE,FALSE,FALSE,
background,MIDG2331_RS04740,,DUF452 family protein,-,1049512,0,,FALSE,FALSE,FALSE,
background,MIDG2331_RS04745,,8-amino-7-oxononanoate synthase,-,1050685,0,,FALSE,FALSE,FALSE,
background,MIDG2331_RS04750,bioA,adenosylmethionine--8-amino-7-oxononanoate transaminase,-,1052010,0,,FALSE,FALSE,FALSE,
background,MIDG2331_RS04755,prmB,50S ribosomal protein L3 N(5)-glutamine methyltransferase,+,1052101,0,,FALSE,FALSE,FALSE,
background,MIDG2331_RS04760,greA,transcription elongation factor GreA,-,1053602,0,,FALSE,FALSE,FALSE,
background,MIDG2331_RS04765,dacB,serine-type D-Ala-D-Ala carboxypeptidase,+,1053686,0,,FALSE,FALSE,FALSE,
background,MIDG2331_RS04770,,GNAT family N-acetyltransferase,-,1055434,0,,FALSE,FALSE,FALSE,
background,MIDG2331_RS04775,,IS1595 family transposase,-,1056874,0,,FALSE,FALSE,FALSE,
background,MIDG2331_RS04780,,hypothetical protein,-,1057585,0,,FALSE,FALSE,FALSE,
background,MIDG2331_RS04785,,IS481 family transposase,+,1057705,0,,FALSE,FALSE,FALSE,
background,MIDG2331_RS04790,,FRG domain-containing protein,-,1059818,0,,FALSE,FALSE,FALSE,
background,MIDG2331_RS04795,,ImmA/IrrE family metallo-endopeptidase,-,1060374,0,,FALSE,FALSE,FALSE,
background,MIDG2331_RS04800,,helix-turn-helix domain-containing protein,-,1060866,0,,FALSE,FALSE,FALSE,
background,MIDG2331_RS04805,,IS1595 family transposase,+,1060950,0,,FALSE,FALSE,FALSE,
background,MIDG2331_RS04810,,hypothetical protein,+,1061984,0,,FALSE,FALSE,FALSE,
background,MIDG2331_RS04815,,hypothetical protein,-,1062832,0,,FALSE,FALSE,FALSE,
background,MIDG2331_RS04820,,cysteine peptidase family C39 domain-containing protein,-,1063422,0,,FALSE,FALSE,FALSE,
background,MIDG2331_RS04825,,RTX family hemolysin,-,1066357,0,,FALSE,FALSE,FALSE,
background,MIDG2331_RS04830,apxIIC,RTX-II toxin-activating lysine-acyltransferase ApxIIC,-,1066878,0,,FALSE,FALSE,FALSE,
background,MIDG2331_RS04845,ybeY,rRNA maturation RNase YbeY,-,1069444,0,,FALSE,FALSE,FALSE,
background,MIDG2331_RS04850,purH,bifunctional phosphoribosylaminoimidazolecarboxamide formyltransferase/IMP cyclohydrolase,+,1069867,0,,FALSE,FALSE,FALSE,
background,MIDG2331_RS04855,,hypothetical protein,-,1072002,0,,FALSE,FALSE,FALSE,
background,MIDG2331_RS04860,,hypothetical protein,-,1072321,0,,FALSE,FALSE,FALSE,
background,MIDG2331_RS04865,,hypothetical protein,-,1073060,0,,FALSE,FALSE,FALSE,
background,MIDG2331_RS04875,,hypothetical protein,-,1073738,0,,FALSE,FALSE,FALSE,
background,MIDG2331_RS04890,,ShlB/FhaC/HecB family hemolysin secretion/activation protein,-,1083463,0,,FALSE,FALSE,FALSE,
background,MIDG2331_RS04895,lptD,LPS assembly protein LptD,-,1085988,0,,FALSE,FALSE,FALSE,
background,MIDG2331_RS04900,hemN,oxygen-independent coproporphyrinogen III oxidase,-,1087412,0,,FALSE,FALSE,FALSE,
background,MIDG2331_RS04905,,DUF2489 domain-containing protein,-,1087909,0,,FALSE,FALSE,FALSE,
background,MIDG2331_RS04910,yihI,Der GTPase-activating protein YihI,-,1088503,0,,FALSE,FALSE,FALSE,
background,MIDG2331_RS04915,,putative transporter,-,1090310,0,,FALSE,FALSE,FALSE,
background,MIDG2331_RS04920,gltS,sodium/glutamate symporter,+,1090573,0,,FALSE,FALSE,FALSE,
background,MIDG2331_RS04925,,YacL family protein,-,1092237,0,,FALSE,FALSE,FALSE,
background,MIDG2331_RS04930,glnE,bifunctional [glutamate--ammonia ligase]-adenylyl-L-tyrosine phosphorylase/[glutamate--ammonia-ligase] adenylyltransferase,-,1095213,0,,FALSE,FALSE,FALSE,
background,MIDG2331_RS04935,,YciI family protein,-,1095569,0,,FALSE,FALSE,FALSE,
background,MIDG2331_RS04940,yciA,acyl-CoA thioester hydrolase YciA,-,1096071,0,,FALSE,FALSE,FALSE,
background,MIDG2331_RS04945,,septation protein A,-,1096609,0,,FALSE,FALSE,FALSE,
background,MIDG2331_RS04950,,hypothetical protein,-,1097348,0,,FALSE,FALSE,FALSE,
background,MIDG2331_RS04955,yfbV,terminus macrodomain insulation protein YfbV,+,1097507,0,,FALSE,FALSE,FALSE,
background,MIDG2331_RS04960,ttcA,tRNA 2-thiocytidine(32) synthetase TtcA,+,1098109,0,,FALSE,FALSE,FALSE,
background,MIDG2331_RS04965,,Na+/H+ antiporter family protein,+,1099272,0,,FALSE,FALSE,FALSE,
background,MIDG2331_RS04970,xthA,exodeoxyribonuclease III,+,1100739,0,,FALSE,FALSE,FALSE,
background,MIDG2331_RS04975,ilvY,HTH-type transcriptional activator IlvY,-,1102490,0,,FALSE,FALSE,FALSE,
background,MIDG2331_RS04980,,glycosyltransferase family 9 protein,-,1103531,0,,FALSE,FALSE,FALSE,
background,MIDG2331_RS04985,,glycosyltransferase family 25 protein,-,1104216,0,,FALSE,FALSE,FALSE,
background,MIDG2331_RS04990,,heptosyltransferase,+,1104325,0,,FALSE,FALSE,FALSE,
background,MIDG2331_RS04995,rpmE,50S ribosomal protein L31,-,1105660,0,,FALSE,FALSE,FALSE,
background,MIDG2331_RS05000,tkt,transketolase,+,1106042,0,,FALSE,FALSE,FALSE,
background,MIDG2331_RS05005,htpG,molecular chaperone HtpG,-,1110060,0,,FALSE,FALSE,FALSE,
background,MIDG2331_RS05010,,catalase,+,1110285,0,,FALSE,FALSE,FALSE,
background,MIDG2331_RS05020,,IS3 family transposase,+,1112148,0,,FALSE,FALSE,FALSE,
background,MIDG2331_RS05025,,metallophosphoesterase,+,1112629,0,,FALSE,FALSE,FALSE,
background,MIDG2331_RS05030,nrdA,class 1a ribonucleoside-diphosphate reductase subunit alpha,+,1113922,0,,FALSE,FALSE,FALSE,
background,MIDG2331_RS05035,nrdB,class Ia ribonucleoside-diphosphate reductase subunit beta,+,1116456,0,,FALSE,FALSE,FALSE,
background,MIDG2331_RS05040,galT,galactose-1-phosphate uridylyltransferase,+,1117848,0,,FALSE,FALSE,FALSE,
background,MIDG2331_RS05045,galK,galactokinase,+,1118925,0,,FALSE,FALSE,FALSE,
background,MIDG2331_RS05050,,galactose-1-epimerase,+,1120137,0,,FALSE,FALSE,FALSE,
background,MIDG2331_RS05055,,glycoside hydrolase family 2 TIM barrel-domain containing protein,+,1121130,0,,FALSE,FALSE,FALSE,
background,MIDG2331_RS05065,,hypothetical protein,-,1129556,0,,FALSE,FALSE,FALSE,
background,MIDG2331_RS05070,,"IS256 family transposase, variant Zn-binding type",+,1129731,0,,FALSE,FALSE,FALSE,
background,MIDG2331_RS05075,,calcium-binding protein,-,1136935,0,,FALSE,FALSE,FALSE,
background,MIDG2331_RS05080,,hypothetical protein,-,1137431,0,,FALSE,FALSE,FALSE,
background,MIDG2331_RS05085,apbC,iron-sulfur cluster carrier protein ApbC,-,1138725,0,,FALSE,FALSE,FALSE,
background,MIDG2331_RS05090,,peptide ABC transporter substrate-binding protein,-,1140279,0,,FALSE,FALSE,FALSE,
background,MIDG2331_RS05095,,YchE family NAAT transporter,-,1140947,0,,FALSE,FALSE,FALSE,
background,MIDG2331_RS05100,,SurA N-terminal domain-containing protein,-,1142947,0,,FALSE,FALSE,FALSE,
background,MIDG2331_RS05105,,cation:proton antiporter,+,1143176,0,,FALSE,FALSE,FALSE,
background,MIDG2331_RS05110,rpsO,30S ribosomal protein S15,+,1144611,0,,FALSE,FALSE,FALSE,
background,MIDG2331_RS05115,,DUF808 domain-containing protein,+,1144958,0,,FALSE,FALSE,FALSE,
background,MIDG2331_RS05120,,heme biosynthesis protein HemY,-,1147134,0,,FALSE,FALSE,FALSE,
background,MIDG2331_RS05125,,uroporphyrinogen-III C-methyltransferase,-,1148486,1,1,FALSE,TRUE,TRUE,12
background,MIDG2331_RS05130,,uroporphyrinogen-III synthase,-,1149260,0,,FALSE,FALSE,FALSE,
background,MIDG2331_RS05135,hemC,hydroxymethylbilane synthase,-,1150198,0,,FALSE,FALSE,FALSE,
background,MIDG2331_RS05140,adhE,bifunctional acetaldehyde-CoA/alcohol dehydrogenase,+,1150467,0,,FALSE,FALSE,FALSE,
background,MIDG2331_RS05145,groL,chaperonin GroEL,-,1154899,0,,FALSE,FALSE,FALSE,
background,MIDG2331_RS05150,,co-chaperone GroES,-,1155249,0,,FALSE,FALSE,FALSE,
background,MIDG2331_RS05155,deoD,purine-nucleoside phosphorylase,-,1156183,0,,FALSE,FALSE,FALSE,
background,MIDG2331_RS05160,deoC,deoxyribose-phosphate aldolase,-,1157018,0,,FALSE,FALSE,FALSE,
background,MIDG2331_RS05165,,NupC/NupG family nucleoside CNT transporter,-,1158423,0,,FALSE,FALSE,FALSE,
background,MIDG2331_RS05170,yczE,membrane protein YczE,+,1158636,0,,FALSE,FALSE,FALSE,
background,MIDG2331_RS05175,,bifunctional 4-hydroxy-2-oxoglutarate aldolase/2-dehydro-3-deoxy-phosphogluconate aldolase,-,1159973,0,,FALSE,FALSE,FALSE,
background,MIDG2331_RS05180,,sugar kinase,-,1160932,0,,FALSE,FALSE,FALSE,
background,MIDG2331_RS05185,,glucuronate isomerase,-,1161520,0,,FALSE,FALSE,FALSE,
background,MIDG2331_RS05190,,glycoside hydrolase family 31 protein,+,1161538,0,,FALSE,FALSE,FALSE,
background,MIDG2331_RS05195,,GntR family transcriptional regulator,+,1163773,0,,FALSE,FALSE,FALSE,
background,MIDG2331_RS05200,,DMT family transporter,+,1163984,0,,FALSE,FALSE,FALSE,
background,MIDG2331_RS05205,msrA,peptide-methionine (S)-S-oxide reductase MsrA,+,1164656,0,,FALSE,FALSE,FALSE,
background,MIDG2331_RS05210,,glycosyltransferase family 2 protein,-,1165998,0,,FALSE,FALSE,FALSE,
background,MIDG2331_RS05215,,glycosyltransferase family 2 protein,-,1166879,0,,FALSE,FALSE,FALSE,
background,MIDG2331_RS05220,,hypothetical protein,-,1168071,0,,FALSE,FALSE,FALSE,
background,MIDG2331_RS05225,,glycosyltransferase family 25 protein,-,1168842,0,,FALSE,FALSE,FALSE,
background,MIDG2331_RS05230,,lipopolysaccharide biosynthesis protein,-,1170047,0,,FALSE,FALSE,FALSE,
background,MIDG2331_RS05235,,polysaccharide pyruvyl transferase family protein,-,1170990,0,,FALSE,FALSE,FALSE,
background,MIDG2331_RS05240,,YdcF family protein,+,1171146,0,,FALSE,FALSE,FALSE,
background,MIDG2331_RS05245,priA,primosomal protein N',-,1174182,0,,FALSE,FALSE,FALSE,
background,MIDG2331_RS05250,,chorismate mutase,-,1175424,0,,FALSE,FALSE,FALSE,
background,MIDG2331_RS05255,prlC,oligopeptidase A,-,1177580,0,,FALSE,FALSE,FALSE,
background,MIDG2331_RS05260,pflA,pyruvate formate lyase 1-activating protein,-,1178460,0,,FALSE,FALSE,FALSE,
background,MIDG2331_RS05265,pflB,formate C-acetyltransferase,-,1180899,0,,FALSE,FALSE,FALSE,
background,MIDG2331_RS05270,focA,formate transporter FocA,-,1181816,0,,FALSE,FALSE,FALSE,
background,MIDG2331_RS05275,,YqaA family protein,+,1182022,0,,FALSE,FALSE,FALSE,
background,MIDG2331_RS05280,htpX,protease HtpX,-,1183445,0,,FALSE,FALSE,FALSE,
background,MIDG2331_RS05285,dinB,DNA polymerase IV,-,1184603,0,,FALSE,FALSE,FALSE,
background,MIDG2331_RS05290,,LysO family transporter,+,1184710,0,,FALSE,FALSE,FALSE,
background,MIDG2331_RS05295,,isochorismate synthase,-,1186937,0,,FALSE,FALSE,FALSE,
background,MIDG2331_RS05300,,pyridoxal phosphate-dependent aminotransferase,+,1187101,0,,FALSE,FALSE,FALSE,
background,MIDG2331_RS05305,rarD,EamA family transporter RarD,+,1188362,0,,FALSE,FALSE,FALSE,
background,MIDG2331_RS05310,rarD,EamA family transporter RarD,+,1189256,0,,FALSE,FALSE,FALSE,
background,MIDG2331_RS05315,,LysE family translocator,+,1190119,0,,FALSE,FALSE,FALSE,
background,MIDG2331_RS05320,,TonB-dependent hemoglobin/transferrin/lactoferrin family receptor,-,1193663,0,,FALSE,FALSE,FALSE,
background,MIDG2331_RS05325,hutZ,heme utilization protein HutZ,-,1194244,0,,FALSE,FALSE,FALSE,
background,MIDG2331_RS05330,,TPR domain-containing protein,-,1195194,0,,FALSE,FALSE,FALSE,
background,MIDG2331_RS05335,nrfF,heme lyase NrfEFG subunit NrfF,-,1195606,0,,FALSE,FALSE,FALSE,
background,MIDG2331_RS05340,,redoxin family protein,-,1196139,0,,FALSE,FALSE,FALSE,
background,MIDG2331_RS05345,nrfE,heme lyase NrfEFG subunit NrfE,-,1198057,0,,FALSE,FALSE,FALSE,
background,MIDG2331_RS05350,,monovalent cation:proton antiporter-2 (CPA2) family protein,-,1200093,0,,FALSE,FALSE,FALSE,
background,MIDG2331_RS05355,,class I adenylate cyclase,-,1202710,0,,FALSE,FALSE,FALSE,
background,MIDG2331_RS05360,fabB,beta-ketoacyl-ACP synthase I,+,1202965,0,,FALSE,FALSE,FALSE,
background,MIDG2331_RS05375,,YgiW/YdeI family stress tolerance OB fold protein,+,1205857,0,,FALSE,FALSE,FALSE,
background,MIDG2331_RS05380,,NirD/YgiW/YdeI family stress tolerance protein,+,1206260,0,,FALSE,FALSE,FALSE,
background,MIDG2331_RS05385,,YgiW/YdeI family stress tolerance OB fold protein,+,1206897,0,,FALSE,FALSE,FALSE,
background,MIDG2331_RS05390,,response regulator,+,1207360,0,,FALSE,FALSE,FALSE,
background,MIDG2331_RS05395,,ATP-binding protein,+,1208018,0,,FALSE,FALSE,FALSE,
background,MIDG2331_RS05400,,YtfJ family protein,-,1210002,0,,FALSE,FALSE,FALSE,
background,MIDG2331_RS05405,yajC,preprotein translocase subunit YajC,+,1210196,0,,FALSE,FALSE,FALSE,
background,MIDG2331_RS05410,secD,protein translocase subunit SecD,+,1210519,0,,FALSE,FALSE,FALSE,
background,MIDG2331_RS05415,secF,protein translocase subunit SecF,+,1212377,0,,FALSE,FALSE,FALSE,
background,MIDG2331_RS05420,ftnA,non-heme ferritin,+,1213501,0,,FALSE,FALSE,FALSE,
background,MIDG2331_RS05425,ftnA,non-heme ferritin,+,1214007,0,,FALSE,FALSE,FALSE,
background,MIDG2331_RS05430,,NCS2 family permease,+,1214744,0,,FALSE,FALSE,FALSE,
background,MIDG2331_RS05435,,Maf family protein,-,1216690,0,,FALSE,FALSE,FALSE,
background,MIDG2331_RS05440,,carboxymuconolactone decarboxylase family protein,+,1216846,0,,FALSE,FALSE,FALSE,
background,MIDG2331_RS05445,thiI,tRNA uracil 4-sulfurtransferase ThiI,-,1218932,0,,FALSE,FALSE,FALSE,
background,MIDG2331_RS05450,purA,adenylosuccinate synthase,-,1220417,0,,FALSE,FALSE,FALSE,
background,MIDG2331_RS05455,hflC,protease modulator HflC,-,1221491,0,,FALSE,FALSE,FALSE,
background,MIDG2331_RS05460,hflK,FtsH protease activity modulator HflK,-,1222684,0,,FALSE,FALSE,FALSE,
background,MIDG2331_RS05465,trxA,thioredoxin,-,1223179,0,,FALSE,FALSE,FALSE,
background,MIDG2331_RS05470,,nucleobase:cation symporter-2 family protein,-,1224607,0,,FALSE,FALSE,FALSE,
background,MIDG2331_RS05475,metK,methionine adenosyltransferase,-,1225920,0,,FALSE,FALSE,FALSE,
background,MIDG2331_RS05480,,homocysteine S-methyltransferase family protein,+,1226140,0,,FALSE,FALSE,FALSE,
background,MIDG2331_RS05490,,basic amino acid/polyamine antiporter,+,1228637,0,,FALSE,FALSE,FALSE,
background,MIDG2331_RS05495,,hypothetical protein,+,1230051,0,,FALSE,FALSE,FALSE,
background,MIDG2331_RS05500,argE,acetylornithine deacetylase,+,1230847,1,1,FALSE,TRUE,TRUE,5
background,MIDG2331_RS05505,,OmpW/AlkL family protein,-,1232840,0,,FALSE,FALSE,FALSE,
background,MIDG2331_RS05510,clpB,ATP-dependent chaperone ClpB,+,1233101,0,,FALSE,FALSE,FALSE,
background,MIDG2331_RS05520,arsC,arsenate reductase (glutaredoxin),-,1237148,0,,FALSE,FALSE,FALSE,
background,MIDG2331_RS05525,,ArsR/SmtB family transcription factor,-,1237522,0,,FALSE,FALSE,FALSE,
background,MIDG2331_RS05530,aspA,aspartate ammonia-lyase,-,1239077,0,,FALSE,FALSE,FALSE,
background,MIDG2331_RS05535,,DUF1294 domain-containing protein,-,1239499,0,,FALSE,FALSE,FALSE,
background,MIDG2331_RS05540,purM,phosphoribosylformylglycinamidine cyclo-ligase,-,1240610,0,,FALSE,FALSE,FALSE,
background,MIDG2331_RS05545,,family 20 glycosylhydrolase,+,1240825,0,,FALSE,FALSE,FALSE,
background,MIDG2331_RS05550,queC,7-cyano-7-deazaguanine synthase QueC,+,1242106,0,,FALSE,FALSE,FALSE,
background,MIDG2331_RS05555,queD,6-carboxytetrahydropterin synthase QueD,+,1242767,0,,FALSE,FALSE,FALSE,
background,MIDG2331_RS05560,,7-carboxy-7-deazaguanine synthase QueE,+,1243282,0,,FALSE,FALSE,FALSE,
background,MIDG2331_RS05565,,hypothetical protein,-,1244612,0,,FALSE,FALSE,FALSE,
background,MIDG2331_RS05570,,hypothetical protein,-,1244937,0,,FALSE,FALSE,FALSE,
background,MIDG2331_RS05575,pepA,leucyl aminopeptidase,-,1246780,0,,FALSE,FALSE,FALSE,
background,MIDG2331_RS05580,,hypothetical protein,+,1247148,0,,FALSE,FALSE,FALSE,
background,MIDG2331_RS05585,lptF,LPS export ABC transporter permease LptF,+,1248162,0,,FALSE,FALSE,FALSE,
background,MIDG2331_RS05590,lptG,LPS export ABC transporter permease LptG,+,1249266,0,,FALSE,FALSE,FALSE,
background,MIDG2331_RS05595,dnaE,DNA polymerase III subunit alpha,+,1250555,0,,FALSE,FALSE,FALSE,
background,MIDG2331_RS05600,,ATP-grasp domain-containing protein,-,1255354,0,,FALSE,FALSE,FALSE,
background,MIDG2331_RS05610,,hypothetical protein,-,1255971,0,,FALSE,FALSE,FALSE,
background,MIDG2331_RS05615,purT,formate-dependent phosphoribosylglycinamide formyltransferase,-,1257855,0,,FALSE,FALSE,FALSE,
background,MIDG2331_RS05620,plsB,glycerol-3-phosphate 1-O-acyltransferase PlsB,-,1260452,0,,FALSE,FALSE,FALSE,
background,MIDG2331_RS05625,lexA,transcriptional repressor LexA,+,1260609,0,,FALSE,FALSE,FALSE,
background,MIDG2331_RS05630,mutH,DNA mismatch repair endonuclease MutH,+,1261301,0,,FALSE,FALSE,FALSE,
background,MIDG2331_RS05635,,TerC family protein,+,1262067,0,,FALSE,FALSE,FALSE,
background,MIDG2331_RS05640,nagZ,beta-N-acetylhexosaminidase,+,1262913,0,,FALSE,FALSE,FALSE,
background,MIDG2331_RS05645,rlmC,23S rRNA (uracil(747)-C(5))-methyltransferase RlmC,+,1264031,0,,FALSE,FALSE,FALSE,
background,MIDG2331_RS05650,eno,phosphopyruvate hydratase,+,1265413,0,,FALSE,FALSE,FALSE,
background,MIDG2331_RS05655,,NUDIX hydrolase N-terminal domain-containing protein,+,1266799,0,,FALSE,FALSE,FALSE,
background,MIDG2331_RS05660,,DUF2251 domain-containing protein,+,1267442,0,,FALSE,FALSE,FALSE,
background,MIDG2331_RS05665,recQ,ATP-dependent DNA helicase RecQ,-,1269719,0,,FALSE,FALSE,FALSE,
background,MIDG2331_RS05670,cyaY,iron donor protein CyaY,-,1270109,0,,FALSE,FALSE,FALSE,
background,MIDG2331_RS05690,,outer membrane protein assembly factor BamD,-,1272732,0,,FALSE,FALSE,FALSE,
background,MIDG2331_RS05695,rluD,23S rRNA pseudouridine(1911/1915/1917) synthase RluD,+,1272885,0,,FALSE,FALSE,FALSE,
background,MIDG2331_RS05700,,YwiC-like family protein,-,1274619,0,,FALSE,FALSE,FALSE,
background,MIDG2331_RS05705,pfkA,6-phosphofructokinase,-,1275652,0,,FALSE,FALSE,FALSE,
background,MIDG2331_RS05715,,thermonuclease family protein,-,1277662,0,,FALSE,FALSE,FALSE,
background,MIDG2331_RS05720,,alanine/glycine:cation symporter family protein,-,1279095,0,,FALSE,FALSE,FALSE,
background,MIDG2331_RS05725,,AI-2E family transporter,-,1280613,0,,FALSE,FALSE,FALSE,
background,MIDG2331_RS05730,,cytochrome b562,-,1281081,0,,FALSE,FALSE,FALSE,
background,MIDG2331_RS05735,trhP,prephenate-dependent tRNA uridine(34) hydroxylase TrhP,+,1281230,0,,FALSE,FALSE,FALSE,
background,MIDG2331_RS05740,,O-antigen ligase family protein,+,1282874,1,1,FALSE,TRUE,TRUE,-190
background,MIDG2331_RS05745,waaA,lipid IV(A) 3-deoxy-D-manno-octulosonic acid transferase,+,1284121,0,,FALSE,FALSE,FALSE,
background,MIDG2331_RS05750,coaD,pantetheine-phosphate adenylyltransferase,+,1285403,0,,FALSE,FALSE,FALSE,
background,MIDG2331_RS05755,orn,oligoribonuclease,+,1285882,0,,FALSE,FALSE,FALSE,
background,MIDG2331_RS05760,tsaE,tRNA (adenosine(37)-N6)-threonylcarbamoyltransferase complex ATPase subunit type 1 TsaE,+,1286444,0,,FALSE,FALSE,FALSE,
background,MIDG2331_RS05765,,N-acetylmuramoyl-L-alanine amidase family protein,+,1286959,0,,FALSE,FALSE,FALSE,
background,MIDG2331_RS05770,pgi,glucose-6-phosphate isomerase,-,1289823,0,,FALSE,FALSE,FALSE,
background,MIDG2331_RS05775,ubiK,ubiquinone biosynthesis accessory factor UbiK,-,1290111,0,,FALSE,FALSE,FALSE,
background,MIDG2331_RS05805,tsaC,L-threonylcarbamoyladenylate synthase type 1 TsaC,-,1292184,0,,FALSE,FALSE,FALSE,
background,MIDG2331_RS05810,,DNA topoisomerase family protein,-,1292710,0,,FALSE,FALSE,FALSE,
background,MIDG2331_RS05815,yqfB,N(4)-acetylcytidine aminohydrolase,-,1293015,0,,FALSE,FALSE,FALSE,
background,MIDG2331_RS05820,recX,recombination regulator RecX,-,1293463,0,,FALSE,FALSE,FALSE,
background,MIDG2331_RS05825,recA,recombinase RecA,-,1294664,0,,FALSE,FALSE,FALSE,
background,MIDG2331_RS05830,,aminotransferase class IV family protein,-,1295383,0,,FALSE,FALSE,FALSE,
background,MIDG2331_RS05835,,aminodeoxychorismate synthase component I,-,1296329,0,,FALSE,FALSE,FALSE,
background,MIDG2331_RS05840,,DNA recombination protein RmuC,+,1296464,0,,FALSE,FALSE,FALSE,
background,MIDG2331_RS05845,,anthranilate synthase component II,+,1298070,0,,FALSE,FALSE,FALSE,
background,MIDG2331_RS05850,,DUF302 domain-containing protein,+,1298753,0,,FALSE,FALSE,FALSE,
background,MIDG2331_RS05855,aspS,aspartate--tRNA ligase,+,1299374,0,,FALSE,FALSE,FALSE,
background,MIDG2331_RS05860,nudB,dihydroneopterin triphosphate diphosphatase,+,1301183,0,,FALSE,FALSE,FALSE,
background,MIDG2331_RS05865,,YebC/PmpR family DNA-binding transcriptional regulator,+,1301677,0,,FALSE,FALSE,FALSE,
background,MIDG2331_RS05870,,hypothetical protein,+,1302551,0,,FALSE,FALSE,FALSE,
background,MIDG2331_RS05875,ruvC,crossover junction endodeoxyribonuclease RuvC,+,1303159,0,,FALSE,FALSE,FALSE,
background,MIDG2331_RS05880,,M16 family metallopeptidase,-,1305291,0,,FALSE,FALSE,FALSE,
background,MIDG2331_RS05885,metE,5-methyltetrahydropteroyltriglutamate-- homocysteine S-methyltransferase,-,1307722,0,,FALSE,FALSE,FALSE,
background,MIDG2331_RS05890,,DASS family sodium-coupled anion symporter,-,1309413,0,,FALSE,FALSE,FALSE,
background,MIDG2331_RS05895,,LysR family transcriptional regulator,+,1309640,1,1,FALSE,TRUE,TRUE,-162
background,MIDG2331_RS05905,rluB,23S rRNA pseudouridine(2605) synthase RluB,-,1312949,0,,FALSE,FALSE,FALSE,
background,MIDG2331_RS05910,,L-threonylcarbamoyladenylate synthase,-,1313638,0,,FALSE,FALSE,FALSE,
background,MIDG2331_RS05920,,Dyp-type peroxidase,-,1315078,0,,FALSE,FALSE,FALSE,
background,MIDG2331_RS05930,,aminodeoxychorismate/anthranilate synthase component II,+,1316801,0,,FALSE,FALSE,FALSE,
background,MIDG2331_RS05940,,class I SAM-dependent methyltransferase,+,1318492,0,,FALSE,FALSE,FALSE,
background,MIDG2331_RS05945,,prolipoprotein diacylglyceryl transferase,-,1320359,0,,FALSE,FALSE,FALSE,
background,MIDG2331_RS05950,,YdcH family protein,+,1320555,0,,FALSE,FALSE,FALSE,
background,MIDG2331_RS05955,rplI,50S ribosomal protein L9,-,1321308,0,,FALSE,FALSE,FALSE,
background,MIDG2331_RS05960,rpsR,30S ribosomal protein S18,-,1321553,0,,FALSE,FALSE,FALSE,
background,MIDG2331_RS05965,priB,primosomal replication protein N,-,1321902,0,,FALSE,FALSE,FALSE,
background,MIDG2331_RS05970,rpsF,30S ribosomal protein S6,-,1322251,0,,FALSE,FALSE,FALSE,
background,MIDG2331_RS05975,purD,phosphoribosylamine--glycine ligase,+,1322543,0,,FALSE,FALSE,FALSE,
background,MIDG2331_RS05980,pnuC,nicotinamide riboside transporter PnuC,-,1324613,0,,FALSE,FALSE,FALSE,
background,MIDG2331_RS05985,,YfgM family protein,-,1325364,0,,FALSE,FALSE,FALSE,
background,MIDG2331_RS05990,hisS,histidine--tRNA ligase,-,1326651,0,,FALSE,FALSE,FALSE,
background,MIDG2331_RS05995,ispG,flavodoxin-dependent (E)-4-hydroxy-3-methylbut-2-enyl-diphosphate synthase,-,1327891,0,,FALSE,FALSE,FALSE,
background,MIDG2331_RS06000,,RodZ domain-containing protein,-,1328869,0,,FALSE,FALSE,FALSE,
background,MIDG2331_RS06005,,SulP family inorganic anion transporter,+,1329149,0,,FALSE,FALSE,FALSE,
background,MIDG2331_RS06015,,Gfo/Idh/MocA family oxidoreductase,-,1333716,0,,FALSE,FALSE,FALSE,
background,MIDG2331_RS06020,,monovalent cation:proton antiporter-2 (CPA2) family protein,+,1333964,0,,FALSE,FALSE,FALSE,
background,MIDG2331_RS06025,,ATP-binding protein,+,1335967,0,,FALSE,FALSE,FALSE,
background,MIDG2331_RS06030,,SIR2 family protein,+,1337272,0,,FALSE,FALSE,FALSE,
background,MIDG2331_RS06035,,TIR domain-containing protein,+,1338675,0,,FALSE,FALSE,FALSE,
background,MIDG2331_RS06040,,TIR domain-containing protein,+,1339186,0,,FALSE,FALSE,FALSE,
background,MIDG2331_RS06045,,LysR family transcriptional regulator,-,1340945,0,,FALSE,FALSE,FALSE,
background,MIDG2331_RS06050,,nuclear transport factor 2 family protein,+,1341069,0,,FALSE,FALSE,FALSE,
background,MIDG2331_RS06055,,"IS256 family transposase, variant Zn-binding type",-,1342537,0,,FALSE,FALSE,FALSE,
background,MIDG2331_RS06060,,AraC family transcriptional regulator,+,1342634,0,,FALSE,FALSE,FALSE,
background,MIDG2331_RS06065,,LysR family transcriptional regulator,-,1344434,0,,FALSE,FALSE,FALSE,
background,MIDG2331_RS06070,,NADH:flavin oxidoreductase/NADH oxidase,+,1344525,0,,FALSE,FALSE,FALSE,
background,MIDG2331_RS06075,,LLM class flavin-dependent oxidoreductase,+,1345677,0,,FALSE,FALSE,FALSE,
background,MIDG2331_RS06080,,NAD(P)-dependent oxidoreductase,-,1347675,0,,FALSE,FALSE,FALSE,
background,MIDG2331_RS06085,,NAD(P)H-dependent oxidoreductase,+,1347954,0,,FALSE,FALSE,FALSE,
background,MIDG2331_RS06090,,MarC family protein,+,1348770,0,,FALSE,FALSE,FALSE,
background,MIDG2331_RS06095,,ACP phosphodiesterase,+,1349466,0,,FALSE,FALSE,FALSE,
background,MIDG2331_RS06100,fghA,S-formylglutathione hydrolase,-,1350959,0,,FALSE,FALSE,FALSE,
background,MIDG2331_RS06105,yghU,glutathione-dependent disulfide-bond oxidoreductase,-,1351768,0,,FALSE,FALSE,FALSE,
background,MIDG2331_RS06110,,type II toxin-antitoxin system VapC family toxin,-,1352363,0,,FALSE,FALSE,FALSE,
background,MIDG2331_RS06115,,type II toxin-antitoxin system Phd/YefM family antitoxin,-,1352630,0,,FALSE,FALSE,FALSE,
background,MIDG2331_RS06120,,S-(hydroxymethyl)glutathione dehydrogenase/class III alcohol dehydrogenase,-,1353898,0,,FALSE,FALSE,FALSE,
background,MIDG2331_RS06125,,BCCT family transporter,-,1356079,0,,FALSE,FALSE,FALSE,
background,MIDG2331_RS06130,,GNAT family N-acetyltransferase,+,1356376,0,,FALSE,FALSE,FALSE,
background,MIDG2331_RS06135,,DUF72 domain-containing protein,+,1357080,0,,FALSE,FALSE,FALSE,
background,MIDG2331_RS06140,tehA,dicarboxylate transporter/tellurite-resistance protein TehA,-,1358951,0,,FALSE,FALSE,FALSE,
background,MIDG2331_RS06150,,flavin reductase family protein,-,1360498,0,,FALSE,FALSE,FALSE,
background,MIDG2331_RS06155,,ABC transporter ATP-binding protein,-,1362429,0,,FALSE,FALSE,FALSE,
background,MIDG2331_RS06160,luxS,S-ribosylhomocysteine lyase,-,1363044,0,,FALSE,FALSE,FALSE,
background,MIDG2331_RS06165,,PqiB family protein,-,1365765,0,,FALSE,FALSE,FALSE,
background,MIDG2331_RS06170,fur,ferric iron uptake transcriptional regulator,-,1366362,0,,FALSE,FALSE,FALSE,
background,MIDG2331_RS06175,fldA,flavodoxin FldA,-,1366917,0,,FALSE,FALSE,FALSE,
background,MIDG2331_RS06180,ybfE,LexA regulated protein,-,1367223,0,,FALSE,FALSE,FALSE,
background,MIDG2331_RS06185,ybaK,Cys-tRNA(Pro)/Cys-tRNA(Cys) deacylase YbaK,-,1367908,0,,FALSE,FALSE,FALSE,
background,MIDG2331_RS06190,,oxidoreductase,+,1367993,0,,FALSE,FALSE,FALSE,
background,MIDG2331_RS06195,,NCS2 family permease,+,1369055,0,,FALSE,FALSE,FALSE,
background,MIDG2331_RS06200,,DsrE/DsrF/TusD sulfur relay family protein,+,1370460,0,,FALSE,FALSE,FALSE,
background,MIDG2331_RS06205,,BaiN/RdsA family NAD(P)/FAD-dependent oxidoreductase,+,1370810,0,,FALSE,FALSE,FALSE,
background,MIDG2331_RS06210,infA,translation initiation factor IF-1,-,1372293,0,,FALSE,FALSE,FALSE,
background,MIDG2331_RS06215,,YtjB family periplasmic protein,-,1373048,0,,FALSE,FALSE,FALSE,
background,MIDG2331_RS06225,,YajQ family cyclic di-GMP-binding protein,+,1374060,0,,FALSE,FALSE,FALSE,
background,MIDG2331_RS06230,,DUF5363 domain-containing protein,+,1374600,0,,FALSE,FALSE,FALSE,
background,MIDG2331_RS06235,glgP,glycogen/starch/alpha-glucan family phosphorylase,+,1374905,0,,FALSE,FALSE,FALSE,
background,MIDG2331_RS06240,malT,HTH-type transcriptional regulator MalT,-,1380099,0,,FALSE,FALSE,FALSE,
background,MIDG2331_RS06245,malM,maltose operon protein MalM,-,1381098,0,,FALSE,FALSE,FALSE,
background,MIDG2331_RS06250,,maltoporin,-,1382462,0,,FALSE,FALSE,FALSE,
background,MIDG2331_RS06255,malK,maltose/maltodextrin ABC transporter ATP-binding protein MalK,-,1383671,0,,FALSE,FALSE,FALSE,
background,MIDG2331_RS06260,malE,maltose/maltodextrin ABC transporter substrate-binding protein MalE,+,1384003,0,,FALSE,FALSE,FALSE,
background,MIDG2331_RS06265,malF,maltose ABC transporter permease MalF,+,1385266,0,,FALSE,FALSE,FALSE,
background,MIDG2331_RS06270,malG,maltose ABC transporter permease MalG,+,1386867,0,,FALSE,FALSE,FALSE,
background,MIDG2331_RS06275,malQ,4-alpha-glucanotransferase,+,1387818,0,,FALSE,FALSE,FALSE,
background,MIDG2331_RS06280,,carbon starvation CstA family protein,+,1390084,0,,FALSE,FALSE,FALSE,
background,MIDG2331_RS06285,,TatD family hydrolase,+,1391744,0,,FALSE,FALSE,FALSE,
background,MIDG2331_RS06290,gorA,glutathione-disulfide reductase,-,1393967,0,,FALSE,FALSE,FALSE,
background,MIDG2331_RS06295,,TIGR00645 family protein,-,1394571,0,,FALSE,FALSE,FALSE,
background,MIDG2331_RS06300,,nitroreductase family protein,-,1395311,0,,FALSE,FALSE,FALSE,
background,MIDG2331_RS06305,,AzlD family protein,-,1395767,0,,FALSE,FALSE,FALSE,
background,MIDG2331_RS06310,,AzlC family ABC transporter permease,-,1396471,0,,FALSE,FALSE,FALSE,
background,MIDG2331_RS06315,,peptide ABC transporter ATP-binding protein,-,1397300,0,,FALSE,FALSE,FALSE,
background,MIDG2331_RS06320,fbaA,class II fructose-bisphosphate aldolase,-,1398492,0,,FALSE,FALSE,FALSE,
background,MIDG2331_RS06325,,phosphoglycerate kinase,-,1399769,0,,FALSE,FALSE,FALSE,
background,MIDG2331_RS06330,,SLC13 family permease,-,1401315,0,,FALSE,FALSE,FALSE,
background,MIDG2331_RS06335,sdcA,sodium/C4-dicarboxylate transporter SdcA,-,1402821,0,,FALSE,FALSE,FALSE,
background,MIDG2331_RS06340,,DASS family sodium-coupled anion symporter,-,1404517,0,,FALSE,FALSE,FALSE,
background,MIDG2331_RS06345,parE,DNA topoisomerase IV subunit B,-,1406625,0,,FALSE,FALSE,FALSE,
background,MIDG2331_RS06350,phoR,phosphate regulon sensor histidine kinase PhoR,-,1407996,0,,FALSE,FALSE,FALSE,
background,MIDG2331_RS06355,phoB,phosphate regulon transcriptional regulator PhoB,-,1408637,0,,FALSE,FALSE,FALSE,
background,MIDG2331_RS06365,pstA,phosphate ABC transporter permease PstA,-,1410348,0,,FALSE,FALSE,FALSE,
background,MIDG2331_RS06370,pstC,phosphate ABC transporter permease subunit PstC,-,1411409,0,,FALSE,FALSE,FALSE,
background,MIDG2331_RS06375,pstS,phosphate ABC transporter substrate-binding protein PstS,-,1412601,0,,FALSE,FALSE,FALSE,
background,MIDG2331_RS06380,cueR,Cu(I)-responsive transcriptional regulator,-,1413109,0,,FALSE,FALSE,FALSE,
background,MIDG2331_RS06385,,DUF411 domain-containing protein,+,1413195,0,,FALSE,FALSE,FALSE,
background,MIDG2331_RS06390,,heavy-metal-associated domain-containing protein,+,1413665,0,,FALSE,FALSE,FALSE,
background,MIDG2331_RS06395,,heavy metal translocating P-type ATPase,+,1414104,0,,FALSE,FALSE,FALSE,
background,MIDG2331_RS06400,,SDR family NAD(P)-dependent oxidoreductase,-,1417183,0,,FALSE,FALSE,FALSE,
background,MIDG2331_RS06405,,NAD(P)H nitroreductase,-,1417786,0,,FALSE,FALSE,FALSE,
background,MIDG2331_RS06410,sppA,signal peptide peptidase SppA,+,1417889,0,,FALSE,FALSE,FALSE,
background,MIDG2331_RS06415,,ribonuclease T2 family protein,+,1419880,0,,FALSE,FALSE,FALSE,
background,MIDG2331_RS06425,,NAD(P)/FAD-dependent oxidoreductase,+,1421274,0,,FALSE,FALSE,FALSE,
background,MIDG2331_RS06430,,Tex family protein,-,1425079,0,,FALSE,FALSE,FALSE,
background,MIDG2331_RS06435,pilW,type IV pilus biogenesis/stability protein PilW,-,1425702,0,,FALSE,FALSE,FALSE,
background,MIDG2331_RS06440,rlmN,dual-specificity RNA methyltransferase RlmN,-,1426937,0,,FALSE,FALSE,FALSE,
background,MIDG2331_RS06465,gltX,glutamate--tRNA ligase,+,1427842,0,,FALSE,FALSE,FALSE,
background,MIDG2331_RS06475,,tyrosine-type recombinase/integrase,+,1429586,0,,FALSE,FALSE,FALSE,
background,MIDG2331_RS06480,,hypothetical protein,+,1431563,0,,FALSE,FALSE,FALSE,
background,MIDG2331_RS06485,,helix-turn-helix transcriptional regulator,+,1432616,0,,FALSE,FALSE,FALSE,
background,MIDG2331_RS06490,,hypothetical protein,+,1432867,0,,FALSE,FALSE,FALSE,
background,MIDG2331_RS06500,,antA/AntB antirepressor family protein,+,1433535,0,,FALSE,FALSE,FALSE,
background,MIDG2331_RS06505,,terminase small subunit,+,1434265,0,,FALSE,FALSE,FALSE,
background,MIDG2331_RS06510,,YlcI/YnfO family protein,-,1435130,0,,FALSE,FALSE,FALSE,
background,MIDG2331_RS06515,,ash family protein,+,1435353,0,,FALSE,FALSE,FALSE,
background,MIDG2331_RS06520,,hypothetical protein,+,1436008,0,,FALSE,FALSE,FALSE,
background,MIDG2331_RS06525,,hypothetical protein,+,1436342,0,,FALSE,FALSE,FALSE,
background,MIDG2331_RS06530,,hypothetical protein,+,1436538,0,,FALSE,FALSE,FALSE,
background,MIDG2331_RS06535,,DUF927 domain-containing protein,+,1436740,0,,FALSE,FALSE,FALSE,
background,MIDG2331_RS06540,yefM,YoeB-YefM toxin-antitoxin system antitoxin YefM,+,1440179,0,,FALSE,FALSE,FALSE,
background,MIDG2331_RS06545,,Txe/YoeB family addiction module toxin,+,1440427,0,,FALSE,FALSE,FALSE,
background,MIDG2331_RS06550,,Trm112 family protein,-,1441013,0,,FALSE,FALSE,FALSE,
background,MIDG2331_RS06555,lpxK,tetraacyldisaccharide 4'-kinase,-,1441995,0,,FALSE,FALSE,FALSE,
background,MIDG2331_RS06560,clpX,ATP-dependent protease ATP-binding subunit ClpX,-,1443347,0,,FALSE,FALSE,FALSE,
background,MIDG2331_RS06565,clpP,ATP-dependent Clp endopeptidase proteolytic subunit ClpP,-,1443937,0,,FALSE,FALSE,FALSE,
background,MIDG2331_RS06570,,SufE family protein,+,1444059,0,,FALSE,FALSE,FALSE,
background,MIDG2331_RS06585,dnaQ,DNA polymerase III subunit epsilon,-,1445583,0,,FALSE,FALSE,FALSE,
background,MIDG2331_RS06590,ettA,energy-dependent translational throttle protein EttA,-,1447340,0,,FALSE,FALSE,FALSE,
background,MIDG2331_RS06595,,carboxymuconolactone decarboxylase family protein,+,1447505,0,,FALSE,FALSE,FALSE,
background,MIDG2331_RS06600,,rhodanese-like domain-containing protein,+,1447836,0,,FALSE,FALSE,FALSE,
background,MIDG2331_RS06605,,hypothetical protein,+,1448313,0,,FALSE,FALSE,FALSE,
background,MIDG2331_RS06610,murA,UDP-N-acetylglucosamine 1-carboxyvinyltransferase,-,1449965,0,,FALSE,FALSE,FALSE,
background,MIDG2331_RS06615,,BolA family protein,-,1450357,0,,FALSE,FALSE,FALSE,
background,MIDG2331_RS06620,,STAS domain-containing protein,-,1450723,0,,FALSE,FALSE,FALSE,
background,MIDG2331_RS06625,mlaC,phospholipid-binding protein MlaC,-,1451371,0,,FALSE,FALSE,FALSE,
background,MIDG2331_RS06630,mlaD,outer membrane lipid asymmetry maintenance protein MlaD,-,1451976,0,,FALSE,FALSE,FALSE,
background,MIDG2331_RS06635,mlaE,lipid asymmetry maintenance ABC transporter permease subunit MlaE,-,1452825,0,,FALSE,FALSE,FALSE,
background,MIDG2331_RS06640,mlaF,phospholipid ABC transporter ATP-binding protein MlaF,-,1453567,0,,FALSE,FALSE,FALSE,
background,MIDG2331_RS06645,,DegQ family serine endoprotease,+,1453828,0,,FALSE,FALSE,FALSE,
background,MIDG2331_RS06650,,TIGR01777 family oxidoreductase,-,1456146,0,,FALSE,FALSE,FALSE,
background,MIDG2331_RS06655,argR,transcriptional regulator ArgR,-,1456607,0,,FALSE,FALSE,FALSE,
background,MIDG2331_RS06660,mdh,malate dehydrogenase,+,1456801,0,,FALSE,FALSE,FALSE,
background,MIDG2331_RS06665,,hypothetical protein,+,1457844,0,,FALSE,FALSE,FALSE,
background,MIDG2331_RS06670,adk,adenylate kinase,-,1458825,0,,FALSE,FALSE,FALSE,
background,MIDG2331_RS06675,,TonB-dependent receptor domain-containing protein,-,1461100,0,,FALSE,FALSE,FALSE,
background,MIDG2331_RS06680,,AmpG family muropeptide MFS transporter,-,1462557,0,,FALSE,FALSE,FALSE,
background,MIDG2331_RS06685,galE,UDP-glucose 4-epimerase GalE,-,1463712,0,,FALSE,FALSE,FALSE,
background,MIDG2331_RS06690,ligA,NAD-dependent DNA ligase LigA,-,1465824,0,,FALSE,FALSE,FALSE,
background,MIDG2331_RS06695,zipA,cell division protein ZipA,-,1466898,0,,FALSE,FALSE,FALSE,
background,MIDG2331_RS06700,cysZ,sulfate transporter CysZ,+,1467018,0,,FALSE,FALSE,FALSE,
background,MIDG2331_RS06705,,hypothetical protein,-,1468285,0,,FALSE,FALSE,FALSE,
background,MIDG2331_RS06710,gnd,decarboxylating NADP(+)-dependent phosphogluconate dehydrogenase,-,1469831,0,,FALSE,FALSE,FALSE,
background,MIDG2331_RS06715,,hypothetical protein,-,1470493,0,,FALSE,FALSE,FALSE,
background,MIDG2331_RS06720,,aspartate/glutamate racemase family protein,-,1471368,0,,FALSE,FALSE,FALSE,
background,MIDG2331_RS06725,,MFS transporter,-,1472790,0,,FALSE,FALSE,FALSE,
background,MIDG2331_RS06730,pgl,6-phosphogluconolactonase,-,1473621,0,,FALSE,FALSE,FALSE,
background,MIDG2331_RS06735,zwf,glucose-6-phosphate dehydrogenase,-,1475195,0,,FALSE,FALSE,FALSE,
background,MIDG2331_RS06740,cysQ,"3'(2'),5'-bisphosphate nucleotidase CysQ",-,1476082,0,,FALSE,FALSE,FALSE,
background,MIDG2331_RS06745,nudE,ADP compounds hydrolase NudE,-,1476652,0,,FALSE,FALSE,FALSE,
background,MIDG2331_RS06750,hslR,ribosome-associated heat shock protein Hsp15,+,1476795,0,,FALSE,FALSE,FALSE,
background,MIDG2331_RS06755,hslO,Hsp33 family molecular chaperone HslO,+,1477330,0,,FALSE,FALSE,FALSE,
background,MIDG2331_RS06760,,anaerobic C4-dicarboxylate transporter,-,1479622,0,,FALSE,FALSE,FALSE,
background,MIDG2331_RS06770,,ornithine carbamoyltransferase,+,1480475,0,,FALSE,FALSE,FALSE,
background,MIDG2331_RS06775,arcC,carbamate kinase,+,1481501,0,,FALSE,FALSE,FALSE,
background,MIDG2331_RS06785,thiQ,thiamine ABC transporter ATP-binding protein,-,1484952,0,,FALSE,FALSE,FALSE,
background,MIDG2331_RS06790,thiP,thiamine/thiamine pyrophosphate ABC transporter permease ThiP,-,1486574,0,,FALSE,FALSE,FALSE,
background,MIDG2331_RS06795,ptsH,phosphocarrier protein Hpr,+,1486811,0,,FALSE,FALSE,FALSE,
background,MIDG2331_RS06800,ptsI,phosphoenolpyruvate-protein phosphotransferase PtsI,+,1487192,0,,FALSE,FALSE,FALSE,
background,MIDG2331_RS06805,crr,PTS glucose transporter subunit IIA,+,1488998,0,,FALSE,FALSE,FALSE,
background,MIDG2331_RS06810,miaB,tRNA (N6-isopentenyl adenosine(37)-C2)-methylthiotransferase MiaB,+,1489683,0,,FALSE,FALSE,FALSE,
background,MIDG2331_RS06815,uvrD,DNA helicase II,+,1491312,0,,FALSE,FALSE,FALSE,
background,MIDG2331_RS06820,hypB,hydrogenase nickel incorporation protein HypB,+,1493714,0,,FALSE,FALSE,FALSE,
background,MIDG2331_RS06825,hypD,hydrogenase formation protein HypD,+,1494535,0,,FALSE,FALSE,FALSE,
background,MIDG2331_RS06830,hypE,hydrogenase expression/formation protein HypE,+,1495652,0,,FALSE,FALSE,FALSE,
background,MIDG2331_RS06835,,HlyD family type I secretion periplasmic adaptor subunit,-,1498438,0,,FALSE,FALSE,FALSE,
background,MIDG2331_RS06840,,type I secretion system permease/ATPase,-,1500585,0,,FALSE,FALSE,FALSE,
background,MIDG2331_RS06850,apxIIIC,RTX-III toxin-activating lysine-acyltransferase ApxIIC,-,1504325,0,,FALSE,FALSE,FALSE,
background,MIDG2331_RS06855,hypF,carbamoyltransferase HypF,-,1507070,0,,FALSE,FALSE,FALSE,
background,MIDG2331_RS06860,hybO,hydrogenase 2 small subunit,+,1507305,0,,FALSE,FALSE,FALSE,
background,MIDG2331_RS06865,hybA,hydrogenase 2 operon protein HybA,+,1508440,0,,FALSE,FALSE,FALSE,
background,MIDG2331_RS06870,hybB,Ni/Fe-hydrogenase cytochrome b subunit,+,1509470,0,,FALSE,FALSE,FALSE,
background,MIDG2331_RS06875,hybC,hydrogenase 2 large subunit,+,1510648,0,,FALSE,FALSE,FALSE,
background,MIDG2331_RS06880,,HyaD/HybD family hydrogenase maturation endopeptidase,+,1512357,0,,FALSE,FALSE,FALSE,
background,MIDG2331_RS06885,hybE,hydrogenase-2 assembly chaperone,+,1512847,0,,FALSE,FALSE,FALSE,
background,MIDG2331_RS06890,hybG,hydrogenase maturation factor HybG,+,1513378,0,,FALSE,FALSE,FALSE,
background,MIDG2331_RS06895,hypA,hydrogenase maturation nickel metallochaperone HypA,-,1514092,0,,FALSE,FALSE,FALSE,
background,MIDG2331_RS06905,,tyrosine-type recombinase/integrase,-,1515434,0,,FALSE,FALSE,FALSE,
background,MIDG2331_RS06910,mobH,MobH family relaxase,-,1517382,0,,FALSE,FALSE,FALSE,
background,MIDG2331_RS06915,,phosphoribosyltransferase,+,1517620,0,,FALSE,FALSE,FALSE,
background,MIDG2331_RS06920,,helix-turn-helix domain-containing protein,-,1519320,0,,FALSE,FALSE,FALSE,
background,MIDG2331_RS06925,,hypothetical protein,-,1519914,0,,FALSE,FALSE,FALSE,
background,MIDG2331_RS06930,,hypothetical protein,+,1520161,0,,FALSE,FALSE,FALSE,
background,MIDG2331_RS06935,,recombinase family protein,+,1520367,0,,FALSE,FALSE,FALSE,
background,MIDG2331_RS06940,,hypothetical protein,+,1521040,0,,FALSE,FALSE,FALSE,
background,MIDG2331_RS06945,,N-6 DNA methylase,-,1522321,0,,FALSE,FALSE,FALSE,
background,MIDG2331_RS06950,,ArdC family protein,-,1523378,0,,FALSE,FALSE,FALSE,
background,MIDG2331_RS06955,,hypothetical protein,-,1523919,0,,FALSE,FALSE,FALSE,
background,MIDG2331_RS06960,,hypothetical protein,-,1524155,0,,FALSE,FALSE,FALSE,
background,MIDG2331_RS06965,,hypothetical protein,-,1524596,0,,FALSE,FALSE,FALSE,
background,MIDG2331_RS06970,,TIGR03757 family integrating conjugative element protein,+,1524977,0,,FALSE,FALSE,FALSE,
background,MIDG2331_RS06975,,TIGR03756 family integrating conjugative element protein,+,1525411,0,,FALSE,FALSE,FALSE,
background,MIDG2331_RS06980,,integrating conjugative element protein,+,1526367,0,,FALSE,FALSE,FALSE,
background,MIDG2331_RS06985,,hypothetical protein,+,1528383,0,,FALSE,FALSE,FALSE,
background,MIDG2331_RS06990,,hypothetical protein,-,1529014,0,,FALSE,FALSE,FALSE,
background,MIDG2331_RS06995,,hypothetical protein,+,1529211,0,,FALSE,FALSE,FALSE,
background,MIDG2331_RS07000,,conjugal transfer protein TraG N-terminal domain-containing protein,-,1531090,0,,FALSE,FALSE,FALSE,
background,MIDG2331_RS07005,,hypothetical protein,-,1531422,0,,FALSE,FALSE,FALSE,
background,MIDG2331_RS07010,,hypothetical protein,-,1531875,0,,FALSE,FALSE,FALSE,
background,MIDG2331_RS07015,,conjugative transfer ATPase,-,1534717,0,,FALSE,FALSE,FALSE,
background,MIDG2331_RS07020,,TIGR03751 family conjugal transfer lipoprotein,-,1535140,0,,FALSE,FALSE,FALSE,
background,MIDG2331_RS07025,,TIGR03752 family integrating conjugative element protein,-,1536550,0,,FALSE,FALSE,FALSE,
background,MIDG2331_RS07030,,TIGR03749 family integrating conjugative element protein,-,1537430,0,,FALSE,FALSE,FALSE,
background,MIDG2331_RS07035,,PFL_4703 family integrating conjugative element protein,-,1538074,0,,FALSE,FALSE,FALSE,
background,MIDG2331_RS07040,,TIGR03750 family conjugal transfer protein,-,1538457,0,,FALSE,FALSE,FALSE,
background,MIDG2331_RS07045,,DUF2976 domain-containing protein,-,1538878,0,,FALSE,FALSE,FALSE,
background,MIDG2331_RS07050,,DUF3262 family protein,-,1539143,0,,FALSE,FALSE,FALSE,
background,MIDG2331_RS07055,,"integrative conjugative element protein, RAQPRD family",-,1539467,0,,FALSE,FALSE,FALSE,
background,MIDG2331_RS07060,,TIGR03747 family integrating conjugative element membrane protein,-,1540314,0,,FALSE,FALSE,FALSE,
background,MIDG2331_RS07065,,hypothetical protein,-,1540649,0,,FALSE,FALSE,FALSE,
background,MIDG2331_RS07070,traD,type IV conjugative transfer system coupling protein TraD,-,1542882,0,,FALSE,FALSE,FALSE,
background,MIDG2331_RS07075,,integrating conjugative element protein,-,1543385,0,,FALSE,FALSE,FALSE,
background,MIDG2331_RS07080,,transglycosylase SLT domain-containing protein,-,1544159,0,,FALSE,FALSE,FALSE,
background,MIDG2331_RS07085,,TIGR03759 family integrating conjugative element protein,-,1544878,0,,FALSE,FALSE,FALSE,
background,MIDG2331_RS07090,pilL2,PFGI-1 class ICE element type IV pilus protein PilL2,-,1545511,0,,FALSE,FALSE,FALSE,
background,MIDG2331_RS07095,,TraX family protein,-,1546341,0,,FALSE,FALSE,FALSE,
background,MIDG2331_RS07100,,hypothetical protein,-,1546635,0,,FALSE,FALSE,FALSE,
background,MIDG2331_RS07105,,IS4-like element ISVsa5 family transposase,+,1546833,0,,FALSE,FALSE,FALSE,
background,MIDG2331_RS07110,,helix-turn-helix domain-containing protein,-,1548467,0,,FALSE,FALSE,FALSE,
background,MIDG2331_RS07115,tetC,tetracyline resistance-associated transcriptional repressor TetC,+,1548555,0,,FALSE,FALSE,FALSE,
background,MIDG2331_RS07120,tet(B),tetracycline efflux MFS transporter Tet(B),-,1550466,0,,FALSE,FALSE,FALSE,
background,MIDG2331_RS07125,tetR(B),tetracycline resistance transcriptional repressor TetR(B),+,1550548,0,,FALSE,FALSE,FALSE,
background,MIDG2331_RS07130,,ArsR/SmtB family transcription factor,-,1551771,0,,FALSE,FALSE,FALSE,
background,MIDG2331_RS07135,,hypothetical protein,-,1552228,0,,FALSE,FALSE,FALSE,
background,MIDG2331_RS07140,,antibiotic biosynthesis monooxygenase family protein,-,1552541,0,,FALSE,FALSE,FALSE,
background,MIDG2331_RS07145,gltS,sodium/glutamate symporter,+,1552985,0,,FALSE,FALSE,FALSE,
background,MIDG2331_RS07155,,IS4-like element ISVsa5 family transposase,-,1555764,0,,FALSE,FALSE,FALSE,
background,MIDG2331_RS07160,,hypothetical protein,-,1556183,0,,FALSE,FALSE,FALSE,
background,MIDG2331_RS07165,radC,RadC family protein,-,1556746,0,,FALSE,FALSE,FALSE,
background,MIDG2331_RS07170,,DUF3560 domain-containing protein,-,1557526,0,,FALSE,FALSE,FALSE,
background,MIDG2331_RS07175,,STY4534 family ICE replication protein,-,1558069,0,,FALSE,FALSE,FALSE,
background,MIDG2331_RS07180,,DNA topoisomerase III,-,1560999,0,,FALSE,FALSE,FALSE,
background,MIDG2331_RS07185,,plasmid fertility inhibition factor family protein,+,1561090,0,,FALSE,FALSE,FALSE,
background,MIDG2331_RS07190,,membrane lipoprotein lipid attachment site-containing protein,-,1562381,0,,FALSE,FALSE,FALSE,
background,MIDG2331_RS07195,,single-stranded DNA-binding protein,-,1562830,0,,FALSE,FALSE,FALSE,
background,MIDG2331_RS07200,,DUF3158 family protein,-,1563550,0,,FALSE,FALSE,FALSE,
background,MIDG2331_RS07205,,PFL_4669 family integrating conjugative element protein,-,1564320,0,,FALSE,FALSE,FALSE,
background,MIDG2331_RS07215,,STY4528 family pathogenicity island replication protein,-,1565768,0,,FALSE,FALSE,FALSE,
background,MIDG2331_RS07220,,DUF2857 domain-containing protein,-,1566469,0,,FALSE,FALSE,FALSE,
background,MIDG2331_RS07225,,ParB family protein,-,1568157,0,,FALSE,FALSE,FALSE,
background,MIDG2331_RS07230,dnaB,replicative DNA helicase,-,1569505,0,,FALSE,FALSE,FALSE,
background,MIDG2331_RS07235,,ParA family protein,-,1570343,0,,FALSE,FALSE,FALSE,
background,MIDG2331_RS07265,mfd,transcription-repair coupling factor,-,1574539,0,,FALSE,FALSE,FALSE,
background,MIDG2331_RS07275,plsY,glycerol-3-phosphate 1-O-acyltransferase PlsY,-,1577978,0,,FALSE,FALSE,FALSE,
background,MIDG2331_RS07280,folB,dihydroneopterin aldolase,+,1578050,0,,FALSE,FALSE,FALSE,
background,MIDG2331_RS07285,cdd,cytidine deaminase,+,1578512,0,,FALSE,FALSE,FALSE,
background,MIDG2331_RS07290,ftsX,permease-like cell division protein FtsX,-,1580390,0,,FALSE,FALSE,FALSE,
background,MIDG2331_RS07295,ftsE,cell division ATP-binding protein FtsE,-,1581053,0,,FALSE,FALSE,FALSE,
background,MIDG2331_RS07300,ftsY,signal recognition particle-docking protein FtsY,-,1582877,0,,FALSE,FALSE,FALSE,
background,MIDG2331_RS07305,rsmD,16S rRNA (guanine(966)-N(2))-methyltransferase RsmD,+,1582955,0,,FALSE,FALSE,FALSE,
background,MIDG2331_RS07310,,HI1450 family dsDNA-mimic protein,+,1583613,0,,FALSE,FALSE,FALSE,
background,MIDG2331_RS07315,hpaC,"4-hydroxyphenylacetate 3-monooxygenase, reductase component",+,1583940,0,,FALSE,FALSE,FALSE,
background,MIDG2331_RS07325,artM,arginine ABC transporter permease ArtM,-,1586250,0,,FALSE,FALSE,FALSE,
background,MIDG2331_RS07330,artQ,arginine ABC transporter permease ArtQ,-,1586921,0,,FALSE,FALSE,FALSE,
background,MIDG2331_RS07340,artP,arginine ABC transporter ATP-binding protein ArtP,-,1588400,0,,FALSE,FALSE,FALSE,
background,MIDG2331_RS07345,,YbhB/YbcL family Raf kinase inhibitor-like protein,-,1589122,0,,FALSE,FALSE,FALSE,
background,MIDG2331_RS07350,,calcium/sodium antiporter,+,1589195,0,,FALSE,FALSE,FALSE,
background,MIDG2331_RS07355,,helix-turn-helix domain-containing protein,-,1590528,0,,FALSE,FALSE,FALSE,
background,MIDG2331_RS07360,,type II toxin-antitoxin system RelE/ParE family toxin,-,1590880,0,,FALSE,FALSE,FALSE,
background,MIDG2331_RS07365,,protein-disulfide reductase DsbD,+,1591074,0,,FALSE,FALSE,FALSE,
background,MIDG2331_RS07370,,elongation factor P hydroxylase,+,1592883,0,,FALSE,FALSE,FALSE,
background,MIDG2331_RS07375,rsmI,16S rRNA (cytidine(1402)-2'-O)-methyltransferase,-,1594350,0,,FALSE,FALSE,FALSE,
background,MIDG2331_RS07380,,penicillin-binding protein activator,+,1594423,0,,FALSE,FALSE,FALSE,
background,MIDG2331_RS07385,,YraN family protein,+,1596146,0,,FALSE,FALSE,FALSE,
background,MIDG2331_RS07390,,D-sedoheptulose-7-phosphate isomerase,+,1596526,0,,FALSE,FALSE,FALSE,
background,MIDG2331_RS07395,dolP,division/outer membrane stress-associated lipid-binding lipoprotein,+,1597126,0,,FALSE,FALSE,FALSE,
background,MIDG2331_RS07420,,heme lyase CcmF/NrfE family subunit,-,1602112,0,,FALSE,FALSE,FALSE,
background,MIDG2331_RS07425,ccmE,cytochrome c maturation protein CcmE,-,1602657,0,,FALSE,FALSE,FALSE,
background,MIDG2331_RS07430,ccmD,heme exporter protein CcmD,-,1603038,0,,FALSE,FALSE,FALSE,
background,MIDG2331_RS07435,,heme ABC transporter permease,-,1603782,1,1,FALSE,TRUE,TRUE,34
background,MIDG2331_RS07440,ccmB,heme exporter protein CcmB,-,1604495,0,,FALSE,FALSE,FALSE,
background,MIDG2331_RS07445,ccmA,cytochrome c biogenesis heme-transporting ATPase CcmA,-,1605127,0,,FALSE,FALSE,FALSE,
background,MIDG2331_RS07450,hda,DnaA regulatory inactivator Hda,-,1605978,0,,FALSE,FALSE,FALSE,
background,MIDG2331_RS07480,,DUF5718 family protein,+,1611972,0,,FALSE,FALSE,FALSE,
background,MIDG2331_RS07485,,oxaloacetate decarboxylase subunit gamma,+,1612987,0,,FALSE,FALSE,FALSE,
background,MIDG2331_RS07490,oadA,sodium-extruding oxaloacetate decarboxylase subunit alpha,+,1613260,0,,FALSE,FALSE,FALSE,
background,MIDG2331_RS07495,,sodium ion-translocating decarboxylase subunit beta,+,1615079,0,,FALSE,FALSE,FALSE,
background,MIDG2331_RS07500,,zinc ribbon domain-containing protein YjdM,+,1616516,0,,FALSE,FALSE,FALSE,
background,MIDG2331_RS07505,,cytochrome c peroxidase,+,1617011,0,,FALSE,FALSE,FALSE,
background,MIDG2331_RS07510,yggU,DUF167 family protein YggU,-,1618770,0,,FALSE,FALSE,FALSE,
background,MIDG2331_RS07515,,YggT family protein,-,1619305,0,,FALSE,FALSE,FALSE,
background,MIDG2331_RS07520,,YggL family protein,-,1619768,0,,FALSE,FALSE,FALSE,
background,MIDG2331_RS07525,trmB,tRNA (guanosine(46)-N7)-methyltransferase TrmB,-,1620576,0,,FALSE,FALSE,FALSE,
background,MIDG2331_RS07530,,beta-ketoacyl-ACP synthase III,-,1621574,0,,FALSE,FALSE,FALSE,
background,MIDG2331_RS07535,plsX,phosphate acyltransferase PlsX,-,1622620,0,,FALSE,FALSE,FALSE,
background,MIDG2331_RS07540,rpmF,50S ribosomal protein L32,-,1622815,0,,FALSE,FALSE,FALSE,
background,MIDG2331_RS07545,yceD,23S rRNA accumulation protein YceD,-,1623357,0,,FALSE,FALSE,FALSE,
background,MIDG2331_RS07550,,cytochrome C assembly family protein,+,1623577,0,,FALSE,FALSE,FALSE,
background,MIDG2331_RS07555,,HlyC/CorC family transporter,+,1624464,0,,FALSE,FALSE,FALSE,
background,MIDG2331_RS07560,,sodium-dependent transporter,+,1626105,0,,FALSE,FALSE,FALSE,
background,MIDG2331_RS07565,manX,PTS mannose transporter subunit IIAB,+,1628007,0,,FALSE,FALSE,FALSE,
background,MIDG2331_RS07570,,PTS mannose/fructose/sorbose transporter subunit IIC,+,1628991,0,,FALSE,FALSE,FALSE,
background,MIDG2331_RS07575,,PTS mannose transporter subunit IID,+,1629805,0,,FALSE,FALSE,FALSE,
background,MIDG2331_RS07580,,DUF986 family protein,+,1630740,0,,FALSE,FALSE,FALSE,
background,MIDG2331_RS07585,manA,"mannose-6-phosphate isomerase, class I",+,1631195,0,,FALSE,FALSE,FALSE,
background,MIDG2331_RS07590,,hypothetical protein,+,1632462,0,,FALSE,FALSE,FALSE,
background,MIDG2331_RS07595,apxID,RTX toxin T1SS ABC transporter adaptor subunit ApxID,-,1634495,0,,FALSE,FALSE,FALSE,
background,MIDG2331_RS07600,apxIB,RTX toxin T1SS ABC transporter permease/ATPase subunit ApxIB,-,1636627,0,,FALSE,FALSE,FALSE,
background,MIDG2331_RS07605,,hypothetical protein,-,1637010,0,,FALSE,FALSE,FALSE,
background,MIDG2331_RS07610,,ABC transporter substrate-binding protein,+,1637482,0,,FALSE,FALSE,FALSE,
background,MIDG2331_RS07615,,ABC transporter permease,+,1638628,0,,FALSE,FALSE,FALSE,
background,MIDG2331_RS07620,fbpC,ferric ABC transporter ATP-binding protein,+,1640738,0,,FALSE,FALSE,FALSE,
background,MIDG2331_RS07625,mpl,UDP-N-acetylmuramate:L-alanyl-gamma-D-glutamyl- meso-diaminopimelate ligase,-,1643239,0,,FALSE,FALSE,FALSE,
background,MIDG2331_RS07630,fbp,class 1 fructose-bisphosphatase,+,1643362,0,,FALSE,FALSE,FALSE,
background,MIDG2331_RS07635,,"IS256 family transposase, variant Zn-binding type",-,1645085,0,,FALSE,FALSE,FALSE,
background,MIDG2331_RS07640,tuf,elongation factor Tu,-,1646772,0,,FALSE,FALSE,FALSE,
background,MIDG2331_RS07645,fusA,elongation factor G,-,1648939,0,,FALSE,FALSE,FALSE,
background,MIDG2331_RS07650,rpsG,30S ribosomal protein S7,-,1649509,0,,FALSE,FALSE,FALSE,
background,MIDG2331_RS07655,rpsL,30S ribosomal protein S12,-,1650020,0,,FALSE,FALSE,FALSE,
background,MIDG2331_RS07660,rfaC,lipopolysaccharide heptosyltransferase RfaC,-,1651101,0,,FALSE,FALSE,FALSE,
background,MIDG2331_RS07665,waaF,lipopolysaccharide heptosyltransferase II,-,1652213,0,,FALSE,FALSE,FALSE,
background,MIDG2331_RS07670,,MliC family protein,-,1652699,0,,FALSE,FALSE,FALSE,
background,MIDG2331_RS07675,,LysM-like peptidoglycan-binding domain-containing protein,-,1654212,0,,FALSE,FALSE,FALSE,
background,MIDG2331_RS07680,,ComEA family DNA-binding protein,+,1654513,0,,FALSE,FALSE,FALSE,
background,MIDG2331_RS07685,asd,archaetidylserine decarboxylase,+,1655008,0,,FALSE,FALSE,FALSE,
background,MIDG2331_RS07690,hsdR,EcoAI/FtnUII family type I restriction enzme subunit R,+,1656015,0,,FALSE,FALSE,FALSE,
background,MIDG2331_RS07695,,class I SAM-dependent DNA methyltransferase,+,1658462,0,,FALSE,FALSE,FALSE,
background,MIDG2331_RS07700,,virulence RhuM family protein,+,1659940,0,,FALSE,FALSE,FALSE,
background,MIDG2331_RS07705,,restriction endonuclease subunit S,+,1660932,0,,FALSE,FALSE,FALSE,
background,MIDG2331_RS07710,,tyrosine-type recombinase/integrase,+,1662453,0,,FALSE,FALSE,FALSE,
background,MIDG2331_RS07715,,restriction endonuclease subunit S,-,1664579,0,,FALSE,FALSE,FALSE,
background,MIDG2331_RS07720,gshAB,bifunctional glutamate--cysteine ligase GshA/glutathione synthetase GshB,+,1664766,0,,FALSE,FALSE,FALSE,
background,MIDG2331_RS07725,,MerR family transcriptional regulator,-,1667751,0,,FALSE,FALSE,FALSE,
background,MIDG2331_RS07730,,aromatic amino acid transporter,+,1667951,0,,FALSE,FALSE,FALSE,
background,MIDG2331_RS07735,,YfcZ/YiiS family protein,-,1669510,0,,FALSE,FALSE,FALSE,
background,MIDG2331_RS07740,,aldo/keto reductase,+,1669650,0,,FALSE,FALSE,FALSE,
background,MIDG2331_RS07745,,AMP-dependent synthetase/ligase,-,1672390,0,,FALSE,FALSE,FALSE,
background,MIDG2331_RS07750,mqo,malate dehydrogenase (quinone),-,1674046,0,,FALSE,FALSE,FALSE,
background,MIDG2331_RS07755,,hypothetical protein,-,1674567,0,,FALSE,FALSE,FALSE,
background,MIDG2331_RS07760,,glycine zipper 2TM domain-containing protein,+,1674787,0,,FALSE,FALSE,FALSE,
background,MIDG2331_RS07765,,PACE efflux transporter,+,1675170,0,,FALSE,FALSE,FALSE,
background,MIDG2331_RS07770,mglC,galactose/methyl galactoside ABC transporter permease MglC,-,1676676,0,,FALSE,FALSE,FALSE,
background,MIDG2331_RS07775,mglA,galactose/methyl galactoside ABC transporter ATP-binding protein MglA,-,1678192,0,,FALSE,FALSE,FALSE,
background,MIDG2331_RS07780,mglB,galactose/glucose ABC transporter substrate-binding protein MglB,-,1679247,0,,FALSE,FALSE,FALSE,
background,MIDG2331_RS07785,ompA,porin OmpA,-,1680607,0,,FALSE,FALSE,FALSE,
background,MIDG2331_RS07795,,hotdog fold thioesterase,+,1684257,0,,FALSE,FALSE,FALSE,
background,MIDG2331_RS07800,yidC,membrane protein insertase YidC,+,1684835,0,,FALSE,FALSE,FALSE,
background,MIDG2331_RS07805,,cytochrome c3 family protein,-,1687362,0,,FALSE,FALSE,FALSE,
background,MIDG2331_RS07810,,nitrate reductase cytochrome c-type subunit,-,1687796,0,,FALSE,FALSE,FALSE,
background,MIDG2331_RS07815,napH,quinol dehydrogenase ferredoxin subunit NapH,-,1688708,0,,FALSE,FALSE,FALSE,
background,MIDG2331_RS07820,napG,ferredoxin-type protein NapG,-,1689613,0,,FALSE,FALSE,FALSE,
background,MIDG2331_RS07825,napA,nitrate reductase catalytic subunit NapA,-,1692231,0,,FALSE,FALSE,FALSE,
background,MIDG2331_RS07830,,chaperone NapD,-,1692532,0,,FALSE,FALSE,FALSE,
background,MIDG2331_RS07835,napF,ferredoxin-type protein NapF,-,1693065,0,,FALSE,FALSE,FALSE,
background,MIDG2331_RS07840,,NAD(P)H-dependent oxidoreductase,+,1693264,0,,FALSE,FALSE,FALSE,
background,MIDG2331_RS07855,,hypothetical protein,-,1695924,0,,FALSE,FALSE,FALSE,
background,MIDG2331_RS07860,rne,ribonuclease E,-,1699072,0,,FALSE,FALSE,FALSE,
background,MIDG2331_RS07865,,RsiV family protein,+,1699473,0,,FALSE,FALSE,FALSE,
background,MIDG2331_RS07870,,isoprenylcysteine carboxyl methyltransferase family protein,-,1701140,0,,FALSE,FALSE,FALSE,
background,MIDG2331_RS07875,ubiD,4-hydroxy-3-polyprenylbenzoate decarboxylase,-,1702753,0,,FALSE,FALSE,FALSE,
background,MIDG2331_RS07880,znuA,zinc ABC transporter substrate-binding protein ZnuA,+,1702899,0,,FALSE,FALSE,FALSE,
background,MIDG2331_RS07885,,"IS256 family transposase, variant Zn-binding type",-,1704538,0,,FALSE,FALSE,FALSE,
background,MIDG2331_RS07890,,glutathione peroxidase,-,1705712,0,,FALSE,FALSE,FALSE,
background,MIDG2331_RS07895,oxyR,DNA-binding transcriptional regulator OxyR,+,1705837,0,,FALSE,FALSE,FALSE,
background,MIDG2331_RS07900,fabR,HTH-type transcriptional repressor FabR,+,1706723,0,,FALSE,FALSE,FALSE,
background,MIDG2331_RS07905,,protein disulfide oxidoreductase,+,1707355,0,,FALSE,FALSE,FALSE,
background,MIDG2331_RS07910,rnr,ribonuclease R,+,1707938,0,,FALSE,FALSE,FALSE,
background,MIDG2331_RS07915,,hypothetical protein,+,1710405,0,,FALSE,FALSE,FALSE,
background,MIDG2331_RS07920,tyrS,tyrosine--tRNA ligase,+,1711215,0,,FALSE,FALSE,FALSE,
background,MIDG2331_RS07925,rpoD,RNA polymerase sigma factor RpoD,-,1714420,0,,FALSE,FALSE,FALSE,
background,MIDG2331_RS07930,dnaG,DNA primase,-,1716264,0,,FALSE,FALSE,FALSE,
background,MIDG2331_RS07935,rpsU,30S ribosomal protein S21,-,1716656,0,,FALSE,FALSE,FALSE,
background,MIDG2331_RS07940,rfbB,"dTDP-glucose 4,6-dehydratase",-,1717967,0,,FALSE,FALSE,FALSE,
background,MIDG2331_RS07945,,acyltransferase,-,1718958,0,,FALSE,FALSE,FALSE,
background,MIDG2331_RS07950,,acyltransferase family protein,-,1719392,0,,FALSE,FALSE,FALSE,
background,MIDG2331_RS07955,,acyltransferase family protein,-,1720104,0,,FALSE,FALSE,FALSE,
background,MIDG2331_RS07960,,sugar transferase,-,1721418,0,,FALSE,FALSE,FALSE,
background,MIDG2331_RS07965,glf,UDP-galactopyranose mutase,-,1722533,0,,FALSE,FALSE,FALSE,
background,MIDG2331_RS07970,,flippase,-,1724027,0,,FALSE,FALSE,FALSE,
background,MIDG2331_RS07975,,O-antigen polymerase,-,1725355,0,,FALSE,FALSE,FALSE,
background,MIDG2331_RS07980,,sugar transferase,-,1726407,0,,FALSE,FALSE,FALSE,
background,MIDG2331_RS07985,,glycosyltransferase family 2 protein,-,1727476,0,,FALSE,FALSE,FALSE,
background,MIDG2331_RS07990,,glycosyltransferase,-,1728552,0,,FALSE,FALSE,FALSE,
background,MIDG2331_RS07995,,DUF4422 domain-containing protein,-,1729376,0,,FALSE,FALSE,FALSE,
background,MIDG2331_RS08000,,LPS O-antigen chain length determinant protein WzzB,-,1730491,0,,FALSE,FALSE,FALSE,
background,MIDG2331_RS08005,erpA,iron-sulfur cluster insertion protein ErpA,+,1730637,0,,FALSE,FALSE,FALSE,
background,MIDG2331_RS08010,,"1,4-dihydroxy-2-naphthoate polyprenyltransferase",-,1731964,0,,FALSE,FALSE,FALSE,
background,MIDG2331_RS08015,tsaA,tRNA (N6-threonylcarbamoyladenosine(37)-N6)-methyltransferase TrmO,+,1732061,0,,FALSE,FALSE,FALSE,
background,MIDG2331_RS08020,,SIMPL domain-containing protein,+,1732861,0,,FALSE,FALSE,FALSE,
background,MIDG2331_RS08025,aqpZ,aquaporin Z,+,1733723,0,,FALSE,FALSE,FALSE,
background,MIDG2331_RS08030,slyD,peptidylprolyl isomerase,+,1734758,0,,FALSE,FALSE,FALSE,
background,MIDG2331_RS08035,ilvA,"threonine ammonia-lyase, biosynthetic",+,1735477,0,,FALSE,FALSE,FALSE,
background,MIDG2331_RS08040,glmM,phosphoglucosamine mutase,+,1737075,0,,FALSE,FALSE,FALSE,
background,MIDG2331_RS08045,rpiA,ribose-5-phosphate isomerase RpiA,+,1738556,0,,FALSE,FALSE,FALSE,
background,MIDG2331_RS08055,,"IS256 family transposase, variant Zn-binding type",+,1741087,0,,FALSE,FALSE,FALSE,
background,MIDG2331_RS08060,,"IS256 family transposase, variant Zn-binding type",-,1742777,0,,FALSE,FALSE,FALSE,
background,MIDG2331_RS08065,pdxY,pyridoxal kinase PdxY,-,1743780,0,,FALSE,FALSE,FALSE,
background,MIDG2331_RS08075,accA,acetyl-CoA carboxylase carboxyl transferase subunit alpha,-,1745037,0,,FALSE,FALSE,FALSE,
background,MIDG2331_RS08080,,multicopper oxidase domain-containing protein,-,1746566,0,,FALSE,FALSE,FALSE,
background,MIDG2331_RS08085,,1-acylglycerol-3-phosphate O-acyltransferase,-,1747315,0,,FALSE,FALSE,FALSE,
background,MIDG2331_RS08090,tpx,thiol peroxidase,+,1747458,0,,FALSE,FALSE,FALSE,
background,MIDG2331_RS08095,mnmE,tRNA uridine-5-carboxymethylaminomethyl(34) synthesis GTPase MnmE,+,1748081,0,,FALSE,FALSE,FALSE,
background,MIDG2331_RS08100,,PFL family protein,-,1750902,0,,FALSE,FALSE,FALSE,
background,MIDG2331_RS08105,,ACT domain-containing protein,-,1751187,0,,FALSE,FALSE,FALSE,
background,MIDG2331_RS08110,,pirin family protein,-,1752014,0,,FALSE,FALSE,FALSE,
background,MIDG2331_RS08115,,Dps family protein,+,1752330,0,,FALSE,FALSE,FALSE,
background,MIDG2331_RS08120,,helix-turn-helix domain-containing protein,+,1753132,0,,FALSE,FALSE,FALSE,
background,MIDG2331_RS08125,,patatin-like phospholipase family protein,+,1753581,0,,FALSE,FALSE,FALSE,
background,MIDG2331_RS08130,yccS,YccS family putative transporter,-,1757187,0,,FALSE,FALSE,FALSE,
background,MIDG2331_RS08135,mgsA,methylglyoxal synthase,-,1757727,0,,FALSE,FALSE,FALSE,
background,MIDG2331_RS08155,,valine--tRNA ligase,-,1763548,0,,FALSE,FALSE,FALSE,
background,MIDG2331_RS08160,,phospholipase D-like domain-containing protein,-,1764241,0,,FALSE,FALSE,FALSE,
background,MIDG2331_RS08170,,UPF0149 family protein,-,1765848,0,,FALSE,FALSE,FALSE,
background,MIDG2331_RS08175,,GNAT family N-acetyltransferase,-,1766281,0,,FALSE,FALSE,FALSE,
background,MIDG2331_RS08180,,DNA polymerase III subunit chi,-,1766736,0,,FALSE,FALSE,FALSE,
background,MIDG2331_RS08185,lysM,peptidoglycan-binding protein LysM,+,1766988,0,,FALSE,FALSE,FALSE,
background,MIDG2331_RS08190,tig,trigger factor,+,1767633,0,,FALSE,FALSE,FALSE,
background,MIDG2331_RS08195,,rhodanese-like domain-containing protein,+,1769067,0,,FALSE,FALSE,FALSE,
background,MIDG2331_RS08200,secB,protein-export chaperone SecB,+,1769541,0,,FALSE,FALSE,FALSE,
background,MIDG2331_RS08205,gpsA,NAD(P)H-dependent glycerol-3-phosphate dehydrogenase,+,1770226,0,,FALSE,FALSE,FALSE,
background,MIDG2331_RS08215,tuf,elongation factor Tu,-,1773442,0,,FALSE,FALSE,FALSE,
background,MIDG2331_RS08240,coaA,type I pantothenate kinase,+,1774196,0,,FALSE,FALSE,FALSE,
background,MIDG2331_RS08245,,DsbE family thiol:disulfide interchange protein,+,1775281,0,,FALSE,FALSE,FALSE,
background,MIDG2331_RS08250,,cytochrome c-type biogenesis protein,+,1775804,0,,FALSE,FALSE,FALSE,
background,MIDG2331_RS08260,mog,molybdopterin adenylyltransferase,+,1777281,0,,FALSE,FALSE,FALSE,
background,MIDG2331_RS08265,glnB,nitrogen regulatory protein P-II,+,1777976,0,,FALSE,FALSE,FALSE,
background,MIDG2331_RS08270,lspA,signal peptidase II,+,1778393,0,,FALSE,FALSE,FALSE,
background,MIDG2331_RS08275,ispH,4-hydroxy-3-methylbut-2-enyl diphosphate reductase,+,1778876,0,,FALSE,FALSE,FALSE,
background,MIDG2331_RS08280,,FAD assembly factor SdhE,+,1779820,0,,FALSE,FALSE,FALSE,
background,MIDG2331_RS08285,,NAD(P)-dependent oxidoreductase,-,1780736,0,,FALSE,FALSE,FALSE,
background,MIDG2331_RS08290,hutW,heme anaerobic degradation radical SAM methyltransferase ChuW/HutW,-,1782553,0,,FALSE,FALSE,FALSE,
background,MIDG2331_RS08295,,glutathione S-transferase family protein,-,1783327,0,,FALSE,FALSE,FALSE,
background,MIDG2331_RS08300,lysA,diaminopimelate decarboxylase,-,1784643,0,,FALSE,FALSE,FALSE,
background,MIDG2331_RS08305,frdD,fumarate reductase subunit FrdD,-,1785401,0,,FALSE,FALSE,FALSE,
background,MIDG2331_RS08310,frdC,fumarate reductase subunit FrdC,-,1785806,0,,FALSE,FALSE,FALSE,
background,MIDG2331_RS08315,,succinate dehydrogenase/fumarate reductase iron-sulfur subunit,-,1786549,0,,FALSE,FALSE,FALSE,
background,MIDG2331_RS08320,frdA,fumarate reductase (quinol) flavoprotein subunit,-,1788361,0,,FALSE,FALSE,FALSE,
background,MIDG2331_RS08330,dapF,diaminopimelate epimerase,-,1790593,0,,FALSE,FALSE,FALSE,
background,MIDG2331_RS08335,,anaerobic C4-dicarboxylate transporter,+,1790774,0,,FALSE,FALSE,FALSE,
background,MIDG2331_RS08340,,fluoride efflux transporter FluC,-,1792539,0,,FALSE,FALSE,FALSE,
background,MIDG2331_RS08345,,MFS transporter,-,1793606,0,,FALSE,FALSE,FALSE,
background,MIDG2331_RS08350,,anhydro-N-acetylmuramic acid kinase,+,1793701,0,,FALSE,FALSE,FALSE,
background,MIDG2331_RS08355,murQ,N-acetylmuramic acid 6-phosphate etherase,+,1794863,0,,FALSE,FALSE,FALSE,
background,MIDG2331_RS08360,prmA,50S ribosomal protein L11 methyltransferase,-,1796725,0,,FALSE,FALSE,FALSE,
background,MIDG2331_RS08365,,GNAT family N-acetyltransferase,-,1797275,0,,FALSE,FALSE,FALSE,
background,MIDG2331_RS08370,,type II toxin-antitoxin system TacA family antitoxin,-,1797539,0,,FALSE,FALSE,FALSE,
background,MIDG2331_RS08375,tldD,metalloprotease TldD,-,1799120,0,,FALSE,FALSE,FALSE,
background,MIDG2331_RS08380,tilS,tRNA lysidine(34) synthetase TilS,+,1799250,0,,FALSE,FALSE,FALSE,
background,MIDG2331_RS08385,,DUF5389 family protein,-,1800826,0,,FALSE,FALSE,FALSE,
background,MIDG2331_RS08390,xerD,site-specific tyrosine recombinase XerD,-,1801721,0,,FALSE,FALSE,FALSE,
background,MIDG2331_RS08450,wecG,lipopolysaccharide N-acetylmannosaminouronosyltransferase,-,1808814,0,,FALSE,FALSE,FALSE,
background,MIDG2331_RS08455,wzyE,ECA oligosaccharide polymerase,-,1810135,0,,FALSE,FALSE,FALSE,
background,MIDG2331_RS08460,,TDP-N-acetylfucosamine:lipid II N-acetylfucosaminyltransferase,-,1811202,0,,FALSE,FALSE,FALSE,
background,MIDG2331_RS08465,hcp,hydroxylamine reductase,+,1811480,0,,FALSE,FALSE,FALSE,
background,MIDG2331_RS08470,hcr,NADH oxidoreductase,+,1813258,0,,FALSE,FALSE,FALSE,
background,MIDG2331_RS08475,wzxE,lipid III flippase WzxE,-,1815569,0,,FALSE,FALSE,FALSE,
background,MIDG2331_RS08480,rffA,"dTDP-4-amino-4,6-dideoxygalactose transaminase",-,1816702,0,,FALSE,FALSE,FALSE,
background,MIDG2331_RS08485,rffC,"dTDP-4-amino-4,6-dideoxy-D-galactose acyltransferase",-,1817332,0,,FALSE,FALSE,FALSE,
background,MIDG2331_RS08495,wecB,non-hydrolyzing UDP-N-acetylglucosamine 2-epimerase,-,1819818,0,,FALSE,FALSE,FALSE,
background,MIDG2331_RS08500,,transporter,-,1820680,0,,FALSE,FALSE,FALSE,
background,MIDG2331_RS08505,wecA,UDP-N-acetylglucosamine--undecaprenyl-phosphate N-acetylglucosaminephosphotransferase,-,1821788,0,,FALSE,FALSE,FALSE,
background,MIDG2331_RS08510,hemL,"glutamate-1-semialdehyde 2,1-aminomutase",+,1822086,0,,FALSE,FALSE,FALSE,
background,MIDG2331_RS08515,,MFS transporter,-,1824488,0,,FALSE,FALSE,FALSE,
background,MIDG2331_RS08520,murJ,murein biosynthesis integral membrane protein MurJ,-,1826079,0,,FALSE,FALSE,FALSE,
background,MIDG2331_RS08525,rpsT,30S ribosomal protein S20,+,1826471,0,,FALSE,FALSE,FALSE,
background,MIDG2331_RS08530,trkA,Trk system potassium transporter TrkA,-,1828167,0,,FALSE,FALSE,FALSE,
background,MIDG2331_RS08535,rsmB,16S rRNA (cytosine(967)-C(5))-methyltransferase RsmB,-,1829515,0,,FALSE,FALSE,FALSE,
background,MIDG2331_RS08540,selB,selenocysteine-specific translation elongation factor,-,1831364,0,,FALSE,FALSE,FALSE,
background,MIDG2331_RS08545,selA,L-seryl-tRNA(Sec) selenium transferase,-,1832746,0,,FALSE,FALSE,FALSE,
background,MIDG2331_RS08555,mioC,FMN-binding protein MioC,+,1832923,0,,FALSE,FALSE,FALSE,
background,MIDG2331_RS08560,,FGGY-family carbohydrate kinase,-,1835661,0,,FALSE,FALSE,FALSE,
background,MIDG2331_RS08565,,SMP-30/gluconolactonase/LRE family protein,-,1836095,0,,FALSE,FALSE,FALSE,
background,MIDG2331_RS08570,,hypothetical protein,-,1836676,0,,FALSE,FALSE,FALSE,
background,MIDG2331_RS08575,,lactoferrin/transferrin family TonB-dependent receptor,-,1839865,0,,FALSE,FALSE,FALSE,
background,MIDG2331_RS08580,,transferrin-binding protein-like solute binding protein,-,1841522,0,,FALSE,FALSE,FALSE,
background,MIDG2331_RS08590,,MotA/TolQ/ExbB proton channel family protein,-,1842629,0,,FALSE,FALSE,FALSE,
background,MIDG2331_RS08595,,energy transducer TonB,-,1843400,0,,FALSE,FALSE,FALSE,
background,MIDG2331_RS08600,,LysO family transporter,-,1844020,0,,FALSE,FALSE,FALSE,
background,MIDG2331_RS08605,yiaK,3-dehydro-L-gulonate 2-dehydrogenase,-,1845090,0,,FALSE,FALSE,FALSE,
background,MIDG2331_RS08615,,RBBP9/YdeN family alpha/beta hydrolase,+,1845319,0,,FALSE,FALSE,FALSE,
background,MIDG2331_RS08620,,diaminopimelate decarboxylase family protein,-,1846544,0,,FALSE,FALSE,FALSE,
background,MIDG2331_RS08625,,hypothetical protein,-,1848254,0,,FALSE,FALSE,FALSE,
background,MIDG2331_RS08630,,prolyl oligopeptidase family serine peptidase,-,1850035,0,,FALSE,FALSE,FALSE,
background,MIDG2331_RS08635,,hypothetical protein,-,1851463,0,,FALSE,FALSE,FALSE,
background,MIDG2331_RS08640,,glycosyltransferase family 2 protein,-,1852522,0,,FALSE,FALSE,FALSE,
background,MIDG2331_RS08645,,CDP-glycerol glycerophosphotransferase family protein,-,1855492,0,,FALSE,FALSE,FALSE,
background,MIDG2331_RS08650,,LicD family protein,-,1856654,0,,FALSE,FALSE,FALSE,
background,MIDG2331_RS08655,tagD,glycerol-3-phosphate cytidylyltransferase,-,1857090,0,,FALSE,FALSE,FALSE,
background,MIDG2331_RS08660,,CDP-glycerol glycerophosphotransferase family protein,-,1858285,0,,FALSE,FALSE,FALSE,
background,MIDG2331_RS08665,,polysaccharide biosynthesis/export family protein,+,1858464,0,,FALSE,FALSE,FALSE,
background,MIDG2331_RS08670,,capsule biosynthesis protein,+,1859677,0,,FALSE,FALSE,FALSE,
background,MIDG2331_RS08675,,ABC transporter permease,+,1860834,0,,FALSE,FALSE,FALSE,
background,MIDG2331_RS08680,,ABC transporter ATP-binding protein,+,1861628,0,,FALSE,FALSE,FALSE,
background,MIDG2331_RS08690,fmt,methionyl-tRNA formyltransferase,-,1864975,0,,FALSE,FALSE,FALSE,
background,MIDG2331_RS08695,,TAXI family TRAP transporter solute-binding subunit,-,1866088,0,,FALSE,FALSE,FALSE,
background,MIDG2331_RS08700,,YigZ family protein,+,1866241,0,,FALSE,FALSE,FALSE,
background,MIDG2331_RS08705,,TrkH family potassium uptake protein,+,1866948,0,,FALSE,FALSE,FALSE,
background,MIDG2331_RS08710,hemG,menaquinone-dependent protoporphyrinogen IX dehydrogenase,+,1868441,0,,FALSE,FALSE,FALSE,
background,MIDG2331_RS08715,mscL,large-conductance mechanosensitive channel protein MscL,+,1869072,0,,FALSE,FALSE,FALSE,
background,MIDG2331_RS08725,lipB,lipoyl(octanoyl) transferase LipB,-,1871351,0,,FALSE,FALSE,FALSE,
background,MIDG2331_RS08730,ybeD,DUF493 family protein YbeD,-,1871682,0,,FALSE,FALSE,FALSE,
background,MIDG2331_RS08735,,serine hydrolase,-,1872994,0,,FALSE,FALSE,FALSE,
background,MIDG2331_RS08740,,septal ring lytic transglycosylase RlpA family protein,-,1873653,0,,FALSE,FALSE,FALSE,
background,MIDG2331_RS08745,rodA,rod shape-determining protein RodA,-,1874952,0,,FALSE,FALSE,FALSE,
background,MIDG2331_RS08755,rlmH,23S rRNA (pseudouridine(1915)-N(3))-methyltransferase RlmH,-,1877455,0,,FALSE,FALSE,FALSE,
background,MIDG2331_RS08760,rsfS,ribosome silencing factor,-,1877792,0,,FALSE,FALSE,FALSE,
background,MIDG2331_RS08765,mutS,DNA mismatch repair protein MutS,-,1880608,0,,FALSE,FALSE,FALSE,
background,MIDG2331_RS08770,,amino acid ABC transporter ATP-binding protein,-,1881523,0,,FALSE,FALSE,FALSE,
background,MIDG2331_RS08775,,amino acid ABC transporter permease,-,1882261,0,,FALSE,FALSE,FALSE,
background,MIDG2331_RS08780,,L-cysteine desulfidase family protein,-,1883707,0,,FALSE,FALSE,FALSE,
background,MIDG2331_RS08785,,hemerythrin domain-containing protein,+,1883979,0,,FALSE,FALSE,FALSE,
background,MIDG2331_RS08790,,DMT family transporter,-,1884881,0,,FALSE,FALSE,FALSE,
background,MIDG2331_RS08795,,YfcZ/YiiS family protein,-,1885259,0,,FALSE,FALSE,FALSE,
background,MIDG2331_RS08800,,tellurite resistance TerB family protein,-,1886045,0,,FALSE,FALSE,FALSE,
background,MIDG2331_RS08805,,putative quinol monooxygenase,-,1886511,0,,FALSE,FALSE,FALSE,
background,MIDG2331_RS08810,,urease accessory protein UreD,-,1887339,0,,FALSE,FALSE,FALSE,
background,MIDG2331_RS08815,ureG,urease accessory protein UreG,-,1888143,0,,FALSE,FALSE,FALSE,
background,MIDG2331_RS08820,,urease accessory protein UreF,-,1888847,0,,FALSE,FALSE,FALSE,
background,MIDG2331_RS08825,ureE,urease accessory protein UreE,-,1889422,0,,FALSE,FALSE,FALSE,
background,MIDG2331_RS08830,,glutathione S-transferase,-,1890112,0,,FALSE,FALSE,FALSE,
background,MIDG2331_RS08835,ureC,urease subunit alpha,-,1891954,0,,FALSE,FALSE,FALSE,
background,MIDG2331_RS08840,ureB,urease subunit beta,-,1892270,0,,FALSE,FALSE,FALSE,
background,MIDG2331_RS08850,,urea transporter,-,1893739,0,,FALSE,FALSE,FALSE,
background,MIDG2331_RS08860,,energy-coupling factor transporter transmembrane component T family protein,-,1895045,0,,FALSE,FALSE,FALSE,
background,MIDG2331_RS08865,cbiM,cobalt transporter CbiM,-,1895660,0,,FALSE,FALSE,FALSE,
background,MIDG2331_RS08870,,hypothetical protein,-,1896074,0,,FALSE,FALSE,FALSE,
background,MIDG2331_RS08875,,DUF4198 domain-containing protein,-,1896829,0,,FALSE,FALSE,FALSE,
background,MIDG2331_RS08880,,LysR family transcriptional regulator,+,1897031,0,,FALSE,FALSE,FALSE,
background,MIDG2331_RS08885,,nuclear transport factor 2 family protein,-,1898470,0,,FALSE,FALSE,FALSE,
background,MIDG2331_RS08890,,SLC13 family permease,-,1900563,0,,FALSE,FALSE,FALSE,
background,MIDG2331_RS08895,,MltR family transcriptional regulator,-,1901148,0,,FALSE,FALSE,FALSE,
background,MIDG2331_RS08900,,mannitol-1-phosphate 5-dehydrogenase,-,1902287,0,,FALSE,FALSE,FALSE,
background,MIDG2331_RS08905,,PTS mannitol transporter subunit IICBA,-,1904263,0,,FALSE,FALSE,FALSE,
background,MIDG2331_RS08915,,DeoR/GlpR family DNA-binding transcription regulator,-,1907282,0,,FALSE,FALSE,FALSE,
background,MIDG2331_RS08920,,glycine zipper 2TM domain-containing protein,-,1907620,0,,FALSE,FALSE,FALSE,
background,MIDG2331_RS08925,,"alpha-1,6-glucosyltransferase",-,1908711,0,,FALSE,FALSE,FALSE,
background,MIDG2331_RS08930,,UDP-glucose:protein N-beta-glucosyltransferase,-,1910622,0,,FALSE,FALSE,FALSE,
background,MIDG2331_RS08935,rimO,30S ribosomal protein S12 methylthiotransferase RimO,-,1911969,0,,FALSE,FALSE,FALSE,
background,MIDG2331_RS08940,mtnN,5'-methylthioadenosine/S-adenosylhomocysteine nucleosidase,-,1912840,0,,FALSE,FALSE,FALSE,
background,MIDG2331_RS08945,,thiol:disulfide interchange protein DsbA/DsbL,-,1913547,0,,FALSE,FALSE,FALSE,
background,MIDG2331_RS08950,,SlyX family protein,-,1913835,0,,FALSE,FALSE,FALSE,
background,MIDG2331_RS08955,fkpA,FKBP-type peptidyl-prolyl cis-trans isomerase,+,1913926,0,,FALSE,FALSE,FALSE,
background,MIDG2331_RS08960,,helix-turn-helix transcriptional regulator,+,1914769,0,,FALSE,FALSE,FALSE,
background,MIDG2331_RS08965,tusD,sulfurtransferase complex subunit TusD,+,1915428,0,,FALSE,FALSE,FALSE,
background,MIDG2331_RS08970,tusC,sulfurtransferase complex subunit TusC,+,1915805,0,,FALSE,FALSE,FALSE,
background,MIDG2331_RS08975,tusB,sulfurtransferase complex subunit TusB,+,1916192,0,,FALSE,FALSE,FALSE,
background,MIDG2331_RS09000,,F0F1 ATP synthase subunit epsilon,-,1922761,0,,FALSE,FALSE,FALSE,
background,MIDG2331_RS09005,atpD,F0F1 ATP synthase subunit beta,-,1924174,0,,FALSE,FALSE,FALSE,
background,MIDG2331_RS09010,atpG,F0F1 ATP synthase subunit gamma,-,1925054,0,,FALSE,FALSE,FALSE,
background,MIDG2331_RS09015,atpA,F0F1 ATP synthase subunit alpha,-,1926618,0,,FALSE,FALSE,FALSE,
background,MIDG2331_RS09020,atpH,F0F1 ATP synthase subunit delta,-,1927164,0,,FALSE,FALSE,FALSE,
background,MIDG2331_RS09025,atpF,F0F1 ATP synthase subunit B,-,1927648,0,,FALSE,FALSE,FALSE,
background,MIDG2331_RS09030,atpE,F0F1 ATP synthase subunit C,-,1927962,0,,FALSE,FALSE,FALSE,
background,MIDG2331_RS09035,atpB,F0F1 ATP synthase subunit A,-,1928869,0,,FALSE,FALSE,FALSE,
background,MIDG2331_RS09040,,ATP synthase subunit I,-,1929277,0,,FALSE,FALSE,FALSE,
background,MIDG2331_RS09045,rsmG,16S rRNA (guanine(527)-N(7))-methyltransferase RsmG,-,1930255,0,,FALSE,FALSE,FALSE,
background,MIDG2331_RS09050,mnmG,tRNA uridine-5-carboxymethylaminomethyl(34) synthesis enzyme MnmG,-,1932247,0,,FALSE,FALSE,FALSE,
background,MIDG2331_RS09055,,Cof-type HAD-IIB family hydrolase,+,1932697,0,,FALSE,FALSE,FALSE,
background,MIDG2331_RS09060,,amino acid ABC transporter substrate-binding protein,-,1934341,0,,FALSE,FALSE,FALSE,
background,MIDG2331_RS09065,,YchJ family protein,-,1935029,1,1,FALSE,TRUE,TRUE,-148
background,MIDG2331_RS09070,,hypothetical protein,-,1935409,0,,FALSE,FALSE,FALSE,
background,MIDG2331_RS09075,manZ,PTS mannose transporter subunit IID,-,1936324,0,,FALSE,FALSE,FALSE,
background,MIDG2331_RS09080,,PTS mannose/fructose/sorbose transporter subunit IIC,-,1937129,0,,FALSE,FALSE,FALSE,
background,MIDG2331_RS09085,,mannose/fructose/sorbose PTS transporter subunit IIA,-,1938112,0,,FALSE,FALSE,FALSE,
background,MIDG2331_RS09090,,GntP family permease,-,1939651,0,,FALSE,FALSE,FALSE,
background,MIDG2331_RS09095,,gluconokinase,+,1939829,0,,FALSE,FALSE,FALSE,
background,MIDG2331_RS09105,,substrate-binding domain-containing protein,+,1941537,0,,FALSE,FALSE,FALSE,
background,MIDG2331_RS09110,rbsD,D-ribose pyranase,+,1942647,0,,FALSE,FALSE,FALSE,
background,MIDG2331_RS09115,rbsA,ribose ABC transporter ATP-binding protein RbsA,+,1943079,0,,FALSE,FALSE,FALSE,
background,MIDG2331_RS09120,rbsC,ribose ABC transporter permease,+,1944613,0,,FALSE,FALSE,FALSE,
background,MIDG2331_RS09125,rbsB,ribose ABC transporter substrate-binding protein RbsB,+,1945596,0,,FALSE,FALSE,FALSE,
background,MIDG2331_RS09130,rbsK,ribokinase,+,1946541,0,,FALSE,FALSE,FALSE,
background,MIDG2331_RS09135,,DMSO/selenate family reductase complex A subunit,+,1947687,0,,FALSE,FALSE,FALSE,
background,MIDG2331_RS09140,,DMSO/selenate family reductase complex B subunit,+,1950114,0,,FALSE,FALSE,FALSE,
background,MIDG2331_RS09145,,DmsC/YnfH family molybdoenzyme membrane anchor subunit,+,1950733,0,,FALSE,FALSE,FALSE,
background,MIDG2331_RS09155,napF,ferredoxin-type protein NapF,+,1952231,0,,FALSE,FALSE,FALSE,
background,MIDG2331_RS09160,,class I SAM-dependent methyltransferase,-,1953375,0,,FALSE,FALSE,FALSE,
background,MIDG2331_RS09175,,DUF6037 family protein,-,1955470,0,,FALSE,FALSE,FALSE,
background,MIDG2331_RS09180,purL,phosphoribosylformylglycinamidine synthase,-,1959423,0,,FALSE,FALSE,FALSE,
background,MIDG2331_RS09185,,DeoR/GlpR family DNA-binding transcription regulator,+,1959650,0,,FALSE,FALSE,FALSE,
background,MIDG2331_RS09190,fucI,L-fucose isomerase,+,1960618,0,,FALSE,FALSE,FALSE,
background,MIDG2331_RS09195,fucK,L-fuculokinase,+,1962461,0,,FALSE,FALSE,FALSE,
background,MIDG2331_RS09200,fucU,L-fucose mutarotase,+,1964029,0,,FALSE,FALSE,FALSE,
background,MIDG2331_RS09205,,L-fuculose-phosphate aldolase,+,1964514,0,,FALSE,FALSE,FALSE,
background,MIDG2331_RS09210,fucP,L-fucose:H+ symporter permease,+,1965219,0,,FALSE,FALSE,FALSE,
background,MIDG2331_RS09215,fucO,lactaldehyde reductase,+,1966628,0,,FALSE,FALSE,FALSE,
background,MIDG2331_RS09220,,YagU family protein,+,1967981,0,,FALSE,FALSE,FALSE,
background,MIDG2331_RS09225,,amino acid ABC transporter permease,+,1968824,0,,FALSE,FALSE,FALSE,
background,MIDG2331_RS09230,,amino acid ABC transporter permease,+,1969473,0,,FALSE,FALSE,FALSE,
background,MIDG2331_RS09245,,capsular polysaccharide biosynthesis protein,+,1971903,0,,FALSE,FALSE,FALSE,
background,MIDG2331_RS09250,,capsule biosynthesis protein,+,1973995,0,,FALSE,FALSE,FALSE,
background,MIDG2331_RS09255,,hypothetical protein,-,1976246,0,,FALSE,FALSE,FALSE,
background,MIDG2331_RS09260,,3-keto-L-gulonate-6-phosphate decarboxylase UlaD,-,1977087,0,,FALSE,FALSE,FALSE,
background,MIDG2331_RS09265,,PTS sugar transporter subunit IIA,-,1977625,0,,FALSE,FALSE,FALSE,
background,MIDG2331_RS09270,,PTS ascorbate-specific subunit IIBC,-,1979507,0,,FALSE,FALSE,FALSE,
background,MIDG2331_RS09275,ulaG,L-ascorbate 6-phosphate lactonase,+,1979981,0,,FALSE,FALSE,FALSE,
background,MIDG2331_RS09280,ulaR,HTH-type transcriptional regulator UlaR,+,1981174,0,,FALSE,FALSE,FALSE,
background,MIDG2331_RS09285,,L-ribulose-5-phosphate 3-epimerase,+,1982006,0,,FALSE,FALSE,FALSE,
background,MIDG2331_RS09290,araD,L-ribulose-5-phosphate 4-epimerase,+,1982860,0,,FALSE,FALSE,FALSE,
background,MIDG2331_RS09300,,hypothetical protein,+,1984681,0,,FALSE,FALSE,FALSE,
background,MIDG2331_RS09305,,hypothetical protein,-,1985722,0,,FALSE,FALSE,FALSE,
background,MIDG2331_RS09310,,factor H binding protein domain-containing protein,+,1985756,0,,FALSE,FALSE,FALSE,
background,MIDG2331_RS09320,,surface lipoprotein assembly modifier,+,1986616,0,,FALSE,FALSE,FALSE,
background,MIDG2331_RS09325,rfaD,ADP-glyceromanno-heptose 6-epimerase,-,1988729,0,,FALSE,FALSE,FALSE,
background,MIDG2331_RS09330,def,peptide deformylase,-,1989381,0,,FALSE,FALSE,FALSE,
background,MIDG2331_RS09335,dprA,DNA-processing protein DprA,+,1989567,0,,FALSE,FALSE,FALSE,
background,MIDG2331_RS09340,,OPT family oligopeptide transporter,-,1992771,0,,FALSE,FALSE,FALSE,
background,MIDG2331_RS09345,,PTS ascorbate transporter subunit IIC,-,1994348,0,,FALSE,FALSE,FALSE,
background,MIDG2331_RS09350,,PTS sugar transporter subunit IIB,-,1994629,0,,FALSE,FALSE,FALSE,
background,MIDG2331_RS09360,nusG,transcription termination/antitermination protein NusG,+,1995347,0,,FALSE,FALSE,FALSE,
background,MIDG2331_RS09365,rplK,50S ribosomal protein L11,+,1996198,0,,FALSE,FALSE,FALSE,
background,MIDG2331_RS09370,rplA,50S ribosomal protein L1,+,1996631,0,,FALSE,FALSE,FALSE,
background,MIDG2331_RS09375,rplJ,50S ribosomal protein L10,+,1997609,0,,FALSE,FALSE,FALSE,
background,MIDG2331_RS09380,rplL,50S ribosomal protein L7/L12,+,1998161,0,,FALSE,FALSE,FALSE,
background,MIDG2331_RS09385,,helix-turn-helix domain-containing protein,+,1998693,0,,FALSE,FALSE,FALSE,
background,MIDG2331_RS09390,,type II toxin-antitoxin system HipA family toxin,+,1998970,0,,FALSE,FALSE,FALSE,
background,MIDG2331_RS09395,,hypothetical protein,+,2000385,0,,FALSE,FALSE,FALSE,
background,MIDG2331_RS09400,,hypothetical protein,+,2000662,0,,FALSE,FALSE,FALSE,
background,MIDG2331_RS09405,,hypothetical protein,+,2001228,0,,FALSE,FALSE,FALSE,
background,MIDG2331_RS09410,,"IS256 family transposase, variant Zn-binding type",+,2001806,0,,FALSE,FALSE,FALSE,
background,MIDG2331_RS09415,,hypothetical protein,+,2002835,0,,FALSE,FALSE,FALSE,
background,MIDG2331_RS09420,rpoB,DNA-directed RNA polymerase subunit beta,+,2003804,0,,FALSE,FALSE,FALSE,
background,MIDG2331_RS09425,rpoC,DNA-directed RNA polymerase subunit beta',+,2007958,0,,FALSE,FALSE,FALSE,
background,MIDG2331_RS09430,,hypothetical protein,+,2012302,0,,FALSE,FALSE,FALSE,
background,MIDG2331_RS09435,vapB,type II toxin-antitoxin system VapB family antitoxin,+,2014453,0,,FALSE,FALSE,FALSE,
background,MIDG2331_RS09440,vapC,type II toxin-antitoxin system tRNA(fMet)-specific endonuclease VapC,+,2014683,0,,FALSE,FALSE,FALSE,
background,MIDG2331_RS09445,,DUF417 family protein,-,2015632,0,,FALSE,FALSE,FALSE,
background,MIDG2331_RS09450,,DUF2202 domain-containing protein,+,2015879,0,,FALSE,FALSE,FALSE,
background,MIDG2331_RS09455,,hypothetical protein,-,2017263,0,,FALSE,FALSE,FALSE,
background,MIDG2331_RS09460,,hypothetical protein,-,2018334,0,,FALSE,FALSE,FALSE,
background,MIDG2331_RS09465,hslU,HslU--HslV peptidase ATPase subunit,-,2019728,0,,FALSE,FALSE,FALSE,
background,MIDG2331_RS09470,hslV,ATP-dependent protease subunit HslV,-,2020515,0,,FALSE,FALSE,FALSE,
background,MIDG2331_RS09480,gloA2,SMU1112c/YaeR family gloxylase I-like metalloprotein,-,2022004,0,,FALSE,FALSE,FALSE,
background,MIDG2331_RS09485,mutY,A/G-specific adenine glycosylase,+,2022102,0,,FALSE,FALSE,FALSE,
background,MIDG2331_RS09490,,oxidative damage protection protein,+,2023251,0,,FALSE,FALSE,FALSE,
background,MIDG2331_RS09495,mltC,membrane-bound lytic murein transglycosylase MltC,+,2023544,0,,FALSE,FALSE,FALSE,
background,MIDG2331_RS09530,,DnaB-like helicase N-terminal domain-containing protein,+,2026166,0,,FALSE,FALSE,FALSE,
background,MIDG2331_RS09535,,conjugal transfer nickase/helicase domain-containing protein,+,2026470,0,,FALSE,FALSE,FALSE,
background,MIDG2331_RS09540,,tyrosine-type recombinase/integrase,+,2026852,0,,FALSE,FALSE,FALSE,
background,MIDG2331_RS09560,,"IS256 family transposase, variant Zn-binding type",-,2031229,0,,FALSE,FALSE,FALSE,
background,MIDG2331_RS09565,,peptidase domain-containing ABC transporter,-,2033503,0,,FALSE,FALSE,FALSE,
background,MIDG2331_RS09570,,HlyD family secretion protein,-,2034449,0,,FALSE,FALSE,FALSE,
background,MIDG2331_RS09585,ffh,signal recognition particle protein,+,2035981,0,,FALSE,FALSE,FALSE,
background,MIDG2331_RS09590,,bifunctional metallophosphatase/5'-nucleotidase,-,2039191,0,,FALSE,FALSE,FALSE,
background,MIDG2331_RS09595,,FAD-dependent oxidoreductase,-,2040549,0,,FALSE,FALSE,FALSE,
background,MIDG2331_RS09600,,YifB family Mg chelatase-like AAA ATPase,+,2040755,0,,FALSE,FALSE,FALSE,
background,MIDG2331_RS09605,,HupA family protein,+,2042404,0,,FALSE,FALSE,FALSE,
background,MIDG2331_RS09610,menH,"2-succinyl-6-hydroxy-2, 4-cyclohexadiene-1-carboxylate synthase",-,2044313,0,,FALSE,FALSE,FALSE,
background,MIDG2331_RS09615,menD,2-succinyl-5-enolpyruvyl-6-hydroxy-3- cyclohexene-1-carboxylic-acid synthase,-,2046019,0,,FALSE,FALSE,FALSE,
background,MIDG2331_RS09620,,SGNH/GDSL hydrolase family protein,+,2046272,0,,FALSE,FALSE,FALSE,
background,MIDG2331_RS09625,,N-acetylmannosamine-6-phosphate 2-epimerase,+,2046903,0,,FALSE,FALSE,FALSE,
background,MIDG2331_RS09630,,N-acetylmannosamine kinase,+,2047602,0,,FALSE,FALSE,FALSE,
background,MIDG2331_RS09640,nagB,glucosamine-6-phosphate deaminase,+,2049423,0,,FALSE,FALSE,FALSE,
background,MIDG2331_RS09645,nagA,N-acetylglucosamine-6-phosphate deacetylase,+,2050278,0,,FALSE,FALSE,FALSE,
background,MIDG2331_RS09650,fumC,class II fumarate hydratase,-,2052967,0,,FALSE,FALSE,FALSE,
background,MIDG2331_RS09655,,TfoX/Sxy family DNA transformation protein,-,2053778,0,,FALSE,FALSE,FALSE,
background,MIDG2331_RS09660,rpsJ,30S ribosomal protein S10,+,2054186,0,,FALSE,FALSE,FALSE,
background,MIDG2331_RS09665,rplC,50S ribosomal protein L3,+,2054523,0,,FALSE,FALSE,FALSE,
background,MIDG2331_RS09670,rplD,50S ribosomal protein L4,+,2055165,0,,FALSE,FALSE,FALSE,
background,MIDG2331_RS09675,rplW,50S ribosomal protein L23,+,2055764,0,,FALSE,FALSE,FALSE,
background,MIDG2331_RS09680,rplB,50S ribosomal protein L2,+,2056090,0,,FALSE,FALSE,FALSE,
background,MIDG2331_RS09685,rpsS,30S ribosomal protein S19,+,2056939,0,,FALSE,FALSE,FALSE,
background,MIDG2331_RS09690,rplV,50S ribosomal protein L22,+,2057225,0,,FALSE,FALSE,FALSE,
background,MIDG2331_RS09695,rpsC,30S ribosomal protein S3,+,2057576,0,,FALSE,FALSE,FALSE,
background,MIDG2331_RS09700,rplP,50S ribosomal protein L16,+,2058297,0,,FALSE,FALSE,FALSE,
background,MIDG2331_RS09705,rpmC,50S ribosomal protein L29,+,2058707,0,,FALSE,FALSE,FALSE,
background,MIDG2331_RS09710,rpsQ,30S ribosomal protein S17,+,2058898,0,,FALSE,FALSE,FALSE,
background,MIDG2331_RS09715,rplN,50S ribosomal protein L14,+,2059392,0,,FALSE,FALSE,FALSE,
background,MIDG2331_RS09720,rplX,50S ribosomal protein L24,+,2059774,0,,FALSE,FALSE,FALSE,
background,MIDG2331_RS09725,rplE,50S ribosomal protein L5,+,2060103,0,,FALSE,FALSE,FALSE,
background,MIDG2331_RS09730,rpsN,30S ribosomal protein S14,+,2060654,0,,FALSE,FALSE,FALSE,
background,MIDG2331_RS09735,rpsH,30S ribosomal protein S8,+,2060996,0,,FALSE,FALSE,FALSE,
background,MIDG2331_RS09740,rplF,50S ribosomal protein L6,+,2061405,0,,FALSE,FALSE,FALSE,
background,MIDG2331_RS09745,rplR,50S ribosomal protein L18,+,2061953,0,,FALSE,FALSE,FALSE,
background,MIDG2331_RS09750,rpsE,30S ribosomal protein S5,+,2062321,0,,FALSE,FALSE,FALSE,
background,MIDG2331_RS09760,rplO,50S ribosomal protein L15,+,2063012,0,,FALSE,FALSE,FALSE,
background,MIDG2331_RS09765,secY,preprotein translocase subunit SecY,+,2063450,0,,FALSE,FALSE,FALSE,
background,MIDG2331_RS09770,rpmJ,50S ribosomal protein L36,+,2064798,0,,FALSE,FALSE,FALSE,
background,MIDG2331_RS09775,rpsM,30S ribosomal protein S13,+,2065048,0,,FALSE,FALSE,FALSE,
background,MIDG2331_RS09780,rpsK,30S ribosomal protein S11,+,2065421,0,,FALSE,FALSE,FALSE,
background,MIDG2331_RS09785,rpsD,30S ribosomal protein S4,+,2065839,0,,FALSE,FALSE,FALSE,
background,MIDG2331_RS09790,,DNA-directed RNA polymerase subunit alpha,+,2066531,0,,FALSE,FALSE,FALSE,
background,MIDG2331_RS09795,rplQ,50S ribosomal protein L17,+,2067556,0,,FALSE,FALSE,FALSE,
background,MIDG2331_RS09800,rpsP,30S ribosomal protein S16,+,2068176,0,,FALSE,FALSE,FALSE,
background,MIDG2331_RS09805,rimM,ribosome maturation factor RimM,+,2068458,0,,FALSE,FALSE,FALSE,
background,MIDG2331_RS09810,trmD,tRNA (guanosine(37)-N1)-methyltransferase TrmD,+,2069043,0,,FALSE,FALSE,FALSE,
background,MIDG2331_RS09815,rplS,50S ribosomal protein L19,+,2069824,0,,FALSE,FALSE,FALSE,
background,MIDG2331_RS09820,,ribosomal protein uL16 3-hydroxylase,-,2071537,0,,FALSE,FALSE,FALSE,
background,MIDG2331_RS09825,,ABC transporter substrate-binding protein,+,2071753,0,,FALSE,FALSE,FALSE,
background,MIDG2331_RS09830,,FecCD family ABC transporter permease,+,2072871,0,,FALSE,FALSE,FALSE,
background,MIDG2331_RS09835,,ABC transporter ATP-binding protein,+,2073924,0,,FALSE,FALSE,FALSE,
background,MIDG2331_RS09840,,pseudoazurin,+,2074701,0,,FALSE,FALSE,FALSE,
background,MIDG2331_RS09845,,ABC transporter substrate-binding protein,+,2075141,0,,FALSE,FALSE,FALSE,
background,MIDG2331_RS09850,,ATP-grasp domain-containing protein,+,2076306,0,,FALSE,FALSE,FALSE,
background,MIDG2331_RS09855,torD,molecular chaperone TorD,-,2077798,0,,FALSE,FALSE,FALSE,
background,MIDG2331_RS09860,torA,trimethylamine-N-oxide reductase TorA,-,2080281,0,,FALSE,FALSE,FALSE,
background,MIDG2331_RS09865,,hypothetical protein,-,2080911,0,,FALSE,FALSE,FALSE,
background,MIDG2331_RS09870,glyQ,glycine--tRNA ligase subunit alpha,+,2081105,0,,FALSE,FALSE,FALSE,
background,MIDG2331_RS09875,,endonuclease domain-containing protein,+,2082074,0,,FALSE,FALSE,FALSE,
background,MIDG2331_RS09880,,hypothetical protein,+,2082918,0,,FALSE,FALSE,FALSE,
background,MIDG2331_RS09885,glyS,glycine--tRNA ligase subunit beta,+,2083360,0,,FALSE,FALSE,FALSE,
background,MIDG2331_RS09890,,methyltransferase domain-containing protein,+,2085560,0,,FALSE,FALSE,FALSE,
background,MIDG2331_RS09895,,DUF5377 family protein,+,2086467,1,1,FALSE,TRUE,TRUE,-33
background,MIDG2331_RS09900,xerC,tyrosine recombinase XerC,+,2086848,0,,FALSE,FALSE,FALSE,
background,MIDG2331_RS09905,,YbaN family protein,-,2088161,0,,FALSE,FALSE,FALSE,
background,MIDG2331_RS09910,,glycosyltransferase family 2 protein,-,2089016,0,,FALSE,FALSE,FALSE,
background,MIDG2331_RS09915,lpxH,"UDP-2,3-diacylglucosamine diphosphatase",-,2089711,0,,FALSE,FALSE,FALSE,
background,MIDG2331_RS09920,,DUF1523 family protein,-,2090301,0,,FALSE,FALSE,FALSE,
background,MIDG2331_RS09925,,TatD family hydrolase,-,2091124,0,,FALSE,FALSE,FALSE,
background,MIDG2331_RS09930,,"IS256 family transposase, variant Zn-binding type",+,2091872,0,,FALSE,FALSE,FALSE,
background,MIDG2331_RS09935,,MacB family efflux pump subunit,-,2094811,0,,FALSE,FALSE,FALSE,
background,MIDG2331_RS09940,,efflux RND transporter periplasmic adaptor subunit,-,2095974,0,,FALSE,FALSE,FALSE,
background,MIDG2331_RS09945,,MipA/OmpV family protein,-,2096883,0,,FALSE,FALSE,FALSE,
background,MIDG2331_RS09950,,DNA polymerase III subunit delta',-,2098220,0,,FALSE,FALSE,FALSE,
background,MIDG2331_RS09955,tmk,dTMP kinase,-,2098849,0,,FALSE,FALSE,FALSE,
background,MIDG2331_RS09960,mltG,endolytic transglycosylase MltG,-,2099887,0,,FALSE,FALSE,FALSE,
background,MIDG2331_RS09980,acpP,acyl carrier protein,-,2100719,0,,FALSE,FALSE,FALSE,
background,MIDG2331_RS09985,rpe,ribulose-phosphate 3-epimerase,-,2101657,0,,FALSE,FALSE,FALSE,
background,MIDG2331_RS09990,,type B 50S ribosomal protein L31,+,2101879,0,,FALSE,FALSE,FALSE,
background,MIDG2331_RS09995,ykgO,type B 50S ribosomal protein L36,+,2102162,0,,FALSE,FALSE,FALSE,
background,MIDG2331_RS10000,mrcB,penicillin-binding protein 1B,-,2104794,0,,FALSE,FALSE,FALSE,
background,MIDG2331_RS10005,menB,"1,4-dihydroxy-2-naphthoyl-CoA synthase",-,2105730,0,,FALSE,FALSE,FALSE,
background,MIDG2331_RS10010,,RelA/SpoT family protein,-,2107571,0,,FALSE,FALSE,FALSE,
background,MIDG2331_RS10015,rpoZ,DNA-directed RNA polymerase subunit omega,-,2107948,0,,FALSE,FALSE,FALSE,
background,MIDG2331_RS10020,recG,ATP-dependent DNA helicase RecG,-,2110156,0,,FALSE,FALSE,FALSE,
background,MIDG2331_RS10025,,type II toxin-antitoxin system VapC family toxin,-,2110708,0,,FALSE,FALSE,FALSE,
background,MIDG2331_RS10030,,type II toxin-antitoxin system Phd/YefM family antitoxin,-,2110995,0,,FALSE,FALSE,FALSE,
background,MIDG2331_RS10035,proS,proline--tRNA ligase,+,2111201,0,,FALSE,FALSE,FALSE,
background,MIDG2331_RS10040,,anti-sigma factor family protein,-,2113170,0,,FALSE,FALSE,FALSE,
background,MIDG2331_RS10045,,sigma-70 family RNA polymerase sigma factor,-,2113754,0,,FALSE,FALSE,FALSE,
background,MIDG2331_RS10050,msrP,protein-methionine-sulfoxide reductase catalytic subunit MsrP,+,2113843,0,,FALSE,FALSE,FALSE,
background,MIDG2331_RS10055,,protein-methionine-sulfoxide reductase heme-binding subunit MsrQ,+,2114799,0,,FALSE,FALSE,FALSE,
background,MIDG2331_RS10060,rpoH,RNA polymerase sigma factor RpoH,-,2116453,0,,FALSE,FALSE,FALSE,
background,MIDG2331_RS10065,,MFS transporter,-,2117939,0,,FALSE,FALSE,FALSE,
background,MIDG2331_RS10070,,hypothetical protein,+,2118514,0,,FALSE,FALSE,FALSE,
background,MIDG2331_RS10075,,type II toxin-antitoxin system YafO family toxin,+,2119029,0,,FALSE,FALSE,FALSE,
background,MIDG2331_RS10080,asnA,aspartate--ammonia ligase,-,2120531,0,,FALSE,FALSE,FALSE,
background,MIDG2331_RS10085,asnC,transcriptional regulator AsnC,+,2120713,0,,FALSE,FALSE,FALSE,
background,MIDG2331_RS10090,udp,uridine phosphorylase,+,2121363,0,,FALSE,FALSE,FALSE,
background,MIDG2331_RS10095,,chorismate--pyruvate lyase family protein,+,2122191,0,,FALSE,FALSE,FALSE,
background,MIDG2331_RS10100,murI,glutamate racemase,+,2122757,0,,FALSE,FALSE,FALSE,
background,MIDG2331_RS10130,cysI,assimilatory sulfite reductase (NADPH) hemoprotein subunit,-,2131503,0,,FALSE,FALSE,FALSE,
background,MIDG2331_RS10135,,assimilatory sulfite reductase (NADPH) flavoprotein subunit,-,2133342,0,,FALSE,FALSE,FALSE,
background,MIDG2331_RS10140,,sulfate adenylyltransferase subunit 1,-,2134935,0,,FALSE,FALSE,FALSE,
background,MIDG2331_RS10145,cysD,sulfate adenylyltransferase subunit CysD,-,2135953,0,,FALSE,FALSE,FALSE,
background,MIDG2331_RS10150,,phosphoadenylyl-sulfate reductase,-,2136702,0,,FALSE,FALSE,FALSE,
background,MIDG2331_RS10155,cysG,siroheme synthase CysG,-,2138176,0,,FALSE,FALSE,FALSE,
background,MIDG2331_RS10160,,sulfate ABC transporter substrate-binding protein,+,2138451,0,,FALSE,FALSE,FALSE,
background,MIDG2331_RS10165,cysT,sulfate ABC transporter permease subunit CysT,+,2139475,0,,FALSE,FALSE,FALSE,
background,MIDG2331_RS10170,cysW,sulfate ABC transporter permease subunit CysW,+,2140306,0,,FALSE,FALSE,FALSE,
background,MIDG2331_RS10175,,sulfate/molybdate ABC transporter ATP-binding protein,+,2141131,0,,FALSE,FALSE,FALSE,
background,MIDG2331_RS10180,lldD,FMN-dependent L-lactate dehydrogenase LldD,-,2143435,0,,FALSE,FALSE,FALSE,
background,MIDG2331_RS10185,,biotin--[acetyl-CoA-carboxylase] ligase,-,2144383,0,,FALSE,FALSE,FALSE,
background,MIDG2331_RS10190,murB,UDP-N-acetylmuramate dehydrogenase,-,2145426,0,,FALSE,FALSE,FALSE,
background,MIDG2331_RS10195,ompA,porin OmpA,-,2146670,0,,FALSE,FALSE,FALSE,
background,MIDG2331_RS10205,,paraquat-inducible protein A,+,2148776,0,,FALSE,FALSE,FALSE,
background,MIDG2331_RS10210,,transglutaminase-like domain-containing protein,+,2150194,0,,FALSE,FALSE,FALSE,
background,MIDG2331_RS10215,,mercuric transporter MerT family protein,+,2151266,0,,FALSE,FALSE,FALSE,
background,MIDG2331_RS10220,,heavy-metal-associated domain-containing protein,+,2151616,0,,FALSE,FALSE,FALSE,
background,MIDG2331_RS10225,,iron-containing alcohol dehydrogenase,-,2153342,0,,FALSE,FALSE,FALSE,
background,MIDG2331_RS10230,,LysR family transcriptional regulator,+,2153458,0,,FALSE,FALSE,FALSE,
background,MIDG2331_RS10240,aroQ,type II 3-dehydroquinate dehydratase,+,2155453,0,,FALSE,FALSE,FALSE,
background,MIDG2331_RS10245,,glycosyltransferase family 32 protein,+,2155910,0,,FALSE,FALSE,FALSE,
background,MIDG2331_RS10250,accB,acetyl-CoA carboxylase biotin carboxyl carrier protein,+,2156869,0,,FALSE,FALSE,FALSE,
background,MIDG2331_RS10255,accC,acetyl-CoA carboxylase biotin carboxylase subunit,+,2157486,0,,FALSE,FALSE,FALSE,
background,MIDG2331_RS10260,mobA,molybdenum cofactor guanylyltransferase MobA,-,2159963,0,,FALSE,FALSE,FALSE,
background,MIDG2331_RS10265,,YihD family protein,+,2160050,0,,FALSE,FALSE,FALSE,
background,MIDG2331_RS10270,dsbA,thiol:disulfide interchange protein DsbA,+,2160363,0,,FALSE,FALSE,FALSE,
background,MIDG2331_RS10280,ftsN,cell division protein FtsN,-,2162704,0,,FALSE,FALSE,FALSE,
background,MIDG2331_RS10285,,class I SAM-dependent methyltransferase,-,2163571,0,,FALSE,FALSE,FALSE,
background,MIDG2331_RS10290,,M15 family metallopeptidase,-,2164257,0,,FALSE,FALSE,FALSE,
background,MIDG2331_RS10300,,ArsC family reductase,-,2165782,0,,FALSE,FALSE,FALSE,
background,MIDG2331_RS10305,,DUF5358 family protein,+,2165990,0,,FALSE,FALSE,FALSE,
background,MIDG2331_RS10310,folP,dihydropteroate synthase,-,2167596,0,,FALSE,FALSE,FALSE,
background,MIDG2331_RS10315,rluC,23S rRNA pseudouridine(955/2504/2580) synthase RluC,-,2168623,0,,FALSE,FALSE,FALSE,
background,MIDG2331_RS10320,,TonB-dependent receptor plug domain-containing protein,+,2169016,0,,FALSE,FALSE,FALSE,
background,MIDG2331_RS10325,,mechanosensitive ion channel family protein,+,2171490,0,,FALSE,FALSE,FALSE,
background,MIDG2331_RS10330,,ATP-grasp domain-containing protein,+,2172597,0,,FALSE,FALSE,FALSE,
background,MIDG2331_RS10335,,esterase family protein,+,2173787,0,,FALSE,FALSE,FALSE,
background,MIDG2331_RS10340,ptrA,pitrilysin,-,2177555,0,,FALSE,FALSE,FALSE,
background,MIDG2331_RS10345,recC,exodeoxyribonuclease V subunit gamma,-,2180908,0,,FALSE,FALSE,FALSE,
background,MIDG2331_RS10350,,DUF5374 domain-containing protein,-,2181309,0,,FALSE,FALSE,FALSE,
background,MIDG2331_RS10355,,DUF2572 family protein,-,2181955,0,,FALSE,FALSE,FALSE,
background,MIDG2331_RS10360,,hypothetical protein,-,2182597,0,,FALSE,FALSE,FALSE,
background,MIDG2331_RS10365,,pilus assembly FimT family protein,-,2183153,0,,FALSE,FALSE,FALSE,
background,MIDG2331_RS10370,fabA,bifunctional 3-hydroxydecanoyl-ACP dehydratase/trans-2-decenoyl-ACP isomerase,-,2183771,0,,FALSE,FALSE,FALSE,
background,MIDG2331_RS10375,,AAA family ATPase,-,2185519,0,,FALSE,FALSE,FALSE,
background,MIDG2331_RS10380,matP,macrodomain Ter protein MatP,+,2185604,0,,FALSE,FALSE,FALSE,
background,MIDG2331_RS10385,trpS,tryptophan--tRNA ligase,-,2187150,0,,FALSE,FALSE,FALSE,
background,MIDG2331_RS10390,,phosphoglycolate phosphatase,-,2187955,0,,FALSE,FALSE,FALSE,
background,MIDG2331_RS10400,lgt,prolipoprotein diacylglyceryl transferase,-,2189308,0,,FALSE,FALSE,FALSE,
background,MIDG2331_RS10405,,sulfite exporter TauE/SafE family protein,-,2190152,0,,FALSE,FALSE,FALSE,
background,MIDG2331_RS10410,rppH,RNA pyrophosphohydrolase,-,2190769,0,,FALSE,FALSE,FALSE,
background,MIDG2331_RS10415,,M48 family metallopeptidase,-,2192082,0,,FALSE,FALSE,FALSE,
background,MIDG2331_RS10420,ppa,inorganic diphosphatase,-,2192705,0,,FALSE,FALSE,FALSE,
background,MIDG2331_RS10425,,tRNA1(Val) (adenine(37)-N6)-methyltransferase,+,2192779,0,,FALSE,FALSE,FALSE,
background,MIDG2331_RS10430,rraA,ribonuclease E activity regulator RraA,-,2194033,0,,FALSE,FALSE,FALSE,
background,MIDG2331_RS10435,,formate/nitrite transporter family protein,+,2194252,0,,FALSE,FALSE,FALSE,
background,MIDG2331_RS10440,,alpha/beta hydrolase,+,2195217,0,,FALSE,FALSE,FALSE,
background,MIDG2331_RS10455,,"IS256 family transposase, variant Zn-binding type",-,2198505,0,,FALSE,FALSE,FALSE,
background,MIDG2331_RS10460,dnaJ,molecular chaperone DnaJ,-,2199771,0,,FALSE,FALSE,FALSE,
background,MIDG2331_RS10470,xylB,xylulokinase,-,2203619,0,,FALSE,FALSE,FALSE,
background,MIDG2331_RS10475,xylA,xylose isomerase,-,2205136,0,,FALSE,FALSE,FALSE,
background,MIDG2331_RS10480,xylF,D-xylose ABC transporter substrate-binding protein,+,2205390,0,,FALSE,FALSE,FALSE,
background,MIDG2331_RS10485,xylG,D-xylose ABC transporter ATP-binding protein,+,2206452,0,,FALSE,FALSE,FALSE,
background,MIDG2331_RS10490,,sugar ABC transporter permease,+,2207970,0,,FALSE,FALSE,FALSE,
background,MIDG2331_RS10495,,XylR family transcriptional regulator,+,2209222,0,,FALSE,FALSE,FALSE,
background,MIDG2331_RS10500,,M13 family metallopeptidase,+,2210408,0,,FALSE,FALSE,FALSE,
background,MIDG2331_RS10505,,zinc ribbon domain-containing protein,+,2212510,0,,FALSE,FALSE,FALSE,
background,MIDG2331_RS10515,,YhdT family protein,-,2214462,0,,FALSE,FALSE,FALSE,
background,MIDG2331_RS10520,metJ,met regulon transcriptional regulator MetJ,-,2214833,0,,FALSE,FALSE,FALSE,
background,MIDG2331_RS10525,,MlaA family lipoprotein,+,2215001,0,,FALSE,FALSE,FALSE,
background,MIDG2331_RS10530,,D-hexose-6-phosphate mutarotase,+,2215825,0,,FALSE,FALSE,FALSE,
background,MIDG2331_RS10535,,site-specific recombinase,+,2216745,0,,FALSE,FALSE,FALSE,
background,MIDG2331_RS10540,pgaA,"poly-beta-1,6 N-acetyl-D-glucosamine export porin PgaA",+,2219484,0,,FALSE,FALSE,FALSE,
background,MIDG2331_RS10545,pgaB,"poly-beta-1,6-N-acetyl-D-glucosamine N-deacetylase PgaB",+,2221973,0,,FALSE,FALSE,FALSE,
background,MIDG2331_RS10550,pgaC,"poly-beta-1,6-N-acetyl-D-glucosamine synthase",+,2223754,0,,FALSE,FALSE,FALSE,
background,MIDG2331_RS10555,,hypothetical protein,+,2224991,0,,FALSE,FALSE,FALSE,
background,MIDG2331_RS10560,tpiA,triose-phosphate isomerase,-,2226149,0,,FALSE,FALSE,FALSE,
background,MIDG2331_RS10565,truD,tRNA pseudouridine(13) synthase TruD,+,2226424,0,,FALSE,FALSE,FALSE,
background,MIDG2331_RS10570,surE,5'/3'-nucleotidase SurE,+,2227437,0,,FALSE,FALSE,FALSE,
background,MIDG2331_RS10575,,YqaA family protein,+,2228201,0,,FALSE,FALSE,FALSE,
background,MIDG2331_RS10580,,LysM peptidoglycan-binding domain-containing protein,+,2228791,0,,FALSE,FALSE,FALSE,
background,MIDG2331_RS10585,,hypothetical protein,+,2229458,0,,FALSE,FALSE,FALSE,
background,MIDG2331_RS10590,,peptidoglycan DD-metalloendopeptidase family protein,+,2229689,0,,FALSE,FALSE,FALSE,
background,MIDG2331_RS10595,,DNA-3-methyladenine glycosylase I,+,2231016,0,,FALSE,FALSE,FALSE,
background,MIDG2331_RS10605,,YjiG family protein,-,2233237,0,,FALSE,FALSE,FALSE,
background,MIDG2331_RS10610,,nucleoside recognition domain-containing protein,-,2233872,0,,FALSE,FALSE,FALSE,
background,MIDG2331_RS10615,hemH,ferrochelatase,-,2235009,0,,FALSE,FALSE,FALSE,
background,MIDG2331_RS10620,rpmH,50S ribosomal protein L34,+,2235285,0,,FALSE,FALSE,FALSE,
background,MIDG2331_RS10625,rnpA,ribonuclease P protein component,+,2235452,0,,FALSE,FALSE,FALSE,
background,MIDG2331_RS10630,yidD,membrane protein insertion efficiency factor YidD,+,2235775,0,,FALSE,FALSE,FALSE,
background,MIDG2331_RS10635,glnA,type I glutamate--ammonia ligase,-,2237546,0,,FALSE,FALSE,FALSE,
background,MIDG2331_RS10640,cpdA,"3',5'-cyclic-AMP phosphodiesterase",-,2238731,0,,FALSE,FALSE,FALSE,
background,MIDG2331_RS10645,nudF,ADP-ribose diphosphatase,-,2239561,0,,FALSE,FALSE,FALSE,
background,MIDG2331_RS10650,psiE,phosphate-starvation-inducible protein PsiE,-,2239990,0,,FALSE,FALSE,FALSE,
background,MIDG2331_RS10655,,4'-phosphopantetheinyl transferase family protein,-,2240711,0,,FALSE,FALSE,FALSE,
background,MIDG2331_RS10660,,EamA family transporter,-,2241199,0,,FALSE,FALSE,FALSE,
background,MIDG2331_RS10665,nhaA,Na+/H+ antiporter NhaA,+,2241377,0,,FALSE,FALSE,FALSE,
background,MIDG2331_RS10675,dtd,D-aminoacyl-tRNA deacylase,-,2243662,0,,FALSE,FALSE,FALSE,
background,MIDG2331_RS10680,,virulence factor BrkB family protein,-,2244489,0,,FALSE,FALSE,FALSE,
background,MIDG2331_RS10700,,transferrin-binding protein-like solute binding protein,-,2249350,0,,FALSE,FALSE,FALSE,
background,MIDG2331_RS10705,,transferrin-binding protein-like solute binding protein,-,2250714,0,,FALSE,FALSE,FALSE,
background,MIDG2331_RS10710,mutL,DNA mismatch repair endonuclease MutL,+,2251028,0,,FALSE,FALSE,FALSE,
background,MIDG2331_RS10715,adhP,alcohol dehydrogenase AdhP,+,2253096,0,,FALSE,FALSE,FALSE,
background,MIDG2331_RS10720,miaA,tRNA (adenosine(37)-N6)-dimethylallyltransferase MiaA,+,2254277,0,,FALSE,FALSE,FALSE,
background,MIDG2331_RS10725,hfq,RNA chaperone Hfq,+,2255286,0,,FALSE,FALSE,FALSE,
background,MIDG2331_RS10730,hflX,ribosome rescue GTPase HflX,+,2255602,0,,FALSE,FALSE,FALSE,
background,MIDG2331_RS10735,,LOG family protein,-,2257565,0,,FALSE,FALSE,FALSE,
background,MIDG2331_RS10740,,MazG nucleotide pyrophosphohydrolase domain-containing protein,+,2257628,0,,FALSE,FALSE,FALSE,
background,MIDG2331_RS10745,crp,cAMP-activated global transcriptional regulator CRP,-,2258674,0,,FALSE,FALSE,FALSE,
background,MIDG2331_RS10750,,YheU family protein,-,2258970,0,,FALSE,FALSE,FALSE,
background,MIDG2331_RS10755,slmA,nucleoid occlusion factor SlmA,-,2259584,0,,FALSE,FALSE,FALSE,
background,MIDG2331_RS10760,dut,dUTP diphosphatase,-,2260145,0,,FALSE,FALSE,FALSE,
background,MIDG2331_RS10765,coaBC,bifunctional phosphopantothenoylcysteine decarboxylase/phosphopantothenate--cysteine ligase CoaBC,-,2261359,0,,FALSE,FALSE,FALSE,
background,MIDG2331_RS10770,radC,RadC family protein,+,2261567,0,,FALSE,FALSE,FALSE,
background,MIDG2331_RS10775,rpmB,50S ribosomal protein L28,+,2262398,0,,FALSE,FALSE,FALSE,
background,MIDG2331_RS10780,rpmG,50S ribosomal protein L33,+,2262646,0,,FALSE,FALSE,FALSE,
background,MIDG2331_RS10790,,hypothetical protein,+,2263181,0,,FALSE,FALSE,FALSE,
background,MIDG2331_RS10795,,diaminobutyrate--2-oxoglutarate transaminase,+,2264022,0,,FALSE,FALSE,FALSE,
background,MIDG2331_RS10800,ddc,"L-2,4-diaminobutyrate decarboxylase",+,2265515,0,,FALSE,FALSE,FALSE,
background,MIDG2331_RS10805,yedF,sulfurtransferase-like selenium metabolism protein YedF,-,2267378,0,,FALSE,FALSE,FALSE,
background,MIDG2331_RS10810,yedE,selenium metabolism membrane protein YedE/FdhT,-,2268616,0,,FALSE,FALSE,FALSE,
background,MIDG2331_RS10815,,MaoP family protein,+,2268911,0,,FALSE,FALSE,FALSE,
background,MIDG2331_RS10820,trmA,tRNA (uridine(54)-C5)-methyltransferase TrmA,+,2269394,0,,FALSE,FALSE,FALSE,
background,MIDG2331_RS10835,corA,magnesium/cobalt transporter CorA,-,2271953,0,,FALSE,FALSE,FALSE,
background,MIDG2331_RS10840,ubiE,"bifunctional demethylmenaquinone methyltransferase/2-methoxy-6-polyprenyl-1,4-benzoquinol methylase UbiE",+,2272254,0,,FALSE,FALSE,FALSE,
background,MIDG2331_RS10845,,ubiquinone biosynthesis accessory factor UbiJ,+,2273056,0,,FALSE,FALSE,FALSE,
background,MIDG2331_RS10850,ubiB,ubiquinone biosynthesis regulatory protein kinase UbiB,+,2273685,0,,FALSE,FALSE,FALSE,
background,MIDG2331_RS10855,tatA,Sec-independent protein translocase subunit TatA,+,2275411,0,,FALSE,FALSE,FALSE,
background,MIDG2331_RS10860,tatB,Sec-independent protein translocase protein TatB,+,2275645,0,,FALSE,FALSE,FALSE,
background,MIDG2331_RS10865,tatC,twin-arginine translocase subunit TatC,+,2276222,0,,FALSE,FALSE,FALSE,
background,MIDG2331_RS10870,hemB,porphobilinogen synthase,+,2277028,0,,FALSE,FALSE,FALSE,
background,MIDG2331_RS10875,,DUF4870 family protein,+,2278134,0,,FALSE,FALSE,FALSE,
background,MIDG2331_RS10880,mutM,bifunctional DNA-formamidopyrimidine glycosylase/DNA-(apurinic or apyrimidinic site) lyase,-,2279368,0,,FALSE,FALSE,FALSE,
background,MIDG2331_RS10885,brnQ,branched-chain amino acid transport system II carrier protein,-,2280717,0,,FALSE,FALSE,FALSE,
background,MIDG2331_RS10895,fabD,ACP S-malonyltransferase,-,2282627,0,,FALSE,FALSE,FALSE,
background,MIDG2331_RS10900,,epoxyqueuosine reductase QueH,-,2283440,0,,FALSE,FALSE,FALSE,
background,MIDG2331_RS10905,ispB,octaprenyl diphosphate synthase,-,2284472,0,,FALSE,FALSE,FALSE,
background,MIDG2331_RS10910,,patatin-like phospholipase family protein,+,2284728,0,,FALSE,FALSE,FALSE,
background,MIDG2331_RS10915,,NADPH-dependent FMN reductase,+,2285743,0,,FALSE,FALSE,FALSE,
background,MIDG2331_RS10920,,DoxX family protein,+,2286495,0,,FALSE,FALSE,FALSE,
background,MIDG2331_RS10925,rplU,50S ribosomal protein L21,+,2287261,0,,FALSE,FALSE,FALSE,
background,MIDG2331_RS10930,rpmA,50S ribosomal protein L27,+,2287593,0,,FALSE,FALSE,FALSE,
background,MIDG2331_RS10935,,DMT family transporter,+,2287885,0,,FALSE,FALSE,FALSE,
background,MIDG2331_RS10940,,surface lipoprotein assembly modifier,-,2290572,0,,FALSE,FALSE,FALSE,
background,MIDG2331_RS10945,,Cof-type HAD-IIB family hydrolase,-,2291497,0,,FALSE,FALSE,FALSE,
background,MIDG2331_RS10950,,DNA utilization protein GntX,+,2291617,0,,FALSE,FALSE,FALSE,
background,MIDG2331_RS10955,rsmC,16S rRNA (guanine(1207)-N(2))-methyltransferase RsmC,-,2293718,0,,FALSE,FALSE,FALSE,
background,MIDG2331_RS10960,,DNA polymerase III subunit psi,+,2293823,0,,FALSE,FALSE,FALSE,
background,MIDG2331_RS10970,srmB,ATP-dependent RNA helicase SrmB,+,2294698,0,,FALSE,FALSE,FALSE,
background,MIDG2331_RS10975,pdxH,pyridoxamine 5'-phosphate oxidase,+,2296110,0,,FALSE,FALSE,FALSE,
background,MIDG2331_RS10980,,ABC transporter substrate-binding protein,-,2298448,0,,FALSE,FALSE,FALSE,
background,MIDG2331_RS10985,,aldehyde dehydrogenase family protein,-,2300120,0,,FALSE,FALSE,FALSE,
background,MIDG2331_RS10990,,acetate uptake transporter,-,2300895,0,,FALSE,FALSE,FALSE,
background,MIDG2331_RS10995,,ABC transporter ATP-binding protein,+,2301137,0,,FALSE,FALSE,FALSE,
background,MIDG2331_RS11000,,iron-siderophore ABC transporter substrate-binding protein,+,2301901,0,,FALSE,FALSE,FALSE,
background,MIDG2331_RS11005,fhuB,Fe(3+)-hydroxamate ABC transporter permease FhuB,+,2302851,0,,FALSE,FALSE,FALSE,
background,MIDG2331_RS11010,,TonB-dependent siderophore receptor,+,2304850,0,,FALSE,FALSE,FALSE,
background,MIDG2331_RS11015,,DUF2322 family protein,+,2307004,0,,FALSE,FALSE,FALSE,
background,MIDG2331_RS11020,,phosphoribosylaminoimidazolesuccinocarboxamide synthase,-,2308268,0,,FALSE,FALSE,FALSE,
background,MIDG2331_RS11035,hisC,histidinol-phosphate transaminase,+,2311062,0,,FALSE,FALSE,FALSE,
background,MIDG2331_RS11040,,IS200/IS605 family transposase,+,2312207,0,,FALSE,FALSE,FALSE,
background,MIDG2331_RS11050,,phosphoglycerate mutase family protein,+,2313859,0,,FALSE,FALSE,FALSE,
background,MIDG2331_RS11055,,PDDEXK nuclease domain-containing protein,+,2314501,0,,FALSE,FALSE,FALSE,
background,MIDG2331_RS11060,hisH,imidazole glycerol phosphate synthase subunit HisH,+,2315631,0,,FALSE,FALSE,FALSE,
background,MIDG2331_RS11070,hisF,imidazole glycerol phosphate synthase subunit HisF,+,2317076,0,,FALSE,FALSE,FALSE,
background,MIDG2331_RS11075,,hypothetical protein,+,2317902,0,,FALSE,FALSE,FALSE,
background,MIDG2331_RS11080,hisIE,bifunctional phosphoribosyl-AMP cyclohydrolase/phosphoribosyl-ATP diphosphatase HisIE,+,2318585,0,,FALSE,FALSE,FALSE,
background,MIDG2331_RS11085,,7-cyano-7-deazaguanine/7-aminomethyl-7- deazaguanine transporter,+,2319347,0,,FALSE,FALSE,FALSE,
background,MIDG2331_RS11090,map,type I methionyl aminopeptidase,+,2320119,0,,FALSE,FALSE,FALSE,
background,MIDG2331_RS11095,,thioredoxin family protein,-,2321488,0,,FALSE,FALSE,FALSE,
background,MIDG2331_RS11100,,LacI family DNA-binding transcriptional regulator,-,2322540,0,,FALSE,FALSE,FALSE,
background,MIDG2331_RS11105,,glycoside hydrolase family 32 protein,-,2324047,0,,FALSE,FALSE,FALSE,
background,MIDG2331_RS11110,,aminoimidazole riboside kinase,-,2325024,0,,FALSE,FALSE,FALSE,
background,MIDG2331_RS11115,nirK,copper-containing nitrite reductase,+,2325168,0,,FALSE,FALSE,FALSE,
background,MIDG2331_RS11120,lolE,lipoprotein-releasing ABC transporter permease subunit LolE,-,2327566,0,,FALSE,FALSE,FALSE,
background,MIDG2331_RS11125,lolD,lipoprotein-releasing ABC transporter ATP-binding protein LolD,-,2328246,0,,FALSE,FALSE,FALSE,
background,MIDG2331_RS11130,,lipoprotein-releasing ABC transporter permease subunit,-,2329617,0,,FALSE,FALSE,FALSE,
background,MIDG2331_RS11135,,2-hydroxyacid dehydrogenase,-,2330692,0,,FALSE,FALSE,FALSE,
background,MIDG2331_RS11140,kdsA,3-deoxy-8-phosphooctulonate synthase,-,2331603,0,,FALSE,FALSE,FALSE,
background,MIDG2331_RS11145,,SirB1 family protein,-,2332520,0,,FALSE,FALSE,FALSE,
background,MIDG2331_RS11150,prmC,peptide chain release factor N(5)-glutamine methyltransferase,-,2333393,0,,FALSE,FALSE,FALSE,
background,MIDG2331_RS11155,,hypothetical protein,-,2333922,0,,FALSE,FALSE,FALSE,
background,MIDG2331_RS11160,prfA,peptide chain release factor 1,-,2335067,0,,FALSE,FALSE,FALSE,
background,MIDG2331_RS11165,,rhodanese-like domain-containing protein,-,2336589,0,,FALSE,FALSE,FALSE,
background,MIDG2331_RS11170,,YeeE/YedE family protein,-,2337590,0,,FALSE,FALSE,FALSE,
background,MIDG2331_RS11185,,IS3-like element ISApl3 family transposase,-,231882,0,,FALSE,FALSE,FALSE,
background,MIDG2331_RS11200,,CydX/CbdX family cytochrome bd oxidase small subunit,+,337111,0,,FALSE,FALSE,FALSE,
background,MIDG2331_RS11205,,DUF1232 domain-containing protein,-,402110,0,,FALSE,FALSE,FALSE,
background,MIDG2331_RS11235,,IS3-like element ISApl3 family transposase,-,663981,0,,FALSE,FALSE,FALSE,
background,MIDG2331_RS11240,,nicotinate phosphoribosyltransferase,-,700328,0,,FALSE,FALSE,FALSE,
background,MIDG2331_RS11250,,YoaH family protein,+,972425,0,,FALSE,FALSE,FALSE,
background,MIDG2331_RS11260,,IS3 family transposase,+,1026737,0,,FALSE,FALSE,FALSE,
background,MIDG2331_RS11275,,GNAT family N-acetyltransferase,-,1068941,0,,FALSE,FALSE,FALSE,
background,MIDG2331_RS11295,,IS3 family transposase,+,1204377,0,,FALSE,FALSE,FALSE,
background,MIDG2331_RS11300,,cupin domain-containing protein,-,1255769,0,,FALSE,FALSE,FALSE,
background,MIDG2331_RS11330,,methionine/alanine import family NSS transporter small subunit,+,1627630,0,,FALSE,FALSE,FALSE,
background,MIDG2331_RS11335,,IS3-like element ISApl3 family transposase,-,1695308,0,,FALSE,FALSE,FALSE,
background,MIDG2331_RS11340,,IS3 family transposase,+,1759226,0,,FALSE,FALSE,FALSE,
background,MIDG2331_RS11345,lptM,LPS translocon maturation chaperone LptM,-,1784879,0,,FALSE,FALSE,FALSE,
background,MIDG2331_RS11355,,NAD(P)H-binding protein,-,1846177,0,,FALSE,FALSE,FALSE,
background,MIDG2331_RS11360,lptM,LPS translocon maturation chaperone LptM,-,1846723,0,,FALSE,FALSE,FALSE,
background,MIDG2331_RS11370,,ParA family protein,+,2025334,0,,FALSE,FALSE,FALSE,
background,MIDG2331_RS11400,,IS3-like element ISApl3 family transposase,-,2197523,0,,FALSE,FALSE,FALSE,
background,MIDG2331_RS11405,,ricin-type beta-trefoil lectin domain protein,+,2242704,0,,FALSE,FALSE,FALSE,
background,MIDG2331_RS11495,,hypothetical protein,-,73613,0,,FALSE,FALSE,FALSE,
background,MIDG2331_RS11505,,hypothetical protein,-,1523667,0,,FALSE,FALSE,FALSE,
background,MIDG2331_RS11510,,hypothetical protein,-,1597920,0,,FALSE,FALSE,FALSE,
background,MIDG2331_RS11515,,hypothetical protein,+,1734478,0,,FALSE,FALSE,FALSE,
background,MIDG2331_RS11525,,amino acid ABC transporter ATP-binding protein,+,1970142,0,,FALSE,FALSE,FALSE,
background,MIDG2331_RS11530,,cysteine ABC transporter substrate-binding protein,+,1970934,1,1,FALSE,TRUE,TRUE,8
background,MIDG2331_RS11535,,hypothetical protein,+,2001558,0,,FALSE,FALSE,FALSE,
background,MIDG2331_RS11540,,helix-turn-helix domain-containing protein,-,2014345,0,,FALSE,FALSE,FALSE,
background,MIDG2331_RS11545,,hypothetical protein,-,2017670,0,,FALSE,FALSE,FALSE,
background,MIDG2331_RS11550,,hypothetical protein,+,2028281,0,,FALSE,FALSE,FALSE,
background,MIDG2331_RS11555,,hypothetical protein,+,2034549,0,,FALSE,FALSE,FALSE,
background,MIDG2331_RS11560,,hypothetical protein,-,2188298,0,,FALSE,FALSE,FALSE,
background,MIDG2331_RS11570,,porin family protein,+,2246258,0,,FALSE,FALSE,FALSE,
background,MIDG2331_RS11580,,TonB-dependent receptor domain-containing protein,+,2247346,0,,FALSE,FALSE,FALSE,
background,MIDG2331_RS11595,,TonB-dependent receptor plug domain-containing protein,+,267800,0,,FALSE,FALSE,FALSE,
background,MIDG2331_RS11600,,hypothetical protein,+,268508,0,,FALSE,FALSE,FALSE,
background,MIDG2331_RS11605,,TonB-dependent receptor domain-containing protein,+,269458,0,,FALSE,FALSE,FALSE,
background,MIDG2331_RS11610,,thiazole synthase,+,569497,0,,FALSE,FALSE,FALSE,
background,MIDG2331_RS11615,,two-partner secretion domain-containing protein,-,1081649,0,,FALSE,FALSE,FALSE,
background,MIDG2331_RS11620,,helix-turn-helix domain-containing protein,+,1111979,0,,FALSE,FALSE,FALSE,
background,MIDG2331_RS11635,,hypothetical protein,-,1270474,0,,FALSE,FALSE,FALSE,
background,MIDG2331_RS11640,,glycosyltransferase family 25 protein,-,1270780,0,,FALSE,FALSE,FALSE,
background,MIDG2331_RS11650,,Fic family protein,-,1764799,0,,FALSE,FALSE,FALSE,
background,MIDG2331_RS11655,,Fic family protein,-,1765258,0,,FALSE,FALSE,FALSE,
background,MIDG2331_RS11665,,cupin domain-containing protein,+,2028519,0,,FALSE,FALSE,FALSE,
background,MIDG2331_RS11670,,hypothetical protein,+,2245946,0,,FALSE,FALSE,FALSE,
background,MIDG2331_RS11675,,TonB-dependent receptor plug domain-containing protein,+,2246125,0,,FALSE,FALSE,FALSE,
background,MIDG2331_RS11680,,hypothetical protein,+,349054,0,,FALSE,FALSE,FALSE,
background,MIDG2331_RS11685,,DUF5368 family protein,-,556315,0,,FALSE,FALSE,FALSE,
background,MIDG2331_RS11695,,hypothetical protein,-,804206,0,,FALSE,FALSE,FALSE,
background,MIDG2331_RS11700,,calcium-binding protein,-,1128977,0,,FALSE,FALSE,FALSE,
background,MIDG2331_RS11705,,hypothetical protein,-,1256154,0,,FALSE,FALSE,FALSE,
background,MIDG2331_RS11710,,Abi family protein,+,1953655,0,,FALSE,FALSE,FALSE,
background,MIDG2331_RS11715,,Abi family protein,+,1954215,0,,FALSE,FALSE,FALSE,
background,MIDG2331_RS11730,,TonB-dependent receptor domain-containing protein,+,2246984,0,,FALSE,FALSE,FALSE,
background,MIDG2331_RS11735,,ABC transporter ATP-binding protein,+,567256,0,,FALSE,FALSE,FALSE,
background,MIDG2331_RS11745,,M20/M25/M40 family metallo-hydrolase,-,2232759,0,,FALSE,FALSE,FALSE,
background,MIDG2331_RS11750,,hypothetical protein,-,693656,0,,FALSE,FALSE,FALSE,
background,MIDG2331_RS11755,,IS3 family transposase,-,1033596,0,,FALSE,FALSE,FALSE,
background,MIDG2331_RS11760,,Slam-dependent surface lipoprotein,-,1311225,0,,FALSE,FALSE,FALSE,
background,MIDG2331_RS11765,,pentapeptide repeat-containing protein,-,1311710,0,,FALSE,FALSE,FALSE,
background,MIDG2331_RS11770,,SEC-C metal-binding domain-containing protein,-,1359922,0,,FALSE,FALSE,FALSE,
background,MIDG2331_RS11775,,LysR family transcriptional regulator,+,1554421,0,,FALSE,FALSE,FALSE,
background,MIDG2331_RS11780,,hypothetical protein,-,1645297,0,,FALSE,FALSE,FALSE,
background,MIDG2331_RS11785,,hypothetical protein,-,1704750,0,,FALSE,FALSE,FALSE,
background,MIDG2331_RS11790,,hypothetical protein,+,1740875,0,,FALSE,FALSE,FALSE,
background,MIDG2331_RS11795,,hypothetical protein,-,2161359,0,,FALSE,FALSE,FALSE,
background,MIDG2331_RS11800,,hypothetical protein,-,2161597,0,,FALSE,FALSE,FALSE,
background,MIDG2331_RS11805,,hypothetical protein,-,693791,0,,FALSE,FALSE,FALSE,
background,MIDG2331_RS11810,,hypothetical protein,-,1645432,0,,FALSE,FALSE,FALSE,
background,MIDG2331_RS11815,,hypothetical protein,-,1704885,0,,FALSE,FALSE,FALSE,
background,MIDG2331_RS11820,,hypothetical protein,+,1740740,0,,FALSE,FALSE,FALSE,
background,MIDG2331_RS11825,,hypothetical protein,-,1837005,0,,FALSE,FALSE,FALSE,
background,MIDG2331_RS11830,,hypothetical protein,+,1986337,0,,FALSE,FALSE,FALSE,
candidate,MIDG2331_RS00110,ftsA,cell division protein FtsA,+,25146,0,,FALSE,FALSE,FALSE,
candidate,MIDG2331_RS00360,dppF,ABC transporter ATP-binding protein,+,80285,0,,FALSE,FALSE,FALSE,
candidate,MIDG2331_RS00380,ilvE,branched-chain amino acid aminotransferase,-,83990,0,,FALSE,FALSE,FALSE,
candidate,MIDG2331_RS00390,recR,recombination mediator RecR,-,85141,0,,FALSE,FALSE,FALSE,
candidate,MIDG2331_RS00505,ilvD,dihydroxy-acid dehydratase,-,102754,1,0,TRUE,FALSE,TRUE,-31
candidate,MIDG2331_RS00515,ilvG,acetolactate synthase 2 catalytic subunit,-,104763,0,,FALSE,FALSE,FALSE,
candidate,MIDG2331_RS00615,proQ,RNA chaperone ProQ,+,138579,0,,FALSE,FALSE,FALSE,
candidate,MIDG2331_RS00670,rsgA,small ribosomal subunit biogenesis GTPase RsgA,-,149156,0,,FALSE,FALSE,FALSE,
candidate,MIDG2331_RS00675,gcvA,transcriptional regulator GcvA,+,149666,1,0,TRUE,FALSE,TRUE,-198
candidate,MIDG2331_RS00685,cysB,HTH-type transcriptional regulator CysB,+,151236,0,,FALSE,FALSE,FALSE,
candidate,MIDG2331_RS00715,leuC,3-isopropylmalate dehydratase large subunit,-,158608,0,,FALSE,FALSE,FALSE,
candidate,MIDG2331_RS00895,dksA,RNA polymerase-binding protein DksA,+,196616,0,,FALSE,FALSE,FALSE,
candidate,MIDG2331_RS00945,aroF,3-deoxy-7-phosphoheptulonate synthase,-,208628,0,,FALSE,FALSE,FALSE,
candidate,MIDG2331_RS01055,dxs,1-deoxy-D-xylulose-5-phosphate synthase,+,228650,0,,FALSE,FALSE,FALSE,
candidate,MIDG2331_RS01105,csy1,type I-F CRISPR-associated protein Csy1,-,244025,0,,FALSE,FALSE,FALSE,
candidate,MIDG2331_RS01225,mutT,8-oxo-dGTP diphosphatase MutT,+,262206,0,,FALSE,FALSE,FALSE,
candidate,MIDG2331_RS01240,argD2,aspartate aminotransferase family protein,+,264681,0,,FALSE,FALSE,FALSE,
candidate,MIDG2331_RS01485,hsdM2,type I restriction-modification system subunit M,+,320994,0,,FALSE,FALSE,FALSE,
candidate,MIDG2331_RS01660,metC,cystathionine beta-lyase,-,363140,0,,FALSE,FALSE,FALSE,
candidate,MIDG2331_RS01960,glpB,glycerol-3-phosphate dehydrogenase subunit GlpB,+,437895,0,,FALSE,FALSE,FALSE,
candidate,MIDG2331_RS02235,leuB,3-isopropylmalate dehydrogenase,+,494812,0,,FALSE,FALSE,FALSE,
candidate,MIDG2331_RS02245,gap,type I glyceraldehyde-3-phosphate dehydrogenase,+,496636,0,,FALSE,FALSE,FALSE,
candidate,MIDG2331_RS02300,ykgF,LutB/LldF family L-lactate oxidation iron-sulfur protein,-,519172,0,,FALSE,FALSE,FALSE,
candidate,MIDG2331_RS02335,sucC,ADP-forming succinate--CoA ligase subunit beta,-,527972,0,,FALSE,FALSE,FALSE,
candidate,MIDG2331_RS02505,rplY,50S ribosomal protein L25,+,562824,0,,FALSE,FALSE,FALSE,
candidate,MIDG2331_RS02785,mukB,chromosome partition protein MukB,+,621450,0,,FALSE,FALSE,FALSE,
candidate,MIDG2331_RS02890,rpsI,30S ribosomal protein S9,+,651993,0,,FALSE,FALSE,FALSE,
candidate,MIDG2331_RS02905,fieF,cation diffusion facilitator family transporter,+,653863,0,,FALSE,FALSE,FALSE,
candidate,MIDG2331_RS02970,lrp,leucine-responsive transcriptional regulator Lrp,+,667396,0,,FALSE,FALSE,FALSE,
candidate,MIDG2331_RS02975,ftsK,DNA translocase FtsK,+,667890,0,,FALSE,FALSE,FALSE,
candidate,MIDG2331_RS03230,ompP2B,porin,-,713264,0,,FALSE,FALSE,FALSE,
candidate,MIDG2331_RS03295,aspC,amino acid aminotransferase,+,725436,1,1,FALSE,TRUE,TRUE,-26
candidate,MIDG2331_RS03300,pepP,Xaa-Pro aminopeptidase,-,728098,0,,FALSE,FALSE,FALSE,
candidate,MIDG2331_RS03400,metB,methionine biosynthesis PLP-dependent protein,-,751864,0,,FALSE,FALSE,FALSE,
candidate,MIDG2331_RS03495,hisC,histidinol-phosphate transaminase,-,774846,0,,FALSE,FALSE,FALSE,
candidate,MIDG2331_RS03505,serC,3-phosphoserine/phosphohydroxythreonine transaminase,-,777608,0,,FALSE,FALSE,FALSE,
candidate,MIDG2331_RS03630,ilvI,acetolactate synthase 3 large subunit,+,806361,1,1,FALSE,TRUE,TRUE,-38
candidate,MIDG2331_RS03735,aroC,chorismate synthase,-,825981,0,,FALSE,FALSE,FALSE,
candidate,MIDG2331_RS03810,arfA,alternative ribosome-rescue factor A,-,842527,0,,FALSE,FALSE,FALSE,
candidate,MIDG2331_RS03840,sstT,serine/threonine transporter SstT,-,850305,0,,FALSE,FALSE,FALSE,
candidate,MIDG2331_RS04545,dapA,4-hydroxy-tetrahydrodipicolinate synthase,-,1012282,0,,FALSE,FALSE,FALSE,
candidate,MIDG2331_RS04600,hlpA,MetQ/NlpA family lipoprotein,-,1021368,1,0,TRUE,FALSE,TRUE,-27
candidate,MIDG2331_RS04665,hscA,Fe-S protein assembly chaperone HscA,-,1036905,0,,FALSE,FALSE,FALSE,
candidate,MIDG2331_RS04690,iscU,Fe-S cluster assembly scaffold IscU,-,1039567,0,,FALSE,FALSE,FALSE,
candidate,MIDG2331_RS04730,bioD,dethiobiotin synthase,-,1048095,0,,FALSE,FALSE,FALSE,
candidate,MIDG2331_RS05485,arcD1,basic amino acid/polyamine antiporter,+,1227126,1,1,FALSE,TRUE,TRUE,-27
candidate,MIDG2331_RS05515,arsB,ACR3 family arsenite efflux transporter,-,1236732,0,,FALSE,FALSE,FALSE,
candidate,MIDG2331_RS05685,tsaD,tRNA (adenosine(37)-N6)-threonylcarbamoyltransferase complex transferase subunit TsaD,-,1271864,0,,FALSE,FALSE,FALSE,
candidate,MIDG2331_RS05710,nifS,aminotransferase class V-fold PLP-dependent enzyme,-,1276964,0,,FALSE,FALSE,FALSE,
candidate,MIDG2331_RS05800,aroE,shikimate dehydrogenase,-,1291623,0,,FALSE,FALSE,FALSE,
candidate,MIDG2331_RS05925,trpE,anthranilate synthase component 1,+,1315237,0,,FALSE,FALSE,FALSE,
candidate,MIDG2331_RS05935,trpD,anthranilate phosphoribosyltransferase,+,1317445,0,,FALSE,FALSE,FALSE,
candidate,MIDG2331_RS06010,argH,argininosuccinate lyase,-,1332391,0,,FALSE,FALSE,FALSE,
candidate,MIDG2331_RS06145,hxpB,hexitol phosphatase HxpB,-,1359697,0,,FALSE,FALSE,FALSE,
candidate,MIDG2331_RS06220,serB,phosphoserine phosphatase SerB,+,1373141,0,,FALSE,FALSE,FALSE,
candidate,MIDG2331_RS06360,pstB,phosphate ABC transporter ATP-binding protein PstB,-,1409596,0,,FALSE,FALSE,FALSE,
candidate,MIDG2331_RS06420,sprT,SprT family zinc-dependent metalloprotease,+,1420648,0,,FALSE,FALSE,FALSE,
candidate,MIDG2331_RS06780,ptsB,sucrose-specific PTS transporter subunit IIBC,-,1484117,0,,FALSE,FALSE,FALSE,
candidate,MIDG2331_RS06845,apxIIIA,RTX family hemolysin,-,1503800,0,,FALSE,FALSE,FALSE,
candidate,MIDG2331_RS07270,pepN,aminopeptidase N,+,1574641,0,,FALSE,FALSE,FALSE,
candidate,MIDG2331_RS07320,tehB,SAM-dependent methyltransferase TehB,+,1584567,0,,FALSE,FALSE,FALSE,
candidate,MIDG2331_RS07335,artI,transporter substrate-binding domain-containing protein,-,1587646,0,,FALSE,FALSE,FALSE,
candidate,MIDG2331_RS07400,mltF,membrane-bound lytic murein transglycosylase MltF,-,1599376,0,,FALSE,FALSE,FALSE,
candidate,MIDG2331_RS07790,glpC_2,D-2-hydroxyglutarate dehydrogenase YdiJ,+,1681035,0,,FALSE,FALSE,FALSE,
candidate,MIDG2331_RS08050,serA,phosphoglycerate dehydrogenase,+,1739359,0,,FALSE,FALSE,FALSE,
candidate,MIDG2331_RS08140,thrC,threonine synthase,+,1757860,0,,FALSE,FALSE,FALSE,
candidate,MIDG2331_RS08210,cysE,serine O-acetyltransferase,+,1771248,0,,FALSE,FALSE,FALSE,
candidate,MIDG2331_RS08255,ccmI,c-type cytochrome biogenesis protein CcmI,+,1776295,0,,FALSE,FALSE,FALSE,
candidate,MIDG2331_RS08325,epmA,elongation factor P--(R)-beta-lysine ligase,+,1788704,0,,FALSE,FALSE,FALSE,
candidate,MIDG2331_RS08490,wecC,UDP-N-acetyl-D-mannosamine dehydrogenase,-,1818603,0,,FALSE,FALSE,FALSE,
candidate,MIDG2331_RS08585,exbD1,ExbD/TolR family protein,-,1841961,0,,FALSE,FALSE,FALSE,
candidate,MIDG2331_RS08685,modF,molybdate ABC transporter ATP-binding protein ModF,-,1863932,0,,FALSE,FALSE,FALSE,
candidate,MIDG2331_RS08720,lipA,lipoyl synthase,-,1870583,0,,FALSE,FALSE,FALSE,
candidate,MIDG2331_RS08750,mrdA,penicillin-binding protein 2,-,1876906,0,,FALSE,FALSE,FALSE,
candidate,MIDG2331_RS08845,ureA,urease subunit gamma,-,1892765,0,,FALSE,FALSE,FALSE,
candidate,MIDG2331_RS08855,cbiO,energy-coupling factor ABC transporter ATP-binding protein,-,1894405,0,,FALSE,FALSE,FALSE,
candidate,MIDG2331_RS08910,glmS,glutamine--fructose-6-phosphate transaminase (isomerizing),-,1906400,0,,FALSE,FALSE,FALSE,
candidate,MIDG2331_RS09100,gntR,gluconate operon transcriptional repressor GntR,-,1941414,0,,FALSE,FALSE,FALSE,
candidate,MIDG2331_RS09150,dmsD,Tat proofreading chaperone DmsD,+,1951622,0,,FALSE,FALSE,FALSE,
candidate,MIDG2331_RS09295,fkpA2,FKBP-type peptidyl-prolyl cis-trans isomerase,-,1984354,0,,FALSE,FALSE,FALSE,
candidate,MIDG2331_RS09355,secE,preprotein translocase subunit SecE,+,1994932,0,,FALSE,FALSE,FALSE,
candidate,MIDG2331_RS09475,sfsA,DNA/RNA nuclease SfsA,-,2021306,0,,FALSE,FALSE,FALSE,
candidate,MIDG2331_RS09635,nanA,N-acetylneuraminate lyase,+,2048495,0,,FALSE,FALSE,FALSE,
candidate,MIDG2331_RS09755,rpmD,50S ribosomal protein L30,+,2062828,0,,FALSE,FALSE,FALSE,
candidate,MIDG2331_RS10200,ilvC,ketol-acid reductoisomerase,-,2148540,1,0,TRUE,FALSE,TRUE,-58
candidate,MIDG2331_RS10235,dapD,2 3 4 5-tetrahydropyridine-2 6-dicarboxylate N-succinyltransferase,+,2154564,0,,FALSE,FALSE,FALSE,
candidate,MIDG2331_RS10295,dapE,succinyl-diaminopimelate desuccinylase,-,2165409,1,0,TRUE,FALSE,TRUE,3
candidate,MIDG2331_RS10465,dnaK,molecular chaperone DnaK,-,2201899,0,,FALSE,FALSE,FALSE,
candidate,MIDG2331_RS10510,panF,sodium/pantothenate symporter,-,2214230,0,,FALSE,FALSE,FALSE,
candidate,MIDG2331_RS10685,proA,glutamate-5-semialdehyde dehydrogenase,-,2245745,0,,FALSE,FALSE,FALSE,
candidate,MIDG2331_RS10890,fabG,3-oxoacyl-ACP reductase FabG,-,2281574,0,,FALSE,FALSE,FALSE,
candidate,MIDG2331_RS10965,rimI,ribosomal protein S18-alanine N-acetyltransferase,+,2294238,0,,FALSE,FALSE,FALSE,
candidate,MIDG2331_RS11025,hisG,ATP phosphoribosyltransferase,+,2308637,1,0,TRUE,FALSE,TRUE,-23
candidate,MIDG2331_RS11030,hisD,histidinol dehydrogenase,+,2309652,0,,FALSE,FALSE,FALSE,
candidate,MIDG2331_RS11045,hisB,bifunctional histidinol-phosphatase/imidazoleglycerol-phosphate dehydratase HisB,+,2312650,0,,FALSE,FALSE,FALSE,
candidate,MIDG2331_RS11065,hisA,1-(5-phosphoribosyl)-5-[(5- phosphoribosylamino)methylideneamino]imidazole-4- carboxamide isomerase,+,2316342,0,,FALSE,FALSE,FALSE,
