seqname,source,feature,orf_start,orf_end,score,strand,frame,attributes,operonmapper_id,product,orf_left,orf_right,orf_length,operon_id,operon_size,operon_position,operon_role,previous_orf,next_orf,operon_first_orf,operon_last_orf,operon_left,operon_right,operon_members_ordered
NZ_LN908249.1,Protein Homology,CDS,192,1547,.,+,0,ID=dnaA;product=Chromosomal_replication_initiator_protein_DnaA,dnaA,Chromosomal replication initiator protein DnaA,192,1547,1356,1,3,1,first,,dnaN,dnaA,recF,192,4083,dnaA;dnaN;recF
NZ_LN908249.1,Protein Homology,CDS,1564,2667,.,+,0,ID=dnaN;product=DNA_polymerase_III_subunit_beta,dnaN,DNA polymerase III subunit beta,1564,2667,1104,1,3,2,internal,dnaA,recF,dnaA,recF,192,4083,dnaA;dnaN;recF
NZ_LN908249.1,Protein Homology,CDS,3001,4083,.,+,0,ID=recF;product=DNA_replication_and_repair_protein_RecF,recF,DNA replication and repair protein RecF,3001,4083,1083,1,3,3,last,dnaN,,dnaA,recF,192,4083,dnaA;dnaN;recF
NZ_LN908249.1,Protein Homology,CDS,4139,4711,.,-,0,ID=sodC;product=Superoxide_dismutase_[Cu-Zn],sodC,Superoxide dismutase [Cu-Zn],4139,4711,573,2,1,1,single,,,sodC,sodC,4139,4711,sodC
NZ_LN908249.1,Protein Homology,CDS,4894,6006,.,+,0,ID=asd;product=Aspartate-semialdehyde_dehydrogenase,asd,Aspartate-semialdehyde dehydrogenase,4894,6006,1113,3,1,1,single,,,asd,asd,4894,6006,asd
NZ_LN908249.1,Protein Homology,CDS,6133,7263,.,-,0,ID=cds-WP_039769592.1;product=Outer_membrane_protein_P2,cds-WP_039769592.1,Outer membrane protein P2,6133,7263,1131,4,1,1,single,,,cds-WP_039769592.1,cds-WP_039769592.1,6133,7263,cds-WP_039769592.1
NZ_LN908249.1,Protein Homology,CDS,7412,8593,.,+,0,ID=lpxB;product=Lipid-A-disaccharide_synthase,lpxB,Lipid-A-disaccharide synthase,7412,8593,1182,5,2,1,first,,sohB,lpxB,sohB,7412,9678,lpxB;sohB
NZ_LN908249.1,Protein Homology,CDS,8623,9678,.,+,0,ID=sohB;product=Probable_protease_SohB,sohB,Probable protease SohB,8623,9678,1056,5,2,2,last,lpxB,,lpxB,sohB,7412,9678,lpxB;sohB
NZ_LN908249.1,Protein Homology,CDS,9914,10372,.,+,0,ID=mraZ;product=Transcriptional_regulator_MraZ,mraZ,Transcriptional regulator MraZ,9914,10372,459,6,16,1,first,,rsmH,mraZ,lpxC,9914,28624,mraZ;rsmH;ftsL;cds-WP_039709470.1;murE;murF;mraY;murD;ftsW;murG;murC;cds-WP_039709473.1;cds-WP_005595617.1;ftsA;ftsZ;lpxC
NZ_LN908249.1,Protein Homology,CDS,10398,11339,.,+,0,ID=rsmH;product=Ribosomal_RNA_small_subunit_methyltransferase_H,rsmH,Ribosomal RNA small subunit methyltransferase H,10398,11339,942,6,16,2,internal,mraZ,ftsL,mraZ,lpxC,9914,28624,mraZ;rsmH;ftsL;cds-WP_039709470.1;murE;murF;mraY;murD;ftsW;murG;murC;cds-WP_039709473.1;cds-WP_005595617.1;ftsA;ftsZ;lpxC
NZ_LN908249.1,Protein Homology,CDS,11352,11666,.,+,0,ID=ftsL;product=Cell_division_protein_FtsL,ftsL,Cell division protein FtsL,11352,11666,315,6,16,3,internal,rsmH,cds-WP_039709470.1,mraZ,lpxC,9914,28624,mraZ;rsmH;ftsL;cds-WP_039709470.1;murE;murF;mraY;murD;ftsW;murG;murC;cds-WP_039709473.1;cds-WP_005595617.1;ftsA;ftsZ;lpxC
NZ_LN908249.1,Protein Homology,CDS,11670,13730,.,+,0,ID=cds-WP_039709470.1;product=Peptidoglycan_synthase_FtsI,cds-WP_039709470.1,Peptidoglycan synthase FtsI,11670,13730,2061,6,16,4,internal,ftsL,murE,mraZ,lpxC,9914,28624,mraZ;rsmH;ftsL;cds-WP_039709470.1;murE;murF;mraY;murD;ftsW;murG;murC;cds-WP_039709473.1;cds-WP_005595617.1;ftsA;ftsZ;lpxC
NZ_LN908249.1,Protein Homology,CDS,13754,15256,.,+,0,ID=murE;product=UDP-N-acetylmuramoyl-L-alanyl-D-glutamate--26-diaminopimelate_ligase,murE,UDP-N-acetylmuramoyl-L-alanyl-D-glutamate--26-diaminopimelate ligase,13754,15256,1503,6,16,5,internal,cds-WP_039709470.1,murF,mraZ,lpxC,9914,28624,mraZ;rsmH;ftsL;cds-WP_039709470.1;murE;murF;mraY;murD;ftsW;murG;murC;cds-WP_039709473.1;cds-WP_005595617.1;ftsA;ftsZ;lpxC
NZ_LN908249.1,Protein Homology,CDS,15471,16865,.,+,0,ID=murF;product=UDP-N-acetylmuramoyl-tripeptide--D-alanyl-D-alanine_ligase,murF,UDP-N-acetylmuramoyl-tripeptide--D-alanyl-D-alanine ligase,15471,16865,1395,6,16,6,internal,murE,mraY,mraZ,lpxC,9914,28624,mraZ;rsmH;ftsL;cds-WP_039709470.1;murE;murF;mraY;murD;ftsW;murG;murC;cds-WP_039709473.1;cds-WP_005595617.1;ftsA;ftsZ;lpxC
NZ_LN908249.1,Protein Homology,CDS,16962,18044,.,+,0,ID=mraY;product=Phospho-N-acetylmuramoyl-pentapeptide-transferase,mraY,Phospho-N-acetylmuramoyl-pentapeptide-transferase,16962,18044,1083,6,16,7,internal,murF,murD,mraZ,lpxC,9914,28624,mraZ;rsmH;ftsL;cds-WP_039709470.1;murE;murF;mraY;murD;ftsW;murG;murC;cds-WP_039709473.1;cds-WP_005595617.1;ftsA;ftsZ;lpxC
NZ_LN908249.1,Protein Homology,CDS,18128,19438,.,+,0,ID=murD;product=UDP-N-acetylmuramoylalanine--D-glutamate_ligase,murD,UDP-N-acetylmuramoylalanine--D-glutamate ligase,18128,19438,1311,6,16,8,internal,mraY,ftsW,mraZ,lpxC,9914,28624,mraZ;rsmH;ftsL;cds-WP_039709470.1;murE;murF;mraY;murD;ftsW;murG;murC;cds-WP_039709473.1;cds-WP_005595617.1;ftsA;ftsZ;lpxC
NZ_LN908249.1,Protein Homology,CDS,19440,20618,.,+,0,ID=ftsW;product=Putative_lipid_II_flippase_FtsW,ftsW,Putative lipid II flippase FtsW,19440,20618,1179,6,16,9,internal,murD,murG,mraZ,lpxC,9914,28624,mraZ;rsmH;ftsL;cds-WP_039709470.1;murE;murF;mraY;murD;ftsW;murG;murC;cds-WP_039709473.1;cds-WP_005595617.1;ftsA;ftsZ;lpxC
NZ_LN908249.1,Protein Homology,CDS,20773,21828,.,+,0,ID=murG;product=UDP-N-acetylglucosamine--N-acetylmuramyl-(pentapeptide)_pyrophosphoryl-undecaprenol_N-acetylglucosamine_transferase,murG,UDP-N-acetylglucosamine--N-acetylmuramyl-(pentapeptide) pyrophosphoryl-undecaprenol N-acetylglucosamine transferase,20773,21828,1056,6,16,10,internal,ftsW,murC,mraZ,lpxC,9914,28624,mraZ;rsmH;ftsL;cds-WP_039709470.1;murE;murF;mraY;murD;ftsW;murG;murC;cds-WP_039709473.1;cds-WP_005595617.1;ftsA;ftsZ;lpxC
NZ_LN908249.1,Protein Homology,CDS,21880,23307,.,+,0,ID=murC;product=UDP-N-acetylmuramate--L-alanine_ligase,murC,UDP-N-acetylmuramate--L-alanine ligase,21880,23307,1428,6,16,11,internal,murG,cds-WP_039709473.1,mraZ,lpxC,9914,28624,mraZ;rsmH;ftsL;cds-WP_039709470.1;murE;murF;mraY;murD;ftsW;murG;murC;cds-WP_039709473.1;cds-WP_005595617.1;ftsA;ftsZ;lpxC
NZ_LN908249.1,Protein Homology,CDS,23415,24326,.,+,0,ID=cds-WP_039709473.1;product=D-alanine--D-alanine_ligase,cds-WP_039709473.1,D-alanine--D-alanine ligase,23415,24326,912,6,16,12,internal,murC,cds-WP_005595617.1,mraZ,lpxC,9914,28624,mraZ;rsmH;ftsL;cds-WP_039709470.1;murE;murF;mraY;murD;ftsW;murG;murC;cds-WP_039709473.1;cds-WP_005595617.1;ftsA;ftsZ;lpxC
NZ_LN908249.1,Protein Homology,CDS,24467,25120,.,+,0,ID=cds-WP_005595617.1;product=Cell_division_protein_FtsQ,cds-WP_005595617.1,Cell division protein FtsQ,24467,25120,654,6,16,13,internal,cds-WP_039709473.1,ftsA,mraZ,lpxC,9914,28624,mraZ;rsmH;ftsL;cds-WP_039709470.1;murE;murF;mraY;murD;ftsW;murG;murC;cds-WP_039709473.1;cds-WP_005595617.1;ftsA;ftsZ;lpxC
NZ_LN908249.1,Protein Homology,CDS,25146,26420,.,+,0,ID=ftsA;product=Cell_division_protein_FtsA,ftsA,Cell division protein FtsA,25146,26420,1275,6,16,14,internal,cds-WP_005595617.1,ftsZ,mraZ,lpxC,9914,28624,mraZ;rsmH;ftsL;cds-WP_039709470.1;murE;murF;mraY;murD;ftsW;murG;murC;cds-WP_039709473.1;cds-WP_005595617.1;ftsA;ftsZ;lpxC
NZ_LN908249.1,Protein Homology,CDS,26459,27670,.,+,0,ID=ftsZ;product=Cell_division_protein_FtsZ,ftsZ,Cell division protein FtsZ,26459,27670,1212,6,16,15,internal,ftsA,lpxC,mraZ,lpxC,9914,28624,mraZ;rsmH;ftsL;cds-WP_039709470.1;murE;murF;mraY;murD;ftsW;murG;murC;cds-WP_039709473.1;cds-WP_005595617.1;ftsA;ftsZ;lpxC
NZ_LN908249.1,Protein Homology,CDS,27704,28624,.,+,0,ID=lpxC;product=UDP-3-O-acyl-N-acetylglucosamine_deacetylase,lpxC,UDP-3-O-acyl-N-acetylglucosamine deacetylase,27704,28624,921,6,16,16,last,ftsZ,,mraZ,lpxC,9914,28624,mraZ;rsmH;ftsL;cds-WP_039709470.1;murE;murF;mraY;murD;ftsW;murG;murC;cds-WP_039709473.1;cds-WP_005595617.1;ftsA;ftsZ;lpxC
NZ_LN908249.1,Protein Homology,CDS,28786,30459,.,+,0,ID=recN;product=DNA_repair_protein_RecN,recN,DNA repair protein RecN,28786,30459,1674,7,1,1,single,,,recN,recN,28786,30459,recN
NZ_LN908249.1,Protein Homology,CDS,30601,32004,.,-,0,ID=cds-WP_039709518.1;product=Glutathione_import_ATP-binding_protein_GsiA,cds-WP_039709518.1,Glutathione import ATP-binding protein GsiA,30601,32004,1404,8,4,4,last,cds-WP_005599978.1,,cds-WP_012262672.1,cds-WP_039709518.1,30601,35407,cds-WP_012262672.1;cds-WP_005595632.1;cds-WP_005599978.1;cds-WP_039709518.1
NZ_LN908249.1,Protein Homology,CDS,32004,32789,.,-,0,ID=cds-WP_005599978.1;product=Nickel_transport_system_permease_protein_NikC,cds-WP_005599978.1,Nickel transport system permease protein NikC,32004,32789,786,8,4,3,internal,cds-WP_005595632.1,cds-WP_039709518.1,cds-WP_012262672.1,cds-WP_039709518.1,30601,35407,cds-WP_012262672.1;cds-WP_005595632.1;cds-WP_005599978.1;cds-WP_039709518.1
NZ_LN908249.1,Protein Homology,CDS,32792,33739,.,-,0,ID=cds-WP_005595632.1;product=Glutathione_transport_system_permease_protein_GsiC,cds-WP_005595632.1,Glutathione transport system permease protein GsiC,32792,33739,948,8,4,2,internal,cds-WP_012262672.1,cds-WP_005599978.1,cds-WP_012262672.1,cds-WP_039709518.1,30601,35407,cds-WP_012262672.1;cds-WP_005595632.1;cds-WP_005599978.1;cds-WP_039709518.1
NZ_LN908249.1,Protein Homology,CDS,33833,35407,.,-,0,ID=cds-WP_012262672.1;product=Nickel-binding_periplasmic_protein,cds-WP_012262672.1,Nickel-binding periplasmic protein,33833,35407,1575,8,4,1,first,,cds-WP_005595632.1,cds-WP_012262672.1,cds-WP_039709518.1,30601,35407,cds-WP_012262672.1;cds-WP_005595632.1;cds-WP_005599978.1;cds-WP_039709518.1
NZ_LN908249.1,Protein Homology,CDS,35601,37181,.,-,0,ID=prfC;product=Peptide_chain_release_factor_3,prfC,Peptide chain release factor 3,35601,37181,1581,9,1,1,single,,,prfC,prfC,35601,37181,prfC
NZ_LN908249.1,Protein Homology,CDS,37364,37831,.,+,0,ID=cds-WP_005599983.1;product='hypothetical protein',cds-WP_005599983.1,'hypothetical protein',37364,37831,468,10,2,1,first,,cds-WP_005595642.1,cds-WP_005599983.1,cds-WP_005595642.1,37364,38393,cds-WP_005599983.1;cds-WP_005595642.1
NZ_LN908249.1,Protein Homology,CDS,37878,38393,.,+,0,ID=cds-WP_005595642.1;product=Inner_membrane_protein_YhaI,cds-WP_005595642.1,Inner membrane protein YhaI,37878,38393,516,10,2,2,last,cds-WP_005599983.1,,cds-WP_005599983.1,cds-WP_005595642.1,37364,38393,cds-WP_005599983.1;cds-WP_005595642.1
NZ_LN908249.1,Protein Homology,CDS,38520,39104,.,+,0,ID=pth;product=Peptidyl-tRNA_hydrolase,pth,Peptidyl-tRNA hydrolase,38520,39104,585,11,2,1,first,,ychF,pth,ychF,38520,40304,pth;ychF
NZ_LN908249.1,Protein Homology,CDS,39213,40304,.,+,0,ID=ychF;product=Ribosome-binding_ATPase_YchF,ychF,Ribosome-binding ATPase YchF,39213,40304,1092,11,2,2,last,pth,,pth,ychF,38520,40304,pth;ychF
NZ_LN908249.1,Protein Homology,CDS,40376,40813,.,+,0,ID=cds-WP_005595645.1;product='hypothetical protein',cds-WP_005595645.1,'hypothetical protein',40376,40813,438,12,1,1,single,,,cds-WP_005595645.1,cds-WP_005595645.1,40376,40813,cds-WP_005595645.1
NZ_LN908249.1,Protein Homology,CDS,40863,41138,.,-,0,ID=cds-WP_005599987.1;product='hypothetical protein',cds-WP_005599987.1,'hypothetical protein',40863,41138,276,13,3,3,last,cds-WP_005618683.1,,cds-WP_005595649.1,cds-WP_005599987.1,40863,42256,cds-WP_005595649.1;cds-WP_005618683.1;cds-WP_005599987.1
NZ_LN908249.1,Protein Homology,CDS,41169,41633,.,-,0,ID=cds-WP_005618683.1;product=Outer_membrane_lipoprotein_pcp,cds-WP_005618683.1,Outer membrane lipoprotein pcp,41169,41633,465,13,3,2,internal,cds-WP_005595649.1,cds-WP_005599987.1,cds-WP_005595649.1,cds-WP_005599987.1,40863,42256,cds-WP_005595649.1;cds-WP_005618683.1;cds-WP_005599987.1
NZ_LN908249.1,Protein Homology,CDS,41660,42256,.,-,0,ID=cds-WP_005595649.1;product=Uncharacterized_protein_HI_1581/HI_1582,cds-WP_005595649.1,Uncharacterized protein HI 1581/HI 1582,41660,42256,597,13,3,1,first,,cds-WP_005618683.1,cds-WP_005595649.1,cds-WP_005599987.1,40863,42256,cds-WP_005595649.1;cds-WP_005618683.1;cds-WP_005599987.1
NZ_LN908249.1,Protein Homology,CDS,42354,44081,.,+,0,ID=argS;product=Arginine--tRNA_ligase,argS,Arginine--tRNA ligase,42354,44081,1728,14,1,1,single,,,argS,argS,42354,44081,argS
NZ_LN908249.1,Protein Homology,CDS,44225,45400,.,+,0,ID=cgtA;product=GTPase_Obg,cgtA,GTPase Obg,44225,45400,1176,15,1,1,single,,,cgtA,cgtA,44225,45400,cgtA
NZ_LN908249.1,Protein Homology,CDS,45475,46086,.,+,0,ID=cds-WP_005599990.1;product=Uncharacterized_protein_HI_0552,cds-WP_005599990.1,Uncharacterized protein HI 0552,45475,46086,612,16,1,1,single,,,cds-WP_005599990.1,cds-WP_005599990.1,45475,46086,cds-WP_005599990.1
NZ_LN908249.1,Protein Homology,CDS,46186,46929,.,-,0,ID=rlmB;product=23S_rRNA_(guanosine-2'-O-)-methyltransferase_RlmB,rlmB,23S rRNA (guanosine-2'-O-)-methyltransferase RlmB,46186,46929,744,17,1,1,single,,,rlmB,rlmB,46186,46929,rlmB
NZ_LN908249.1,Protein Homology,CDS,47008,48372,.,-,0,ID=pssA;product=CDP-diacylglycerol--serine_O-phosphatidyltransferase,pssA,CDP-diacylglycerol--serine O-phosphatidyltransferase,47008,48372,1365,18,1,1,single,,,pssA,pssA,47008,48372,pssA
NZ_LN908249.1,Protein Homology,CDS,48524,51340,.,-,0,ID=ileS;product=Isoleucine--tRNA_ligase,ileS,Isoleucine--tRNA ligase,48524,51340,2817,19,2,2,last,ribF,,ribF,ileS,48524,52363,ribF;ileS
NZ_LN908249.1,Protein Homology,CDS,51401,52363,.,-,0,ID=ribF;product=Riboflavin_biosynthesis_protein_RibF,ribF,Riboflavin biosynthesis protein RibF,51401,52363,963,19,2,1,first,,ileS,ribF,ileS,48524,52363,ribF;ileS
NZ_LN908249.1,Protein Homology,CDS,52696,53976,.,+,0,ID=nadR;product=Bifunctional_NAD_biosynthesis_protein_NadR,nadR,Bifunctional NAD biosynthesis protein NadR,52696,53976,1281,20,2,1,first,,cds-WP_005595665.1,nadR,cds-WP_005595665.1,52696,54671,nadR;cds-WP_005595665.1
NZ_LN908249.1,Protein Homology,CDS,53973,54671,.,+,0,ID=cds-WP_005595665.1;product=Uncharacterized_protein_HI_0762,cds-WP_005595665.1,Uncharacterized protein HI 0762,53973,54671,699,20,2,2,last,nadR,,nadR,cds-WP_005595665.1,52696,54671,nadR;cds-WP_005595665.1
NZ_LN908249.1,Protein Homology,CDS,54844,55560,.,+,0,ID=arcA;product=Aerobic_respiration_control_protein_ArcA,arcA,Aerobic respiration control protein ArcA,54844,55560,717,21,2,1,first,,cds-WP_005595670.1,arcA,cds-WP_005595670.1,54844,56130,arcA;cds-WP_005595670.1
NZ_LN908249.1,Protein Homology,CDS,55612,56130,.,+,0,ID=cds-WP_005595670.1;product='hypothetical protein',cds-WP_005595670.1,'hypothetical protein',55612,56130,519,21,2,2,last,arcA,,arcA,cds-WP_005595670.1,54844,56130,arcA;cds-WP_005595670.1
NZ_LN908249.1,Protein Homology,CDS,56214,56750,.,-,0,ID=cds-WP_039708895.1;product=3-deoxy-D-manno-octulosonate_8-phosphate_phosphatase_KdsC,cds-WP_039708895.1,3-deoxy-D-manno-octulosonate 8-phosphate phosphatase KdsC,56214,56750,537,22,1,1,single,,,cds-WP_039708895.1,cds-WP_039708895.1,56214,56750,cds-WP_039708895.1
NZ_LN908249.1,Protein Homology,CDS,56805,57500,.,+,0,ID=cds-WP_005611137.1;product=UPF0001_protein_HI_0090,cds-WP_005611137.1,UPF0001 protein HI 0090,56805,57500,696,23,1,1,single,,,cds-WP_005611137.1,cds-WP_005611137.1,56805,57500,cds-WP_005611137.1
NZ_LN908249.1,Protein Homology,CDS,57692,59539,.,+,0,ID=typA;product=GTP-binding_protein_TypA/BipA_homolog,typA,GTP-binding protein TypA/BipA homolog,57692,59539,1848,24,1,1,single,,,typA,typA,57692,59539,typA
NZ_LN908249.1,Protein Homology,CDS,59698,59961,.,+,0,ID=cds-WP_005595677.1;product=Glutaredoxin,cds-WP_005595677.1,Glutaredoxin,59698,59961,264,25,1,1,single,,,cds-WP_005595677.1,cds-WP_005595677.1,59698,59961,cds-WP_005595677.1
NZ_LN908249.1,Protein Homology,CDS,60027,60743,.,-,0,ID=rph;product=Ribonuclease_PH,rph,Ribonuclease PH,60027,60743,717,26,1,1,single,,,rph,rph,60027,60743,rph
NZ_LN908249.1,Protein Homology,CDS,60947,61810,.,+,0,ID=cds-WP_005603224.1;product=UPF0701_protein_HI_0467,cds-WP_005603224.1,UPF0701 protein HI 0467,60947,61810,864,27,2,1,first,,ygfZ,cds-WP_005603224.1,ygfZ,60947,62706,cds-WP_005603224.1;ygfZ
NZ_LN908249.1,Protein Homology,CDS,61819,62706,.,+,0,ID=ygfZ;product=Uncharacterized_protein_HI_0466,ygfZ,Uncharacterized protein HI 0466,61819,62706,888,27,2,2,last,cds-WP_005603224.1,,cds-WP_005603224.1,ygfZ,60947,62706,cds-WP_005603224.1;ygfZ
NZ_LN908249.1,Protein Homology,CDS,62756,63016,.,-,0,ID=cds-WP_005595684.1;product=Uncharacterized_ferredoxin-like_protein_HI_0527,cds-WP_005595684.1,Uncharacterized ferredoxin-like protein HI 0527,62756,63016,261,28,1,1,single,,,cds-WP_005595684.1,cds-WP_005595684.1,62756,63016,cds-WP_005595684.1
NZ_LN908249.1,Protein Homology,CDS,63162,63791,.,-,0,ID=cds-WP_009875503.1;product=Nitrate/nitrite_response_regulator_protein_homolog,cds-WP_009875503.1,Nitrate/nitrite response regulator protein homolog,63162,63791,630,29,1,1,single,,,cds-WP_009875503.1,cds-WP_009875503.1,63162,63791,cds-WP_009875503.1
NZ_LN908249.1,Protein Homology,CDS,63995,66133,.,+,0,ID=rlmKL;product=Ribosomal_RNA_large_subunit_methyltransferase_K/L,rlmKL,Ribosomal RNA large subunit methyltransferase K/L,63995,66133,2139,30,2,1,first,,trmL,rlmKL,trmL,63995,66670,rlmKL;trmL
NZ_LN908249.1,Protein Homology,CDS,66191,66670,.,+,0,ID=trmL;product=tRNA_(cytidine(34)-2'-O)-methyltransferase,trmL,tRNA (cytidine(34)-2'-O)-methyltransferase,66191,66670,480,30,2,2,last,rlmKL,,rlmKL,trmL,63995,66670,rlmKL;trmL
NZ_LN908249.1,Protein Homology,CDS,66810,67757,.,-,0,ID=tal;product=Transaldolase,tal,Transaldolase,66810,67757,948,31,1,1,single,,,tal,tal,66810,67757,tal
NZ_LN908249.1,cmsearch,rRNA,68256,69797,.,+,.,ID=rna-MIDG2331_RS00315;product='rRNA',rna-MIDG2331_RS00315,'rRNA',68256,69797,1542,32,4,1,first,,rna-MIDG2331_RS00320,rna-MIDG2331_RS00315,rrf,68256,73420,rna-MIDG2331_RS00315;rna-MIDG2331_RS00320;rna-MIDG2331_RS00325;rrf
NZ_LN908249.1,tRNAscan-SE,tRNA,69950,70025,.,+,.,ID=rna-MIDG2331_RS00320;product='tRNA',rna-MIDG2331_RS00320,'tRNA',69950,70025,76,32,4,2,internal,rna-MIDG2331_RS00315,rna-MIDG2331_RS00325,rna-MIDG2331_RS00315,rrf,68256,73420,rna-MIDG2331_RS00315;rna-MIDG2331_RS00320;rna-MIDG2331_RS00325;rrf
NZ_LN908249.1,cmsearch,rRNA,70244,73145,.,+,.,ID=rna-MIDG2331_RS00325;product='rRNA',rna-MIDG2331_RS00325,'rRNA',70244,73145,2902,32,4,3,internal,rna-MIDG2331_RS00320,rrf,rna-MIDG2331_RS00315,rrf,68256,73420,rna-MIDG2331_RS00315;rna-MIDG2331_RS00320;rna-MIDG2331_RS00325;rrf
NZ_LN908249.1,cmsearch,rRNA,73305,73420,.,+,.,ID=rrf;product='rRNA',rrf,'rRNA',73305,73420,116,32,4,4,last,rna-MIDG2331_RS00325,,rna-MIDG2331_RS00315,rrf,68256,73420,rna-MIDG2331_RS00315;rna-MIDG2331_RS00320;rna-MIDG2331_RS00325;rrf
NZ_LN908249.1,GeneMarkS-2+,CDS,73464,73613,.,-,0,ID=cds-WP_157752166.1;product='hypothetical protein',cds-WP_157752166.1,'hypothetical protein',73464,73613,150,33,1,1,single,,,cds-WP_157752166.1,cds-WP_157752166.1,73464,73613,cds-WP_157752166.1
NZ_LN908249.1,Protein Homology,CDS,73811,75406,.,+,0,ID=cds-WP_005595694.1;product=Periplasmic_dipeptide_transport_protein,cds-WP_005595694.1,Periplasmic dipeptide transport protein,73811,75406,1596,34,6,1,first,,cds-WP_039708899.1,cds-WP_005595694.1,cds-WP_012262684.1,73811,81274,cds-WP_005595694.1;cds-WP_039708899.1;cds-WP_039708900.1;cds-WP_005595697.1;dppD;cds-WP_012262684.1
NZ_LN908249.1,Protein Homology,CDS,75574,77175,.,+,0,ID=cds-WP_039708899.1;product=Periplasmic_dipeptide_transport_protein,cds-WP_039708899.1,Periplasmic dipeptide transport protein,75574,77175,1602,34,6,2,internal,cds-WP_005595694.1,cds-WP_039708900.1,cds-WP_005595694.1,cds-WP_012262684.1,73811,81274,cds-WP_005595694.1;cds-WP_039708899.1;cds-WP_039708900.1;cds-WP_005595697.1;dppD;cds-WP_012262684.1
NZ_LN908249.1,Protein Homology,CDS,77303,78307,.,+,0,ID=cds-WP_039708900.1;product=Dipeptide_transport_system_permease_protein_DppB,cds-WP_039708900.1,Dipeptide transport system permease protein DppB,77303,78307,1005,34,6,3,internal,cds-WP_039708899.1,cds-WP_005595697.1,cds-WP_005595694.1,cds-WP_012262684.1,73811,81274,cds-WP_005595694.1;cds-WP_039708899.1;cds-WP_039708900.1;cds-WP_005595697.1;dppD;cds-WP_012262684.1
NZ_LN908249.1,Protein Homology,CDS,78385,79275,.,+,0,ID=cds-WP_005595697.1;product=Dipeptide_transport_system_permease_protein_DppC,cds-WP_005595697.1,Dipeptide transport system permease protein DppC,78385,79275,891,34,6,4,internal,cds-WP_039708900.1,dppD,cds-WP_005595694.1,cds-WP_012262684.1,73811,81274,cds-WP_005595694.1;cds-WP_039708899.1;cds-WP_039708900.1;cds-WP_005595697.1;dppD;cds-WP_012262684.1
NZ_LN908249.1,Protein Homology,CDS,79286,80272,.,+,0,ID=dppD;product=Dipeptide_transport_ATP-binding_protein_DppD,dppD,Dipeptide transport ATP-binding protein DppD,79286,80272,987,34,6,5,internal,cds-WP_005595697.1,cds-WP_012262684.1,cds-WP_005595694.1,cds-WP_012262684.1,73811,81274,cds-WP_005595694.1;cds-WP_039708899.1;cds-WP_039708900.1;cds-WP_005595697.1;dppD;cds-WP_012262684.1
NZ_LN908249.1,Protein Homology,CDS,80285,81274,.,+,0,ID=cds-WP_012262684.1;product=Dipeptide_transport_ATP-binding_protein_DppF,cds-WP_012262684.1,Dipeptide transport ATP-binding protein DppF,80285,81274,990,34,6,6,last,dppD,,cds-WP_005595694.1,cds-WP_012262684.1,73811,81274,cds-WP_005595694.1;cds-WP_039708899.1;cds-WP_039708900.1;cds-WP_005595697.1;dppD;cds-WP_012262684.1
NZ_LN908249.1,Protein Homology,CDS,81347,81757,.,-,0,ID=psiE;product=Protein_PsiE_homolog,psiE,Protein PsiE homolog,81347,81757,411,35,1,1,single,,,psiE,psiE,81347,81757,psiE
NZ_LN908249.1,Protein Homology,CDS,81835,82467,.,-,0,ID=cds-WP_012262685.1;product='hypothetical protein',cds-WP_012262685.1,'hypothetical protein',81835,82467,633,36,3,3,last,cds-WP_005595710.1,,cds-WP_005603248.1,cds-WP_012262685.1,81835,83990,cds-WP_005603248.1;cds-WP_005595710.1;cds-WP_012262685.1
NZ_LN908249.1,Protein Homology,CDS,82522,82866,.,-,0,ID=cds-WP_005595710.1;product=RutC_family_protein_HD_0322,cds-WP_005595710.1,RutC family protein HD 0322,82522,82866,345,36,3,2,internal,cds-WP_005603248.1,cds-WP_012262685.1,cds-WP_005603248.1,cds-WP_012262685.1,81835,83990,cds-WP_005603248.1;cds-WP_005595710.1;cds-WP_012262685.1
NZ_LN908249.1,Protein Homology,CDS,82953,83990,.,-,0,ID=cds-WP_005603248.1;product=Branched-chain-amino-acid_aminotransferase,cds-WP_005603248.1,Branched-chain-amino-acid aminotransferase,82953,83990,1038,36,3,1,first,,cds-WP_005595710.1,cds-WP_005603248.1,cds-WP_012262685.1,81835,83990,cds-WP_005603248.1;cds-WP_005595710.1;cds-WP_012262685.1
NZ_LN908249.1,Protein Homology,CDS,84132,84464,.,-,0,ID=grxD;product=Glutaredoxin-4,grxD,Glutaredoxin-4,84132,84464,333,37,1,1,single,,,grxD,grxD,84132,84464,grxD
NZ_LN908249.1,Protein Homology,CDS,84536,85141,.,-,0,ID=recR;product=Recombination_protein_RecR,recR,Recombination protein RecR,84536,85141,606,38,2,2,last,cds-WP_005600053.1,,cds-WP_005600053.1,recR,84536,85541,cds-WP_005600053.1;recR
NZ_LN908249.1,Protein Homology,CDS,85212,85541,.,-,0,ID=cds-WP_005600053.1;product=Nucleoid-associated_protein_APL_0075,cds-WP_005600053.1,Nucleoid-associated protein APL 0075,85212,85541,330,38,2,1,first,,recR,cds-WP_005600053.1,recR,84536,85541,cds-WP_005600053.1;recR
NZ_LN908249.1,Protein Homology,CDS,85710,86567,.,-,0,ID=cds-WP_005595716.1;product=Protein_TonB,cds-WP_005595716.1,Protein TonB,85710,86567,858,39,3,3,last,exbD,,exbB,cds-WP_005595716.1,85710,87463,exbB;exbD;cds-WP_005595716.1
NZ_LN908249.1,Protein Homology,CDS,86577,86966,.,-,0,ID=exbD;product=Biopolymer_transport_protein_ExbD,exbD,Biopolymer transport protein ExbD,86577,86966,390,39,3,2,internal,exbB,cds-WP_005595716.1,exbB,cds-WP_005595716.1,85710,87463,exbB;exbD;cds-WP_005595716.1
NZ_LN908249.1,Protein Homology,CDS,87011,87463,.,-,0,ID=exbB;product=Biopolymer_transport_protein_ExbB,exbB,Biopolymer transport protein ExbB,87011,87463,453,39,3,1,first,,exbD,exbB,cds-WP_005595716.1,85710,87463,exbB;exbD;cds-WP_005595716.1
NZ_LN908249.1,Protein Homology,CDS,87651,87977,.,+,0,ID=glpE;product=Thiosulfate_sulfurtransferase_GlpE,glpE,Thiosulfate sulfurtransferase GlpE,87651,87977,327,40,2,1,first,,cds-WP_005611180.1,glpE,cds-WP_005611180.1,87651,88866,glpE;cds-WP_005611180.1
NZ_LN908249.1,Protein Homology,CDS,88021,88866,.,+,0,ID=cds-WP_005611180.1;product=Uncharacterized_protein_HI_1159,cds-WP_005611180.1,Uncharacterized protein HI 1159,88021,88866,846,40,2,2,last,glpE,,glpE,cds-WP_005611180.1,87651,88866,glpE;cds-WP_005611180.1
NZ_LN908249.1,Protein Homology,CDS,88941,89348,.,-,0,ID=dhaM;product=Protein-lysine_deacetylase,dhaM,Protein-lysine deacetylase,88941,89348,408,41,3,3,last,dhaL,,dhaK,dhaM,88941,91055,dhaK;dhaL;dhaM
NZ_LN908249.1,Protein Homology,CDS,89357,89983,.,-,0,ID=dhaL;product=PEP-dependent_dihydroxyacetone_kinase_ADP-binding_subunit_DhaL,dhaL,PEP-dependent dihydroxyacetone kinase ADP-binding subunit DhaL,89357,89983,627,41,3,2,internal,dhaK,dhaM,dhaK,dhaM,88941,91055,dhaK;dhaL;dhaM
NZ_LN908249.1,Protein Homology,CDS,89985,91055,.,-,0,ID=dhaK;product=PEP-dependent_dihydroxyacetone_kinase_dihydroxyacetone-binding_subunit_DhaK,dhaK,PEP-dependent dihydroxyacetone kinase dihydroxyacetone-binding subunit DhaK,89985,91055,1071,41,3,1,first,,dhaL,dhaK,dhaM,88941,91055,dhaK;dhaL;dhaM
NZ_LN908249.1,Protein Homology,CDS,91225,92178,.,+,0,ID=trxB;product=Thioredoxin_reductase,trxB,Thioredoxin reductase,91225,92178,954,42,1,1,single,,,trxB,trxB,91225,92178,trxB
NZ_LN908249.1,Protein Homology,CDS,92286,93038,.,+,0,ID=kdsB;product=3-deoxy-manno-octulosonate_cytidylyltransferase_1,kdsB,3-deoxy-manno-octulosonate cytidylyltransferase 1,92286,93038,753,43,1,1,single,,,kdsB,kdsB,92286,93038,kdsB
NZ_LN908249.1,Protein Homology,CDS,93162,93587,.,+,0,ID=cds-WP_005595728.1;product=Uncharacterized_protein_YidB,cds-WP_005595728.1,Uncharacterized protein YidB,93162,93587,426,44,1,1,single,,,cds-WP_005595728.1,cds-WP_005595728.1,93162,93587,cds-WP_005595728.1
NZ_LN908249.1,Protein Homology,CDS,93661,94449,.,-,0,ID=nudC;product=NADH_pyrophosphatase,nudC,NADH pyrophosphatase,93661,94449,789,45,5,5,last,cds-WP_039708903.1,,pepQ,nudC,93661,97814,pepQ;cds-WP_005595735.1;cds-WP_039709523.1;cds-WP_039708903.1;nudC
NZ_LN908249.1,Protein Homology,CDS,94449,95147,.,-,0,ID=cds-WP_039708903.1;product=Ribosomal_large_subunit_pseudouridine_synthase_E,cds-WP_039708903.1,Ribosomal large subunit pseudouridine synthase E,94449,95147,699,45,5,4,internal,cds-WP_039709523.1,nudC,pepQ,nudC,93661,97814,pepQ;cds-WP_005595735.1;cds-WP_039709523.1;cds-WP_039708903.1;nudC
NZ_LN908249.1,Protein Homology,CDS,95148,95996,.,-,0,ID=cds-WP_039709523.1;product='hypothetical protein',cds-WP_039709523.1,'hypothetical protein',95148,95996,849,45,5,3,internal,cds-WP_005595735.1,cds-WP_039708903.1,pepQ,nudC,93661,97814,pepQ;cds-WP_005595735.1;cds-WP_039709523.1;cds-WP_039708903.1;nudC
NZ_LN908249.1,Protein Homology,CDS,95996,96460,.,-,0,ID=cds-WP_005595735.1;product=UPF0716_protein_FxsA,cds-WP_005595735.1,UPF0716 protein FxsA,95996,96460,465,45,5,2,internal,pepQ,cds-WP_039709523.1,pepQ,nudC,93661,97814,pepQ;cds-WP_005595735.1;cds-WP_039709523.1;cds-WP_039708903.1;nudC
NZ_LN908249.1,Protein Homology,CDS,96483,97814,.,-,0,ID=pepQ;product=Xaa-Pro_dipeptidase,pepQ,Xaa-Pro dipeptidase,96483,97814,1332,45,5,1,first,,cds-WP_005595735.1,pepQ,nudC,93661,97814,pepQ;cds-WP_005595735.1;cds-WP_039709523.1;cds-WP_039708903.1;nudC
NZ_LN908249.1,Protein Homology,CDS,97838,98077,.,+,0,ID=tusA;product=Sulfurtransferase_TusA_homolog,tusA,Sulfurtransferase TusA homolog,97838,98077,240,46,1,1,single,,,tusA,tusA,97838,98077,tusA
NZ_LN908249.1,Protein Homology,CDS,98127,98567,.,-,0,ID=rraB;product=Regulator_of_ribonuclease_activity_B,rraB,Regulator of ribonuclease activity B,98127,98567,441,47,2,2,last,yihA,,yihA,rraB,98127,99189,yihA;rraB
NZ_LN908249.1,Protein Homology,CDS,98569,99189,.,-,0,ID=yihA;product=Probable_GTP-binding_protein_EngB,yihA,Probable GTP-binding protein EngB,98569,99189,621,47,2,1,first,,rraB,yihA,rraB,98127,99189,yihA;rraB
NZ_LN908249.1,Protein Homology,CDS,99484,99900,.,-,0,ID=cds-WP_011848312.1;product=Uncharacterized_protein_YiiR,cds-WP_011848312.1,Uncharacterized protein YiiR,99484,99900,417,48,2,2,last,cds-WP_039708904.1,,cds-WP_039708904.1,cds-WP_011848312.1,99484,100768,cds-WP_039708904.1;cds-WP_011848312.1
NZ_LN908249.1,Protein Homology,CDS,99938,100768,.,-,0,ID=cds-WP_039708904.1;product=Zinc_transporter_ZIP11,cds-WP_039708904.1,Zinc transporter ZIP11,99938,100768,831,48,2,1,first,,cds-WP_011848312.1,cds-WP_039708904.1,cds-WP_011848312.1,99484,100768,cds-WP_039708904.1;cds-WP_011848312.1
NZ_LN908249.1,Protein Homology,CDS,100919,102754,.,-,0,ID=ilvD;product=Dihydroxy-acid_dehydratase,ilvD,Dihydroxy-acid dehydratase,100919,102754,1836,49,3,3,last,ilvM,,ilvG,ilvD,100919,104763,ilvG;ilvM;ilvD
NZ_LN908249.1,Protein Homology,CDS,102872,103090,.,-,0,ID=ilvM;product=Acetolactate_synthase_isozyme_2_small_subunit,ilvM,Acetolactate synthase isozyme 2 small subunit,102872,103090,219,49,3,2,internal,ilvG,ilvD,ilvG,ilvD,100919,104763,ilvG;ilvM;ilvD
NZ_LN908249.1,Protein Homology,CDS,103111,104763,.,-,0,ID=ilvG;product=Acetolactate_synthase_isozyme_2_large_subunit,ilvG,Acetolactate synthase isozyme 2 large subunit,103111,104763,1653,49,3,1,first,,ilvM,ilvG,ilvD,100919,104763,ilvG;ilvM;ilvD
NZ_LN908249.1,Protein Homology,CDS,105163,106671,.,+,0,ID=nrfA;product=Cytochrome_c-552,nrfA,Cytochrome c-552,105163,106671,1509,50,4,1,first,,nrfB,nrfA,nrfD,105163,108984,nrfA;nrfB;nrfC;nrfD
NZ_LN908249.1,Protein Homology,CDS,106692,107339,.,+,0,ID=nrfB;product=Cytochrome_c-type_protein_NrfB,nrfB,Cytochrome c-type protein NrfB,106692,107339,648,50,4,2,internal,nrfA,nrfC,nrfA,nrfD,105163,108984,nrfA;nrfB;nrfC;nrfD
NZ_LN908249.1,Protein Homology,CDS,107339,108016,.,+,0,ID=nrfC;product=Protein_NrfC_homolog,nrfC,Protein NrfC homolog,107339,108016,678,50,4,3,internal,nrfB,nrfD,nrfA,nrfD,105163,108984,nrfA;nrfB;nrfC;nrfD
NZ_LN908249.1,Protein Homology,CDS,108016,108984,.,+,0,ID=nrfD;product=Protein_NrfD_homolog,nrfD,Protein NrfD homolog,108016,108984,969,50,4,4,last,nrfC,,nrfA,nrfD,105163,108984,nrfA;nrfB;nrfC;nrfD
NZ_LN908249.1,Protein Homology,CDS,109268,122965,.,+,0,ID=cds-WP_058230447.1;product=Adhesin_Ata_autotransporter,cds-WP_058230447.1,Adhesin Ata autotransporter,109268,122965,13698,51,1,1,single,,,cds-WP_058230447.1,cds-WP_058230447.1,109268,122965,cds-WP_058230447.1
NZ_LN908249.1,Protein Homology,CDS,123206,124435,.,-,0,ID=cds-WP_039709525.1;product=Probable_uracil_permease,cds-WP_039709525.1,Probable uracil permease,123206,124435,1230,52,1,1,single,,,cds-WP_039709525.1,cds-WP_039709525.1,123206,124435,cds-WP_039709525.1
NZ_LN908249.1,Protein Homology,CDS,124595,128200,.,-,0,ID=putA;product=Bifunctional_protein_PutA,putA,Bifunctional protein PutA,124595,128200,3606,53,2,2,last,putP,,putP,putA,124595,129817,putP;putA
NZ_LN908249.1,Protein Homology,CDS,128303,129817,.,-,0,ID=putP;product=Sodium/proline_symporter,putP,Sodium/proline symporter,128303,129817,1515,53,2,1,first,,putA,putP,putA,124595,129817,putP;putA
NZ_LN908249.1,Protein Homology,CDS,130392,131177,.,-,0,ID=cds-WP_005606820.1;product=Uncharacterized_HTH-type_transcriptional_regulator_HI_1032,cds-WP_005606820.1,Uncharacterized HTH-type transcriptional regulator HI 1032,130392,131177,786,54,2,2,last,cds-WP_005603300.1,,cds-WP_005603300.1,cds-WP_005606820.1,130392,131749,cds-WP_005603300.1;cds-WP_005606820.1
NZ_LN908249.1,Protein Homology,CDS,131174,131749,.,-,0,ID=cds-WP_005603300.1;product=5-formyltetrahydrofolate_cyclo-ligase,cds-WP_005603300.1,5-formyltetrahydrofolate cyclo-ligase,131174,131749,576,54,2,1,first,,cds-WP_005606820.1,cds-WP_005603300.1,cds-WP_005606820.1,130392,131749,cds-WP_005603300.1;cds-WP_005606820.1
NZ_LN908249.1,Protein Homology,CDS,132020,132340,.,-,0,ID=cds-WP_005595785.1;product=Cell_division_protein_ZapA,cds-WP_005595785.1,Cell division protein ZapA,132020,132340,321,55,1,1,single,,,cds-WP_005595785.1,cds-WP_005595785.1,132020,132340,cds-WP_005595785.1
NZ_LN908249.1,Protein Homology,CDS,132418,132969,.,+,0,ID=cds-WP_005614326.1;product=UPF0149_protein_PM1723,cds-WP_005614326.1,UPF0149 protein PM1723,132418,132969,552,56,1,1,single,,,cds-WP_005614326.1,cds-WP_005614326.1,132418,132969,cds-WP_005614326.1
NZ_LN908249.1,Protein Homology,CDS,133075,134139,.,+,0,ID=hemE;product=Uroporphyrinogen_decarboxylase,hemE,Uroporphyrinogen decarboxylase,133075,134139,1065,57,1,1,single,,,hemE,hemE,133075,134139,hemE
NZ_LN908249.1,Protein Homology,CDS,134263,134853,.,+,0,ID=cds-WP_005618713.1;product=Uncharacterized_protein_HI_0431,cds-WP_005618713.1,Uncharacterized protein HI 0431,134263,134853,591,58,1,1,single,,,cds-WP_005618713.1,cds-WP_005618713.1,134263,134853,cds-WP_005618713.1
NZ_LN908249.1,Protein Homology,CDS,134989,135261,.,+,0,ID=cds-WP_005595795.1;product=DNA-binding_protein_HU,cds-WP_005595795.1,DNA-binding protein HU,134989,135261,273,59,1,1,single,,,cds-WP_005595795.1,cds-WP_005595795.1,134989,135261,cds-WP_005595795.1
NZ_LN908249.1,Protein Homology,CDS,135314,136165,.,-,0,ID=cds-WP_005606830.1;product=Thymidylate_synthase,cds-WP_005606830.1,Thymidylate synthase,135314,136165,852,60,1,1,single,,,cds-WP_005606830.1,cds-WP_005606830.1,135314,136165,cds-WP_005606830.1
NZ_LN908249.1,Protein Homology,CDS,136253,136837,.,+,0,ID=cds-WP_005603308.1;product=Uncharacterized_protein_HI_0449,cds-WP_005603308.1,Uncharacterized protein HI 0449,136253,136837,585,61,1,1,single,,,cds-WP_005603308.1,cds-WP_005603308.1,136253,136837,cds-WP_005603308.1
NZ_LN908249.1,Protein Homology,CDS,136933,137943,.,+,0,ID=bioB;product=Biotin_synthase,bioB,Biotin synthase,136933,137943,1011,62,1,1,single,,,bioB,bioB,136933,137943,bioB
NZ_LN908249.1,Protein Homology,CDS,138007,138216,.,-,0,ID=cspE;product=Cold_shock-like_protein_CspC,cspE,Cold shock-like protein CspC,138007,138216,210,63,1,1,single,,,cspE,cspE,138007,138216,cspE
NZ_LN908249.1,Protein Homology,CDS,138579,139127,.,+,0,ID=proQ;product=RNA_chaperone_ProQ,proQ,RNA chaperone ProQ,138579,139127,549,64,2,1,first,,prc,proQ,prc,138579,141231,proQ;prc
NZ_LN908249.1,Protein Homology,CDS,139219,141231,.,+,0,ID=prc;product=Tail-specific_protease,prc,Tail-specific protease,139219,141231,2013,64,2,2,last,proQ,,proQ,prc,138579,141231,proQ;prc
NZ_LN908249.1,Protein Homology,CDS,141328,142893,.,+,0,ID=cds-WP_005614331.1;product=Putative_LD-transpeptidase_HI_1667,cds-WP_005614331.1,Putative LD-transpeptidase HI 1667,141328,142893,1566,65,3,1,first,,cds-WP_005595812.1,cds-WP_005614331.1,cds-WP_005595814.1,141328,144266,cds-WP_005614331.1;cds-WP_005595812.1;cds-WP_005595814.1
NZ_LN908249.1,Protein Homology,CDS,143065,143619,.,+,0,ID=cds-WP_005595812.1;product=Uncharacterized_protein_YcbK,cds-WP_005595812.1,Uncharacterized protein YcbK,143065,143619,555,65,3,2,internal,cds-WP_005614331.1,cds-WP_005595814.1,cds-WP_005614331.1,cds-WP_005595814.1,141328,144266,cds-WP_005614331.1;cds-WP_005595812.1;cds-WP_005595814.1
NZ_LN908249.1,Protein Homology,CDS,143637,144266,.,+,0,ID=cds-WP_005595814.1;product=Uncharacterized_protein_HI_1663,cds-WP_005595814.1,Uncharacterized protein HI 1663,143637,144266,630,65,3,3,last,cds-WP_005595812.1,,cds-WP_005614331.1,cds-WP_005595814.1,141328,144266,cds-WP_005614331.1;cds-WP_005595812.1;cds-WP_005595814.1
NZ_LN908249.1,Protein Homology,CDS,144269,145018,.,-,0,ID=cds-WP_039708915.1;product=Thiamine_kinase,cds-WP_039708915.1,Thiamine kinase,144269,145018,750,66,3,3,last,cds-WP_005595819.1,,hinT,cds-WP_039708915.1,144269,145756,hinT;cds-WP_005595819.1;cds-WP_039708915.1
NZ_LN908249.1,Protein Homology,CDS,145015,145389,.,-,0,ID=cds-WP_005595819.1;product='hypothetical protein',cds-WP_005595819.1,'hypothetical protein',145015,145389,375,66,3,2,internal,hinT,cds-WP_039708915.1,hinT,cds-WP_039708915.1,144269,145756,hinT;cds-WP_005595819.1;cds-WP_039708915.1
NZ_LN908249.1,Protein Homology,CDS,145391,145756,.,-,0,ID=hinT;product=Purine_nucleoside_phosphoramidase,hinT,Purine nucleoside phosphoramidase,145391,145756,366,66,3,1,first,,cds-WP_005595819.1,hinT,cds-WP_039708915.1,144269,145756,hinT;cds-WP_005595819.1;cds-WP_039708915.1
NZ_LN908249.1,Protein Homology,CDS,145828,146658,.,-,0,ID=cds-WP_005595823.1;product=Probable_iron_transport_system_membrane_protein_HI_0359,cds-WP_005595823.1,Probable iron transport system membrane protein HI 0359,145828,146658,831,67,4,4,last,cds-WP_005620059.1,,rsgA,cds-WP_005595823.1,145828,149156,rsgA;rnhB;cds-WP_005620059.1;cds-WP_005595823.1
NZ_LN908249.1,Protein Homology,CDS,146651,147505,.,-,0,ID=cds-WP_005620059.1;product=Probable_iron_transport_system_membrane_protein_HI_0360,cds-WP_005620059.1,Probable iron transport system membrane protein HI 0360,146651,147505,855,67,4,3,internal,rnhB,cds-WP_005595823.1,rsgA,cds-WP_005595823.1,145828,149156,rsgA;rnhB;cds-WP_005620059.1;cds-WP_005595823.1
NZ_LN908249.1,Protein Homology,CDS,147506,148099,.,-,0,ID=rnhB;product=Ribonuclease_HII,rnhB,Ribonuclease HII,147506,148099,594,67,4,2,internal,rsgA,cds-WP_005620059.1,rsgA,cds-WP_005595823.1,145828,149156,rsgA;rnhB;cds-WP_005620059.1;cds-WP_005595823.1
NZ_LN908249.1,Protein Homology,CDS,148122,149156,.,-,0,ID=rsgA;product=Putative_ribosome_biogenesis_GTPase_RsgA,rsgA,Putative ribosome biogenesis GTPase RsgA,148122,149156,1035,67,4,1,first,,rnhB,rsgA,cds-WP_005595823.1,145828,149156,rsgA;rnhB;cds-WP_005620059.1;cds-WP_005595823.1
NZ_LN908249.1,Protein Homology,CDS,149666,150556,.,+,0,ID=cds-WP_005606844.1;product=Glycine_cleavage_system_transcriptional_activator_homolog,cds-WP_005606844.1,Glycine cleavage system transcriptional activator homolog,149666,150556,891,68,4,1,first,,yjjG,cds-WP_005606844.1,cds-WP_005600150.1,149666,152864,cds-WP_005606844.1;yjjG;cysB;cds-WP_005600150.1
NZ_LN908249.1,Protein Homology,CDS,150556,151236,.,+,0,ID=yjjG;product=Pyrimidine_5'-nucleotidase_YjjG,yjjG,Pyrimidine 5'-nucleotidase YjjG,150556,151236,681,68,4,2,internal,cds-WP_005606844.1,cysB,cds-WP_005606844.1,cds-WP_005600150.1,149666,152864,cds-WP_005606844.1;yjjG;cysB;cds-WP_005600150.1
NZ_LN908249.1,Protein Homology,CDS,151236,152219,.,+,0,ID=cysB;product=HTH-type_transcriptional_regulator_CysB,cysB,HTH-type transcriptional regulator CysB,151236,152219,984,68,4,3,internal,yjjG,cds-WP_005600150.1,cds-WP_005606844.1,cds-WP_005600150.1,149666,152864,cds-WP_005606844.1;yjjG;cysB;cds-WP_005600150.1
NZ_LN908249.1,Protein Homology,CDS,152220,152864,.,+,0,ID=cds-WP_005600150.1;product='hypothetical protein',cds-WP_005600150.1,'hypothetical protein',152220,152864,645,68,4,4,last,cysB,,cds-WP_005606844.1,cds-WP_005600150.1,149666,152864,cds-WP_005606844.1;yjjG;cysB;cds-WP_005600150.1
NZ_LN908249.1,Protein Homology,CDS,152943,153992,.,-,0,ID=ansB;product=Probable_L-asparaginase_periplasmic,ansB,Probable L-asparaginase periplasmic,152943,153992,1050,69,1,1,single,,,ansB,ansB,152943,153992,ansB
NZ_LN908249.1,Protein Homology,CDS,154297,155934,.,+,0,ID=pyrG;product=CTP_synthase,pyrG,CTP synthase,154297,155934,1638,70,1,1,single,,,pyrG,pyrG,154297,155934,pyrG
NZ_LN908249.1,Protein Homology,CDS,156034,156540,.,+,0,ID=cds-WP_039708918.1;product=Uncharacterized_protein_HI_0120,cds-WP_039708918.1,Uncharacterized protein HI 0120,156034,156540,507,71,1,1,single,,,cds-WP_039708918.1,cds-WP_039708918.1,156034,156540,cds-WP_039708918.1
NZ_LN908249.1,Protein Homology,CDS,156586,157188,.,-,0,ID=leuD;product=3-isopropylmalate_dehydratase_small_subunit,leuD,3-isopropylmalate dehydratase small subunit,156586,157188,603,72,2,2,last,leuC,,leuC,leuD,156586,158608,leuC;leuD
NZ_LN908249.1,Protein Homology,CDS,157199,158608,.,-,0,ID=leuC;product=3-isopropylmalate_dehydratase_large_subunit,leuC,3-isopropylmalate dehydratase large subunit,157199,158608,1410,72,2,1,first,,leuD,leuC,leuD,156586,158608,leuC;leuD
NZ_LN908249.1,Protein Homology,CDS,158951,160066,.,+,0,ID=cds-WP_039708919.1;product=Uncharacterized_protein_HI_0093,cds-WP_039708919.1,Uncharacterized protein HI 0093,158951,160066,1116,73,4,1,first,,cds-WP_039708920.1,cds-WP_039708919.1,cds-WP_009875068.1,158951,162891,cds-WP_039708919.1;cds-WP_039708920.1;cds-WP_009875069.1;cds-WP_009875068.1
NZ_LN908249.1,Protein Homology,CDS,160194,161456,.,+,0,ID=cds-WP_039708920.1;product=Uncharacterized_transporter_HI_0092,cds-WP_039708920.1,Uncharacterized transporter HI 0092,160194,161456,1263,73,4,2,internal,cds-WP_039708919.1,cds-WP_009875069.1,cds-WP_039708919.1,cds-WP_009875068.1,158951,162891,cds-WP_039708919.1;cds-WP_039708920.1;cds-WP_009875069.1;cds-WP_009875068.1
NZ_LN908249.1,Protein Homology,CDS,161467,162600,.,+,0,ID=cds-WP_009875069.1;product=Glycerate_kinase,cds-WP_009875069.1,Glycerate kinase,161467,162600,1134,73,4,3,internal,cds-WP_039708920.1,cds-WP_009875068.1,cds-WP_039708919.1,cds-WP_009875068.1,158951,162891,cds-WP_039708919.1;cds-WP_039708920.1;cds-WP_009875069.1;cds-WP_009875068.1
NZ_LN908249.1,Protein Homology,CDS,162619,162891,.,+,0,ID=cds-WP_009875068.1;product=Acylphosphatase,cds-WP_009875068.1,Acylphosphatase,162619,162891,273,73,4,4,last,cds-WP_009875069.1,,cds-WP_039708919.1,cds-WP_009875068.1,158951,162891,cds-WP_039708919.1;cds-WP_039708920.1;cds-WP_009875069.1;cds-WP_009875068.1
NZ_LN908249.1,Protein Homology,CDS,162962,164521,.,-,0,ID=cds-WP_005611255.1;product=Uncharacterized_protein_YbjD,cds-WP_005611255.1,Uncharacterized protein YbjD,162962,164521,1560,74,2,2,last,ppnN,,ppnN,cds-WP_005611255.1,162962,165904,ppnN;cds-WP_005611255.1
NZ_LN908249.1,Protein Homology,CDS,164525,165904,.,-,0,ID=ppnN;product=LOG_family_protein_YgdH,ppnN,LOG family protein YgdH,164525,165904,1380,74,2,1,first,,cds-WP_005611255.1,ppnN,cds-WP_005611255.1,162962,165904,ppnN;cds-WP_005611255.1
NZ_LN908249.1,Protein Homology,CDS,165964,166941,.,-,0,ID=dusA;product=tRNA-dihydrouridine(20/20a)_synthase,dusA,tRNA-dihydrouridine(20/20a) synthase,165964,166941,978,75,1,1,single,,,dusA,dusA,165964,166941,dusA
NZ_LN908249.1,Protein Homology,CDS,167294,168271,.,+,0,ID=cds-WP_005600172.1;product='hypothetical protein',cds-WP_005600172.1,'hypothetical protein',167294,168271,978,76,2,1,first,,cds-WP_005595861.1,cds-WP_005600172.1,cds-WP_005595861.1,167294,169922,cds-WP_005600172.1;cds-WP_005595861.1
NZ_LN908249.1,Protein Homology,CDS,168258,169922,.,+,0,ID=cds-WP_005595861.1;product=Putative_ribonucleoside-diphosphate_reductase_large_subunit,cds-WP_005595861.1,Putative ribonucleoside-diphosphate reductase large subunit,168258,169922,1665,76,2,2,last,cds-WP_005600172.1,,cds-WP_005600172.1,cds-WP_005595861.1,167294,169922,cds-WP_005600172.1;cds-WP_005595861.1
NZ_LN908249.1,Protein Homology,CDS,170057,170656,.,-,0,ID=nfuA;product=Fe/S_biogenesis_protein_NfuA,nfuA,Fe/S biogenesis protein NfuA,170057,170656,600,77,1,1,single,,,nfuA,nfuA,170057,170656,nfuA
NZ_LN908249.1,Protein Homology,CDS,171111,172460,.,+,0,ID=cds-WP_005611261.1;product=Na(+)-translocating_NADH-quinone_reductase_subunit_A,cds-WP_005611261.1,Na(+)-translocating NADH-quinone reductase subunit A,171111,172460,1350,78,8,1,first,,cds-WP_005600179.1,cds-WP_005611261.1,nqrM,171111,178430,cds-WP_005611261.1;cds-WP_005600179.1;cds-WP_039708922.1;cds-WP_005595868.1;nqrE;nqrF;cds-WP_005600183.1;nqrM
NZ_LN908249.1,Protein Homology,CDS,172465,173697,.,+,0,ID=cds-WP_005600179.1;product=Na(+)-translocating_NADH-quinone_reductase_subunit_B,cds-WP_005600179.1,Na(+)-translocating NADH-quinone reductase subunit B,172465,173697,1233,78,8,2,internal,cds-WP_005611261.1,cds-WP_039708922.1,cds-WP_005611261.1,nqrM,171111,178430,cds-WP_005611261.1;cds-WP_005600179.1;cds-WP_039708922.1;cds-WP_005595868.1;nqrE;nqrF;cds-WP_005600183.1;nqrM
NZ_LN908249.1,Protein Homology,CDS,173700,174473,.,+,0,ID=cds-WP_039708922.1;product=Na(+)-translocating_NADH-quinone_reductase_subunit_C,cds-WP_039708922.1,Na(+)-translocating NADH-quinone reductase subunit C,173700,174473,774,78,8,3,internal,cds-WP_005600179.1,cds-WP_005595868.1,cds-WP_005611261.1,nqrM,171111,178430,cds-WP_005611261.1;cds-WP_005600179.1;cds-WP_039708922.1;cds-WP_005595868.1;nqrE;nqrF;cds-WP_005600183.1;nqrM
NZ_LN908249.1,Protein Homology,CDS,174473,175096,.,+,0,ID=cds-WP_005595868.1;product=Na(+)-translocating_NADH-quinone_reductase_subunit_D,cds-WP_005595868.1,Na(+)-translocating NADH-quinone reductase subunit D,174473,175096,624,78,8,4,internal,cds-WP_039708922.1,nqrE,cds-WP_005611261.1,nqrM,171111,178430,cds-WP_005611261.1;cds-WP_005600179.1;cds-WP_039708922.1;cds-WP_005595868.1;nqrE;nqrF;cds-WP_005600183.1;nqrM
NZ_LN908249.1,Protein Homology,CDS,175098,175694,.,+,0,ID=nqrE;product=Na(+)-translocating_NADH-quinone_reductase_subunit_E,nqrE,Na(+)-translocating NADH-quinone reductase subunit E,175098,175694,597,78,8,5,internal,cds-WP_005595868.1,nqrF,cds-WP_005611261.1,nqrM,171111,178430,cds-WP_005611261.1;cds-WP_005600179.1;cds-WP_039708922.1;cds-WP_005595868.1;nqrE;nqrF;cds-WP_005600183.1;nqrM
NZ_LN908249.1,Protein Homology,CDS,175705,176934,.,+,0,ID=nqrF;product=Na(+)-translocating_NADH-quinone_reductase_subunit_F,nqrF,Na(+)-translocating NADH-quinone reductase subunit F,175705,176934,1230,78,8,6,internal,nqrE,cds-WP_005600183.1,cds-WP_005611261.1,nqrM,171111,178430,cds-WP_005611261.1;cds-WP_005600179.1;cds-WP_039708922.1;cds-WP_005595868.1;nqrE;nqrF;cds-WP_005600183.1;nqrM
NZ_LN908249.1,Protein Homology,CDS,177141,178172,.,+,0,ID=cds-WP_005600183.1;product=FAD:protein_FMN_transferase,cds-WP_005600183.1,FAD:protein FMN transferase,177141,178172,1032,78,8,7,internal,nqrF,nqrM,cds-WP_005611261.1,nqrM,171111,178430,cds-WP_005611261.1;cds-WP_005600179.1;cds-WP_039708922.1;cds-WP_005595868.1;nqrE;nqrF;cds-WP_005600183.1;nqrM
NZ_LN908249.1,Protein Homology,CDS,178185,178430,.,+,0,ID=nqrM;product=Uncharacterized_protein_HI_0173,nqrM,Uncharacterized protein HI 0173,178185,178430,246,78,8,8,last,cds-WP_005600183.1,,cds-WP_005611261.1,nqrM,171111,178430,cds-WP_005611261.1;cds-WP_005600179.1;cds-WP_039708922.1;cds-WP_005595868.1;nqrE;nqrF;cds-WP_005600183.1;nqrM
NZ_LN908249.1,Protein Homology,CDS,178661,179830,.,+,0,ID=mnmA;product=tRNA-specific_2-thiouridylase_MnmA,mnmA,tRNA-specific 2-thiouridylase MnmA,178661,179830,1170,79,1,1,single,,,mnmA,mnmA,178661,179830,mnmA
NZ_LN908249.1,Protein Homology,CDS,179903,181057,.,-,0,ID=cds-WP_039708924.1;product=Probable_3-phenylpropionic_acid_transporter,cds-WP_039708924.1,Probable 3-phenylpropionic acid transporter,179903,181057,1155,80,2,2,last,proC,,proC,cds-WP_039708924.1,179903,181872,proC;cds-WP_039708924.1
NZ_LN908249.1,Protein Homology,CDS,181054,181872,.,-,0,ID=proC;product=Pyrroline-5-carboxylate_reductase,proC,Pyrroline-5-carboxylate reductase,181054,181872,819,80,2,1,first,,cds-WP_039708924.1,proC,cds-WP_039708924.1,179903,181872,proC;cds-WP_039708924.1
NZ_LN908249.1,Protein Homology,CDS,182046,182954,.,+,0,ID=rdgC;product=Recombination-associated_protein_RdgC,rdgC,Recombination-associated protein RdgC,182046,182954,909,81,2,1,first,,cds-WP_005600193.1,rdgC,cds-WP_005600193.1,182046,183569,rdgC;cds-WP_005600193.1
NZ_LN908249.1,Protein Homology,CDS,182964,183569,.,+,0,ID=cds-WP_005600193.1;product=Uncharacterized_protein_HI_0488,cds-WP_005600193.1,Uncharacterized protein HI 0488,182964,183569,606,81,2,2,last,rdgC,,rdgC,cds-WP_005600193.1,182046,183569,rdgC;cds-WP_005600193.1
NZ_LN908249.1,Protein Homology,CDS,183826,185607,.,-,0,ID=nrdD;product='hypothetical protein',nrdD,'hypothetical protein',183826,185607,1782,82,2,2,last,nrdG,,nrdG,nrdD,183826,186079,nrdG;nrdD
NZ_LN908249.1,Protein Homology,CDS,185612,186079,.,-,0,ID=nrdG;product='hypothetical protein',nrdG,'hypothetical protein',185612,186079,468,82,2,1,first,,nrdD,nrdG,nrdD,183826,186079,nrdG;nrdD
NZ_LN908249.1,Protein Homology,CDS,186461,187042,.,+,0,ID=rsxA;product=Electron_transport_complex_subunit_A,rsxA,Electron transport complex subunit A,186461,187042,582,83,8,1,first,,rsxB,rsxA,lpxM,186461,193956,rsxA;rsxB;rsxC;cds-WP_005611285.1;rsxD;rsxG;cds-WP_039708929.1;lpxM
NZ_LN908249.1,Protein Homology,CDS,187042,187653,.,+,0,ID=rsxB;product=Electron_transport_complex_subunit_B,rsxB,Electron transport complex subunit B,187042,187653,612,83,8,2,internal,rsxA,rsxC,rsxA,lpxM,186461,193956,rsxA;rsxB;rsxC;cds-WP_005611285.1;rsxD;rsxG;cds-WP_039708929.1;lpxM
NZ_LN908249.1,Protein Homology,CDS,187646,189958,.,+,0,ID=rsxC;product=Electron_transport_complex_subunit_C,rsxC,Electron transport complex subunit C,187646,189958,2313,83,8,3,internal,rsxB,cds-WP_005611285.1,rsxA,lpxM,186461,193956,rsxA;rsxB;rsxC;cds-WP_005611285.1;rsxD;rsxG;cds-WP_039708929.1;lpxM
NZ_LN908249.1,Protein Homology,CDS,189951,190595,.,+,0,ID=cds-WP_005611285.1;product=UPF0126_membrane_protein_VC_2382,cds-WP_005611285.1,UPF0126 membrane protein VC 2382,189951,190595,645,83,8,4,internal,rsxC,rsxD,rsxA,lpxM,186461,193956,rsxA;rsxB;rsxC;cds-WP_005611285.1;rsxD;rsxG;cds-WP_039708929.1;lpxM
NZ_LN908249.1,Protein Homology,CDS,190615,191661,.,+,0,ID=rsxD;product=Electron_transport_complex_subunit_D,rsxD,Electron transport complex subunit D,190615,191661,1047,83,8,5,internal,cds-WP_005611285.1,rsxG,rsxA,lpxM,186461,193956,rsxA;rsxB;rsxC;cds-WP_005611285.1;rsxD;rsxG;cds-WP_039708929.1;lpxM
NZ_LN908249.1,Protein Homology,CDS,191661,192293,.,+,0,ID=rsxG;product=Electron_transport_complex_subunit_G,rsxG,Electron transport complex subunit G,191661,192293,633,83,8,6,internal,rsxD,cds-WP_039708929.1,rsxA,lpxM,186461,193956,rsxA;rsxB;rsxC;cds-WP_005611285.1;rsxD;rsxG;cds-WP_039708929.1;lpxM
NZ_LN908249.1,Protein Homology,CDS,192305,192991,.,+,0,ID=cds-WP_039708929.1;product=Electron_transport_complex_subunit_E,cds-WP_039708929.1,Electron transport complex subunit E,192305,192991,687,83,8,7,internal,rsxG,lpxM,rsxA,lpxM,186461,193956,rsxA;rsxB;rsxC;cds-WP_005611285.1;rsxD;rsxG;cds-WP_039708929.1;lpxM
NZ_LN908249.1,Protein Homology,CDS,193000,193956,.,+,0,ID=lpxM;product=Lipid_A_biosynthesis_myristoyltransferase,lpxM,Lipid A biosynthesis myristoyltransferase,193000,193956,957,83,8,8,last,cds-WP_039708929.1,,rsxA,lpxM,186461,193956,rsxA;rsxB;rsxC;cds-WP_005611285.1;rsxD;rsxG;cds-WP_039708929.1;lpxM
NZ_LN908249.1,Protein Homology,CDS,194016,195002,.,-,0,ID=cds-WP_005595914.1;product=Uncharacterized_protein_HI_0842,cds-WP_005595914.1,Uncharacterized protein HI 0842,194016,195002,987,84,1,1,single,,,cds-WP_005595914.1,cds-WP_005595914.1,194016,195002,cds-WP_005595914.1
NZ_LN908249.1,Protein Homology,CDS,195444,196409,.,+,0,ID=thiB;product=Thiamine-binding_periplasmic_protein,thiB,Thiamine-binding periplasmic protein,195444,196409,966,85,1,1,single,,,thiB,thiB,195444,196409,thiB
NZ_LN908249.1,Protein Homology,CDS,196616,197065,.,+,0,ID=dksA;product=RNA_polymerase-binding_transcription_factor_DksA,dksA,RNA polymerase-binding transcription factor DksA,196616,197065,450,86,3,1,first,,pcnB,dksA,folK,196616,199280,dksA;pcnB;folK
NZ_LN908249.1,Protein Homology,CDS,197208,198740,.,+,0,ID=pcnB;product=Poly(A)_polymerase_I,pcnB,Poly(A) polymerase I,197208,198740,1533,86,3,2,internal,dksA,folK,dksA,folK,196616,199280,dksA;pcnB;folK
NZ_LN908249.1,Protein Homology,CDS,198810,199280,.,+,0,ID=folK;product=2-amino-4-hydroxy-6-hydroxymethyldihydropteridine_pyrophosphokinase,folK,2-amino-4-hydroxy-6-hydroxymethyldihydropteridine pyrophosphokinase,198810,199280,471,86,3,3,last,pcnB,,dksA,folK,196616,199280,dksA;pcnB;folK
NZ_LN908249.1,Protein Homology,CDS,199317,199538,.,-,0,ID=cds-WP_005595920.1;product='hypothetical protein',cds-WP_005595920.1,'hypothetical protein',199317,199538,222,87,3,3,last,cds-WP_039708930.1,,cds-WP_005603407.1,cds-WP_005595920.1,199317,203088,cds-WP_005603407.1;cds-WP_039708930.1;cds-WP_005595920.1
NZ_LN908249.1,Protein Homology,CDS,199535,202264,.,-,0,ID=cds-WP_039708930.1;product=Uncharacterized_protein_YdbH,cds-WP_039708930.1,Uncharacterized protein YdbH,199535,202264,2730,87,3,2,internal,cds-WP_005603407.1,cds-WP_005595920.1,cds-WP_005603407.1,cds-WP_005595920.1,199317,203088,cds-WP_005603407.1;cds-WP_039708930.1;cds-WP_005595920.1
NZ_LN908249.1,Protein Homology,CDS,202264,203088,.,-,0,ID=cds-WP_005603407.1;product=Uncharacterized_protein_HI_1241,cds-WP_005603407.1,Uncharacterized protein HI 1241,202264,203088,825,87,3,1,first,,cds-WP_039708930.1,cds-WP_005603407.1,cds-WP_005595920.1,199317,203088,cds-WP_005603407.1;cds-WP_039708930.1;cds-WP_005595920.1
NZ_LN908249.1,Protein Homology,CDS,203186,203593,.,+,0,ID=gloA;product=Lactoylglutathione_lyase,gloA,Lactoylglutathione lyase,203186,203593,408,88,1,1,single,,,gloA,gloA,203186,203593,gloA
NZ_LN908249.1,Protein Homology,CDS,203733,204389,.,+,0,ID=rnt;product=Ribonuclease_T,rnt,Ribonuclease T,203733,204389,657,89,1,1,single,,,rnt,rnt,203733,204389,rnt
NZ_LN908249.1,Protein Homology,CDS,204480,205757,.,-,0,ID=cds-WP_005600233.1;product=Uncharacterized_protein_PM0681,cds-WP_005600233.1,Uncharacterized protein PM0681,204480,205757,1278,90,1,1,single,,,cds-WP_005600233.1,cds-WP_005600233.1,204480,205757,cds-WP_005600233.1
NZ_LN908249.1,Protein Homology,CDS,206333,207454,.,-,0,ID=tyrA;product=T-protein,tyrA,T-protein,206333,207454,1122,91,3,3,last,cds-WP_005600235.1,,cds-WP_039708932.1,tyrA,206333,209716,cds-WP_039708932.1;cds-WP_005600235.1;tyrA
NZ_LN908249.1,Protein Homology,CDS,207567,208628,.,-,0,ID=cds-WP_005600235.1;product=Phospho-2-dehydro-3-deoxyheptonate_aldolase_Tyr-sensitive,cds-WP_005600235.1,Phospho-2-dehydro-3-deoxyheptonate aldolase Tyr-sensitive,207567,208628,1062,91,3,2,internal,cds-WP_039708932.1,tyrA,cds-WP_039708932.1,tyrA,206333,209716,cds-WP_039708932.1;cds-WP_005600235.1;tyrA
NZ_LN908249.1,Protein Homology,CDS,208670,209716,.,-,0,ID=cds-WP_039708932.1;product=Putative_glycosyltransferase_HI_0261,cds-WP_039708932.1,Putative glycosyltransferase HI 0261,208670,209716,1047,91,3,1,first,,cds-WP_005600235.1,cds-WP_039708932.1,tyrA,206333,209716,cds-WP_039708932.1;cds-WP_005600235.1;tyrA
NZ_LN908249.1,Protein Homology,CDS,209804,211243,.,-,0,ID=pyk;product=Pyruvate_kinase,pyk,Pyruvate kinase,209804,211243,1440,92,1,1,single,,,pyk,pyk,209804,211243,pyk
NZ_LN908249.1,Protein Homology,CDS,211375,211866,.,+,0,ID=sixA;product=Phosphohistidine_phosphatase_SixA_homolog,sixA,Phosphohistidine phosphatase SixA homolog,211375,211866,492,93,1,1,single,,,sixA,sixA,211375,211866,sixA
NZ_LN908249.1,Protein Homology,CDS,212089,213051,.,+,0,ID=dusB;product=tRNA-dihydrouridine_synthase_B,dusB,tRNA-dihydrouridine synthase B,212089,213051,963,94,2,1,first,,fis,dusB,fis,212089,213375,dusB;fis
NZ_LN908249.1,Protein Homology,CDS,213079,213375,.,+,0,ID=fis;product=DNA-binding_protein_Fis,fis,DNA-binding protein Fis,213079,213375,297,94,2,2,last,dusB,,dusB,fis,212089,213375,dusB;fis
NZ_LN908249.1,Protein Homology,CDS,213440,214798,.,-,0,ID=cds-WP_039708935.1;product=Uncharacterized_sodium-dependent_transporter_HI_1690,cds-WP_039708935.1,Uncharacterized sodium-dependent transporter HI 1690,213440,214798,1359,95,1,1,single,,,cds-WP_039708935.1,cds-WP_039708935.1,213440,214798,cds-WP_039708935.1
NZ_LN908249.1,Protein Homology,CDS,214863,215696,.,-,0,ID=cds-WP_005595957.1;product=DNA_adenine_methylase,cds-WP_005595957.1,DNA adenine methylase,214863,215696,834,96,4,4,last,aroB,,cds-WP_005595965.1,cds-WP_005595957.1,214863,220213,cds-WP_005595965.1;aroK;aroB;cds-WP_005595957.1
NZ_LN908249.1,Protein Homology,CDS,215689,216789,.,-,0,ID=aroB;product=3-dehydroquinate_synthase,aroB,3-dehydroquinate synthase,215689,216789,1101,96,4,3,internal,aroK,cds-WP_005595957.1,cds-WP_005595965.1,cds-WP_005595957.1,214863,220213,cds-WP_005595965.1;aroK;aroB;cds-WP_005595957.1
NZ_LN908249.1,Protein Homology,CDS,216863,217384,.,-,0,ID=aroK;product=Shikimate_kinase,aroK,Shikimate kinase,216863,217384,522,96,4,2,internal,cds-WP_005595965.1,aroB,cds-WP_005595965.1,cds-WP_005595957.1,214863,220213,cds-WP_005595965.1;aroK;aroB;cds-WP_005595957.1
NZ_LN908249.1,Protein Homology,CDS,217646,220213,.,-,0,ID=cds-WP_005595965.1;product=Penicillin-binding_protein_1A,cds-WP_005595965.1,Penicillin-binding protein 1A,217646,220213,2568,96,4,1,first,,aroK,cds-WP_005595965.1,cds-WP_005595957.1,214863,220213,cds-WP_005595965.1;aroK;aroB;cds-WP_005595957.1
NZ_LN908249.1,Protein Homology,CDS,220352,221032,.,+,0,ID=cds-WP_039708937.1;product='hypothetical protein',cds-WP_039708937.1,'hypothetical protein',220352,221032,681,97,2,1,first,,cds-WP_005595970.1,cds-WP_039708937.1,cds-WP_005595970.1,220352,221535,cds-WP_039708937.1;cds-WP_005595970.1
NZ_LN908249.1,Protein Homology,CDS,221014,221535,.,+,0,ID=cds-WP_005595970.1;product='hypothetical protein',cds-WP_005595970.1,'hypothetical protein',221014,221535,522,97,2,2,last,cds-WP_039708937.1,,cds-WP_039708937.1,cds-WP_005595970.1,220352,221535,cds-WP_039708937.1;cds-WP_005595970.1
NZ_LN908249.1,Protein Homology,CDS,221634,222065,.,+,0,ID=cds-WP_005595972.1;product='hypothetical protein',cds-WP_005595972.1,'hypothetical protein',221634,222065,432,98,3,1,first,,cds-WP_005595974.1,cds-WP_005595972.1,pilQ,221634,223772,cds-WP_005595972.1;cds-WP_005595974.1;pilQ
NZ_LN908249.1,Protein Homology,CDS,222058,222462,.,+,0,ID=cds-WP_005595974.1;product='hypothetical protein',cds-WP_005595974.1,'hypothetical protein',222058,222462,405,98,3,2,internal,cds-WP_005595972.1,pilQ,cds-WP_005595972.1,pilQ,221634,223772,cds-WP_005595972.1;cds-WP_005595974.1;pilQ
NZ_LN908249.1,Protein Homology,CDS,222474,223772,.,+,0,ID=pilQ;product=Competence_protein_E,pilQ,Competence protein E,222474,223772,1299,98,3,3,last,cds-WP_005595974.1,,cds-WP_005595972.1,pilQ,221634,223772,cds-WP_005595972.1;cds-WP_005595974.1;pilQ
NZ_LN908249.1,Protein Homology,CDS,223898,224311,.,+,0,ID=nusB;product=N_utilization_substance_protein_B_homolog,nusB,N utilization substance protein B homolog,223898,224311,414,99,4,1,first,,thiL,nusB,cds-WP_039709529.1,223898,226466,nusB;thiL;cds-WP_005603437.1;cds-WP_039709529.1
NZ_LN908249.1,Protein Homology,CDS,224376,225341,.,+,0,ID=thiL;product=Thiamine-monophosphate_kinase,thiL,Thiamine-monophosphate kinase,224376,225341,966,99,4,2,internal,nusB,cds-WP_005603437.1,nusB,cds-WP_039709529.1,223898,226466,nusB;thiL;cds-WP_005603437.1;cds-WP_039709529.1
NZ_LN908249.1,Protein Homology,CDS,225354,225827,.,+,0,ID=cds-WP_005603437.1;product=Phosphatidylglycerophosphatase_A,cds-WP_005603437.1,Phosphatidylglycerophosphatase A,225354,225827,474,99,4,3,internal,thiL,cds-WP_039709529.1,nusB,cds-WP_039709529.1,223898,226466,nusB;thiL;cds-WP_005603437.1;cds-WP_039709529.1
NZ_LN908249.1,Protein Homology,CDS,225840,226466,.,+,0,ID=cds-WP_039709529.1;product=Uncharacterized_membrane_protein_HI_1307,cds-WP_039709529.1,Uncharacterized membrane protein HI 1307,225840,226466,627,99,4,4,last,cds-WP_005603437.1,,nusB,cds-WP_039709529.1,223898,226466,nusB;thiL;cds-WP_005603437.1;cds-WP_039709529.1
NZ_LN908249.1,Protein Homology,CDS,226514,227551,.,-,0,ID=cds-WP_058230448.1;product=Uncharacterized_tRNA/rRNA_methyltransferase_HI_0424,cds-WP_058230448.1,Uncharacterized tRNA/rRNA methyltransferase HI 0424,226514,227551,1038,100,1,1,single,,,cds-WP_058230448.1,cds-WP_058230448.1,226514,227551,cds-WP_058230448.1
NZ_LN908249.1,Protein Homology,CDS,227717,228529,.,+,0,ID=suhB;product=Inositol-1-monophosphatase,suhB,Inositol-1-monophosphatase,227717,228529,813,101,1,1,single,,,suhB,suhB,227717,228529,suhB
NZ_LN908249.1,Protein Homology,CDS,228650,230503,.,+,0,ID=dxs;product=1-deoxy-D-xylulose-5-phosphate_synthase,dxs,1-deoxy-D-xylulose-5-phosphate synthase,228650,230503,1854,102,1,1,single,,,dxs,dxs,228650,230503,dxs
NZ_LN908249.1,Protein Homology,CDS,231429,231882,.,-,0,ID=cds-WP_144435017.1;product=Uncharacterized_protein_HI_1720,cds-WP_144435017.1,Uncharacterized protein HI 1720,231429,231882,454,103,2,1,first,,cds-WP_144435017.1_2,cds-WP_144435017.1,cds-WP_144435017.1_2,230549,231882,cds-WP_144435017.1;cds-WP_144435017.1_2
NZ_LN908249.1,Protein Homology,CDS,230549,231429,.,-,2,ID=cds-WP_144435017.1_2;product='hypothetical protein',cds-WP_144435017.1_2,'hypothetical protein',230549,231429,881,103,2,2,last,cds-WP_144435017.1,,cds-WP_144435017.1,cds-WP_144435017.1_2,230549,231882,cds-WP_144435017.1;cds-WP_144435017.1_2
NZ_LN908249.1,Protein Homology,CDS,231971,233236,.,-,0,ID=glyA;product=Serine_hydroxymethyltransferase,glyA,Serine hydroxymethyltransferase,231971,233236,1266,104,1,1,single,,,glyA,glyA,231971,233236,glyA
NZ_LN908249.1,Protein Homology,CDS,233467,234354,.,-,0,ID=cds-WP_005596005.1;product=NAD_kinase,cds-WP_005596005.1,NAD kinase,233467,234354,888,105,1,1,single,,,cds-WP_005596005.1,cds-WP_005596005.1,233467,234354,cds-WP_005596005.1
NZ_LN908249.1,Protein Homology,CDS,234445,237792,.,-,0,ID=cas3f;product=CRISPR-associated_nuclease/helicase_Cas3_subtype_I-F/YPEST,cas3f,CRISPR-associated nuclease/helicase Cas3 subtype I-F/YPEST,234445,237792,3348,106,2,2,last,cas1f,,cas1f,cas3f,234445,238745,cas1f;cas3f
NZ_LN908249.1,Protein Homology,CDS,237789,238745,.,-,0,ID=cas1f;product=CRISPR-associated_endonuclease_Cas1,cas1f,CRISPR-associated endonuclease Cas1,237789,238745,957,106,2,1,first,,cas3f,cas1f,cas3f,234445,238745,cas1f;cas3f
NZ_LN908249.1,Protein Homology,CDS,240151,240720,.,-,0,ID=cas6f;product='hypothetical protein',cas6f,'hypothetical protein',240151,240720,570,107,4,4,last,csy3,,csy1,cas6f,240151,244025,csy1;csy2;csy3;cas6f
NZ_LN908249.1,Protein Homology,CDS,240723,241718,.,-,0,ID=csy3;product=CRISPR-associated_protein_Csy3,csy3,CRISPR-associated protein Csy3,240723,241718,996,107,4,3,internal,csy2,cas6f,csy1,cas6f,240151,244025,csy1;csy2;csy3;cas6f
NZ_LN908249.1,Protein Homology,CDS,241720,242679,.,-,0,ID=csy2;product=CRISPR-associated_protein_Csy2,csy2,CRISPR-associated protein Csy2,241720,242679,960,107,4,2,internal,csy1,csy3,csy1,cas6f,240151,244025,csy1;csy2;csy3;cas6f
NZ_LN908249.1,Protein Homology,CDS,242676,244025,.,-,0,ID=csy1;product=CRISPR-associated_protein_Csy1,csy1,CRISPR-associated protein Csy1,242676,244025,1350,107,4,1,first,,csy2,csy1,cas6f,240151,244025,csy1;csy2;csy3;cas6f
NZ_LN908249.1,Protein Homology,CDS,244475,246406,.,+,0,ID=thrS;product=Threonine--tRNA_ligase,thrS,Threonine--tRNA ligase,244475,246406,1932,108,1,1,single,,,thrS,thrS,244475,246406,thrS
NZ_LN908249.1,Protein Homology,CDS,246548,247222,.,+,0,ID=cds-WP_005596031.1;product=Putative_lipoprotein_NMB1126/NMB1164,cds-WP_005596031.1,Putative lipoprotein NMB1126/NMB1164,246548,247222,675,109,3,1,first,,cds-WP_011848337.1,cds-WP_005596031.1,cds-WP_005620909.1,246548,248250,cds-WP_005596031.1;cds-WP_011848337.1;cds-WP_005620909.1
NZ_LN908249.1,Protein Homology,CDS,247232,247579,.,+,0,ID=cds-WP_011848337.1;product='hypothetical protein',cds-WP_011848337.1,'hypothetical protein',247232,247579,348,109,3,2,internal,cds-WP_005596031.1,cds-WP_005620909.1,cds-WP_005596031.1,cds-WP_005620909.1,246548,248250,cds-WP_005596031.1;cds-WP_011848337.1;cds-WP_005620909.1
NZ_LN908249.1,Protein Homology,CDS,247591,248250,.,+,0,ID=cds-WP_005620909.1;product=Putative_lipoprotein_NMB1124/NMB1162,cds-WP_005620909.1,Putative lipoprotein NMB1124/NMB1162,247591,248250,660,109,3,3,last,cds-WP_011848337.1,,cds-WP_005596031.1,cds-WP_005620909.1,246548,248250,cds-WP_005596031.1;cds-WP_011848337.1;cds-WP_005620909.1
NZ_LN908249.1,Protein Homology,CDS,248465,249007,.,+,0,ID=infC;product=Translation_initiation_factor_IF-3,infC,Translation initiation factor IF-3,248465,249007,543,110,5,1,first,,rpmI,infC,cds-WP_005596079.1,248465,250785,infC;rpmI;rplT;cds-WP_005600280.1;cds-WP_005596079.1
NZ_LN908249.1,Protein Homology,CDS,249256,249453,.,+,0,ID=rpmI;product=50S_ribosomal_protein_L35,rpmI,50S ribosomal protein L35,249256,249453,198,110,5,2,internal,infC,rplT,infC,cds-WP_005596079.1,248465,250785,infC;rpmI;rplT;cds-WP_005600280.1;cds-WP_005596079.1
NZ_LN908249.1,Protein Homology,CDS,249521,249874,.,+,0,ID=rplT;product=50S_ribosomal_protein_L20,rplT,50S ribosomal protein L20,249521,249874,354,110,5,3,internal,rpmI,cds-WP_005600280.1,infC,cds-WP_005596079.1,248465,250785,infC;rpmI;rplT;cds-WP_005600280.1;cds-WP_005596079.1
NZ_LN908249.1,Protein Homology,CDS,249923,250459,.,+,0,ID=cds-WP_005600280.1;product=Uncharacterized_protein_PM0531,cds-WP_005600280.1,Uncharacterized protein PM0531,249923,250459,537,110,5,4,internal,rplT,cds-WP_005596079.1,infC,cds-WP_005596079.1,248465,250785,infC;rpmI;rplT;cds-WP_005600280.1;cds-WP_005596079.1
NZ_LN908249.1,Protein Homology,CDS,250492,250785,.,+,0,ID=cds-WP_005596079.1;product='hypothetical protein',cds-WP_005596079.1,'hypothetical protein',250492,250785,294,110,5,5,last,cds-WP_005600280.1,,infC,cds-WP_005596079.1,248465,250785,infC;rpmI;rplT;cds-WP_005600280.1;cds-WP_005596079.1
NZ_LN908249.1,Protein Homology,CDS,250842,252137,.,-,0,ID=paeA;product=UPF0053_protein_HI_0452,paeA,UPF0053 protein HI 0452,250842,252137,1296,111,2,2,last,cds-WP_005596082.1,,cds-WP_005596082.1,paeA,250842,252831,cds-WP_005596082.1;paeA
NZ_LN908249.1,Protein Homology,CDS,252181,252831,.,-,0,ID=cds-WP_005596082.1;product=Uncharacterized_RNA_pseudouridine_synthase_HI_0042,cds-WP_005596082.1,Uncharacterized RNA pseudouridine synthase HI 0042,252181,252831,651,111,2,1,first,,paeA,cds-WP_005596082.1,paeA,250842,252831,cds-WP_005596082.1;paeA
NZ_LN908249.1,Protein Homology,CDS,252881,253513,.,+,0,ID=cds-WP_058230449.1;product=Probable_phosphoglycerate_mutase_GpmB,cds-WP_058230449.1,Probable phosphoglycerate mutase GpmB,252881,253513,633,112,1,1,single,,,cds-WP_058230449.1,cds-WP_058230449.1,252881,253513,cds-WP_058230449.1
NZ_LN908249.1,Protein Homology,CDS,253580,253993,.,-,0,ID=ruvX;product=Putative_pre-16S_rRNA_nuclease,ruvX,Putative pre-16S rRNA nuclease,253580,253993,414,113,3,3,last,cds-WP_039768023.1,,rsmE,ruvX,253580,255337,rsmE;cds-WP_039768023.1;ruvX
NZ_LN908249.1,Protein Homology,CDS,254046,254606,.,-,0,ID=cds-WP_039768023.1;product=UPF0301_protein_APL_0232,cds-WP_039768023.1,UPF0301 protein APL 0232,254046,254606,561,113,3,2,internal,rsmE,ruvX,rsmE,ruvX,253580,255337,rsmE;cds-WP_039768023.1;ruvX
NZ_LN908249.1,Protein Homology,CDS,254606,255337,.,-,0,ID=rsmE;product=Ribosomal_RNA_small_subunit_methyltransferase_E,rsmE,Ribosomal RNA small subunit methyltransferase E,254606,255337,732,113,3,1,first,,cds-WP_039768023.1,rsmE,ruvX,253580,255337,rsmE;cds-WP_039768023.1;ruvX
NZ_LN908249.1,Protein Homology,CDS,255512,256102,.,-,0,ID=cds-WP_005596088.1;product=Uncharacterized_lipoprotein_HI_0162,cds-WP_005596088.1,Uncharacterized lipoprotein HI 0162,255512,256102,591,114,1,1,single,,,cds-WP_005596088.1,cds-WP_005596088.1,255512,256102,cds-WP_005596088.1
NZ_LN908249.1,Protein Homology,CDS,256231,256542,.,+,0,ID=cds-WP_005596090.1;product=DNA-binding_transcriptional_regulator_BolA,cds-WP_005596090.1,DNA-binding transcriptional regulator BolA,256231,256542,312,115,1,1,single,,,cds-WP_005596090.1,cds-WP_005596090.1,256231,256542,cds-WP_005596090.1
NZ_LN908249.1,tRNAscan-SE,tRNA,256654,256743,.,+,.,ID=rna-MIDG2331_RS01195;product='tRNA',rna-MIDG2331_RS01195,'tRNA',256654,256743,90,116,1,1,single,,,rna-MIDG2331_RS01195,rna-MIDG2331_RS01195,256654,256743,rna-MIDG2331_RS01195
NZ_LN908249.1,Protein Homology,CDS,256935,257309,.,-,0,ID=cds-WP_005603483.1;product='hypothetical protein',cds-WP_005603483.1,'hypothetical protein',256935,257309,375,117,2,2,last,cds-WP_009875331.1,,cds-WP_009875331.1,cds-WP_005603483.1,256935,257637,cds-WP_009875331.1;cds-WP_005603483.1
NZ_LN908249.1,Protein Homology,CDS,257329,257637,.,-,0,ID=cds-WP_009875331.1;product='hypothetical protein',cds-WP_009875331.1,'hypothetical protein',257329,257637,309,117,2,1,first,,cds-WP_005603483.1,cds-WP_009875331.1,cds-WP_005603483.1,256935,257637,cds-WP_009875331.1;cds-WP_005603483.1
NZ_LN908249.1,Protein Homology,CDS,257740,258066,.,+,0,ID=secM;product='hypothetical protein',secM,'hypothetical protein',257740,258066,327,118,1,1,single,,,secM,secM,257740,258066,secM
NZ_LN908249.1,Protein Homology,CDS,258175,260892,.,+,0,ID=secA;product=Protein_translocase_subunit_SecA,secA,Protein translocase subunit SecA,258175,260892,2718,119,3,1,first,,cds-WP_039708944.1,secA,mutT,258175,262604,secA;cds-WP_039708944.1;mutT
NZ_LN908249.1,Protein Homology,CDS,261022,262209,.,+,0,ID=cds-WP_039708944.1;product=Protein_FlbA,cds-WP_039708944.1,Protein FlbA,261022,262209,1188,119,3,2,internal,secA,mutT,secA,mutT,258175,262604,secA;cds-WP_039708944.1;mutT
NZ_LN908249.1,Protein Homology,CDS,262206,262604,.,+,0,ID=mutT;product=8-oxo-dGTP_diphosphatase,mutT,8-oxo-dGTP diphosphatase,262206,262604,399,119,3,3,last,cds-WP_039708944.1,,secA,mutT,258175,262604,secA;cds-WP_039708944.1;mutT
NZ_LN908249.1,Protein Homology,CDS,262839,263783,.,+,0,ID=argC;product=N-acetyl-gamma-glutamyl-phosphate_reductase,argC,N-acetyl-gamma-glutamyl-phosphate reductase,262839,263783,945,120,3,1,first,,argB,argC,cds-WP_039708945.1,262839,265862,argC;argB;cds-WP_039708945.1
NZ_LN908249.1,Protein Homology,CDS,263813,264667,.,+,0,ID=argB;product=Acetylglutamate_kinase,argB,Acetylglutamate kinase,263813,264667,855,120,3,2,internal,argC,cds-WP_039708945.1,argC,cds-WP_039708945.1,262839,265862,argC;argB;cds-WP_039708945.1
NZ_LN908249.1,Protein Homology,CDS,264681,265862,.,+,0,ID=cds-WP_039708945.1;product=Acetylornithine_aminotransferase,cds-WP_039708945.1,Acetylornithine aminotransferase,264681,265862,1182,120,3,3,last,argB,,argC,cds-WP_039708945.1,262839,265862,argC;argB;cds-WP_039708945.1
NZ_LN908249.1,Protein Homology,CDS,266076,267785,.,+,0,ID=cds-WP_039708946.1;product=Transferrin-binding_protein_2,cds-WP_039708946.1,Transferrin-binding protein 2,266076,267785,1710,121,2,1,first,,cds-WP_231944214.1,cds-WP_039708946.1,cds-WP_231944214.1,266076,268444,cds-WP_039708946.1;cds-WP_231944214.1
NZ_LN908249.1,Protein Homology,CDS,267800,268444,.,+,0,ID=cds-WP_231944214.1;product=Transferrin-binding_protein_1,cds-WP_231944214.1,Transferrin-binding protein 1,267800,268444,645,121,2,2,last,cds-WP_039708946.1,,cds-WP_039708946.1,cds-WP_231944214.1,266076,268444,cds-WP_039708946.1;cds-WP_231944214.1
NZ_LN908249.1,GeneMarkS-2+,CDS,268508,269365,.,+,0,ID=cds-WP_052245659.1;product=Probable_transferrin-binding_protein_1,cds-WP_052245659.1,Probable transferrin-binding protein 1,268508,269365,858,122,1,1,single,,,cds-WP_052245659.1,cds-WP_052245659.1,268508,269365,cds-WP_052245659.1
NZ_LN908249.1,Protein Homology,CDS,269458,270588,.,+,0,ID=cds-MIDG2331_RS11605;product=Transferrin-binding_protein_1,cds-MIDG2331_RS11605,Transferrin-binding protein 1,269458,270588,1131,123,1,1,single,,,cds-MIDG2331_RS11605,cds-MIDG2331_RS11605,269458,270588,cds-MIDG2331_RS11605
NZ_LN908249.1,Protein Homology,CDS,270635,271897,.,-,0,ID=rho;product=Transcription_termination_factor_Rho,rho,Transcription termination factor Rho,270635,271897,1263,124,1,1,single,,,rho,rho,270635,271897,rho
NZ_LN908249.1,Protein Homology,CDS,272095,273045,.,-,0,ID=cysK;product=Cysteine_synthase,cysK,Cysteine synthase,272095,273045,951,125,1,1,single,,,cysK,cysK,272095,273045,cysK
NZ_LN908249.1,Protein Homology,CDS,273257,274207,.,-,0,ID=thrB;product=Homoserine_kinase,thrB,Homoserine kinase,273257,274207,951,126,2,2,last,thrA,,thrA,thrB,273257,276663,thrA;thrB
NZ_LN908249.1,Protein Homology,CDS,274207,276663,.,-,0,ID=thrA;product=Bifunctional_aspartokinase/homoserine_dehydrogenase,thrA,Bifunctional aspartokinase/homoserine dehydrogenase,274207,276663,2457,126,2,1,first,,thrB,thrA,thrB,273257,276663,thrA;thrB
NZ_LN908249.1,Protein Homology,CDS,277072,277713,.,+,0,ID=sodA;product=Superoxide_dismutase_[Mn],sodA,Superoxide dismutase [Mn],277072,277713,642,127,1,1,single,,,sodA,sodA,277072,277713,sodA
NZ_LN908249.1,Protein Homology,CDS,277801,278925,.,-,0,ID=alr;product=Alanine_racemase,alr,Alanine racemase,277801,278925,1125,128,1,1,single,,,alr,alr,277801,278925,alr
NZ_LN908249.1,Protein Homology,CDS,279046,280983,.,+,0,ID=recD;product=RecBCD_enzyme_subunit_RecD,recD,RecBCD enzyme subunit RecD,279046,280983,1938,129,1,1,single,,,recD,recD,279046,280983,recD
NZ_LN908249.1,cmsearch,rRNA,281330,282871,.,+,.,ID=rna-MIDG2331_RS01300;product='rRNA',rna-MIDG2331_RS01300,'rRNA',281330,282871,1542,130,4,1,first,,rna-MIDG2331_RS01305,rna-MIDG2331_RS01300,rrf_2,281330,286494,rna-MIDG2331_RS01300;rna-MIDG2331_RS01305;rna-MIDG2331_RS01310;rrf_2
NZ_LN908249.1,tRNAscan-SE,tRNA,283024,283099,.,+,.,ID=rna-MIDG2331_RS01305;product='tRNA',rna-MIDG2331_RS01305,'tRNA',283024,283099,76,130,4,2,internal,rna-MIDG2331_RS01300,rna-MIDG2331_RS01310,rna-MIDG2331_RS01300,rrf_2,281330,286494,rna-MIDG2331_RS01300;rna-MIDG2331_RS01305;rna-MIDG2331_RS01310;rrf_2
NZ_LN908249.1,cmsearch,rRNA,283318,286219,.,+,.,ID=rna-MIDG2331_RS01310;product='rRNA',rna-MIDG2331_RS01310,'rRNA',283318,286219,2902,130,4,3,internal,rna-MIDG2331_RS01305,rrf_2,rna-MIDG2331_RS01300,rrf_2,281330,286494,rna-MIDG2331_RS01300;rna-MIDG2331_RS01305;rna-MIDG2331_RS01310;rrf_2
NZ_LN908249.1,cmsearch,rRNA,286379,286494,.,+,.,ID=rrf_2;product='rRNA',rrf_2,'rRNA',286379,286494,116,130,4,4,last,rna-MIDG2331_RS01310,,rna-MIDG2331_RS01300,rrf_2,281330,286494,rna-MIDG2331_RS01300;rna-MIDG2331_RS01305;rna-MIDG2331_RS01310;rrf_2
NZ_LN908249.1,Protein Homology,CDS,286852,288306,.,-,0,ID=cds-WP_039708949.1;product=Cytosol_non-specific_dipeptidase,cds-WP_039708949.1,Cytosol non-specific dipeptidase,286852,288306,1455,131,1,1,single,,,cds-WP_039708949.1,cds-WP_039708949.1,286852,288306,cds-WP_039708949.1
NZ_LN908249.1,Protein Homology,CDS,288479,288952,.,+,0,ID=gpt;product=Xanthine_phosphoribosyltransferase,gpt,Xanthine phosphoribosyltransferase,288479,288952,474,132,2,1,first,,gmk,gpt,gmk,288479,289656,gpt;gmk
NZ_LN908249.1,Protein Homology,CDS,289036,289656,.,+,0,ID=gmk;product=Guanylate_kinase,gmk,Guanylate kinase,289036,289656,621,132,2,2,last,gpt,,gpt,gmk,288479,289656,gpt;gmk
NZ_LN908249.1,Protein Homology,CDS,289758,291152,.,+,0,ID=tdeA;product=Toxin_and_drug_export_protein_A,tdeA,Toxin and drug export protein A,289758,291152,1395,133,1,1,single,,,tdeA,tdeA,289758,291152,tdeA
NZ_LN908249.1,Protein Homology,CDS,291200,291529,.,-,0,ID=cds-WP_012478312.1;product=UPF0125_protein_HD_1828,cds-WP_012478312.1,UPF0125 protein HD 1828,291200,291529,330,134,5,5,last,cds-WP_005596141.1,,modA,cds-WP_012478312.1,291200,294537,modA;modB;modC;cds-WP_005596141.1;cds-WP_012478312.1
NZ_LN908249.1,Protein Homology,CDS,291489,291923,.,-,0,ID=cds-WP_005596141.1;product=Ribosome_association_toxin_RatA,cds-WP_005596141.1,Ribosome association toxin RatA,291489,291923,435,134,5,4,internal,modC,cds-WP_012478312.1,modA,cds-WP_012478312.1,291200,294537,modA;modB;modC;cds-WP_005596141.1;cds-WP_012478312.1
NZ_LN908249.1,Protein Homology,CDS,291971,293026,.,-,0,ID=modC;product=Molybdenum_import_ATP-binding_protein_ModC,modC,Molybdenum import ATP-binding protein ModC,291971,293026,1056,134,5,3,internal,modB,cds-WP_005596141.1,modA,cds-WP_012478312.1,291200,294537,modA;modB;modC;cds-WP_005596141.1;cds-WP_012478312.1
NZ_LN908249.1,Protein Homology,CDS,293030,293719,.,-,0,ID=modB;product=Molybdenum_transport_system_permease_protein_ModB,modB,Molybdenum transport system permease protein ModB,293030,293719,690,134,5,2,internal,modA,modC,modA,cds-WP_012478312.1,291200,294537,modA;modB;modC;cds-WP_005596141.1;cds-WP_012478312.1
NZ_LN908249.1,Protein Homology,CDS,293779,294537,.,-,0,ID=modA;product=Molybdate-binding_periplasmic_protein,modA,Molybdate-binding periplasmic protein,293779,294537,759,134,5,1,first,,modB,modA,cds-WP_012478312.1,291200,294537,modA;modB;modC;cds-WP_005596141.1;cds-WP_012478312.1
NZ_LN908249.1,Protein Homology,CDS,294633,295394,.,-,0,ID=cds-WP_005596149.1;product=Inner_membrane_transport_permease_YadH,cds-WP_005596149.1,Inner membrane transport permease YadH,294633,295394,762,135,4,4,last,cds-WP_005596150.1,,apt,cds-WP_005596149.1,294633,298960,apt;dnaX;cds-WP_005596150.1;cds-WP_005596149.1
NZ_LN908249.1,Protein Homology,CDS,295398,296306,.,-,0,ID=cds-WP_005596150.1;product=Uncharacterized_ABC_transporter_ATP-binding_protein_YadG,cds-WP_005596150.1,Uncharacterized ABC transporter ATP-binding protein YadG,295398,296306,909,135,4,3,internal,dnaX,cds-WP_005596149.1,apt,cds-WP_005596149.1,294633,298960,apt;dnaX;cds-WP_005596150.1;cds-WP_005596149.1
NZ_LN908249.1,Protein Homology,CDS,296306,298372,.,-,0,ID=dnaX;product=DNA_polymerase_III_subunit_tau/gamma,dnaX,DNA polymerase III subunit tau/gamma,296306,298372,2067,135,4,2,internal,apt,cds-WP_005596150.1,apt,cds-WP_005596149.1,294633,298960,apt;dnaX;cds-WP_005596150.1;cds-WP_005596149.1
NZ_LN908249.1,Protein Homology,CDS,298421,298960,.,-,0,ID=apt;product=Adenine_phosphoribosyltransferase,apt,Adenine phosphoribosyltransferase,298421,298960,540,135,4,1,first,,dnaX,apt,cds-WP_005596149.1,294633,298960,apt;dnaX;cds-WP_005596150.1;cds-WP_005596149.1
NZ_LN908249.1,Protein Homology,CDS,299161,299793,.,+,0,ID=cds-WP_005596157.1;product=Uncharacterized_protein_HI_0575,cds-WP_005596157.1,Uncharacterized protein HI 0575,299161,299793,633,136,4,1,first,,cds-WP_039708951.1,cds-WP_005596157.1,cds-WP_005596163.1,299161,301766,cds-WP_005596157.1;cds-WP_039708951.1;cds-WP_005603522.1;cds-WP_005596163.1
NZ_LN908249.1,Protein Homology,CDS,299793,300155,.,+,0,ID=cds-WP_039708951.1;product=Putative_aminoacrylate_peracid_reductase_RutC,cds-WP_039708951.1,Putative aminoacrylate peracid reductase RutC,299793,300155,363,136,4,2,internal,cds-WP_005596157.1,cds-WP_005603522.1,cds-WP_005596157.1,cds-WP_005596163.1,299161,301766,cds-WP_005596157.1;cds-WP_039708951.1;cds-WP_005603522.1;cds-WP_005596163.1
NZ_LN908249.1,Protein Homology,CDS,300166,301260,.,+,0,ID=cds-WP_005603522.1;product=Threonine_synthase,cds-WP_005603522.1,Threonine synthase,300166,301260,1095,136,4,3,internal,cds-WP_039708951.1,cds-WP_005596163.1,cds-WP_005596157.1,cds-WP_005596163.1,299161,301766,cds-WP_005596157.1;cds-WP_039708951.1;cds-WP_005603522.1;cds-WP_005596163.1
NZ_LN908249.1,Protein Homology,CDS,301275,301766,.,+,0,ID=cds-WP_005596163.1;product=Uncharacterized_protein_YeaK,cds-WP_005596163.1,Uncharacterized protein YeaK,301275,301766,492,136,4,4,last,cds-WP_005603522.1,,cds-WP_005596157.1,cds-WP_005596163.1,299161,301766,cds-WP_005596157.1;cds-WP_039708951.1;cds-WP_005603522.1;cds-WP_005596163.1
NZ_LN908249.1,Protein Homology,CDS,301877,302632,.,-,0,ID=cds-WP_005596165.1;product=Probable_iron_transport_system_ATP-binding_protein_HI_0361,cds-WP_005596165.1,Probable iron transport system ATP-binding protein HI 0361,301877,302632,756,137,2,2,last,cds-WP_005596167.1,,cds-WP_005596167.1,cds-WP_005596165.1,301877,303530,cds-WP_005596167.1;cds-WP_005596165.1
NZ_LN908249.1,Protein Homology,CDS,302634,303530,.,-,0,ID=cds-WP_005596167.1;product=Putative_metal_ABC_transporter_substrate-binding_protein_Hpf,cds-WP_005596167.1,Putative metal ABC transporter substrate-binding protein Hpf,302634,303530,897,137,2,1,first,,cds-WP_005596165.1,cds-WP_005596167.1,cds-WP_005596165.1,301877,303530,cds-WP_005596167.1;cds-WP_005596165.1
NZ_LN908249.1,Protein Homology,CDS,303597,303932,.,-,0,ID=cds-WP_012478314.1;product=Sulfurtransferase_TusE,cds-WP_012478314.1,Sulfurtransferase TusE,303597,303932,336,138,2,2,last,cds-WP_005606991.1,,cds-WP_005606991.1,cds-WP_012478314.1,303597,304649,cds-WP_005606991.1;cds-WP_012478314.1
NZ_LN908249.1,Protein Homology,CDS,303984,304649,.,-,0,ID=cds-WP_005606991.1;product=Inner_membrane_protein_YccA,cds-WP_005606991.1,Inner membrane protein YccA,303984,304649,666,138,2,1,first,,cds-WP_012478314.1,cds-WP_005606991.1,cds-WP_012478314.1,303597,304649,cds-WP_005606991.1;cds-WP_012478314.1
NZ_LN908249.1,Protein Homology,CDS,304831,305382,.,+,0,ID=pgsA;product=CDP-diacylglycerol--glycerol-3-phosphate_3-phosphatidyltransferase,pgsA,CDP-diacylglycerol--glycerol-3-phosphate 3-phosphatidyltransferase,304831,305382,552,139,1,1,single,,,pgsA,pgsA,304831,305382,pgsA
NZ_LN908249.1,Protein Homology,CDS,305502,307472,.,+,0,ID=cds-WP_005596175.1;product='hypothetical protein',cds-WP_005596175.1,'hypothetical protein',305502,307472,1971,140,1,1,single,,,cds-WP_005596175.1,cds-WP_005596175.1,305502,307472,cds-WP_005596175.1
NZ_LN908249.1,Protein Homology,CDS,307625,309457,.,+,0,ID=uvrC;product=UvrABC_system_protein_C,uvrC,UvrABC system protein C,307625,309457,1833,141,2,1,first,,cds-WP_039708952.1,uvrC,cds-WP_039708952.1,307625,310278,uvrC;cds-WP_039708952.1
NZ_LN908249.1,Protein Homology,CDS,309526,310278,.,+,0,ID=cds-WP_039708952.1;product=Uncharacterized_metal-dependent_hydrolase_HI_1664,cds-WP_039708952.1,Uncharacterized metal-dependent hydrolase HI 1664,309526,310278,753,141,2,2,last,uvrC,,uvrC,cds-WP_039708952.1,307625,310278,uvrC;cds-WP_039708952.1
NZ_LN908249.1,Protein Homology,CDS,310415,312433,.,-,0,ID=rep;product=ATP-dependent_DNA_helicase_Rep,rep,ATP-dependent DNA helicase Rep,310415,312433,2019,142,1,1,single,,,rep,rep,310415,312433,rep
NZ_LN908249.1,Protein Homology,CDS,312767,313882,.,+,0,ID=potA;product=Spermidine/putrescine_import_ATP-binding_protein_PotA,potA,Spermidine/putrescine import ATP-binding protein PotA,312767,313882,1116,143,3,1,first,,potB,potA,potC,312767,315502,potA;potB;potC
NZ_LN908249.1,Protein Homology,CDS,313869,314735,.,+,0,ID=potB;product=Spermidine/putrescine_transport_system_permease_protein_PotB,potB,Spermidine/putrescine transport system permease protein PotB,313869,314735,867,143,3,2,internal,potA,potC,potA,potC,312767,315502,potA;potB;potC
NZ_LN908249.1,Protein Homology,CDS,314735,315502,.,+,0,ID=potC;product=Spermidine/putrescine_transport_system_permease_protein_PotC,potC,Spermidine/putrescine transport system permease protein PotC,314735,315502,768,143,3,3,last,potB,,potA,potC,312767,315502,potA;potB;potC
NZ_LN908249.1,Protein Homology,CDS,315639,316244,.,+,0,ID=ruvA;product=Holliday_junction_ATP-dependent_DNA_helicase_RuvA,ruvA,Holliday junction ATP-dependent DNA helicase RuvA,315639,316244,606,144,2,1,first,,ruvB,ruvA,ruvB,315639,317267,ruvA;ruvB
NZ_LN908249.1,Protein Homology,CDS,316263,317267,.,+,0,ID=ruvB;product=Holliday_junction_ATP-dependent_DNA_helicase_RuvB,ruvB,Holliday junction ATP-dependent DNA helicase RuvB,316263,317267,1005,144,2,2,last,ruvA,,ruvA,ruvB,315639,317267,ruvA;ruvB
NZ_LN908249.1,Protein Homology,CDS,317324,318028,.,-,0,ID=ubiG;product=Ubiquinone_biosynthesis_O-methyltransferase,ubiG,Ubiquinone biosynthesis O-methyltransferase,317324,318028,705,145,1,1,single,,,ubiG,ubiG,317324,318028,ubiG
NZ_LN908249.1,Protein Homology,CDS,318208,320898,.,+,0,ID=gyrA;product=DNA_gyrase_subunit_A,gyrA,DNA gyrase subunit A,318208,320898,2691,146,3,1,first,,cds-WP_039708957.1,gyrA,cds-WP_039708958.1,318208,323542,gyrA;cds-WP_039708957.1;cds-WP_039708958.1
NZ_LN908249.1,Protein Homology,CDS,320994,322544,.,+,0,ID=cds-WP_039708957.1;product=Type_I_restriction_enzyme_EcoprrI_M_protein,cds-WP_039708957.1,Type I restriction enzyme EcoprrI M protein,320994,322544,1551,146,3,2,internal,gyrA,cds-WP_039708958.1,gyrA,cds-WP_039708958.1,318208,323542,gyrA;cds-WP_039708957.1;cds-WP_039708958.1
NZ_LN908249.1,Protein Homology,CDS,322541,323542,.,+,0,ID=cds-WP_039708958.1;product='hypothetical protein',cds-WP_039708958.1,'hypothetical protein',322541,323542,1002,146,3,3,last,cds-WP_039708957.1,,gyrA,cds-WP_039708958.1,318208,323542,gyrA;cds-WP_039708957.1;cds-WP_039708958.1
NZ_LN908249.1,Protein Homology,CDS,323884,324795,.,+,0,ID=cds-WP_039708959.1;product='hypothetical protein',cds-WP_039708959.1,'hypothetical protein',323884,324795,912,147,1,1,single,,,cds-WP_039708959.1,cds-WP_039708959.1,323884,324795,cds-WP_039708959.1
NZ_LN908249.1,Protein Homology,CDS,324963,326177,.,+,0,ID=cds-WP_039755220.1;product=Type-1_restriction_enzyme_EcoprrI_specificity_protein,cds-WP_039755220.1,Type-1 restriction enzyme EcoprrI specificity protein,324963,326177,1215,148,2,1,first,,cds-WP_039708960.1,cds-WP_039755220.1,cds-WP_039708960.1,324963,327503,cds-WP_039755220.1;cds-WP_039708960.1
NZ_LN908249.1,Protein Homology,CDS,326187,327503,.,+,0,ID=cds-WP_039708960.1;product=Anticodon_nuclease,cds-WP_039708960.1,Anticodon nuclease,326187,327503,1317,148,2,2,last,cds-WP_039755220.1,,cds-WP_039755220.1,cds-WP_039708960.1,324963,327503,cds-WP_039755220.1;cds-WP_039708960.1
NZ_LN908249.1,Protein Homology,CDS,327676,330804,.,+,0,ID=cds-WP_039708961.1;product=Type_I_restriction_enzyme_EcoR124II_R_protein,cds-WP_039708961.1,Type I restriction enzyme EcoR124II R protein,327676,330804,3129,149,3,1,first,,cds-WP_039708962.1,cds-WP_039708961.1,tcdA,327676,333530,cds-WP_039708961.1;cds-WP_039708962.1;tcdA
NZ_LN908249.1,Protein Homology,CDS,330823,332766,.,+,0,ID=cds-WP_039708962.1;product=ABC_transporter_ATP-binding_protein_uup-1,cds-WP_039708962.1,ABC transporter ATP-binding protein uup-1,330823,332766,1944,149,3,2,internal,cds-WP_039708961.1,tcdA,cds-WP_039708961.1,tcdA,327676,333530,cds-WP_039708961.1;cds-WP_039708962.1;tcdA
NZ_LN908249.1,Protein Homology,CDS,332766,333530,.,+,0,ID=tcdA;product=tRNA_threonylcarbamoyladenosine_dehydratase,tcdA,tRNA threonylcarbamoyladenosine dehydratase,332766,333530,765,149,3,3,last,cds-WP_039708962.1,,cds-WP_039708961.1,tcdA,327676,333530,cds-WP_039708961.1;cds-WP_039708962.1;tcdA
NZ_LN908249.1,Protein Homology,CDS,333609,333941,.,-,0,ID=cds-WP_039708964.1;product=Uncharacterized_protein_HI_0310,cds-WP_039708964.1,Uncharacterized protein HI 0310,333609,333941,333,150,1,1,single,,,cds-WP_039708964.1,cds-WP_039708964.1,333609,333941,cds-WP_039708964.1
NZ_LN908249.1,Protein Homology,CDS,334398,335948,.,+,0,ID=cds-WP_005600398.1;product=Probable_cytochrome_oxidase_subunit_1,cds-WP_005600398.1,Probable cytochrome oxidase subunit 1,334398,335948,1551,151,4,1,first,,cydB,cds-WP_005600398.1,ybgE,334398,337523,cds-WP_005600398.1;cydB;cds-WP_005619000.1;ybgE
NZ_LN908249.1,Protein Homology,CDS,335962,337098,.,+,0,ID=cydB;product=Probable_cytochrome_oxidase_subunit_2,cydB,Probable cytochrome oxidase subunit 2,335962,337098,1137,151,4,2,internal,cds-WP_005600398.1,cds-WP_005619000.1,cds-WP_005600398.1,ybgE,334398,337523,cds-WP_005600398.1;cydB;cds-WP_005619000.1;ybgE
NZ_LN908249.1,Protein Homology,CDS,337111,337209,.,+,0,ID=cds-WP_005619000.1;product='hypothetical protein',cds-WP_005619000.1,'hypothetical protein',337111,337209,99,151,4,3,internal,cydB,ybgE,cds-WP_005600398.1,ybgE,334398,337523,cds-WP_005600398.1;cydB;cds-WP_005619000.1;ybgE
NZ_LN908249.1,Protein Homology,CDS,337221,337523,.,+,0,ID=ybgE;product='hypothetical protein',ybgE,'hypothetical protein',337221,337523,303,151,4,4,last,cds-WP_005619000.1,,cds-WP_005600398.1,ybgE,334398,337523,cds-WP_005600398.1;cydB;cds-WP_005619000.1;ybgE
NZ_LN908249.1,Protein Homology,CDS,337666,338055,.,+,0,ID=ybgC;product=Acyl-CoA_thioesterase_YbgC,ybgC,Acyl-CoA thioesterase YbgC,337666,338055,390,152,6,1,first,,tolQ,ybgC,pal,337666,342479,ybgC;tolQ;tolR;tolA;tolB;pal
NZ_LN908249.1,Protein Homology,CDS,338090,338770,.,+,0,ID=tolQ;product=Protein_TolQ,tolQ,Protein TolQ,338090,338770,681,152,6,2,internal,ybgC,tolR,ybgC,pal,337666,342479,ybgC;tolQ;tolR;tolA;tolB;pal
NZ_LN908249.1,Protein Homology,CDS,338849,339289,.,+,0,ID=tolR;product=Protein_TolR,tolR,Protein TolR,338849,339289,441,152,6,3,internal,tolQ,tolA,ybgC,pal,337666,342479,ybgC;tolQ;tolR;tolA;tolB;pal
NZ_LN908249.1,Protein Homology,CDS,339305,340696,.,+,0,ID=tolA;product=Protein_TolA,tolA,Protein TolA,339305,340696,1392,152,6,4,internal,tolR,tolB,ybgC,pal,337666,342479,ybgC;tolQ;tolR;tolA;tolB;pal
NZ_LN908249.1,Protein Homology,CDS,340714,341994,.,+,0,ID=tolB;product=Protein_TolB,tolB,Protein TolB,340714,341994,1281,152,6,5,internal,tolA,pal,ybgC,pal,337666,342479,ybgC;tolQ;tolR;tolA;tolB;pal
NZ_LN908249.1,Protein Homology,CDS,342021,342479,.,+,0,ID=pal;product=Outer_membrane_protein_P6,pal,Outer membrane protein P6,342021,342479,459,152,6,6,last,tolB,,ybgC,pal,337666,342479,ybgC;tolQ;tolR;tolA;tolB;pal
NZ_LN908249.1,Protein Homology,CDS,342575,343462,.,+,0,ID=cds-WP_039709635.1;product=Solute_carrier_family_35_member_G1,cds-WP_039709635.1,Solute carrier family 35 member G1,342575,343462,888,153,1,1,single,,,cds-WP_039709635.1,cds-WP_039709635.1,342575,343462,cds-WP_039709635.1
NZ_LN908249.1,Protein Homology,CDS,343542,344402,.,+,0,ID=djlA;product=Co-chaperone_protein_DjlA,djlA,Co-chaperone protein DjlA,343542,344402,861,154,1,1,single,,,djlA,djlA,343542,344402,djlA
NZ_LN908249.1,Protein Homology,CDS,344487,345449,.,+,0,ID=dusC;product=tRNA-dihydrouridine(16)_synthase,dusC,tRNA-dihydrouridine(16) synthase,344487,345449,963,155,2,1,first,,cds-WP_039708970.1,dusC,cds-WP_039708970.1,344487,346547,dusC;cds-WP_039708970.1
NZ_LN908249.1,Protein Homology,CDS,345501,346547,.,+,0,ID=cds-WP_039708970.1;product=UPF0283_membrane_protein_HAPS_0079,cds-WP_039708970.1,UPF0283 membrane protein HAPS 0079,345501,346547,1047,155,2,2,last,dusC,,dusC,cds-WP_039708970.1,344487,346547,dusC;cds-WP_039708970.1
NZ_LN908249.1,Protein Homology,CDS,346735,348651,.,-,0,ID=cds-WP_039708971.1;product=Uncharacterized_ABC_transporter_ATP-binding_protein_HI_0658,cds-WP_039708971.1,Uncharacterized ABC transporter ATP-binding protein HI 0658,346735,348651,1917,156,1,1,single,,,cds-WP_039708971.1,cds-WP_039708971.1,346735,348651,cds-WP_039708971.1
NZ_LN908249.1,Protein Homology,CDS,348812,349054,.,+,0,ID=cds-WP_017357736.1;product='hypothetical protein',cds-WP_017357736.1,'hypothetical protein',348812,349054,243,157,2,1,first,,cds-WP_256734105.1,cds-WP_017357736.1,cds-WP_256734105.1,348812,349176,cds-WP_017357736.1;cds-WP_256734105.1
NZ_LN908249.1,Protein Homology,CDS,349054,349176,.,+,0,ID=cds-WP_256734105.1;product='hypothetical protein',cds-WP_256734105.1,'hypothetical protein',349054,349176,123,157,2,2,last,cds-WP_017357736.1,,cds-WP_017357736.1,cds-WP_256734105.1,348812,349176,cds-WP_017357736.1;cds-WP_256734105.1
NZ_LN908249.1,Protein Homology,CDS,349242,350483,.,+,0,ID=moeA;product=Molybdopterin_molybdenumtransferase,moeA,Molybdopterin molybdenumtransferase,349242,350483,1242,158,2,1,first,,moeB,moeA,moeB,349242,351239,moeA;moeB
NZ_LN908249.1,Protein Homology,CDS,350493,351239,.,+,0,ID=moeB;product=Molybdopterin-synthase_adenylyltransferase,moeB,Molybdopterin-synthase adenylyltransferase,350493,351239,747,158,2,2,last,moeA,,moeA,moeB,349242,351239,moeA;moeB
NZ_LN908249.1,tRNAscan-SE,tRNA,351332,351407,.,+,.,ID=rna-MIDG2331_RS01615;product='tRNA',rna-MIDG2331_RS01615,'tRNA',351332,351407,76,159,1,1,single,,,rna-MIDG2331_RS01615,rna-MIDG2331_RS01615,351332,351407,rna-MIDG2331_RS01615
NZ_LN908249.1,Protein Homology,CDS,351636,352964,.,-,0,ID=rlmD;product=23S_rRNA_(uracil(1939)-C(5))-methyltransferase_RlmD,rlmD,23S rRNA (uracil(1939)-C(5))-methyltransferase RlmD,351636,352964,1329,160,1,1,single,,,rlmD,rlmD,351636,352964,rlmD
NZ_LN908249.1,Protein Homology,CDS,353022,354347,.,+,0,ID=cds-WP_039708973.1;product=Deoxyguanosinetriphosphate_triphosphohydrolase-like_protein,cds-WP_039708973.1,Deoxyguanosinetriphosphate triphosphohydrolase-like protein,353022,354347,1326,161,1,1,single,,,cds-WP_039708973.1,cds-WP_039708973.1,353022,354347,cds-WP_039708973.1
NZ_LN908249.1,Protein Homology,CDS,354519,357428,.,+,0,ID=rapA;product=RNA_polymerase-associated_protein_RapA,rapA,RNA polymerase-associated protein RapA,354519,357428,2910,162,2,1,first,,rluA,rapA,rluA,354519,358212,rapA;rluA
NZ_LN908249.1,Protein Homology,CDS,357544,358212,.,+,0,ID=rluA;product=Ribosomal_large_subunit_pseudouridine_synthase_A,rluA,Ribosomal large subunit pseudouridine synthase A,357544,358212,669,162,2,2,last,rapA,,rapA,rluA,354519,358212,rapA;rluA
NZ_LN908249.1,Protein Homology,CDS,358408,358956,.,-,0,ID=ampD;product=16-anhydro-N-acetylmuramyl-L-alanine_amidase_AmpD,ampD,16-anhydro-N-acetylmuramyl-L-alanine amidase AmpD,358408,358956,549,163,1,1,single,,,ampD,ampD,358408,358956,ampD
NZ_LN908249.1,Protein Homology,CDS,359077,359919,.,+,0,ID=cds-WP_005596243.1;product=Ribosomal_RNA_large_subunit_methyltransferase_J,cds-WP_005596243.1,Ribosomal RNA large subunit methyltransferase J,359077,359919,843,164,1,1,single,,,cds-WP_005596243.1,cds-WP_005596243.1,359077,359919,cds-WP_005596243.1
NZ_LN908249.1,Protein Homology,CDS,360005,360646,.,+,0,ID=pyrE;product=Orotate_phosphoribosyltransferase,pyrE,Orotate phosphoribosyltransferase,360005,360646,642,165,2,1,first,,cds-WP_005596247.1,pyrE,cds-WP_005596247.1,360005,361873,pyrE;cds-WP_005596247.1
NZ_LN908249.1,Protein Homology,CDS,360785,361873,.,+,0,ID=cds-WP_005596247.1;product=Uncharacterized_protein_YxjG,cds-WP_005596247.1,Uncharacterized protein YxjG,360785,361873,1089,165,2,2,last,pyrE,,pyrE,cds-WP_005596247.1,360005,361873,pyrE;cds-WP_005596247.1
NZ_LN908249.1,Protein Homology,CDS,361950,363140,.,-,0,ID=metC;product=Cystathionine_beta-lyase,metC,Cystathionine beta-lyase,361950,363140,1191,166,1,1,single,,,metC,metC,361950,363140,metC
NZ_LN908249.1,Protein Homology,CDS,363217,363756,.,-,0,ID=dsbB;product=Disulfide_bond_formation_protein_B,dsbB,Disulfide bond formation protein B,363217,363756,540,167,2,2,last,nhaB,,nhaB,dsbB,363217,365393,nhaB;dsbB
NZ_LN908249.1,Protein Homology,CDS,363852,365393,.,-,0,ID=nhaB;product=Na(+)/H(+)_antiporter_NhaB,nhaB,Na(+)/H(+) antiporter NhaB,363852,365393,1542,167,2,1,first,,dsbB,nhaB,dsbB,363217,365393,nhaB;dsbB
NZ_LN908249.1,Protein Homology,CDS,365558,366286,.,+,0,ID=fadR;product=Fatty_acid_metabolism_regulator_protein,fadR,Fatty acid metabolism regulator protein,365558,366286,729,168,2,1,first,,cds-WP_005596255.1,fadR,cds-WP_005596255.1,365558,367365,fadR;cds-WP_005596255.1
NZ_LN908249.1,Protein Homology,CDS,366295,367365,.,+,0,ID=cds-WP_005596255.1;product=PhoH-like_protein,cds-WP_005596255.1,PhoH-like protein,366295,367365,1071,168,2,2,last,fadR,,fadR,cds-WP_005596255.1,365558,367365,fadR;cds-WP_005596255.1
NZ_LN908249.1,Protein Homology,CDS,367404,368450,.,-,0,ID=cds-WP_080757147.1;product='hypothetical protein',cds-WP_080757147.1,'hypothetical protein',367404,368450,1047,169,1,1,single,,,cds-WP_080757147.1,cds-WP_080757147.1,367404,368450,cds-WP_080757147.1
NZ_LN908249.1,Protein Homology,CDS,369475,369549,.,-,0,ID=prfB;product=Peptide_chain_release_factor_2,prfB,Peptide chain release factor 2,369475,369549,75,170,2,1,first,,prfB_2,prfB,prfB_2,368451,369549,prfB;prfB_2
NZ_LN908249.1,Protein Homology,CDS,368451,369473,.,-,0,ID=prfB_2;product=Peptide_chain_release_factor_2,prfB_2,Peptide chain release factor 2,368451,369473,1023,170,2,2,last,prfB,,prfB,prfB_2,368451,369549,prfB;prfB_2
NZ_LN908249.1,Protein Homology,CDS,369690,370733,.,+,0,ID=selD;product=Selenide_water_dikinase,selD,Selenide water dikinase,369690,370733,1044,171,3,1,first,,cds-WP_039708976.1,selD,ubiH,369690,372402,selD;cds-WP_039708976.1;ubiH
NZ_LN908249.1,Protein Homology,CDS,370738,371193,.,+,0,ID=cds-WP_039708976.1;product=Phosphatase_NudJ,cds-WP_039708976.1,Phosphatase NudJ,370738,371193,456,171,3,2,internal,selD,ubiH,selD,ubiH,369690,372402,selD;cds-WP_039708976.1;ubiH
NZ_LN908249.1,Protein Homology,CDS,371203,372402,.,+,0,ID=ubiH;product=2-octaprenyl-6-methoxyphenol_hydroxylase,ubiH,2-octaprenyl-6-methoxyphenol hydroxylase,371203,372402,1200,171,3,3,last,cds-WP_039708976.1,,selD,ubiH,369690,372402,selD;cds-WP_039708976.1;ubiH
NZ_LN908249.1,Protein Homology,CDS,372432,372908,.,-,0,ID=cds-WP_005596280.1;product='hypothetical protein',cds-WP_005596280.1,'hypothetical protein',372432,372908,477,172,2,2,last,cds-WP_005607086.1,,cds-WP_005607086.1,cds-WP_005596280.1,372432,373582,cds-WP_005607086.1;cds-WP_005596280.1
NZ_LN908249.1,Protein Homology,CDS,372965,373582,.,-,0,ID=cds-WP_005607086.1;product='hypothetical protein',cds-WP_005607086.1,'hypothetical protein',372965,373582,618,172,2,1,first,,cds-WP_005596280.1,cds-WP_005607086.1,cds-WP_005596280.1,372432,373582,cds-WP_005607086.1;cds-WP_005596280.1
NZ_LN908249.1,Protein Homology,CDS,373663,374142,.,-,0,ID=cds-WP_005596282.1;product='hypothetical protein',cds-WP_005596282.1,'hypothetical protein',373663,374142,480,173,1,1,single,,,cds-WP_005596282.1,cds-WP_005596282.1,373663,374142,cds-WP_005596282.1
NZ_LN908249.1,Protein Homology,CDS,374283,375464,.,-,0,ID=cds-WP_058230454.1;product=2-octaprenylphenol_hydroxylase,cds-WP_058230454.1,2-octaprenylphenol hydroxylase,374283,375464,1182,174,1,1,single,,,cds-WP_058230454.1,cds-WP_058230454.1,374283,375464,cds-WP_058230454.1
NZ_LN908249.1,Protein Homology,CDS,375552,376412,.,-,0,ID=rapZ;product=Nucleotide-binding_protein_APL_0334,rapZ,Nucleotide-binding protein APL 0334,375552,376412,861,175,5,5,last,cds-WP_005616800.1,,lptC,rapZ,375552,378852,lptC;lptA;lptB;cds-WP_005616800.1;rapZ
NZ_LN908249.1,Protein Homology,CDS,376431,376943,.,-,0,ID=cds-WP_005616800.1;product=Nitrogen_regulatory_protein_homolog,cds-WP_005616800.1,Nitrogen regulatory protein homolog,376431,376943,513,175,5,4,internal,lptB,rapZ,lptC,rapZ,375552,378852,lptC;lptA;lptB;cds-WP_005616800.1;rapZ
NZ_LN908249.1,Protein Homology,CDS,376993,377718,.,-,0,ID=lptB;product=Lipopolysaccharide_export_system_ATP-binding_protein_LptB,lptB,Lipopolysaccharide export system ATP-binding protein LptB,376993,377718,726,175,5,3,internal,lptA,cds-WP_005616800.1,lptC,rapZ,375552,378852,lptC;lptA;lptB;cds-WP_005616800.1;rapZ
NZ_LN908249.1,Protein Homology,CDS,377728,378231,.,-,0,ID=lptA;product=Lipopolysaccharide_export_system_protein_LptA,lptA,Lipopolysaccharide export system protein LptA,377728,378231,504,175,5,2,internal,lptC,lptB,lptC,rapZ,375552,378852,lptC;lptA;lptB;cds-WP_005616800.1;rapZ
NZ_LN908249.1,Protein Homology,CDS,378256,378852,.,-,0,ID=lptC;product=Lipopolysaccharide_export_system_protein_LptC,lptC,Lipopolysaccharide export system protein LptC,378256,378852,597,175,5,1,first,,lptA,lptC,rapZ,375552,378852,lptC;lptA;lptB;cds-WP_005616800.1;rapZ
NZ_LN908249.1,Protein Homology,CDS,379012,381651,.,-,0,ID=ppc;product=Phosphoenolpyruvate_carboxylase,ppc,Phosphoenolpyruvate carboxylase,379012,381651,2640,176,1,1,single,,,ppc,ppc,379012,381651,ppc
NZ_LN908249.1,Protein Homology,CDS,381867,382694,.,-,0,ID=cds-WP_039708983.1;product='hypothetical protein',cds-WP_039708983.1,'hypothetical protein',381867,382694,828,177,3,3,last,cds-WP_005619890.1,,cds-WP_005600442.1,cds-WP_039708983.1,381867,383791,cds-WP_005600442.1;cds-WP_005619890.1;cds-WP_039708983.1
NZ_LN908249.1,Protein Homology,CDS,382691,383140,.,-,0,ID=cds-WP_005619890.1;product='hypothetical protein',cds-WP_005619890.1,'hypothetical protein',382691,383140,450,177,3,2,internal,cds-WP_005600442.1,cds-WP_039708983.1,cds-WP_005600442.1,cds-WP_039708983.1,381867,383791,cds-WP_005600442.1;cds-WP_005619890.1;cds-WP_039708983.1
NZ_LN908249.1,Protein Homology,CDS,383207,383791,.,-,0,ID=cds-WP_005600442.1;product=Protein_LemA,cds-WP_005600442.1,Protein LemA,383207,383791,585,177,3,1,first,,cds-WP_005619890.1,cds-WP_005600442.1,cds-WP_039708983.1,381867,383791,cds-WP_005600442.1;cds-WP_005619890.1;cds-WP_039708983.1
NZ_LN908249.1,Protein Homology,CDS,383944,385605,.,-,0,ID=cds-WP_039708984.1;product=PTS_system_fructose-specific_EIIB'BC_component,cds-WP_039708984.1,PTS system fructose-specific EIIB'BC component,383944,385605,1662,178,3,3,last,fruK,,fruB,cds-WP_039708984.1,383944,388157,fruB;fruK;cds-WP_039708984.1
NZ_LN908249.1,Protein Homology,CDS,385687,386634,.,-,0,ID=fruK;product=1-phosphofructokinase,fruK,1-phosphofructokinase,385687,386634,948,178,3,2,internal,fruB,cds-WP_039708984.1,fruB,cds-WP_039708984.1,383944,388157,fruB;fruK;cds-WP_039708984.1
NZ_LN908249.1,Protein Homology,CDS,386649,388157,.,-,0,ID=fruB;product=Multiphosphoryl_transfer_protein,fruB,Multiphosphoryl transfer protein,386649,388157,1509,178,3,1,first,,fruK,fruB,cds-WP_039708984.1,383944,388157,fruB;fruK;cds-WP_039708984.1
NZ_LN908249.1,Protein Homology,CDS,388418,390739,.,+,0,ID=glgB;product=14-alpha-glucan_branching_enzyme_GlgB,glgB,14-alpha-glucan branching enzyme GlgB,388418,390739,2322,179,5,1,first,,glgX,glgB,cds-WP_005596322.1,388418,398149,glgB;glgX;glgC;glgA;cds-WP_005596322.1
NZ_LN908249.1,Protein Homology,CDS,390759,392744,.,+,0,ID=glgX;product=Glycogen_operon_protein_GlgX_homolog,glgX,Glycogen operon protein GlgX homolog,390759,392744,1986,179,5,2,internal,glgB,glgC,glgB,cds-WP_005596322.1,388418,398149,glgB;glgX;glgC;glgA;cds-WP_005596322.1
NZ_LN908249.1,Protein Homology,CDS,392760,394076,.,+,0,ID=glgC;product=Glucose-1-phosphate_adenylyltransferase,glgC,Glucose-1-phosphate adenylyltransferase,392760,394076,1317,179,5,3,internal,glgX,glgA,glgB,cds-WP_005596322.1,388418,398149,glgB;glgX;glgC;glgA;cds-WP_005596322.1
NZ_LN908249.1,Protein Homology,CDS,394179,395615,.,+,0,ID=glgA;product=Glycogen_synthase,glgA,Glycogen synthase,394179,395615,1437,179,5,4,internal,glgC,cds-WP_005596322.1,glgB,cds-WP_005596322.1,388418,398149,glgB;glgX;glgC;glgA;cds-WP_005596322.1
NZ_LN908249.1,Protein Homology,CDS,395645,398149,.,+,0,ID=cds-WP_005596322.1;product=Glycogen_phosphorylase,cds-WP_005596322.1,Glycogen phosphorylase,395645,398149,2505,179,5,5,last,glgA,,glgB,cds-WP_005596322.1,388418,398149,glgB;glgX;glgC;glgA;cds-WP_005596322.1
NZ_LN908249.1,Protein Homology,CDS,398261,398677,.,-,0,ID=ndk;product=Nucleoside_diphosphate_kinase,ndk,Nucleoside diphosphate kinase,398261,398677,417,180,2,2,last,metG,,metG,ndk,398261,400784,metG;ndk
NZ_LN908249.1,Protein Homology,CDS,398736,400784,.,-,0,ID=metG;product=Methionine--tRNA_ligase,metG,Methionine--tRNA ligase,398736,400784,2049,180,2,1,first,,ndk,metG,ndk,398261,400784,metG;ndk
NZ_LN908249.1,Protein Homology,CDS,400903,401913,.,+,0,ID=menC;product=o-succinylbenzoate_synthase,menC,o-succinylbenzoate synthase,400903,401913,1011,181,1,1,single,,,menC,menC,400903,401913,menC
NZ_LN908249.1,Protein Homology,CDS,401949,402110,.,-,0,ID=cds-WP_005596340.1;product='hypothetical protein',cds-WP_005596340.1,'hypothetical protein',401949,402110,162,182,1,1,single,,,cds-WP_005596340.1,cds-WP_005596340.1,401949,402110,cds-WP_005596340.1
NZ_LN908249.1,Protein Homology,CDS,402227,402919,.,+,0,ID=rsuA;product=Ribosomal_small_subunit_pseudouridine_synthase_A,rsuA,Ribosomal small subunit pseudouridine synthase A,402227,402919,693,183,2,1,first,,cds-WP_005600455.1,rsuA,cds-WP_005600455.1,402227,404115,rsuA;cds-WP_005600455.1
NZ_LN908249.1,Protein Homology,CDS,402919,404115,.,+,0,ID=cds-WP_005600455.1;product=Bicyclomycin_resistance_protein_homolog,cds-WP_005600455.1,Bicyclomycin resistance protein homolog,402919,404115,1197,183,2,2,last,rsuA,,rsuA,cds-WP_005600455.1,402227,404115,rsuA;cds-WP_005600455.1
NZ_LN908249.1,Protein Homology,CDS,404161,404547,.,-,0,ID=cds-WP_005603633.1;product='hypothetical protein',cds-WP_005603633.1,'hypothetical protein',404161,404547,387,184,1,1,single,,,cds-WP_005603633.1,cds-WP_005603633.1,404161,404547,cds-WP_005603633.1
NZ_LN908249.1,Protein Homology,CDS,404618,405187,.,-,0,ID=cds-WP_005600457.1;product=Uncharacterized_protein_HI_1543,cds-WP_005600457.1,Uncharacterized protein HI 1543,404618,405187,570,185,1,1,single,,,cds-WP_005600457.1,cds-WP_005600457.1,404618,405187,cds-WP_005600457.1
NZ_LN908249.1,Protein Homology,CDS,405245,406087,.,+,0,ID=nfo;product=Probable_endonuclease_4,nfo,Probable endonuclease 4,405245,406087,843,186,1,1,single,,,nfo,nfo,405245,406087,nfo
NZ_LN908249.1,Protein Homology,CDS,406208,406804,.,+,0,ID=cds-WP_005607110.1;product=Probable_endopeptidase_NlpC_homolog,cds-WP_005607110.1,Probable endopeptidase NlpC homolog,406208,406804,597,187,1,1,single,,,cds-WP_005607110.1,cds-WP_005607110.1,406208,406804,cds-WP_005607110.1
NZ_LN908249.1,Protein Homology,CDS,406853,407308,.,-,0,ID=cds-WP_005596354.1;product=Uncharacterized_protein_HI_1546,cds-WP_005596354.1,Uncharacterized protein HI 1546,406853,407308,456,188,1,1,single,,,cds-WP_005596354.1,cds-WP_005596354.1,406853,407308,cds-WP_005596354.1
NZ_LN908249.1,Protein Homology,CDS,407534,407920,.,-,0,ID=grcA;product=Autonomous_glycyl_radical_cofactor,grcA,Autonomous glycyl radical cofactor,407534,407920,387,189,1,1,single,,,grcA,grcA,407534,407920,grcA
NZ_LN908249.1,Protein Homology,CDS,408117,408803,.,+,0,ID=ung;product=Uracil-DNA_glycosylase,ung,Uracil-DNA glycosylase,408117,408803,687,190,1,1,single,,,ung,ung,408117,408803,ung
NZ_LN908249.1,Protein Homology,CDS,408901,409773,.,-,0,ID=cds-WP_005596360.1;product=Uncharacterized_protein_HI_0461,cds-WP_005596360.1,Uncharacterized protein HI 0461,408901,409773,873,191,1,1,single,,,cds-WP_005596360.1,cds-WP_005596360.1,408901,409773,cds-WP_005596360.1
NZ_LN908249.1,Protein Homology,CDS,409868,412666,.,-,0,ID=cds-WP_039708989.1;product=Serotype-specific_antigen_1,cds-WP_039708989.1,Serotype-specific antigen 1,409868,412666,2799,192,1,1,single,,,cds-WP_039708989.1,cds-WP_039708989.1,409868,412666,cds-WP_039708989.1
NZ_LN908249.1,Protein Homology,CDS,412891,416790,.,-,0,ID=hrpA;product=ATP-dependent_RNA_helicase_HrpA_homolog,hrpA,ATP-dependent RNA helicase HrpA homolog,412891,416790,3900,193,1,1,single,,,hrpA,hrpA,412891,416790,hrpA
NZ_LN908249.1,Protein Homology,CDS,416926,417378,.,-,0,ID=cds-WP_005600468.1;product=UPF0756_membrane_protein_APL_0366,cds-WP_005600468.1,UPF0756 membrane protein APL 0366,416926,417378,453,194,1,1,single,,,cds-WP_005600468.1,cds-WP_005600468.1,416926,417378,cds-WP_005600468.1
NZ_LN908249.1,Protein Homology,CDS,417575,418171,.,-,0,ID=grpE;product=Protein_GrpE,grpE,Protein GrpE,417575,418171,597,195,1,1,single,,,grpE,grpE,417575,418171,grpE
NZ_LN908249.1,Protein Homology,CDS,418416,419498,.,+,0,ID=cds-WP_005596365.1;product=Spermidine/putrescine-binding_periplasmic_protein_1,cds-WP_005596365.1,Spermidine/putrescine-binding periplasmic protein 1,418416,419498,1083,196,1,1,single,,,cds-WP_005596365.1,cds-WP_005596365.1,418416,419498,cds-WP_005596365.1
NZ_LN908249.1,Protein Homology,CDS,419642,421033,.,+,0,ID=cds-WP_005596366.1;product=Probable_multidrug_resistance_protein_NorM,cds-WP_005596366.1,Probable multidrug resistance protein NorM,419642,421033,1392,197,2,1,first,,recB,cds-WP_005596366.1,recB,419642,424657,cds-WP_005596366.1;recB
NZ_LN908249.1,Protein Homology,CDS,421049,424657,.,+,0,ID=recB;product=RecBCD_enzyme_subunit_RecB,recB,RecBCD enzyme subunit RecB,421049,424657,3609,197,2,2,last,cds-WP_005596366.1,,cds-WP_005596366.1,recB,419642,424657,cds-WP_005596366.1;recB
NZ_LN908249.1,Protein Homology,CDS,424735,426246,.,-,0,ID=lnt;product=Apolipoprotein_N-acyltransferase,lnt,Apolipoprotein N-acyltransferase,424735,426246,1512,198,2,2,last,corC,,corC,lnt,424735,427221,corC;lnt
NZ_LN908249.1,Protein Homology,CDS,426328,427221,.,-,0,ID=corC;product=Magnesium_and_cobalt_efflux_protein_CorC,corC,Magnesium and cobalt efflux protein CorC,426328,427221,894,198,2,1,first,,lnt,corC,lnt,424735,427221,corC;lnt
NZ_LN908249.1,Protein Homology,CDS,427391,427993,.,+,0,ID=cds-WP_005600477.1;product=UPF0319_protein_HAPS_0727,cds-WP_005600477.1,UPF0319 protein HAPS 0727,427391,427993,603,199,1,1,single,,,cds-WP_005600477.1,cds-WP_005600477.1,427391,427993,cds-WP_005600477.1
NZ_LN908249.1,Protein Homology,CDS,428229,429011,.,+,0,ID=cds-WP_005600478.1;product=Glycerol_uptake_facilitator_protein,cds-WP_005600478.1,Glycerol uptake facilitator protein,428229,429011,783,200,2,1,first,,glpK,cds-WP_005600478.1,glpK,428229,430557,cds-WP_005600478.1;glpK
NZ_LN908249.1,Protein Homology,CDS,429046,430557,.,+,0,ID=glpK;product=Glycerol_kinase,glpK,Glycerol kinase,429046,430557,1512,200,2,2,last,cds-WP_005600478.1,,cds-WP_005600478.1,glpK,428229,430557,cds-WP_005600478.1;glpK
NZ_LN908249.1,Protein Homology,CDS,430678,433086,.,-,0,ID=lon;product=Lon_protease,lon,Lon protease,430678,433086,2409,201,1,1,single,,,lon,lon,430678,433086,lon
NZ_LN908249.1,Protein Homology,CDS,433232,434677,.,-,0,ID=glpT;product=Glycerol-3-phosphate_transporter,glpT,Glycerol-3-phosphate transporter,433232,434677,1446,202,2,2,last,glpQ,,glpQ,glpT,433232,435968,glpQ;glpT
NZ_LN908249.1,Protein Homology,CDS,434880,435968,.,-,0,ID=glpQ;product=Glycerophosphoryl_diester_phosphodiesterase,glpQ,Glycerophosphoryl diester phosphodiesterase,434880,435968,1089,202,2,1,first,,glpT,glpQ,glpT,433232,435968,glpQ;glpT
NZ_LN908249.1,Protein Homology,CDS,436220,437905,.,+,0,ID=glpA;product=Anaerobic_glycerol-3-phosphate_dehydrogenase_subunit_A,glpA,Anaerobic glycerol-3-phosphate dehydrogenase subunit A,436220,437905,1686,203,3,1,first,,glpB,glpA,glpC,436220,440452,glpA;glpB;glpC
NZ_LN908249.1,Protein Homology,CDS,437895,439181,.,+,0,ID=glpB;product=Anaerobic_glycerol-3-phosphate_dehydrogenase_subunit_B,glpB,Anaerobic glycerol-3-phosphate dehydrogenase subunit B,437895,439181,1287,203,3,2,internal,glpA,glpC,glpA,glpC,436220,440452,glpA;glpB;glpC
NZ_LN908249.1,Protein Homology,CDS,439178,440452,.,+,0,ID=glpC;product=Anaerobic_glycerol-3-phosphate_dehydrogenase_subunit_C,glpC,Anaerobic glycerol-3-phosphate dehydrogenase subunit C,439178,440452,1275,203,3,3,last,glpB,,glpA,glpC,436220,440452,glpA;glpB;glpC
NZ_LN908249.1,Protein Homology,CDS,440762,441856,.,+,0,ID=ribD;product=Riboflavin_biosynthesis_protein_RibD,ribD,Riboflavin biosynthesis protein RibD,440762,441856,1095,204,4,1,first,,ribE,ribD,ribH,440762,444464,ribD;ribE;cds-WP_039708996.1;ribH
NZ_LN908249.1,Protein Homology,CDS,441979,442626,.,+,0,ID=ribE;product=Riboflavin_synthase,ribE,Riboflavin synthase,441979,442626,648,204,4,2,internal,ribD,cds-WP_039708996.1,ribD,ribH,440762,444464,ribD;ribE;cds-WP_039708996.1;ribH
NZ_LN908249.1,Protein Homology,CDS,442687,443892,.,+,0,ID=cds-WP_039708996.1;product=Riboflavin_biosynthesis_protein_RibBA,cds-WP_039708996.1,Riboflavin biosynthesis protein RibBA,442687,443892,1206,204,4,3,internal,ribE,ribH,ribD,ribH,440762,444464,ribD;ribE;cds-WP_039708996.1;ribH
NZ_LN908249.1,Protein Homology,CDS,444003,444464,.,+,0,ID=ribH;product=67-dimethyl-8-ribityllumazine_synthase,ribH,67-dimethyl-8-ribityllumazine synthase,444003,444464,462,204,4,4,last,cds-WP_039708996.1,,ribD,ribH,440762,444464,ribD;ribE;cds-WP_039708996.1;ribH
NZ_LN908249.1,Protein Homology,CDS,444555,445043,.,-,0,ID=greB;product=Transcription_elongation_factor_GreB,greB,Transcription elongation factor GreB,444555,445043,489,205,2,2,last,cds-WP_005596397.1,,cds-WP_005596397.1,greB,444555,445988,cds-WP_005596397.1;greB
NZ_LN908249.1,Protein Homology,CDS,445053,445988,.,-,0,ID=cds-WP_005596397.1;product=Probable_arabinose_5-phosphate_isomerase,cds-WP_005596397.1,Probable arabinose 5-phosphate isomerase,445053,445988,936,205,2,1,first,,greB,cds-WP_005596397.1,greB,444555,445988,cds-WP_005596397.1;greB
NZ_LN908249.1,Protein Homology,CDS,446116,447399,.,-,0,ID=pepB;product=Peptidase_B,pepB,Peptidase B,446116,447399,1284,206,1,1,single,,,pepB,pepB,446116,447399,pepB
NZ_LN908249.1,Protein Homology,CDS,447523,448338,.,-,0,ID=cds-WP_005614632.1;product=Lipoprotein_E,cds-WP_005614632.1,Lipoprotein E,447523,448338,816,207,1,1,single,,,cds-WP_005614632.1,cds-WP_005614632.1,447523,448338,cds-WP_005614632.1
NZ_LN908249.1,Protein Homology,CDS,448511,449449,.,+,0,ID=cds-WP_005596403.1;product=Uncharacterized_sodium-dependent_transporter_YocS,cds-WP_005596403.1,Uncharacterized sodium-dependent transporter YocS,448511,449449,939,208,1,1,single,,,cds-WP_005596403.1,cds-WP_005596403.1,448511,449449,cds-WP_005596403.1
NZ_LN908249.1,Protein Homology,CDS,449529,450710,.,-,0,ID=cds-WP_005616831.1;product=Macrolide_export_protein_MacA,cds-WP_005616831.1,Macrolide export protein MacA,449529,450710,1182,209,1,1,single,,,cds-WP_005616831.1,cds-WP_005616831.1,449529,450710,cds-WP_005616831.1
NZ_LN908249.1,Protein Homology,CDS,450807,451622,.,-,0,ID=cds-WP_005600497.1;product=Putative_phosphatase_HI_0597,cds-WP_005600497.1,Putative phosphatase HI 0597,450807,451622,816,210,1,1,single,,,cds-WP_005600497.1,cds-WP_005600497.1,450807,451622,cds-WP_005600497.1
NZ_LN908249.1,Protein Homology,CDS,452219,453760,.,+,0,ID=leuA;product=2-isopropylmalate_synthase,leuA,2-isopropylmalate synthase,452219,453760,1542,211,1,1,single,,,leuA,leuA,452219,453760,leuA
NZ_LN908249.1,Protein Homology,CDS,454103,454681,.,+,0,ID=rpoE;product=ECF_RNA_polymerase_sigma-E_factor,rpoE,ECF RNA polymerase sigma-E factor,454103,454681,579,212,4,1,first,,cds-WP_039708999.1,rpoE,fadD,454103,457680,rpoE;cds-WP_039708999.1;cds-WP_005611567.1;fadD
NZ_LN908249.1,Protein Homology,CDS,454701,455324,.,+,0,ID=cds-WP_039708999.1;product=Anti-sigma-E_factor_RseA,cds-WP_039708999.1,Anti-sigma-E factor RseA,454701,455324,624,212,4,2,internal,rpoE,cds-WP_005611567.1,rpoE,fadD,454103,457680,rpoE;cds-WP_039708999.1;cds-WP_005611567.1;fadD
NZ_LN908249.1,Protein Homology,CDS,455549,455977,.,+,0,ID=cds-WP_005611567.1;product=Uncharacterized_protein_HI_0850,cds-WP_005611567.1,Uncharacterized protein HI 0850,455549,455977,429,212,4,3,internal,cds-WP_039708999.1,fadD,rpoE,fadD,454103,457680,rpoE;cds-WP_039708999.1;cds-WP_005611567.1;fadD
NZ_LN908249.1,Protein Homology,CDS,455989,457680,.,+,0,ID=fadD;product=Long-chain-fatty-acid--CoA_ligase,fadD,Long-chain-fatty-acid--CoA ligase,455989,457680,1692,212,4,4,last,cds-WP_005611567.1,,rpoE,fadD,454103,457680,rpoE;cds-WP_039708999.1;cds-WP_005611567.1;fadD
NZ_LN908249.1,Protein Homology,CDS,457747,458373,.,+,0,ID=upp;product=Uracil_phosphoribosyltransferase,upp,Uracil phosphoribosyltransferase,457747,458373,627,213,1,1,single,,,upp,upp,457747,458373,upp
NZ_LN908249.1,Protein Homology,CDS,458480,459349,.,-,0,ID=rsmA;product=Ribosomal_RNA_small_subunit_methyltransferase_A,rsmA,Ribosomal RNA small subunit methyltransferase A,458480,459349,870,214,2,2,last,cds-WP_058230456.1,,cds-WP_058230456.1,rsmA,458480,460365,cds-WP_058230456.1;rsmA
NZ_LN908249.1,Protein Homology,CDS,459415,460365,.,-,0,ID=cds-WP_058230456.1;product=Putative_peptidyl-prolyl_cis-trans_isomerase_SurA,cds-WP_058230456.1,Putative peptidyl-prolyl cis-trans isomerase SurA,459415,460365,951,214,2,1,first,,rsmA,cds-WP_058230456.1,rsmA,458480,460365,cds-WP_058230456.1;rsmA
NZ_LN908249.1,Protein Homology,CDS,460446,460985,.,-,0,ID=pyrR;product=Bifunctional_protein_PyrR,pyrR,Bifunctional protein PyrR,460446,460985,540,215,2,2,last,hldE,,hldE,pyrR,460446,462431,hldE;pyrR
NZ_LN908249.1,Protein Homology,CDS,461001,462431,.,-,0,ID=hldE;product=Bifunctional_protein_HldE,hldE,Bifunctional protein HldE,461001,462431,1431,215,2,1,first,,pyrR,hldE,pyrR,460446,462431,hldE;pyrR
NZ_LN908249.1,Protein Homology,CDS,462545,464065,.,-,0,ID=der;product=GTPase_Der,der,GTPase Der,462545,464065,1521,216,1,1,single,,,der,der,462545,464065,der
NZ_LN908249.1,Protein Homology,CDS,464223,465533,.,-,0,ID=hemA;product=Glutamyl-tRNA_reductase,hemA,Glutamyl-tRNA reductase,464223,465533,1311,217,1,1,single,,,hemA,hemA,464223,465533,hemA
NZ_LN908249.1,Protein Homology,CDS,465811,468018,.,+,0,ID=relA;product=GTP_pyrophosphokinase,relA,GTP pyrophosphokinase,465811,468018,2208,218,2,1,first,,ispC,relA,ispC,465811,469282,relA;ispC
NZ_LN908249.1,Protein Homology,CDS,468092,469282,.,+,0,ID=ispC;product=1-deoxy-D-xylulose_5-phosphate_reductoisomerase,ispC,1-deoxy-D-xylulose 5-phosphate reductoisomerase,468092,469282,1191,218,2,2,last,relA,,relA,ispC,465811,469282,relA;ispC
NZ_LN908249.1,Protein Homology,CDS,469367,470290,.,-,0,ID=cds-WP_418146766.1;product='hypothetical protein',cds-WP_418146766.1,'hypothetical protein',469367,470290,924,219,1,1,single,,,cds-WP_418146766.1,cds-WP_418146766.1,469367,470290,cds-WP_418146766.1
NZ_LN908249.1,Protein Homology,CDS,470440,471234,.,-,0,ID=lpxA;product=Acyl-[acyl-carrier-protein]--UDP-N-acetylglucosamine_O-acyltransferase,lpxA,Acyl-[acyl-carrier-protein]--UDP-N-acetylglucosamine O-acyltransferase,470440,471234,795,220,8,8,last,fabZ,,cds-WP_005619022.1,lpxA,470440,479112,cds-WP_005619022.1;cds-WP_005596459.1;rseP;bamA;cds-WP_039709001.1;lpxD;fabZ;lpxA
NZ_LN908249.1,Protein Homology,CDS,471262,471726,.,-,0,ID=fabZ;product=3-hydroxyacyl-[acyl-carrier-protein]_dehydratase_FabZ,fabZ,3-hydroxyacyl-[acyl-carrier-protein] dehydratase FabZ,471262,471726,465,220,8,7,internal,lpxD,lpxA,cds-WP_005619022.1,lpxA,470440,479112,cds-WP_005619022.1;cds-WP_005596459.1;rseP;bamA;cds-WP_039709001.1;lpxD;fabZ;lpxA
NZ_LN908249.1,Protein Homology,CDS,471795,472820,.,-,0,ID=lpxD;product=UDP-3-O-acylglucosamine_N-acyltransferase,lpxD,UDP-3-O-acylglucosamine N-acyltransferase,471795,472820,1026,220,8,6,internal,cds-WP_039709001.1,fabZ,cds-WP_005619022.1,lpxA,470440,479112,cds-WP_005619022.1;cds-WP_005596459.1;rseP;bamA;cds-WP_039709001.1;lpxD;fabZ;lpxA
NZ_LN908249.1,Protein Homology,CDS,472820,473626,.,-,0,ID=cds-WP_039709001.1;product='hypothetical protein',cds-WP_039709001.1,'hypothetical protein',472820,473626,807,220,8,5,internal,bamA,lpxD,cds-WP_005619022.1,lpxA,470440,479112,cds-WP_005619022.1;cds-WP_005596459.1;rseP;bamA;cds-WP_039709001.1;lpxD;fabZ;lpxA
NZ_LN908249.1,Protein Homology,CDS,473742,476123,.,-,0,ID=bamA;product=Outer_membrane_protein_assembly_factor_BamA,bamA,Outer membrane protein assembly factor BamA,473742,476123,2382,220,8,4,internal,rseP,cds-WP_039709001.1,cds-WP_005619022.1,lpxA,470440,479112,cds-WP_005619022.1;cds-WP_005596459.1;rseP;bamA;cds-WP_039709001.1;lpxD;fabZ;lpxA
NZ_LN908249.1,Protein Homology,CDS,476185,477498,.,-,0,ID=rseP;product=Regulator_of_sigma_E_protease,rseP,Regulator of sigma E protease,476185,477498,1314,220,8,3,internal,cds-WP_005596459.1,bamA,cds-WP_005619022.1,lpxA,470440,479112,cds-WP_005619022.1;cds-WP_005596459.1;rseP;bamA;cds-WP_039709001.1;lpxD;fabZ;lpxA
NZ_LN908249.1,Protein Homology,CDS,477505,478374,.,-,0,ID=cds-WP_005596459.1;product=Phosphatidate_cytidylyltransferase,cds-WP_005596459.1,Phosphatidate cytidylyltransferase,477505,478374,870,220,8,2,internal,cds-WP_005619022.1,rseP,cds-WP_005619022.1,lpxA,470440,479112,cds-WP_005619022.1;cds-WP_005596459.1;rseP;bamA;cds-WP_039709001.1;lpxD;fabZ;lpxA
NZ_LN908249.1,Protein Homology,CDS,478399,479112,.,-,0,ID=cds-WP_005619022.1;product=Ditranspolycis-undecaprenyl-diphosphate_synthase_((2E6E)-farnesyl-diphosphate_specific),cds-WP_005619022.1,Ditranspolycis-undecaprenyl-diphosphate synthase ((2E6E)-farnesyl-diphosphate specific),478399,479112,714,220,8,1,first,,cds-WP_005596459.1,cds-WP_005619022.1,lpxA,470440,479112,cds-WP_005619022.1;cds-WP_005596459.1;rseP;bamA;cds-WP_039709001.1;lpxD;fabZ;lpxA
NZ_LN908249.1,Protein Homology,CDS,479285,479992,.,-,0,ID=gloB;product=Hydroxyacylglutathione_hydrolase,gloB,Hydroxyacylglutathione hydrolase,479285,479992,708,221,3,3,last,nagK,,cds-WP_005603721.1,gloB,479285,481675,cds-WP_005603721.1;nagK;gloB
NZ_LN908249.1,Protein Homology,CDS,480051,480968,.,-,0,ID=nagK;product=N-acetyl-D-glucosamine_kinase,nagK,N-acetyl-D-glucosamine kinase,480051,480968,918,221,3,2,internal,cds-WP_005603721.1,gloB,cds-WP_005603721.1,gloB,479285,481675,cds-WP_005603721.1;nagK;gloB
NZ_LN908249.1,Protein Homology,CDS,480971,481675,.,-,0,ID=cds-WP_005603721.1;product=Phosphatidylglycerophosphatase_B,cds-WP_005603721.1,Phosphatidylglycerophosphatase B,480971,481675,705,221,3,1,first,,nagK,cds-WP_005603721.1,gloB,479285,481675,cds-WP_005603721.1;nagK;gloB
NZ_LN908249.1,Protein Homology,CDS,481767,482084,.,-,0,ID=yhbY;product=RNA-binding_protein_HI_1333,yhbY,RNA-binding protein HI 1333,481767,482084,318,222,1,1,single,,,yhbY,yhbY,481767,482084,yhbY
NZ_LN908249.1,Protein Homology,CDS,482206,482964,.,+,0,ID=cds-WP_005596471.1;product=Uncharacterized_glycosyltransferase_HI_0653,cds-WP_005596471.1,Uncharacterized glycosyltransferase HI 0653,482206,482964,759,223,1,1,single,,,cds-WP_005596471.1,cds-WP_005596471.1,482206,482964,cds-WP_005596471.1
NZ_LN908249.1,Protein Homology,CDS,483027,483848,.,-,0,ID=cds-WP_005596473.1;product=D-alanyl-D-alanine_endopeptidase,cds-WP_005596473.1,D-alanyl-D-alanine endopeptidase,483027,483848,822,224,1,1,single,,,cds-WP_005596473.1,cds-WP_005596473.1,483027,483848,cds-WP_005596473.1
NZ_LN908249.1,Protein Homology,CDS,483931,484968,.,-,0,ID=cds-WP_005614646.1;product=Putative_glycosyltransferase_HI_0523,cds-WP_005614646.1,Putative glycosyltransferase HI 0523,483931,484968,1038,225,1,1,single,,,cds-WP_005614646.1,cds-WP_005614646.1,483931,484968,cds-WP_005614646.1
NZ_LN908249.1,Protein Homology,CDS,485212,486543,.,+,0,ID=argG;product=Argininosuccinate_synthase,argG,Argininosuccinate synthase,485212,486543,1332,226,1,1,single,,,argG,argG,485212,486543,argG
NZ_LN908249.1,Protein Homology,CDS,486665,487126,.,+,0,ID=rnhA;product=Ribonuclease_H,rnhA,Ribonuclease H,486665,487126,462,227,3,1,first,,cds-WP_005600518.1,rnhA,purF,486665,489317,rnhA;cds-WP_005600518.1;purF
NZ_LN908249.1,Protein Homology,CDS,487283,487786,.,+,0,ID=cds-WP_005600518.1;product=Colicin_V_production_protein_homolog,cds-WP_005600518.1,Colicin V production protein homolog,487283,487786,504,227,3,2,internal,rnhA,purF,rnhA,purF,486665,489317,rnhA;cds-WP_005600518.1;purF
NZ_LN908249.1,Protein Homology,CDS,487800,489317,.,+,0,ID=purF;product=Amidophosphoribosyltransferase,purF,Amidophosphoribosyltransferase,487800,489317,1518,227,3,3,last,cds-WP_005600518.1,,rnhA,purF,486665,489317,rnhA;cds-WP_005600518.1;purF
NZ_LN908249.1,Protein Homology,CDS,489386,489844,.,-,0,ID=cds-WP_005596484.1;product='hypothetical protein',cds-WP_005596484.1,'hypothetical protein',489386,489844,459,228,1,1,single,,,cds-WP_005596484.1,cds-WP_005596484.1,489386,489844,cds-WP_005596484.1
NZ_LN908249.1,Protein Homology,CDS,489940,491280,.,-,0,ID=gdhA;product=NADP-specific_glutamate_dehydrogenase,gdhA,NADP-specific glutamate dehydrogenase,489940,491280,1341,229,1,1,single,,,gdhA,gdhA,489940,491280,gdhA
NZ_LN908249.1,Protein Homology,CDS,491584,491928,.,-,0,ID=bamE;product=Outer_membrane_protein_assembly_factor_BamE,bamE,Outer membrane protein assembly factor BamE,491584,491928,345,230,1,1,single,,,bamE,bamE,491584,491928,bamE
NZ_LN908249.1,Protein Homology,CDS,491999,493000,.,-,0,ID=yejK;product=Nucleoid-associated_protein_APJL_0454,yejK,Nucleoid-associated protein APJL 0454,491999,493000,1002,231,1,1,single,,,yejK,yejK,491999,493000,yejK
NZ_LN908249.1,Protein Homology,CDS,493093,493482,.,+,0,ID=cds-WP_005596493.1;product=RutC_family_protein_HI_0719,cds-WP_005596493.1,RutC family protein HI 0719,493093,493482,390,232,2,1,first,,pgeF,cds-WP_005596493.1,pgeF,493093,494247,cds-WP_005596493.1;pgeF
NZ_LN908249.1,Protein Homology,CDS,493510,494247,.,+,0,ID=pgeF;product=Laccase_domain_protein_HI_0175,pgeF,Laccase domain protein HI 0175,493510,494247,738,232,2,2,last,cds-WP_005596493.1,,cds-WP_005596493.1,pgeF,493093,494247,cds-WP_005596493.1;pgeF
NZ_LN908249.1,tRNAscan-SE,tRNA,494345,494421,.,+,.,ID=rna-MIDG2331_RS02225;product='tRNA',rna-MIDG2331_RS02225,'tRNA',494345,494421,77,233,1,1,single,,,rna-MIDG2331_RS02225,rna-MIDG2331_RS02225,494345,494421,rna-MIDG2331_RS02225
NZ_LN908249.1,Protein Homology,CDS,494467,494697,.,-,0,ID=cds-WP_005613725.1;product='hypothetical protein',cds-WP_005613725.1,'hypothetical protein',494467,494697,231,234,1,1,single,,,cds-WP_005613725.1,cds-WP_005613725.1,494467,494697,cds-WP_005613725.1
NZ_LN908249.1,Protein Homology,CDS,494812,495894,.,+,0,ID=leuB;product=3-isopropylmalate_dehydrogenase,leuB,3-isopropylmalate dehydrogenase,494812,495894,1083,235,1,1,single,,,leuB,leuB,494812,495894,leuB
NZ_LN908249.1,Protein Homology,CDS,496018,496413,.,-,0,ID=msrB;product=Peptide_methionine_sulfoxide_reductase_MsrB,msrB,Peptide methionine sulfoxide reductase MsrB,496018,496413,396,236,1,1,single,,,msrB,msrB,496018,496413,msrB
NZ_LN908249.1,Protein Homology,CDS,496636,497640,.,+,0,ID=gap;product=Glyceraldehyde-3-phosphate_dehydrogenase,gap,Glyceraldehyde-3-phosphate dehydrogenase,496636,497640,1005,237,1,1,single,,,gap,gap,496636,497640,gap
NZ_LN908249.1,Protein Homology,CDS,497836,498888,.,+,0,ID=cds-WP_005607179.1;product=Rod_shape-determining_protein_MreB,cds-WP_005607179.1,Rod shape-determining protein MreB,497836,498888,1053,238,4,1,first,,mreC,cds-WP_005607179.1,cds-WP_005603748.1,497836,501895,cds-WP_005607179.1;mreC;mreD;cds-WP_005603748.1
NZ_LN908249.1,Protein Homology,CDS,499005,500054,.,+,0,ID=mreC;product=Cell_shape-determining_protein_MreC,mreC,Cell shape-determining protein MreC,499005,500054,1050,238,4,2,internal,cds-WP_005607179.1,mreD,cds-WP_005607179.1,cds-WP_005603748.1,497836,501895,cds-WP_005607179.1;mreC;mreD;cds-WP_005603748.1
NZ_LN908249.1,Protein Homology,CDS,500054,500542,.,+,0,ID=mreD;product=Rod_shape-determining_protein_MreD,mreD,Rod shape-determining protein MreD,500054,500542,489,238,4,3,internal,mreC,cds-WP_005603748.1,cds-WP_005607179.1,cds-WP_005603748.1,497836,501895,cds-WP_005607179.1;mreC;mreD;cds-WP_005603748.1
NZ_LN908249.1,Protein Homology,CDS,500555,501895,.,+,0,ID=cds-WP_005603748.1;product=Replication-associated_recombination_protein_A,cds-WP_005603748.1,Replication-associated recombination protein A,500555,501895,1341,238,4,4,last,mreD,,cds-WP_005607179.1,cds-WP_005603748.1,497836,501895,cds-WP_005607179.1;mreC;mreD;cds-WP_005603748.1
NZ_LN908249.1,Protein Homology,CDS,501976,502761,.,+,0,ID=znuB;product=High-affinity_zinc_uptake_system_membrane_protein_ZnuB,znuB,High-affinity zinc uptake system membrane protein ZnuB,501976,502761,786,239,1,1,single,,,znuB,znuB,501976,502761,znuB
NZ_LN908249.1,Protein Homology,CDS,502940,503737,.,+,0,ID=cds-WP_039709005.1;product=Putative_glutamine_amidotransferase_HI_1037,cds-WP_039709005.1,Putative glutamine amidotransferase HI 1037,502940,503737,798,240,1,1,single,,,cds-WP_039709005.1,cds-WP_039709005.1,502940,503737,cds-WP_039709005.1
NZ_LN908249.1,Protein Homology,CDS,503817,504893,.,-,0,ID=metX;product=Homoserine_O-acetyltransferase,metX,Homoserine O-acetyltransferase,503817,504893,1077,241,1,1,single,,,metX,metX,503817,504893,metX
NZ_LN908249.1,Protein Homology,CDS,505185,505874,.,+,0,ID=cds-WP_039709007.1;product=Protein_SanA_homolog,cds-WP_039709007.1,Protein SanA homolog,505185,505874,690,242,1,1,single,,,cds-WP_039709007.1,cds-WP_039709007.1,505185,505874,cds-WP_039709007.1
NZ_LN908249.1,Protein Homology,CDS,506121,516629,.,+,0,ID=cds-WP_058230458.1;product=Autotransporter_adhesin_NhhA,cds-WP_058230458.1,Autotransporter adhesin NhhA,506121,516629,10509,243,1,1,single,,,cds-WP_058230458.1,cds-WP_058230458.1,506121,516629,cds-WP_058230458.1
NZ_LN908249.1,Protein Homology,CDS,516939,517637,.,-,0,ID=cds-WP_005611661.1;product=Uncharacterized_protein_YkgG,cds-WP_005611661.1,Uncharacterized protein YkgG,516939,517637,699,244,4,4,last,cds-WP_039709011.1,,cds-WP_058230459.1,cds-WP_005611661.1,516939,521672,cds-WP_058230459.1;cds-WP_005596552.1;cds-WP_039709011.1;cds-WP_005611661.1
NZ_LN908249.1,Protein Homology,CDS,517763,519172,.,-,0,ID=cds-WP_039709011.1;product=Uncharacterized_electron_transport_protein_YkgF,cds-WP_039709011.1,Uncharacterized electron transport protein YkgF,517763,519172,1410,244,4,3,internal,cds-WP_005596552.1,cds-WP_005611661.1,cds-WP_058230459.1,cds-WP_005611661.1,516939,521672,cds-WP_058230459.1;cds-WP_005596552.1;cds-WP_039709011.1;cds-WP_005611661.1
NZ_LN908249.1,Protein Homology,CDS,519182,519907,.,-,0,ID=cds-WP_005596552.1;product=Uncharacterized_protein_YkgE,cds-WP_005596552.1,Uncharacterized protein YkgE,519182,519907,726,244,4,2,internal,cds-WP_058230459.1,cds-WP_039709011.1,cds-WP_058230459.1,cds-WP_005611661.1,516939,521672,cds-WP_058230459.1;cds-WP_005596552.1;cds-WP_039709011.1;cds-WP_005611661.1
NZ_LN908249.1,Protein Homology,CDS,520077,521672,.,-,0,ID=cds-WP_058230459.1;product=Putative_L-lactate_permease,cds-WP_058230459.1,Putative L-lactate permease,520077,521672,1596,244,4,1,first,,cds-WP_005596552.1,cds-WP_058230459.1,cds-WP_005611661.1,516939,521672,cds-WP_058230459.1;cds-WP_005596552.1;cds-WP_039709011.1;cds-WP_005611661.1
NZ_LN908249.1,Protein Homology,CDS,522138,522545,.,-,0,ID=cds-WP_005603801.1;product=DNA-binding_protein_H-NS_homolog,cds-WP_005603801.1,DNA-binding protein H-NS homolog,522138,522545,408,245,1,1,single,,,cds-WP_005603801.1,cds-WP_005603801.1,522138,522545,cds-WP_005603801.1
NZ_LN908249.1,Protein Homology,CDS,523102,524619,.,+,0,ID=cds-WP_005603803.1;product=Uncharacterized_protein_HI_1586,cds-WP_005603803.1,Uncharacterized protein HI 1586,523102,524619,1518,246,1,1,single,,,cds-WP_005603803.1,cds-WP_005603803.1,523102,524619,cds-WP_005603803.1
NZ_LN908249.1,Protein Homology,CDS,524825,525796,.,+,0,ID=cds-WP_005596562.1;product=D-galactose-binding_periplasmic_protein,cds-WP_005596562.1,D-galactose-binding periplasmic protein,524825,525796,972,247,1,1,single,,,cds-WP_005596562.1,cds-WP_005596562.1,524825,525796,cds-WP_005596562.1
NZ_LN908249.1,Protein Homology,CDS,525931,526803,.,-,0,ID=sucD;product=Succinate--CoA_ligase_[ADP-forming]_subunit_alpha,sucD,Succinate--CoA ligase [ADP-forming] subunit alpha,525931,526803,873,248,2,2,last,sucC,,sucC,sucD,525931,527972,sucC;sucD
NZ_LN908249.1,Protein Homology,CDS,526806,527972,.,-,0,ID=sucC;product=Succinate--CoA_ligase_[ADP-forming]_subunit_beta,sucC,Succinate--CoA ligase [ADP-forming] subunit beta,526806,527972,1167,248,2,1,first,,sucD,sucC,sucD,525931,527972,sucC;sucD
NZ_LN908249.1,Protein Homology,CDS,528116,528982,.,-,0,ID=cds-WP_005600545.1;product=Uncharacterized_protein_HI_1119,cds-WP_005600545.1,Uncharacterized protein HI 1119,528116,528982,867,249,1,1,single,,,cds-WP_005600545.1,cds-WP_005600545.1,528116,528982,cds-WP_005600545.1
NZ_LN908249.1,Protein Homology,CDS,529125,530354,.,-,0,ID=odhB;product=Dihydrolipoyllysine-residue_succinyltransferase_component_of_2-oxoglutarate_dehydrogenase_complex,odhB,Dihydrolipoyllysine-residue succinyltransferase component of 2-oxoglutarate dehydrogenase complex,529125,530354,1230,250,2,2,last,sucA,,sucA,odhB,529125,533284,sucA;odhB
NZ_LN908249.1,Protein Homology,CDS,530474,533284,.,-,0,ID=sucA;product=2-oxoglutarate_dehydrogenase_E1_component,sucA,2-oxoglutarate dehydrogenase E1 component,530474,533284,2811,250,2,1,first,,odhB,sucA,odhB,529125,533284,sucA;odhB
NZ_LN908249.1,Protein Homology,CDS,533527,534327,.,-,0,ID=znuC;product=Zinc_import_ATP-binding_protein_ZnuC,znuC,Zinc import ATP-binding protein ZnuC,533527,534327,801,251,1,1,single,,,znuC,znuC,533527,534327,znuC
NZ_LN908249.1,Protein Homology,CDS,534531,536021,.,+,0,ID=mepM;product=Uncharacterized_metalloprotease_HI_0409,mepM,Uncharacterized metalloprotease HI 0409,534531,536021,1491,252,3,1,first,,dsbC,mepM,recJ,534531,538542,mepM;dsbC;recJ
NZ_LN908249.1,Protein Homology,CDS,536040,536735,.,+,0,ID=dsbC;product=Thiol:disulfide_interchange_protein_DsbC,dsbC,Thiol:disulfide interchange protein DsbC,536040,536735,696,252,3,2,internal,mepM,recJ,mepM,recJ,534531,538542,mepM;dsbC;recJ
NZ_LN908249.1,Protein Homology,CDS,536827,538542,.,+,0,ID=recJ;product=Single-stranded-DNA-specific_exonuclease_RecJ,recJ,Single-stranded-DNA-specific exonuclease RecJ,536827,538542,1716,252,3,3,last,dsbC,,mepM,recJ,534531,538542,mepM;dsbC;recJ
NZ_LN908249.1,Protein Homology,CDS,538676,539527,.,+,0,ID=cds-WP_005596583.1;product=Outer_membrane_protein_P5,cds-WP_005596583.1,Outer membrane protein P5,538676,539527,852,253,1,1,single,,,cds-WP_005596583.1,cds-WP_005596583.1,538676,539527,cds-WP_005596583.1
NZ_LN908249.1,Protein Homology,CDS,539609,540427,.,+,0,ID=cds-WP_039709015.1;product=Pyridoxal_phosphate_phosphatase_YbhA,cds-WP_039709015.1,Pyridoxal phosphate phosphatase YbhA,539609,540427,819,254,5,1,first,,narQ,cds-WP_039709015.1,cds-WP_005596594.1,539609,543668,cds-WP_039709015.1;narQ;cds-WP_005596590.1;rdgB;cds-WP_005596594.1
NZ_LN908249.1,Protein Homology,CDS,540427,542142,.,+,0,ID=narQ;product=Sensor_protein_NarQ_homolog,narQ,Sensor protein NarQ homolog,540427,542142,1716,254,5,2,internal,cds-WP_039709015.1,cds-WP_005596590.1,cds-WP_039709015.1,cds-WP_005596594.1,539609,543668,cds-WP_039709015.1;narQ;cds-WP_005596590.1;rdgB;cds-WP_005596594.1
NZ_LN908249.1,Protein Homology,CDS,542165,542683,.,+,0,ID=cds-WP_005596590.1;product='hypothetical protein',cds-WP_005596590.1,'hypothetical protein',542165,542683,519,254,5,3,internal,narQ,rdgB,cds-WP_039709015.1,cds-WP_005596594.1,539609,543668,cds-WP_039709015.1;narQ;cds-WP_005596590.1;rdgB;cds-WP_005596594.1
NZ_LN908249.1,Protein Homology,CDS,542724,543320,.,+,0,ID=rdgB;product=Non-canonical_purine_NTP_pyrophosphatase,rdgB,Non-canonical purine NTP pyrophosphatase,542724,543320,597,254,5,4,internal,cds-WP_005596590.1,cds-WP_005596594.1,cds-WP_039709015.1,cds-WP_005596594.1,539609,543668,cds-WP_039709015.1;narQ;cds-WP_005596590.1;rdgB;cds-WP_005596594.1
NZ_LN908249.1,Protein Homology,CDS,543348,543668,.,+,0,ID=cds-WP_005596594.1;product=UPF0145_protein_APJL_0492,cds-WP_005596594.1,UPF0145 protein APJL 0492,543348,543668,321,254,5,5,last,rdgB,,cds-WP_039709015.1,cds-WP_005596594.1,539609,543668,cds-WP_039709015.1;narQ;cds-WP_005596590.1;rdgB;cds-WP_005596594.1
NZ_LN908249.1,Protein Homology,CDS,543774,545444,.,-,0,ID=cds-WP_058230461.1;product=Formate--tetrahydrofolate_ligase,cds-WP_058230461.1,Formate--tetrahydrofolate ligase,543774,545444,1671,255,1,1,single,,,cds-WP_058230461.1,cds-WP_058230461.1,543774,545444,cds-WP_058230461.1
NZ_LN908249.1,Protein Homology,CDS,545554,546000,.,+,0,ID=cds-WP_005596597.1;product=UPF0260_protein_HI_1355,cds-WP_005596597.1,UPF0260 protein HI 1355,545554,546000,447,256,1,1,single,,,cds-WP_005596597.1,cds-WP_005596597.1,545554,546000,cds-WP_005596597.1
NZ_LN908249.1,Protein Homology,CDS,546090,546839,.,+,0,ID=cds-WP_039709016.1;product=Probable_NADP-dependent_dehydrogenase_HI_1430,cds-WP_039709016.1,Probable NADP-dependent dehydrogenase HI 1430,546090,546839,750,257,1,1,single,,,cds-WP_039709016.1,cds-WP_039709016.1,546090,546839,cds-WP_039709016.1
NZ_LN908249.1,Protein Homology,CDS,547025,548215,.,+,0,ID=trpB;product=Tryptophan_synthase_beta_chain,trpB,Tryptophan synthase beta chain,547025,548215,1191,258,2,1,first,,trpA,trpB,trpA,547025,549026,trpB;trpA
NZ_LN908249.1,Protein Homology,CDS,548217,549026,.,+,0,ID=trpA;product=Tryptophan_synthase_alpha_chain,trpA,Tryptophan synthase alpha chain,548217,549026,810,258,2,2,last,trpB,,trpB,trpA,547025,549026,trpB;trpA
NZ_LN908249.1,Protein Homology,CDS,549103,549396,.,-,0,ID=cds-WP_005596601.1;product='hypothetical protein',cds-WP_005596601.1,'hypothetical protein',549103,549396,294,259,1,1,single,,,cds-WP_005596601.1,cds-WP_005596601.1,549103,549396,cds-WP_005596601.1
NZ_LN908249.1,Protein Homology,CDS,549870,552743,.,+,0,ID=polA;product=DNA_polymerase_I,polA,DNA polymerase I,549870,552743,2874,260,1,1,single,,,polA,polA,549870,552743,polA
NZ_LN908249.1,Protein Homology,CDS,552901,553542,.,+,0,ID=lolA;product=Outer-membrane_lipoprotein_carrier_protein,lolA,Outer-membrane lipoprotein carrier protein,552901,553542,642,261,1,1,single,,,lolA,lolA,552901,553542,lolA
NZ_LN908249.1,Protein Homology,CDS,553617,553925,.,+,0,ID=trpR;product=Trp_operon_repressor_homolog,trpR,Trp operon repressor homolog,553617,553925,309,262,2,1,first,,mtgA,trpR,mtgA,553617,554715,trpR;mtgA
NZ_LN908249.1,Protein Homology,CDS,553954,554715,.,+,0,ID=mtgA;product=Monofunctional_biosynthetic_peptidoglycan_transglycosylase,mtgA,Monofunctional biosynthetic peptidoglycan transglycosylase,553954,554715,762,262,2,2,last,trpR,,trpR,mtgA,553617,554715,trpR;mtgA
NZ_LN908249.1,Protein Homology,CDS,554785,555120,.,-,0,ID=cds-WP_005596608.1;product=Uncharacterized_protein_HI_1053,cds-WP_005596608.1,Uncharacterized protein HI 1053,554785,555120,336,263,6,6,last,cds-WP_039709021.1,,cds-WP_005600584.1,cds-WP_005596608.1,554785,558113,cds-WP_005600584.1;cds-WP_005600583.1;cds-WP_306173045.1;cds-WP_256734107.1;cds-WP_039709021.1;cds-WP_005596608.1
NZ_LN908249.1,Protein Homology,CDS,555147,556151,.,-,0,ID=cds-WP_039709021.1;product='hypothetical protein',cds-WP_039709021.1,'hypothetical protein',555147,556151,1005,263,6,5,internal,cds-WP_256734107.1,cds-WP_005596608.1,cds-WP_005600584.1,cds-WP_005596608.1,554785,558113,cds-WP_005600584.1;cds-WP_005600583.1;cds-WP_306173045.1;cds-WP_256734107.1;cds-WP_039709021.1;cds-WP_005596608.1
NZ_LN908249.1,Protein Homology,CDS,556166,556315,.,-,0,ID=cds-WP_256734107.1;product='hypothetical protein',cds-WP_256734107.1,'hypothetical protein',556166,556315,150,263,6,4,internal,cds-WP_306173045.1,cds-WP_039709021.1,cds-WP_005600584.1,cds-WP_005596608.1,554785,558113,cds-WP_005600584.1;cds-WP_005600583.1;cds-WP_306173045.1;cds-WP_256734107.1;cds-WP_039709021.1;cds-WP_005596608.1
NZ_LN908249.1,Protein Homology,CDS,556263,556502,.,-,0,ID=cds-WP_306173045.1;product='hypothetical protein',cds-WP_306173045.1,'hypothetical protein',556263,556502,240,263,6,3,internal,cds-WP_005600583.1,cds-WP_256734107.1,cds-WP_005600584.1,cds-WP_005596608.1,554785,558113,cds-WP_005600584.1;cds-WP_005600583.1;cds-WP_306173045.1;cds-WP_256734107.1;cds-WP_039709021.1;cds-WP_005596608.1
NZ_LN908249.1,Protein Homology,CDS,556513,557856,.,-,0,ID=cds-WP_005600583.1;product=Sulfide:quinone_oxidoreductase_mitochondrial,cds-WP_005600583.1,Sulfide:quinone oxidoreductase mitochondrial,556513,557856,1344,263,6,2,internal,cds-WP_005600584.1,cds-WP_306173045.1,cds-WP_005600584.1,cds-WP_005596608.1,554785,558113,cds-WP_005600584.1;cds-WP_005600583.1;cds-WP_306173045.1;cds-WP_256734107.1;cds-WP_039709021.1;cds-WP_005596608.1
NZ_LN908249.1,Protein Homology,CDS,557901,558113,.,-,0,ID=cds-WP_005600584.1;product='hypothetical protein',cds-WP_005600584.1,'hypothetical protein',557901,558113,213,263,6,1,first,,cds-WP_005600583.1,cds-WP_005600584.1,cds-WP_005596608.1,554785,558113,cds-WP_005600584.1;cds-WP_005600583.1;cds-WP_306173045.1;cds-WP_256734107.1;cds-WP_039709021.1;cds-WP_005596608.1
NZ_LN908249.1,Protein Homology,CDS,558268,558555,.,+,0,ID=cds-WP_039709022.1;product=HTH-type_transcriptional_repressor_SmtB,cds-WP_039709022.1,HTH-type transcriptional repressor SmtB,558268,558555,288,264,3,1,first,,nfsA,cds-WP_039709022.1,cds-WP_039709023.1,558268,560260,cds-WP_039709022.1;nfsA;cds-WP_039709023.1
NZ_LN908249.1,Protein Homology,CDS,558630,559349,.,+,0,ID=nfsA;product=NADPH-flavin_oxidoreductase,nfsA,NADPH-flavin oxidoreductase,558630,559349,720,264,3,2,internal,cds-WP_039709022.1,cds-WP_039709023.1,cds-WP_039709022.1,cds-WP_039709023.1,558268,560260,cds-WP_039709022.1;nfsA;cds-WP_039709023.1
NZ_LN908249.1,Protein Homology,CDS,559346,560260,.,+,0,ID=cds-WP_039709023.1;product=Probable_alpha-L-glutamate_ligase,cds-WP_039709023.1,Probable alpha-L-glutamate ligase,559346,560260,915,264,3,3,last,nfsA,,cds-WP_039709022.1,cds-WP_039709023.1,558268,560260,cds-WP_039709022.1;nfsA;cds-WP_039709023.1
NZ_LN908249.1,Protein Homology,CDS,560295,561053,.,-,0,ID=cds-WP_005607256.1;product=Uncharacterized_protein_HI_1701,cds-WP_005607256.1,Uncharacterized protein HI 1701,560295,561053,759,265,1,1,single,,,cds-WP_005607256.1,cds-WP_005607256.1,560295,561053,cds-WP_005607256.1
NZ_LN908249.1,Protein Homology,CDS,561370,562638,.,+,0,ID=cds-WP_039709538.1;product=NADP-dependent_malic_enzyme,cds-WP_039709538.1,NADP-dependent malic enzyme,561370,562638,1269,266,1,1,single,,,cds-WP_039709538.1,cds-WP_039709538.1,561370,562638,cds-WP_039709538.1
NZ_LN908249.1,Protein Homology,CDS,562824,563111,.,+,0,ID=rplY;product=50S_ribosomal_protein_L25,rplY,50S ribosomal protein L25,562824,563111,288,267,1,1,single,,,rplY,rplY,562824,563111,rplY
NZ_LN908249.1,Protein Homology,CDS,563690,564331,.,+,0,ID=cds-WP_005618850.1;product=Uncharacterized_protein_HI_1249,cds-WP_005618850.1,Uncharacterized protein HI 1249,563690,564331,642,268,2,1,first,,cds-WP_005603879.1,cds-WP_005618850.1,cds-WP_005603879.1,563690,565317,cds-WP_005618850.1;cds-WP_005603879.1
NZ_LN908249.1,Protein Homology,CDS,564322,565317,.,+,0,ID=cds-WP_005603879.1;product=Putative_nickel/cobalt_efflux_system_HI_1248,cds-WP_005603879.1,Putative nickel/cobalt efflux system HI 1248,564322,565317,996,268,2,2,last,cds-WP_005618850.1,,cds-WP_005618850.1,cds-WP_005603879.1,563690,565317,cds-WP_005618850.1;cds-WP_005603879.1
NZ_LN908249.1,Protein Homology,CDS,565417,566865,.,+,0,ID=cds-WP_005607342.1;product=Uncharacterized_transporter_HI_0183,cds-WP_005607342.1,Uncharacterized transporter HI 0183,565417,566865,1449,269,1,1,single,,,cds-WP_005607342.1,cds-WP_005607342.1,565417,566865,cds-WP_005607342.1
NZ_LN908249.1,Protein Homology,CDS,567256,567986,.,+,0,ID=cds-MIDG2331_RS11735;product=Uncharacterized_ABC_transporter_ATP-binding_protein_HI_0354,cds-MIDG2331_RS11735,Uncharacterized ABC transporter ATP-binding protein HI 0354,567256,567986,731,270,9,1,first,,cds-WP_039709026.1,cds-MIDG2331_RS11735,thiE,567256,574112,cds-MIDG2331_RS11735;cds-WP_039709026.1;cds-WP_039709027.1;cds-MIDG2331_RS11610;thiH;tenA;cds-MIDG2331_RS02560;thiD;thiE
NZ_LN908249.1,Protein Homology,CDS,567979,568728,.,+,0,ID=cds-WP_039709026.1;product=Probable_ABC_transporter_permease_protein_HI_0355,cds-WP_039709026.1,Probable ABC transporter permease protein HI 0355,567979,568728,750,270,9,2,internal,cds-MIDG2331_RS11735,cds-WP_039709027.1,cds-MIDG2331_RS11735,thiE,567256,574112,cds-MIDG2331_RS11735;cds-WP_039709026.1;cds-WP_039709027.1;cds-MIDG2331_RS11610;thiH;tenA;cds-MIDG2331_RS02560;thiD;thiE
NZ_LN908249.1,Protein Homology,CDS,568772,569473,.,+,0,ID=cds-WP_039709027.1;product=Sulfur_carrier_protein_ThiS_adenylyltransferase,cds-WP_039709027.1,Sulfur carrier protein ThiS adenylyltransferase,568772,569473,702,270,9,3,internal,cds-WP_039709026.1,cds-MIDG2331_RS11610,cds-MIDG2331_RS11735,thiE,567256,574112,cds-MIDG2331_RS11735;cds-WP_039709026.1;cds-WP_039709027.1;cds-MIDG2331_RS11610;thiH;tenA;cds-MIDG2331_RS02560;thiD;thiE
NZ_LN908249.1,Protein Homology,CDS,569497,570262,.,+,0,ID=cds-MIDG2331_RS11610;product=Thiazole_synthase,cds-MIDG2331_RS11610,Thiazole synthase,569497,570262,766,270,9,4,internal,cds-WP_039709027.1,thiH,cds-MIDG2331_RS11735,thiE,567256,574112,cds-MIDG2331_RS11735;cds-WP_039709026.1;cds-WP_039709027.1;cds-MIDG2331_RS11610;thiH;tenA;cds-MIDG2331_RS02560;thiD;thiE
NZ_LN908249.1,Protein Homology,CDS,570272,571417,.,+,0,ID=thiH;product=2-iminoacetate_synthase,thiH,2-iminoacetate synthase,570272,571417,1146,270,9,5,internal,cds-MIDG2331_RS11610,tenA,cds-MIDG2331_RS11735,thiE,567256,574112,cds-MIDG2331_RS11735;cds-WP_039709026.1;cds-WP_039709027.1;cds-MIDG2331_RS11610;thiH;tenA;cds-MIDG2331_RS02560;thiD;thiE
NZ_LN908249.1,Protein Homology,CDS,571423,572094,.,+,0,ID=tenA;product=Uncharacterized_protein_HI_0358,tenA,Uncharacterized protein HI 0358,571423,572094,672,270,9,6,internal,thiH,cds-MIDG2331_RS02560,cds-MIDG2331_RS11735,thiE,567256,574112,cds-MIDG2331_RS11735;cds-WP_039709026.1;cds-WP_039709027.1;cds-MIDG2331_RS11610;thiH;tenA;cds-MIDG2331_RS02560;thiD;thiE
NZ_LN908249.1,Protein Homology,CDS,572114,573061,.,+,0,ID=cds-MIDG2331_RS02560;product=Putative_thiamine_biosynthesis_protein_HI_0357,cds-MIDG2331_RS02560,Putative thiamine biosynthesis protein HI 0357,572114,573061,948,270,9,7,internal,tenA,thiD,cds-MIDG2331_RS11735,thiE,567256,574112,cds-MIDG2331_RS11735;cds-WP_039709026.1;cds-WP_039709027.1;cds-MIDG2331_RS11610;thiH;tenA;cds-MIDG2331_RS02560;thiD;thiE
NZ_LN908249.1,Protein Homology,CDS,573086,573661,.,+,0,ID=thiD;product=Hydroxymethylpyrimidine/phosphomethylpyrimidine_kinase,thiD,Hydroxymethylpyrimidine/phosphomethylpyrimidine kinase,573086,573661,576,270,9,8,internal,cds-MIDG2331_RS02560,thiE,cds-MIDG2331_RS11735,thiE,567256,574112,cds-MIDG2331_RS11735;cds-WP_039709026.1;cds-WP_039709027.1;cds-MIDG2331_RS11610;thiH;tenA;cds-MIDG2331_RS02560;thiD;thiE
NZ_LN908249.1,Protein Homology,CDS,573672,574112,.,+,0,ID=thiE;product=Thiamine-phosphate_synthase,thiE,Thiamine-phosphate synthase,573672,574112,441,270,9,9,last,thiD,,cds-MIDG2331_RS11735,thiE,567256,574112,cds-MIDG2331_RS11735;cds-WP_039709026.1;cds-WP_039709027.1;cds-MIDG2331_RS11610;thiH;tenA;cds-MIDG2331_RS02560;thiD;thiE
NZ_LN908249.1,Protein Homology,CDS,574290,576083,.,+,0,ID=lepA;product=Elongation_factor_4,lepA,Elongation factor 4,574290,576083,1794,271,5,1,first,,lepB,lepA,recO,574290,579633,lepA;lepB;rnc;era;recO
NZ_LN908249.1,Protein Homology,CDS,576188,577147,.,+,0,ID=lepB;product=Signal_peptidase_I,lepB,Signal peptidase I,576188,577147,960,271,5,2,internal,lepA,rnc,lepA,recO,574290,579633,lepA;lepB;rnc;era;recO
NZ_LN908249.1,Protein Homology,CDS,577244,577915,.,+,0,ID=rnc;product=Ribonuclease_3,rnc,Ribonuclease 3,577244,577915,672,271,5,3,internal,lepB,era,lepA,recO,574290,579633,lepA;lepB;rnc;era;recO
NZ_LN908249.1,Protein Homology,CDS,577985,578899,.,+,0,ID=era;product=GTPase_Era,era,GTPase Era,577985,578899,915,271,5,4,internal,rnc,recO,lepA,recO,574290,579633,lepA;lepB;rnc;era;recO
NZ_LN908249.1,Protein Homology,CDS,578911,579633,.,+,0,ID=recO;product=DNA_repair_protein_RecO,recO,DNA repair protein RecO,578911,579633,723,271,5,5,last,era,,lepA,recO,574290,579633,lepA;lepB;rnc;era;recO
NZ_LN908249.1,Protein Homology,CDS,579727,581316,.,-,0,ID=cds-WP_012262848.1;product='hypothetical protein',cds-WP_012262848.1,'hypothetical protein',579727,581316,1590,272,8,8,last,tadF,,cds-WP_005596747.1,cds-WP_012262848.1,579727,587283,cds-WP_005596747.1;cds-WP_005596745.1;cds-WP_005603910.1;cds-WP_005596741.1;cds-WP_005596739.1;cds-WP_005600640.1;tadF;cds-WP_012262848.1
NZ_LN908249.1,Protein Homology,CDS,581340,581936,.,-,0,ID=tadF;product='hypothetical protein',tadF,'hypothetical protein',581340,581936,597,272,8,7,internal,cds-WP_005600640.1,cds-WP_012262848.1,cds-WP_005596747.1,cds-WP_012262848.1,579727,587283,cds-WP_005596747.1;cds-WP_005596745.1;cds-WP_005603910.1;cds-WP_005596741.1;cds-WP_005596739.1;cds-WP_005600640.1;tadF;cds-WP_012262848.1
NZ_LN908249.1,Protein Homology,CDS,581908,582393,.,-,0,ID=cds-WP_005600640.1;product='hypothetical protein',cds-WP_005600640.1,'hypothetical protein',581908,582393,486,272,8,6,internal,cds-WP_005596739.1,tadF,cds-WP_005596747.1,cds-WP_012262848.1,579727,587283,cds-WP_005596747.1;cds-WP_005596745.1;cds-WP_005603910.1;cds-WP_005596741.1;cds-WP_005596739.1;cds-WP_005600640.1;tadF;cds-WP_012262848.1
NZ_LN908249.1,Protein Homology,CDS,582396,583148,.,-,0,ID=cds-WP_005596739.1;product='hypothetical protein',cds-WP_005596739.1,'hypothetical protein',582396,583148,753,272,8,5,internal,cds-WP_005596741.1,cds-WP_005600640.1,cds-WP_005596747.1,cds-WP_012262848.1,579727,587283,cds-WP_005596747.1;cds-WP_005596745.1;cds-WP_005603910.1;cds-WP_005596741.1;cds-WP_005596739.1;cds-WP_005600640.1;tadF;cds-WP_012262848.1
NZ_LN908249.1,Protein Homology,CDS,583138,583983,.,-,0,ID=cds-WP_005596741.1;product='hypothetical protein',cds-WP_005596741.1,'hypothetical protein',583138,583983,846,272,8,4,internal,cds-WP_005603910.1,cds-WP_005596739.1,cds-WP_005596747.1,cds-WP_012262848.1,579727,587283,cds-WP_005596747.1;cds-WP_005596745.1;cds-WP_005603910.1;cds-WP_005596741.1;cds-WP_005596739.1;cds-WP_005600640.1;tadF;cds-WP_012262848.1
NZ_LN908249.1,Protein Homology,CDS,583983,584870,.,-,0,ID=cds-WP_005603910.1;product='hypothetical protein',cds-WP_005603910.1,'hypothetical protein',583983,584870,888,272,8,3,internal,cds-WP_005596745.1,cds-WP_005596741.1,cds-WP_005596747.1,cds-WP_012262848.1,579727,587283,cds-WP_005596747.1;cds-WP_005596745.1;cds-WP_005603910.1;cds-WP_005596741.1;cds-WP_005596739.1;cds-WP_005600640.1;tadF;cds-WP_012262848.1
NZ_LN908249.1,Protein Homology,CDS,584870,586147,.,-,0,ID=cds-WP_005596745.1;product=Putative_conjugal_transfer_protein_MT3759,cds-WP_005596745.1,Putative conjugal transfer protein MT3759,584870,586147,1278,272,8,2,internal,cds-WP_005596747.1,cds-WP_005603910.1,cds-WP_005596747.1,cds-WP_012262848.1,579727,587283,cds-WP_005596747.1;cds-WP_005596745.1;cds-WP_005603910.1;cds-WP_005596741.1;cds-WP_005596739.1;cds-WP_005600640.1;tadF;cds-WP_012262848.1
NZ_LN908249.1,Protein Homology,CDS,586156,587283,.,-,0,ID=cds-WP_005596747.1;product='hypothetical protein',cds-WP_005596747.1,'hypothetical protein',586156,587283,1128,272,8,1,first,,cds-WP_005596745.1,cds-WP_005596747.1,cds-WP_012262848.1,579727,587283,cds-WP_005596747.1;cds-WP_005596745.1;cds-WP_005603910.1;cds-WP_005596741.1;cds-WP_005596739.1;cds-WP_005600640.1;tadF;cds-WP_012262848.1
NZ_LN908249.1,Protein Homology,CDS,587446,587949,.,-,0,ID=cds-WP_005600648.1;product='hypothetical protein',cds-WP_005600648.1,'hypothetical protein',587446,587949,504,273,6,6,last,cds-WP_039709040.1,,cds-WP_039709035.1,cds-WP_005600648.1,587446,591124,cds-WP_039709035.1;cds-WP_081043517.1;cds-WP_039709034.1;cds-WP_039709641.1;cds-WP_039709040.1;cds-WP_005600648.1
NZ_LN908249.1,Protein Homology,CDS,587946,589334,.,-,0,ID=cds-WP_039709040.1;product=Uncharacterized_protein_y4xJ,cds-WP_039709040.1,Uncharacterized protein y4xJ,587946,589334,1389,273,6,5,internal,cds-WP_039709641.1,cds-WP_005600648.1,cds-WP_039709035.1,cds-WP_005600648.1,587446,591124,cds-WP_039709035.1;cds-WP_081043517.1;cds-WP_039709034.1;cds-WP_039709641.1;cds-WP_039709040.1;cds-WP_005600648.1
NZ_LN908249.1,Protein Homology,CDS,589324,590142,.,-,0,ID=cds-WP_039709641.1;product='hypothetical protein',cds-WP_039709641.1,'hypothetical protein',589324,590142,819,273,6,4,internal,cds-WP_039709034.1,cds-WP_039709040.1,cds-WP_039709035.1,cds-WP_005600648.1,587446,591124,cds-WP_039709035.1;cds-WP_081043517.1;cds-WP_039709034.1;cds-WP_039709641.1;cds-WP_039709040.1;cds-WP_005600648.1
NZ_LN908249.1,Protein Homology,CDS,590169,590597,.,-,0,ID=cds-WP_039709034.1;product='hypothetical protein',cds-WP_039709034.1,'hypothetical protein',590169,590597,429,273,6,3,internal,cds-WP_081043517.1,cds-WP_039709641.1,cds-WP_039709035.1,cds-WP_005600648.1,587446,591124,cds-WP_039709035.1;cds-WP_081043517.1;cds-WP_039709034.1;cds-WP_039709641.1;cds-WP_039709040.1;cds-WP_005600648.1
NZ_LN908249.1,Protein Homology,CDS,590641,590838,.,-,0,ID=cds-WP_081043517.1;product='hypothetical protein',cds-WP_081043517.1,'hypothetical protein',590641,590838,198,273,6,2,internal,cds-WP_039709035.1,cds-WP_039709034.1,cds-WP_039709035.1,cds-WP_005600648.1,587446,591124,cds-WP_039709035.1;cds-WP_081043517.1;cds-WP_039709034.1;cds-WP_039709641.1;cds-WP_039709040.1;cds-WP_005600648.1
NZ_LN908249.1,Protein Homology,CDS,590885,591124,.,-,0,ID=cds-WP_039709035.1;product='hypothetical protein',cds-WP_039709035.1,'hypothetical protein',590885,591124,240,273,6,1,first,,cds-WP_081043517.1,cds-WP_039709035.1,cds-WP_005600648.1,587446,591124,cds-WP_039709035.1;cds-WP_081043517.1;cds-WP_039709034.1;cds-WP_039709641.1;cds-WP_039709040.1;cds-WP_005600648.1
NZ_LN908249.1,Protein Homology,CDS,591722,592942,.,+,0,ID=rhlB;product=ATP-dependent_RNA_helicase_RhlB,rhlB,ATP-dependent RNA helicase RhlB,591722,592942,1221,274,1,1,single,,,rhlB,rhlB,591722,592942,rhlB
NZ_LN908249.1,Protein Homology,CDS,593060,593482,.,+,0,ID=cds-WP_005611761.1;product=Uncharacterized_lipoprotein_PM1897,cds-WP_005611761.1,Uncharacterized lipoprotein PM1897,593060,593482,423,275,2,1,first,,cds-WP_039709037.1,cds-WP_005611761.1,cds-WP_039709037.1,593060,595017,cds-WP_005611761.1;cds-WP_039709037.1
NZ_LN908249.1,Protein Homology,CDS,593533,595017,.,+,0,ID=cds-WP_039709037.1;product=Uncharacterized_protein_YjgR,cds-WP_039709037.1,Uncharacterized protein YjgR,593533,595017,1485,275,2,2,last,cds-WP_005611761.1,,cds-WP_005611761.1,cds-WP_039709037.1,593060,595017,cds-WP_005611761.1;cds-WP_039709037.1
NZ_LN908249.1,Protein Homology,CDS,595217,596248,.,+,0,ID=cds-WP_039709038.1;product=Uncharacterized_protein_HI_0131,cds-WP_039709038.1,Uncharacterized protein HI 0131,595217,596248,1032,276,2,1,first,,cds-WP_039709642.1,cds-WP_039709038.1,cds-WP_039709642.1,595217,598380,cds-WP_039709038.1;cds-WP_039709642.1
NZ_LN908249.1,Protein Homology,CDS,596380,598380,.,+,0,ID=cds-WP_039709642.1;product=Ferric_transport_system_permease_protein_FbpB,cds-WP_039709642.1,Ferric transport system permease protein FbpB,596380,598380,2001,276,2,2,last,cds-WP_039709038.1,,cds-WP_039709038.1,cds-WP_039709642.1,595217,598380,cds-WP_039709038.1;cds-WP_039709642.1
NZ_LN908249.1,Protein Homology,CDS,598619,600756,.,+,0,ID=cds-MIDG2331_RS02695;product='hypothetical protein',cds-MIDG2331_RS02695,'hypothetical protein',598619,600756,2138,277,1,1,single,,,cds-MIDG2331_RS02695,cds-MIDG2331_RS02695,598619,600756,cds-MIDG2331_RS02695
NZ_LN908249.1,Protein Homology,CDS,600901,602503,.,+,0,ID=cds-MIDG2331_RS02705;product=Uncharacterized_ABC_transporter_ATP-binding_protein_HI_1467,cds-MIDG2331_RS02705,Uncharacterized ABC transporter ATP-binding protein HI 1467,600901,602503,1603,278,1,1,single,,,cds-MIDG2331_RS02705,cds-MIDG2331_RS02705,600901,602503,cds-MIDG2331_RS02705
NZ_LN908249.1,Protein Homology,CDS,602768,603484,.,+,0,ID=rpsB;product=30S_ribosomal_protein_S2,rpsB,30S ribosomal protein S2,602768,603484,717,279,2,1,first,,tsf,rpsB,tsf,602768,604431,rpsB;tsf
NZ_LN908249.1,Protein Homology,CDS,603580,604431,.,+,0,ID=tsf;product=Elongation_factor_Ts,tsf,Elongation factor Ts,603580,604431,852,279,2,2,last,rpsB,,rpsB,tsf,602768,604431,rpsB;tsf
NZ_LN908249.1,Protein Homology,CDS,604561,606114,.,-,0,ID=cds-WP_039709042.1;product=Putative_phosphoethanolamine_transferase_HI_1064,cds-WP_039709042.1,Putative phosphoethanolamine transferase HI 1064,604561,606114,1554,280,1,1,single,,,cds-WP_039709042.1,cds-WP_039709042.1,604561,606114,cds-WP_039709042.1
NZ_LN908249.1,Protein Homology,CDS,606226,606939,.,+,0,ID=pyrH;product=Uridylate_kinase,pyrH,Uridylate kinase,606226,606939,714,281,2,1,first,,frr,pyrH,frr,606226,607680,pyrH;frr
NZ_LN908249.1,Protein Homology,CDS,607123,607680,.,+,0,ID=frr;product=Ribosome-recycling_factor,frr,Ribosome-recycling factor,607123,607680,558,281,2,2,last,pyrH,,pyrH,frr,606226,607680,pyrH;frr
NZ_LN908249.1,Protein Homology,CDS,607758,609146,.,-,0,ID=pdxR;product=Uncharacterized_HTH-type_transcriptional_regulator_YdeL,pdxR,Uncharacterized HTH-type transcriptional regulator YdeL,607758,609146,1389,282,1,1,single,,,pdxR,pdxR,607758,609146,pdxR
NZ_LN908249.1,Protein Homology,CDS,609245,610132,.,+,0,ID=pdxS;product=Pyridoxal_5'-phosphate_synthase_subunit_PdxS,pdxS,Pyridoxal 5'-phosphate synthase subunit PdxS,609245,610132,888,283,2,1,first,,pdxT,pdxS,pdxT,609245,610707,pdxS;pdxT
NZ_LN908249.1,Protein Homology,CDS,610132,610707,.,+,0,ID=pdxT;product=Pyridoxal_5'-phosphate_synthase_subunit_PdxT,pdxT,Pyridoxal 5'-phosphate synthase subunit PdxT,610132,610707,576,283,2,2,last,pdxS,,pdxS,pdxT,609245,610707,pdxS;pdxT
NZ_LN908249.1,Protein Homology,CDS,610781,611305,.,-,0,ID=tadA;product=tRNA-specific_adenosine_deaminase,tadA,tRNA-specific adenosine deaminase,610781,611305,525,284,2,2,last,cds-WP_005618868.1,,cds-WP_005618868.1,tadA,610781,613247,cds-WP_005618868.1;tadA
NZ_LN908249.1,Protein Homology,CDS,611388,613247,.,-,0,ID=cds-WP_005618868.1;product=ATP-dependent_RNA_helicase_DeaD,cds-WP_005618868.1,ATP-dependent RNA helicase DeaD,611388,613247,1860,284,2,1,first,,tadA,cds-WP_005618868.1,tadA,610781,613247,cds-WP_005618868.1;tadA
NZ_LN908249.1,Protein Homology,CDS,613469,614410,.,-,0,ID=nlpI;product=Lipoprotein_NlpI_homolog,nlpI,Lipoprotein NlpI homolog,613469,614410,942,285,2,2,last,pnp,,pnp,nlpI,613469,616618,pnp;nlpI
NZ_LN908249.1,Protein Homology,CDS,614471,616618,.,-,0,ID=pnp;product=Polyribonucleotide_nucleotidyltransferase,pnp,Polyribonucleotide nucleotidyltransferase,614471,616618,2148,285,2,1,first,,nlpI,pnp,nlpI,613469,616618,pnp;nlpI
NZ_LN908249.1,Protein Homology,CDS,616919,619165,.,+,0,ID=parC;product=DNA_topoisomerase_4_subunit_A,parC,DNA topoisomerase 4 subunit A,616919,619165,2247,286,1,1,single,,,parC,parC,616919,619165,parC
NZ_LN908249.1,Protein Homology,CDS,619305,620636,.,+,0,ID=mukF;product=Chromosome_partition_protein_MukF,mukF,Chromosome partition protein MukF,619305,620636,1332,287,3,1,first,,mukE,mukF,mukB,619305,625940,mukF;mukE;mukB
NZ_LN908249.1,Protein Homology,CDS,620716,621429,.,+,0,ID=mukE;product=Chromosome_partition_protein_MukE,mukE,Chromosome partition protein MukE,620716,621429,714,287,3,2,internal,mukF,mukB,mukF,mukB,619305,625940,mukF;mukE;mukB
NZ_LN908249.1,Protein Homology,CDS,621450,625940,.,+,0,ID=mukB;product=Chromosome_partition_protein_MukB,mukB,Chromosome partition protein MukB,621450,625940,4491,287,3,3,last,mukE,,mukF,mukB,619305,625940,mukF;mukE;mukB
NZ_LN908249.1,Protein Homology,CDS,626017,627192,.,+,0,ID=cds-WP_005607410.1;product=Probable_sugar_efflux_transporter,cds-WP_005607410.1,Probable sugar efflux transporter,626017,627192,1176,288,1,1,single,,,cds-WP_005607410.1,cds-WP_005607410.1,626017,627192,cds-WP_005607410.1
NZ_LN908249.1,Protein Homology,CDS,627244,628983,.,-,0,ID=cds-WP_005607412.1;product=Uncharacterized_protein_HI_0841,cds-WP_005607412.1,Uncharacterized protein HI 0841,627244,628983,1740,289,2,2,last,cds-WP_005607413.1,,cds-WP_005607413.1,cds-WP_005607412.1,627244,629207,cds-WP_005607413.1;cds-WP_005607412.1
NZ_LN908249.1,Protein Homology,CDS,628986,629207,.,-,0,ID=cds-WP_005607413.1;product=UPF0352_protein_APJL_0577,cds-WP_005607413.1,UPF0352 protein APJL 0577,628986,629207,222,289,2,1,first,,cds-WP_005607412.1,cds-WP_005607413.1,cds-WP_005607412.1,627244,629207,cds-WP_005607413.1;cds-WP_005607412.1
NZ_LN908249.1,Protein Homology,CDS,629417,629995,.,+,0,ID=cds-WP_005618884.1;product='hypothetical protein',cds-WP_005618884.1,'hypothetical protein',629417,629995,579,290,3,1,first,,cds-WP_039709049.1,cds-WP_005618884.1,cds-WP_039709050.1,629417,634365,cds-WP_005618884.1;cds-WP_039709049.1;cds-WP_039709050.1
NZ_LN908249.1,Protein Homology,CDS,630028,631233,.,+,0,ID=cds-WP_039709049.1;product=Uncharacterized_protein_HI_0894,cds-WP_039709049.1,Uncharacterized protein HI 0894,630028,631233,1206,290,3,2,internal,cds-WP_005618884.1,cds-WP_039709050.1,cds-WP_005618884.1,cds-WP_039709050.1,629417,634365,cds-WP_005618884.1;cds-WP_039709049.1;cds-WP_039709050.1
NZ_LN908249.1,Protein Homology,CDS,631246,634365,.,+,0,ID=cds-WP_039709050.1;product=Uncharacterized_transporter_HI_0895,cds-WP_039709050.1,Uncharacterized transporter HI 0895,631246,634365,3120,290,3,3,last,cds-WP_039709049.1,,cds-WP_005618884.1,cds-WP_039709050.1,629417,634365,cds-WP_005618884.1;cds-WP_039709049.1;cds-WP_039709050.1
NZ_LN908249.1,Protein Homology,CDS,634583,635947,.,+,0,ID=glmU;product=Bifunctional_protein_GlmU,glmU,Bifunctional protein GlmU,634583,635947,1365,291,1,1,single,,,glmU,glmU,634583,635947,glmU
NZ_LN908249.1,Protein Homology,CDS,636054,636371,.,-,0,ID=cds-WP_005596827.1;product=Helper_of_Tim_protein_13,cds-WP_005596827.1,Helper of Tim protein 13,636054,636371,318,292,2,2,last,cds-WP_005603976.1,,cds-WP_005603976.1,cds-WP_005596827.1,636054,636995,cds-WP_005603976.1;cds-WP_005596827.1
NZ_LN908249.1,Protein Homology,CDS,636375,636995,.,-,0,ID=cds-WP_005603976.1;product=Uncharacterized_protein_HI_1244,cds-WP_005603976.1,Uncharacterized protein HI 1244,636375,636995,621,292,2,1,first,,cds-WP_005596827.1,cds-WP_005603976.1,cds-WP_005596827.1,636054,636995,cds-WP_005603976.1;cds-WP_005596827.1
NZ_LN908249.1,Protein Homology,CDS,637289,638947,.,+,0,ID=cds-WP_058230463.1;product=Probable_phosphomannomutase,cds-WP_058230463.1,Probable phosphomannomutase,637289,638947,1659,293,1,1,single,,,cds-WP_058230463.1,cds-WP_058230463.1,637289,638947,cds-WP_058230463.1
NZ_LN908249.1,Protein Homology,CDS,639029,640600,.,-,0,ID=guaA;product=GMP_synthase_[glutamine-hydrolyzing],guaA,GMP synthase [glutamine-hydrolyzing],639029,640600,1572,294,2,2,last,cds-WP_005618885.1,,cds-WP_005618885.1,guaA,639029,640929,cds-WP_005618885.1;guaA
NZ_LN908249.1,Protein Homology,CDS,640615,640929,.,-,0,ID=cds-WP_005618885.1;product='hypothetical protein',cds-WP_005618885.1,'hypothetical protein',640615,640929,315,294,2,1,first,,guaA,cds-WP_005618885.1,guaA,639029,640929,cds-WP_005618885.1;guaA
NZ_LN908249.1,Protein Homology,CDS,641019,642482,.,-,0,ID=guaB;product=Inosine-5'-monophosphate_dehydrogenase,guaB,Inosine-5'-monophosphate dehydrogenase,641019,642482,1464,295,1,1,single,,,guaB,guaB,641019,642482,guaB
NZ_LN908249.1,Protein Homology,CDS,642735,643361,.,+,0,ID=rlmE;product=Ribosomal_RNA_large_subunit_methyltransferase_E,rlmE,Ribosomal RNA large subunit methyltransferase E,642735,643361,627,296,2,1,first,,ftsH,rlmE,ftsH,642735,645387,rlmE;ftsH
NZ_LN908249.1,Protein Homology,CDS,643465,645387,.,+,0,ID=ftsH;product=ATP-dependent_zinc_metalloprotease_FtsH,ftsH,ATP-dependent zinc metalloprotease FtsH,643465,645387,1923,296,2,2,last,rlmE,,rlmE,ftsH,642735,645387,rlmE;ftsH
NZ_LN908249.1,Protein Homology,CDS,645625,646839,.,+,0,ID=cds-WP_005596842.1;product=Tyrosine-specific_transport_protein_1,cds-WP_005596842.1,Tyrosine-specific transport protein 1,645625,646839,1215,297,2,1,first,,cds-WP_005596844.1,cds-WP_005596842.1,cds-WP_005596844.1,645625,648153,cds-WP_005596842.1;cds-WP_005596844.1
NZ_LN908249.1,Protein Homology,CDS,646936,648153,.,+,0,ID=cds-WP_005596844.1;product=Tyrosine-specific_transport_protein_2,cds-WP_005596844.1,Tyrosine-specific transport protein 2,646936,648153,1218,297,2,2,last,cds-WP_005596842.1,,cds-WP_005596842.1,cds-WP_005596844.1,645625,648153,cds-WP_005596842.1;cds-WP_005596844.1
NZ_LN908249.1,Protein Homology,CDS,648260,650812,.,+,0,ID=glnD;product=Bifunctional_uridylyltransferase/uridylyl-removing_enzyme,glnD,Bifunctional uridylyltransferase/uridylyl-removing enzyme,648260,650812,2553,298,1,1,single,,,glnD,glnD,648260,650812,glnD
NZ_LN908249.1,Protein Homology,CDS,650845,651243,.,-,0,ID=cds-WP_005596846.1;product=Uncharacterized_protein_HI_1628,cds-WP_005596846.1,Uncharacterized protein HI 1628,650845,651243,399,299,1,1,single,,,cds-WP_005596846.1,cds-WP_005596846.1,650845,651243,cds-WP_005596846.1
NZ_LN908249.1,Protein Homology,CDS,651548,651976,.,+,0,ID=rplM;product=50S_ribosomal_protein_L13,rplM,50S ribosomal protein L13,651548,651976,429,300,2,1,first,,rpsI,rplM,rpsI,651548,652388,rplM;rpsI
NZ_LN908249.1,Protein Homology,CDS,651993,652388,.,+,0,ID=rpsI;product=30S_ribosomal_protein_S9,rpsI,30S ribosomal protein S9,651993,652388,396,300,2,2,last,rplM,,rplM,rpsI,651548,652388,rplM;rpsI
NZ_LN908249.1,Protein Homology,CDS,652510,653292,.,+,0,ID=yaaA;product=UPF0246_protein_APL_0602,yaaA,UPF0246 protein APL 0602,652510,653292,783,301,4,1,first,,cds-WP_005611843.1,yaaA,cds-WP_005611845.1,652510,655537,yaaA;cds-WP_005611843.1;cds-WP_005600733.1;cds-WP_005611845.1
NZ_LN908249.1,Protein Homology,CDS,653292,653837,.,+,0,ID=cds-WP_005611843.1;product='hypothetical protein',cds-WP_005611843.1,'hypothetical protein',653292,653837,546,301,4,2,internal,yaaA,cds-WP_005600733.1,yaaA,cds-WP_005611845.1,652510,655537,yaaA;cds-WP_005611843.1;cds-WP_005600733.1;cds-WP_005611845.1
NZ_LN908249.1,Protein Homology,CDS,653863,654786,.,+,0,ID=cds-WP_005600733.1;product=Cation-efflux_pump_FieF,cds-WP_005600733.1,Cation-efflux pump FieF,653863,654786,924,301,4,3,internal,cds-WP_005611843.1,cds-WP_005611845.1,yaaA,cds-WP_005611845.1,652510,655537,yaaA;cds-WP_005611843.1;cds-WP_005600733.1;cds-WP_005611845.1
NZ_LN908249.1,Protein Homology,CDS,654767,655537,.,+,0,ID=cds-WP_005611845.1;product=Uncharacterized_protein_HI_1292,cds-WP_005611845.1,Uncharacterized protein HI 1292,654767,655537,771,301,4,4,last,cds-WP_005600733.1,,yaaA,cds-WP_005611845.1,652510,655537,yaaA;cds-WP_005611843.1;cds-WP_005600733.1;cds-WP_005611845.1
NZ_LN908249.1,Protein Homology,CDS,655636,656961,.,+,0,ID=cds-WP_039709052.1;product=Uncharacterized_symporter_HI_1154,cds-WP_039709052.1,Uncharacterized symporter HI 1154,655636,656961,1326,302,1,1,single,,,cds-WP_039709052.1,cds-WP_039709052.1,655636,656961,cds-WP_039709052.1
NZ_LN908249.1,Protein Homology,CDS,657065,657727,.,-,0,ID=cds-WP_039709053.1;product=Putative_NAD(P)H_nitroreductase,cds-WP_039709053.1,Putative NAD(P)H nitroreductase,657065,657727,663,303,1,1,single,,,cds-WP_039709053.1,cds-WP_039709053.1,657065,657727,cds-WP_039709053.1
NZ_LN908249.1,Protein Homology,CDS,658006,658992,.,+,0,ID=pheS;product=Phenylalanine--tRNA_ligase_alpha_subunit,pheS,Phenylalanine--tRNA ligase alpha subunit,658006,658992,987,304,3,1,first,,pheT,pheS,cds-WP_005596864.1,658006,661791,pheS;pheT;cds-WP_005596864.1
NZ_LN908249.1,Protein Homology,CDS,659090,661477,.,+,0,ID=pheT;product=Phenylalanine--tRNA_ligase_beta_subunit,pheT,Phenylalanine--tRNA ligase beta subunit,659090,661477,2388,304,3,2,internal,pheS,cds-WP_005596864.1,pheS,cds-WP_005596864.1,658006,661791,pheS;pheT;cds-WP_005596864.1
NZ_LN908249.1,Protein Homology,CDS,661495,661791,.,+,0,ID=cds-WP_005596864.1;product=Integration_host_factor_subunit_alpha,cds-WP_005596864.1,Integration host factor subunit alpha,661495,661791,297,304,3,3,last,pheT,,pheS,cds-WP_005596864.1,658006,661791,pheS;pheT;cds-WP_005596864.1
NZ_LN908249.1,Protein Homology,CDS,661851,662375,.,+,0,ID=cds-WP_005596865.1;product=Probable_endopeptidase_HI_1314,cds-WP_005596865.1,Probable endopeptidase HI 1314,661851,662375,525,305,1,1,single,,,cds-WP_005596865.1,cds-WP_005596865.1,661851,662375,cds-WP_005596865.1
NZ_LN908249.1,Protein Homology,CDS,663528,663981,.,-,0,ID=cds-WP_144435020.1;product=Uncharacterized_protein_HI_1720,cds-WP_144435020.1,Uncharacterized protein HI 1720,663528,663981,454,306,2,1,first,,cds-WP_144435020.1_2,cds-WP_144435020.1,cds-WP_144435020.1_2,662648,663981,cds-WP_144435020.1;cds-WP_144435020.1_2
NZ_LN908249.1,Protein Homology,CDS,662648,663528,.,-,2,ID=cds-WP_144435020.1_2;product='hypothetical protein',cds-WP_144435020.1_2,'hypothetical protein',662648,663528,881,306,2,2,last,cds-WP_144435020.1,,cds-WP_144435020.1,cds-WP_144435020.1_2,662648,663981,cds-WP_144435020.1;cds-WP_144435020.1_2
NZ_LN908249.1,Protein Homology,CDS,664054,664773,.,-,0,ID=bioD;product=ATP-dependent_dethiobiotin_synthetase_BioD_1,bioD,ATP-dependent dethiobiotin synthetase BioD 1,664054,664773,720,307,2,2,last,cds-WP_005596873.1,,cds-WP_005596873.1,bioD,664054,666017,cds-WP_005596873.1;bioD
NZ_LN908249.1,Protein Homology,CDS,664827,666017,.,-,0,ID=cds-WP_005596873.1;product=Protein_mlc,cds-WP_005596873.1,Protein mlc,664827,666017,1191,307,2,1,first,,bioD,cds-WP_005596873.1,bioD,664054,666017,cds-WP_005596873.1;bioD
NZ_LN908249.1,Protein Homology,CDS,666196,667311,.,+,0,ID=rnd;product=Ribonuclease_D,rnd,Ribonuclease D,666196,667311,1116,308,1,1,single,,,rnd,rnd,666196,667311,rnd
NZ_LN908249.1,Protein Homology,CDS,667396,667878,.,+,0,ID=lrp;product=Leucine-responsive_regulatory_protein,lrp,Leucine-responsive regulatory protein,667396,667878,483,309,2,1,first,,cds-WP_039709543.1,lrp,cds-WP_039709543.1,667396,670760,lrp;cds-WP_039709543.1
NZ_LN908249.1,Protein Homology,CDS,667890,670760,.,+,0,ID=cds-WP_039709543.1;product=DNA_translocase_FtsK,cds-WP_039709543.1,DNA translocase FtsK,667890,670760,2871,309,2,2,last,lrp,,lrp,cds-WP_039709543.1,667396,670760,lrp;cds-WP_039709543.1
NZ_LN908249.1,Protein Homology,CDS,670945,671808,.,+,0,ID=ypfJ;product=Uncharacterized_protein_YpfJ,ypfJ,Uncharacterized protein YpfJ,670945,671808,864,310,1,1,single,,,ypfJ,ypfJ,670945,671808,ypfJ
NZ_LN908249.1,Protein Homology,CDS,671931,673004,.,+,0,ID=aroG;product=Phospho-2-dehydro-3-deoxyheptonate_aldolase,aroG,Phospho-2-dehydro-3-deoxyheptonate aldolase,671931,673004,1074,311,1,1,single,,,aroG,aroG,671931,673004,aroG
NZ_LN908249.1,Protein Homology,CDS,673108,673800,.,+,0,ID=tsaB;product=tRNA_threonylcarbamoyladenosine_biosynthesis_protein_TsaB,tsaB,tRNA threonylcarbamoyladenosine biosynthesis protein TsaB,673108,673800,693,312,1,1,single,,,tsaB,tsaB,673108,673800,tsaB
NZ_LN908249.1,Protein Homology,CDS,674241,674822,.,-,0,ID=cds-WP_005596891.1;product=Thymidine_kinase,cds-WP_005596891.1,Thymidine kinase,674241,674822,582,313,2,2,last,zapB,,zapB,cds-WP_005596891.1,674241,675100,zapB;cds-WP_005596891.1
NZ_LN908249.1,Protein Homology,CDS,674882,675100,.,-,0,ID=zapB;product=Cell_division_protein_ZapB,zapB,Cell division protein ZapB,674882,675100,219,313,2,1,first,,cds-WP_005596891.1,zapB,cds-WP_005596891.1,674241,675100,zapB;cds-WP_005596891.1
NZ_LN908249.1,Protein Homology,CDS,675285,676283,.,+,0,ID=glpX;product=Fructose-16-bisphosphatase_class_2,glpX,Fructose-16-bisphosphatase class 2,675285,676283,999,314,1,1,single,,,glpX,glpX,675285,676283,glpX
NZ_LN908249.1,Protein Homology,CDS,676346,677119,.,-,0,ID=cds-WP_005600772.1;product=GTP_cyclohydrolase_1_type_2_homolog,cds-WP_005600772.1,GTP cyclohydrolase 1 type 2 homolog,676346,677119,774,315,1,1,single,,,cds-WP_005600772.1,cds-WP_005600772.1,676346,677119,cds-WP_005600772.1
NZ_LN908249.1,Protein Homology,CDS,677210,679132,.,-,0,ID=cds-WP_005596899.1;product=Macrolide_export_ATP-binding/permease_protein_MacB,cds-WP_005596899.1,Macrolide export ATP-binding/permease protein MacB,677210,679132,1923,316,1,1,single,,,cds-WP_005596899.1,cds-WP_005596899.1,677210,679132,cds-WP_005596899.1
NZ_LN908249.1,Protein Homology,CDS,679276,680676,.,-,0,ID=cpxA;product=Sensor_protein_CpxA,cpxA,Sensor protein CpxA,679276,680676,1401,317,3,3,last,cds-WP_058230465.1,,mazG,cpxA,679276,682342,mazG;cds-WP_058230465.1;cpxA
NZ_LN908249.1,Protein Homology,CDS,680741,681469,.,-,0,ID=cds-WP_058230465.1;product=Transcriptional_regulatory_protein_CpxR,cds-WP_058230465.1,Transcriptional regulatory protein CpxR,680741,681469,729,317,3,2,internal,mazG,cpxA,mazG,cpxA,679276,682342,mazG;cds-WP_058230465.1;cpxA
NZ_LN908249.1,Protein Homology,CDS,681563,682342,.,-,0,ID=mazG;product=Nucleoside_triphosphate_pyrophosphohydrolase,mazG,Nucleoside triphosphate pyrophosphohydrolase,681563,682342,780,317,3,1,first,,cds-WP_058230465.1,mazG,cpxA,679276,682342,mazG;cds-WP_058230465.1;cpxA
NZ_LN908249.1,Protein Homology,CDS,682681,683574,.,+,0,ID=accD;product=Acetyl-coenzyme_A_carboxylase_carboxyl_transferase_subunit_beta,accD,Acetyl-coenzyme A carboxylase carboxyl transferase subunit beta,682681,683574,894,318,2,1,first,,folC,accD,folC,682681,684935,accD;folC
NZ_LN908249.1,Protein Homology,CDS,683631,684935,.,+,0,ID=folC;product=Folylpolyglutamate_synthase,folC,Folylpolyglutamate synthase,683631,684935,1305,318,2,2,last,accD,,accD,folC,682681,684935,accD;folC
NZ_LN908249.1,tRNAscan-SE,tRNA,685022,685098,.,+,.,ID=rna-MIDG2331_RS03045;product='tRNA',rna-MIDG2331_RS03045,'tRNA',685022,685098,77,319,1,1,single,,,rna-MIDG2331_RS03045,rna-MIDG2331_RS03045,685022,685098,rna-MIDG2331_RS03045
NZ_LN908249.1,Protein Homology,CDS,685319,685780,.,+,0,ID=rimP;product=Ribosome_maturation_factor_RimP,rimP,Ribosome maturation factor RimP,685319,685780,462,320,6,1,first,,nusA,rimP,cds-WP_005604043.1,685319,692432,rimP;nusA;infB;rbfA;truB;cds-WP_005604043.1
NZ_LN908249.1,Protein Homology,CDS,685797,687278,.,+,0,ID=nusA;product=Transcription_termination/antitermination_protein_NusA,nusA,Transcription termination/antitermination protein NusA,685797,687278,1482,320,6,2,internal,rimP,infB,rimP,cds-WP_005604043.1,685319,692432,rimP;nusA;infB;rbfA;truB;cds-WP_005604043.1
NZ_LN908249.1,Protein Homology,CDS,687300,689825,.,+,0,ID=infB;product=Translation_initiation_factor_IF-2,infB,Translation initiation factor IF-2,687300,689825,2526,320,6,3,internal,nusA,rbfA,rimP,cds-WP_005604043.1,685319,692432,rimP;nusA;infB;rbfA;truB;cds-WP_005604043.1
NZ_LN908249.1,Protein Homology,CDS,689997,690380,.,+,0,ID=rbfA;product=Ribosome-binding_factor_A,rbfA,Ribosome-binding factor A,689997,690380,384,320,6,4,internal,infB,truB,rimP,cds-WP_005604043.1,685319,692432,rimP;nusA;infB;rbfA;truB;cds-WP_005604043.1
NZ_LN908249.1,Protein Homology,CDS,690381,691298,.,+,0,ID=truB;product=tRNA_pseudouridine_synthase_B,truB,tRNA pseudouridine synthase B,690381,691298,918,320,6,5,internal,rbfA,cds-WP_005604043.1,rimP,cds-WP_005604043.1,685319,692432,rimP;nusA;infB;rbfA;truB;cds-WP_005604043.1
NZ_LN908249.1,Protein Homology,CDS,691344,692432,.,+,0,ID=cds-WP_005604043.1;product='hypothetical protein',cds-WP_005604043.1,'hypothetical protein',691344,692432,1089,320,6,6,last,truB,,rimP,cds-WP_005604043.1,685319,692432,rimP;nusA;infB;rbfA;truB;cds-WP_005604043.1
NZ_LN908249.1,Protein Homology,CDS,692561,692746,.,+,0,ID=cds-WP_005596927.1;product=UPF0339_protein_NMB1088,cds-WP_005596927.1,UPF0339 protein NMB1088,692561,692746,186,321,1,1,single,,,cds-WP_005596927.1,cds-WP_005596927.1,692561,692746,cds-WP_005596927.1
NZ_LN908249.1,Protein Homology,CDS,692881,693444,.,-,0,ID=cds-WP_058230466.1;product='hypothetical protein',cds-WP_058230466.1,'hypothetical protein',692881,693444,564,322,2,2,last,cds-WP_144435021.1,,cds-WP_144435021.1,cds-WP_058230466.1,692881,693656,cds-WP_144435021.1;cds-WP_058230466.1
NZ_LN908249.1,GeneMarkS-2+,CDS,693441,693656,.,-,0,ID=cds-WP_144435021.1;product='hypothetical protein',cds-WP_144435021.1,'hypothetical protein',693441,693656,216,322,2,1,first,,cds-WP_058230466.1,cds-WP_144435021.1,cds-WP_058230466.1,692881,693656,cds-WP_144435021.1;cds-WP_058230466.1
NZ_LN908249.1,Protein Homology,CDS,693729,693791,.,-,0,ID=cds-MIDG2331_RS11805;product='hypothetical protein',cds-MIDG2331_RS11805,'hypothetical protein',693729,693791,63,323,1,1,single,,,cds-MIDG2331_RS11805,cds-MIDG2331_RS11805,693729,693791,cds-MIDG2331_RS11805
NZ_LN908249.1,Protein Homology,CDS,693951,696089,.,-,0,ID=pta;product=Phosphate_acetyltransferase,pta,Phosphate acetyltransferase,693951,696089,2139,324,2,2,last,cds-WP_005596931.1,,cds-WP_005596931.1,pta,693951,697353,cds-WP_005596931.1;pta
NZ_LN908249.1,Protein Homology,CDS,696145,697353,.,-,0,ID=cds-WP_005596931.1;product=Acetate_kinase,cds-WP_005596931.1,Acetate kinase,696145,697353,1209,324,2,1,first,,pta,cds-WP_005596931.1,pta,693951,697353,cds-WP_005596931.1;pta
NZ_LN908249.1,Protein Homology,CDS,697650,699626,.,+,0,ID=cpdB;product=2'3'-cyclic-nucleotide_2'-phosphodiesterase/3'-nucleotidase,cpdB,2'3'-cyclic-nucleotide 2'-phosphodiesterase/3'-nucleotidase,697650,699626,1977,325,1,1,single,,,cpdB,cpdB,697650,699626,cpdB
NZ_LN908249.1,Protein Homology,CDS,699696,700328,.,-,0,ID=cds-MIDG2331_RS11240;product=Uncharacterized_protein_MG037_homolog,cds-MIDG2331_RS11240,Uncharacterized protein MG037 homolog,699696,700328,633,326,1,1,single,,,cds-MIDG2331_RS11240,cds-MIDG2331_RS11240,699696,700328,cds-MIDG2331_RS11240
NZ_LN908249.1,Protein Homology,CDS,700528,700809,.,+,0,ID=cds-WP_039709498.1;product='hypothetical protein',cds-WP_039709498.1,'hypothetical protein',700528,700809,282,327,1,1,single,,,cds-WP_039709498.1,cds-WP_039709498.1,700528,700809,cds-WP_039709498.1
NZ_LN908249.1,Protein Homology,CDS,700856,701122,.,-,0,ID=cds-WP_231944216.1;product='hypothetical protein',cds-WP_231944216.1,'hypothetical protein',700856,701122,267,328,2,2,last,cds-WP_039709497.1,,cds-WP_039709497.1,cds-WP_231944216.1,700856,701327,cds-WP_039709497.1;cds-WP_231944216.1
NZ_LN908249.1,Protein Homology,CDS,701109,701327,.,-,0,ID=cds-WP_039709497.1;product='hypothetical protein',cds-WP_039709497.1,'hypothetical protein',701109,701327,219,328,2,1,first,,cds-WP_231944216.1,cds-WP_039709497.1,cds-WP_231944216.1,700856,701327,cds-WP_039709497.1;cds-WP_231944216.1
NZ_LN908249.1,Protein Homology,CDS,701421,701885,.,-,0,ID=cds-WP_039709496.1;product='hypothetical protein',cds-WP_039709496.1,'hypothetical protein',701421,701885,465,329,2,2,last,cds-WP_039709495.1,,cds-WP_039709495.1,cds-WP_039709496.1,701421,702067,cds-WP_039709495.1;cds-WP_039709496.1
NZ_LN908249.1,Protein Homology,CDS,701882,702067,.,-,0,ID=cds-WP_039709495.1;product='hypothetical protein',cds-WP_039709495.1,'hypothetical protein',701882,702067,186,329,2,1,first,,cds-WP_039709496.1,cds-WP_039709495.1,cds-WP_039709496.1,701421,702067,cds-WP_039709495.1;cds-WP_039709496.1
NZ_LN908249.1,Protein Homology,CDS,702220,703374,.,+,0,ID=cds-WP_039709494.1;product=Replication-associated_protein_G2P,cds-WP_039709494.1,Replication-associated protein G2P,702220,703374,1155,330,3,1,first,,cds-WP_039709493.1,cds-WP_039709494.1,cds-WP_039709620.1,702220,703983,cds-WP_039709494.1;cds-WP_039709493.1;cds-WP_039709620.1
NZ_LN908249.1,Protein Homology,CDS,703411,703737,.,+,0,ID=cds-WP_039709493.1;product=DNA-Binding_protein_G5P,cds-WP_039709493.1,DNA-Binding protein G5P,703411,703737,327,330,3,2,internal,cds-WP_039709494.1,cds-WP_039709620.1,cds-WP_039709494.1,cds-WP_039709620.1,702220,703983,cds-WP_039709494.1;cds-WP_039709493.1;cds-WP_039709620.1
NZ_LN908249.1,GeneMarkS-2+,CDS,703741,703983,.,+,0,ID=cds-WP_039709620.1;product='hypothetical protein',cds-WP_039709620.1,'hypothetical protein',703741,703983,243,330,3,3,last,cds-WP_039709493.1,,cds-WP_039709494.1,cds-WP_039709620.1,702220,703983,cds-WP_039709494.1;cds-WP_039709493.1;cds-WP_039709620.1
NZ_LN908249.1,Protein Homology,CDS,704069,704326,.,+,0,ID=cds-WP_039709491.1;product='hypothetical protein',cds-WP_039709491.1,'hypothetical protein',704069,704326,258,331,3,1,first,,cds-WP_052245679.1,cds-WP_039709491.1,cds-WP_039709490.1,704069,705489,cds-WP_039709491.1;cds-WP_052245679.1;cds-WP_039709490.1
NZ_LN908249.1,Protein Homology,CDS,704345,705223,.,+,0,ID=cds-WP_052245679.1;product=Type_II_secretion_system_protein_D,cds-WP_052245679.1,Type II secretion system protein D,704345,705223,879,331,3,2,internal,cds-WP_039709491.1,cds-WP_039709490.1,cds-WP_039709491.1,cds-WP_039709490.1,704069,705489,cds-WP_039709491.1;cds-WP_052245679.1;cds-WP_039709490.1
NZ_LN908249.1,Protein Homology,CDS,705268,705489,.,+,0,ID=cds-WP_039709490.1;product='hypothetical protein',cds-WP_039709490.1,'hypothetical protein',705268,705489,222,331,3,3,last,cds-WP_052245679.1,,cds-WP_039709491.1,cds-WP_039709490.1,704069,705489,cds-WP_039709491.1;cds-WP_052245679.1;cds-WP_039709490.1
NZ_LN908249.1,GeneMarkS-2+,CDS,705595,705945,.,+,0,ID=cds-WP_039709489.1;product='hypothetical protein',cds-WP_039709489.1,'hypothetical protein',705595,705945,351,332,1,1,single,,,cds-WP_039709489.1,cds-WP_039709489.1,705595,705945,cds-WP_039709489.1
NZ_LN908249.1,Protein Homology,CDS,706332,706613,.,+,0,ID=cds-WP_039709498.1-2;product='hypothetical protein',cds-WP_039709498.1-2,'hypothetical protein',706332,706613,282,333,1,1,single,,,cds-WP_039709498.1-2,cds-WP_039709498.1-2,706332,706613,cds-WP_039709498.1-2
NZ_LN908249.1,Protein Homology,CDS,706660,706926,.,-,0,ID=cds-WP_231944216.1-2;product='hypothetical protein',cds-WP_231944216.1-2,'hypothetical protein',706660,706926,267,334,2,2,last,cds-WP_039709497.1-2,,cds-WP_039709497.1-2,cds-WP_231944216.1-2,706660,707131,cds-WP_039709497.1-2;cds-WP_231944216.1-2
NZ_LN908249.1,Protein Homology,CDS,706913,707131,.,-,0,ID=cds-WP_039709497.1-2;product='hypothetical protein',cds-WP_039709497.1-2,'hypothetical protein',706913,707131,219,334,2,1,first,,cds-WP_231944216.1-2,cds-WP_039709497.1-2,cds-WP_231944216.1-2,706660,707131,cds-WP_039709497.1-2;cds-WP_231944216.1-2
NZ_LN908249.1,Protein Homology,CDS,707225,707689,.,-,0,ID=cds-WP_039709496.1-2;product='hypothetical protein',cds-WP_039709496.1-2,'hypothetical protein',707225,707689,465,335,2,2,last,cds-WP_039709495.1-2,,cds-WP_039709495.1-2,cds-WP_039709496.1-2,707225,707871,cds-WP_039709495.1-2;cds-WP_039709496.1-2
NZ_LN908249.1,Protein Homology,CDS,707686,707871,.,-,0,ID=cds-WP_039709495.1-2;product='hypothetical protein',cds-WP_039709495.1-2,'hypothetical protein',707686,707871,186,335,2,1,first,,cds-WP_039709496.1-2,cds-WP_039709495.1-2,cds-WP_039709496.1-2,707225,707871,cds-WP_039709495.1-2;cds-WP_039709496.1-2
NZ_LN908249.1,Protein Homology,CDS,708024,709178,.,+,0,ID=cds-WP_039709494.1-2;product=Replication-associated_protein_G2P,cds-WP_039709494.1-2,Replication-associated protein G2P,708024,709178,1155,336,3,1,first,,cds-WP_039709493.1-2,cds-WP_039709494.1-2,cds-WP_039709620.1-2,708024,709787,cds-WP_039709494.1-2;cds-WP_039709493.1-2;cds-WP_039709620.1-2
NZ_LN908249.1,Protein Homology,CDS,709215,709541,.,+,0,ID=cds-WP_039709493.1-2;product=DNA-Binding_protein_G5P,cds-WP_039709493.1-2,DNA-Binding protein G5P,709215,709541,327,336,3,2,internal,cds-WP_039709494.1-2,cds-WP_039709620.1-2,cds-WP_039709494.1-2,cds-WP_039709620.1-2,708024,709787,cds-WP_039709494.1-2;cds-WP_039709493.1-2;cds-WP_039709620.1-2
NZ_LN908249.1,GeneMarkS-2+,CDS,709545,709787,.,+,0,ID=cds-WP_039709620.1-2;product='hypothetical protein',cds-WP_039709620.1-2,'hypothetical protein',709545,709787,243,336,3,3,last,cds-WP_039709493.1-2,,cds-WP_039709494.1-2,cds-WP_039709620.1-2,708024,709787,cds-WP_039709494.1-2;cds-WP_039709493.1-2;cds-WP_039709620.1-2
NZ_LN908249.1,Protein Homology,CDS,709873,710130,.,+,0,ID=cds-WP_039709491.1-2;product='hypothetical protein',cds-WP_039709491.1-2,'hypothetical protein',709873,710130,258,337,3,1,first,,cds-WP_052245679.1-2,cds-WP_039709491.1-2,cds-WP_039709490.1-2,709873,711293,cds-WP_039709491.1-2;cds-WP_052245679.1-2;cds-WP_039709490.1-2
NZ_LN908249.1,Protein Homology,CDS,710149,711027,.,+,0,ID=cds-WP_052245679.1-2;product=Type_II_secretion_system_protein_D,cds-WP_052245679.1-2,Type II secretion system protein D,710149,711027,879,337,3,2,internal,cds-WP_039709491.1-2,cds-WP_039709490.1-2,cds-WP_039709491.1-2,cds-WP_039709490.1-2,709873,711293,cds-WP_039709491.1-2;cds-WP_052245679.1-2;cds-WP_039709490.1-2
NZ_LN908249.1,Protein Homology,CDS,711072,711293,.,+,0,ID=cds-WP_039709490.1-2;product='hypothetical protein',cds-WP_039709490.1-2,'hypothetical protein',711072,711293,222,337,3,3,last,cds-WP_052245679.1-2,,cds-WP_039709491.1-2,cds-WP_039709490.1-2,709873,711293,cds-WP_039709491.1-2;cds-WP_052245679.1-2;cds-WP_039709490.1-2
NZ_LN908249.1,GeneMarkS-2+,CDS,711399,711749,.,+,0,ID=cds-WP_039709489.1-2;product='hypothetical protein',cds-WP_039709489.1-2,'hypothetical protein',711399,711749,351,338,1,1,single,,,cds-WP_039709489.1-2,cds-WP_039709489.1-2,711399,711749,cds-WP_039709489.1-2
NZ_LN908249.1,Protein Homology,CDS,712179,713264,.,-,0,ID=cds-WP_039709061.1;product=Outer_membrane_protein_P2,cds-WP_039709061.1,Outer membrane protein P2,712179,713264,1086,339,1,1,single,,,cds-WP_039709061.1,cds-WP_039709061.1,712179,713264,cds-WP_039709061.1
NZ_LN908249.1,Protein Homology,CDS,713734,714255,.,+,0,ID=priC;product='hypothetical protein',priC,'hypothetical protein',713734,714255,522,340,1,1,single,,,priC,priC,713734,714255,priC
NZ_LN908249.1,Protein Homology,CDS,714287,715174,.,-,0,ID=galU;product=UTP--glucose-1-phosphate_uridylyltransferase,galU,UTP--glucose-1-phosphate uridylyltransferase,714287,715174,888,341,4,4,last,cds-WP_039709545.1,,alaS,galU,714287,719576,alaS;csrA;cds-WP_039709545.1;galU
NZ_LN908249.1,Protein Homology,CDS,715287,716645,.,-,0,ID=cds-WP_039709545.1;product=Phosphomannomutase,cds-WP_039709545.1,Phosphomannomutase,715287,716645,1359,341,4,3,internal,csrA,galU,alaS,galU,714287,719576,alaS;csrA;cds-WP_039709545.1;galU
NZ_LN908249.1,Protein Homology,CDS,716679,716873,.,-,0,ID=csrA;product=Carbon_storage_regulator_homolog,csrA,Carbon storage regulator homolog,716679,716873,195,341,4,2,internal,alaS,cds-WP_039709545.1,alaS,galU,714287,719576,alaS;csrA;cds-WP_039709545.1;galU
NZ_LN908249.1,Protein Homology,CDS,716952,719576,.,-,0,ID=alaS;product=Alanine--tRNA_ligase,alaS,Alanine--tRNA ligase,716952,719576,2625,341,4,1,first,,csrA,alaS,galU,714287,719576,alaS;csrA;cds-WP_039709545.1;galU
NZ_LN908249.1,Protein Homology,CDS,719802,720227,.,-,0,ID=cds-WP_005596950.1;product=Universal_stress_protein_A_homolog,cds-WP_005596950.1,Universal stress protein A homolog,719802,720227,426,342,1,1,single,,,cds-WP_005596950.1,cds-WP_005596950.1,719802,720227,cds-WP_005596950.1
NZ_LN908249.1,Protein Homology,CDS,720491,721258,.,+,0,ID=cds-WP_005619781.1;product=Regulatory_protein_HlyX,cds-WP_005619781.1,Regulatory protein HlyX,720491,721258,768,343,1,1,single,,,cds-WP_005619781.1,cds-WP_005619781.1,720491,721258,cds-WP_005619781.1
NZ_LN908249.1,Protein Homology,CDS,721357,721773,.,-,0,ID=cds-WP_039709064.1;product=Stringent_starvation_protein_B_homolog,cds-WP_039709064.1,Stringent starvation protein B homolog,721357,721773,417,344,2,2,last,sspA,,sspA,cds-WP_039709064.1,721357,722417,sspA;cds-WP_039709064.1
NZ_LN908249.1,Protein Homology,CDS,721773,722417,.,-,0,ID=sspA;product=Stringent_starvation_protein_A_homolog,sspA,Stringent starvation protein A homolog,721773,722417,645,344,2,1,first,,cds-WP_039709064.1,sspA,cds-WP_039709064.1,721357,722417,sspA;cds-WP_039709064.1
NZ_LN908249.1,Protein Homology,CDS,722636,723130,.,+,0,ID=purE;product=N5-carboxyaminoimidazole_ribonucleotide_mutase,purE,N5-carboxyaminoimidazole ribonucleotide mutase,722636,723130,495,345,3,1,first,,cds-WP_039709065.1,purE,purK,722636,725304,purE;cds-WP_039709065.1;purK
NZ_LN908249.1,Protein Homology,CDS,723140,724105,.,+,0,ID=cds-WP_039709065.1;product=L-asparaginase,cds-WP_039709065.1,L-asparaginase,723140,724105,966,345,3,2,internal,purE,purK,purE,purK,722636,725304,purE;cds-WP_039709065.1;purK
NZ_LN908249.1,Protein Homology,CDS,724216,725304,.,+,0,ID=purK;product=N5-carboxyaminoimidazole_ribonucleotide_synthase,purK,N5-carboxyaminoimidazole ribonucleotide synthase,724216,725304,1089,345,3,3,last,cds-WP_039709065.1,,purE,purK,722636,725304,purE;cds-WP_039709065.1;purK
NZ_LN908249.1,Protein Homology,CDS,725436,726632,.,+,0,ID=cds-WP_039709067.1;product=Aspartate_aminotransferase,cds-WP_039709067.1,Aspartate aminotransferase,725436,726632,1197,346,1,1,single,,,cds-WP_039709067.1,cds-WP_039709067.1,725436,726632,cds-WP_039709067.1
NZ_LN908249.1,Protein Homology,CDS,726812,728098,.,-,0,ID=pepP;product=Xaa-Pro_aminopeptidase,pepP,Xaa-Pro aminopeptidase,726812,728098,1287,347,1,1,single,,,pepP,pepP,726812,728098,pepP
NZ_LN908249.1,Protein Homology,CDS,728507,729730,.,-,0,ID=cds-WP_039709068.1;product=Uncharacterized_protein_MT2064,cds-WP_039709068.1,Uncharacterized protein MT2064,728507,729730,1224,348,3,3,last,cds-WP_005614926.1,,cds-WP_005604117.1,cds-WP_039709068.1,728507,730516,cds-WP_005604117.1;cds-WP_005614926.1;cds-WP_039709068.1
NZ_LN908249.1,Protein Homology,CDS,729866,730255,.,-,0,ID=cds-WP_005614926.1;product=tRNA(fMet)-specific_endonuclease_VapC,cds-WP_005614926.1,tRNA(fMet)-specific endonuclease VapC,729866,730255,390,348,3,2,internal,cds-WP_005604117.1,cds-WP_039709068.1,cds-WP_005604117.1,cds-WP_039709068.1,728507,730516,cds-WP_005604117.1;cds-WP_005614926.1;cds-WP_039709068.1
NZ_LN908249.1,Protein Homology,CDS,730256,730516,.,-,0,ID=cds-WP_005604117.1;product='hypothetical protein',cds-WP_005604117.1,'hypothetical protein',730256,730516,261,348,3,1,first,,cds-WP_005614926.1,cds-WP_005604117.1,cds-WP_039709068.1,728507,730516,cds-WP_005604117.1;cds-WP_005614926.1;cds-WP_039709068.1
NZ_LN908249.1,Protein Homology,CDS,730650,732671,.,-,0,ID=uvrB;product=UvrABC_system_protein_B,uvrB,UvrABC system protein B,730650,732671,2022,349,1,1,single,,,uvrB,uvrB,730650,732671,uvrB
NZ_LN908249.1,Protein Homology,CDS,732848,733660,.,+,0,ID=efeO;product=Efem/EfeO_family_lipoprotein,efeO,Efem/EfeO family lipoprotein,732848,733660,813,350,3,1,first,,efeB,efeO,cds-WP_039709071.1,732848,735496,efeO;efeB;cds-WP_039709071.1
NZ_LN908249.1,Protein Homology,CDS,733672,734865,.,+,0,ID=efeB;product=Probable_deferrochelatase/peroxidase_EfeN,efeB,Probable deferrochelatase/peroxidase EfeN,733672,734865,1194,350,3,2,internal,efeO,cds-WP_039709071.1,efeO,cds-WP_039709071.1,732848,735496,efeO;efeB;cds-WP_039709071.1
NZ_LN908249.1,Protein Homology,CDS,734876,735496,.,+,0,ID=cds-WP_039709071.1;product='hypothetical protein',cds-WP_039709071.1,'hypothetical protein',734876,735496,621,350,3,3,last,efeB,,efeO,cds-WP_039709071.1,732848,735496,efeO;efeB;cds-WP_039709071.1
NZ_LN908249.1,Protein Homology,CDS,735536,736354,.,-,0,ID=cds-WP_005604126.1;product=5'-3'_exoribonuclease,cds-WP_005604126.1,5'-3' exoribonuclease,735536,736354,819,351,3,3,last,cds-WP_005611913.1,,sbcB,cds-WP_005604126.1,735536,738509,sbcB;cds-WP_005611913.1;cds-WP_005604126.1
NZ_LN908249.1,Protein Homology,CDS,736358,736948,.,-,0,ID=cds-WP_005611913.1;product='hypothetical protein',cds-WP_005611913.1,'hypothetical protein',736358,736948,591,351,3,2,internal,sbcB,cds-WP_005604126.1,sbcB,cds-WP_005604126.1,735536,738509,sbcB;cds-WP_005611913.1;cds-WP_005604126.1
NZ_LN908249.1,Protein Homology,CDS,736965,738509,.,-,0,ID=sbcB;product=Exodeoxyribonuclease_I,sbcB,Exodeoxyribonuclease I,736965,738509,1545,351,3,1,first,,cds-WP_005611913.1,sbcB,cds-WP_005604126.1,735536,738509,sbcB;cds-WP_005611913.1;cds-WP_005604126.1
NZ_LN908249.1,Protein Homology,CDS,738751,740157,.,-,0,ID=cds-WP_005614935.1;product=Uncharacterized_protein_HI_0633,cds-WP_005614935.1,Uncharacterized protein HI 0633,738751,740157,1407,352,1,1,single,,,cds-WP_005614935.1,cds-WP_005614935.1,738751,740157,cds-WP_005614935.1
NZ_LN908249.1,Protein Homology,CDS,740365,741768,.,+,0,ID=asnS;product=Asparagine--tRNA_ligase,asnS,Asparagine--tRNA ligase,740365,741768,1404,353,1,1,single,,,asnS,asnS,740365,741768,asnS
NZ_LN908249.1,Protein Homology,CDS,741870,742871,.,-,0,ID=epmB;product=L-lysine_23-aminomutase,epmB,L-lysine 23-aminomutase,741870,742871,1002,354,1,1,single,,,epmB,epmB,741870,742871,epmB
NZ_LN908249.1,Protein Homology,CDS,742958,743524,.,-,0,ID=cds-WP_039709075.1;product=Uncharacterized_protein_PM1449,cds-WP_039709075.1,Uncharacterized protein PM1449,742958,743524,567,355,1,1,single,,,cds-WP_039709075.1,cds-WP_039709075.1,742958,743524,cds-WP_039709075.1
NZ_LN908249.1,Protein Homology,CDS,743675,744241,.,+,0,ID=efp;product=Elongation_factor_P,efp,Elongation factor P,743675,744241,567,356,2,1,first,,glnS,efp,glnS,743675,746066,efp;glnS
NZ_LN908249.1,Protein Homology,CDS,744396,746066,.,+,0,ID=glnS;product=Glutamine--tRNA_ligase,glnS,Glutamine--tRNA ligase,744396,746066,1671,356,2,2,last,efp,,efp,glnS,743675,746066,efp;glnS
NZ_LN908249.1,Protein Homology,CDS,746296,747687,.,-,0,ID=cds-WP_039709646.1;product=Probable_transport_protein_HsrA,cds-WP_039709646.1,Probable transport protein HsrA,746296,747687,1392,357,1,1,single,,,cds-WP_039709646.1,cds-WP_039709646.1,746296,747687,cds-WP_039709646.1
NZ_LN908249.1,Protein Homology,CDS,747868,749976,.,-,0,ID=cds-WP_039709077.1;product=Putative_soluble_lytic_murein_transglycosylase,cds-WP_039709077.1,Putative soluble lytic murein transglycosylase,747868,749976,2109,358,1,1,single,,,cds-WP_039709077.1,cds-WP_039709077.1,747868,749976,cds-WP_039709077.1
NZ_LN908249.1,Protein Homology,CDS,750085,750624,.,-,0,ID=hpt;product=Hypoxanthine_phosphoribosyltransferase,hpt,Hypoxanthine phosphoribosyltransferase,750085,750624,540,359,1,1,single,,,hpt,hpt,750085,750624,hpt
NZ_LN908249.1,Protein Homology,CDS,750728,751864,.,-,0,ID=cds-WP_039709078.1;product=Cystathionine_gamma-synthase,cds-WP_039709078.1,Cystathionine gamma-synthase,750728,751864,1137,360,1,1,single,,,cds-WP_039709078.1,cds-WP_039709078.1,750728,751864,cds-WP_039709078.1
NZ_LN908249.1,Protein Homology,CDS,751978,752787,.,-,0,ID=dapB;product=4-hydroxy-tetrahydrodipicolinate_reductase,dapB,4-hydroxy-tetrahydrodipicolinate reductase,751978,752787,810,361,4,4,last,cds-WP_005617170.1,,rlmM,dapB,751978,755448,rlmM;cds-WP_005607568.1;cds-WP_005617170.1;dapB
NZ_LN908249.1,Protein Homology,CDS,752846,753424,.,-,0,ID=cds-WP_005617170.1;product='hypothetical protein',cds-WP_005617170.1,'hypothetical protein',752846,753424,579,361,4,3,internal,cds-WP_005607568.1,dapB,rlmM,dapB,751978,755448,rlmM;cds-WP_005607568.1;cds-WP_005617170.1;dapB
NZ_LN908249.1,Protein Homology,CDS,753421,754338,.,-,0,ID=cds-WP_005607568.1;product='hypothetical protein',cds-WP_005607568.1,'hypothetical protein',753421,754338,918,361,4,2,internal,rlmM,cds-WP_005617170.1,rlmM,dapB,751978,755448,rlmM;cds-WP_005607568.1;cds-WP_005617170.1;dapB
NZ_LN908249.1,Protein Homology,CDS,754363,755448,.,-,0,ID=rlmM;product=Ribosomal_RNA_large_subunit_methyltransferase_M,rlmM,Ribosomal RNA large subunit methyltransferase M,754363,755448,1086,361,4,1,first,,cds-WP_005607568.1,rlmM,dapB,751978,755448,rlmM;cds-WP_005607568.1;cds-WP_005617170.1;dapB
NZ_LN908249.1,Protein Homology,CDS,755820,756224,.,-,0,ID=cds-WP_005604157.1;product=UPF0382_membrane_protein_HI_1073,cds-WP_005604157.1,UPF0382 membrane protein HI 1073,755820,756224,405,362,1,1,single,,,cds-WP_005604157.1,cds-WP_005604157.1,755820,756224,cds-WP_005604157.1
NZ_LN908249.1,Protein Homology,CDS,756328,758019,.,+,0,ID=dld;product=D-lactate_dehydrogenase,dld,D-lactate dehydrogenase,756328,758019,1692,363,1,1,single,,,dld,dld,756328,758019,dld
NZ_LN908249.1,Protein Homology,CDS,758157,760631,.,-,0,ID=torA;product=Trimethylamine-N-oxide_reductase,torA,Trimethylamine-N-oxide reductase,758157,760631,2475,364,2,2,last,cds-WP_005607578.1,,cds-WP_005607578.1,torA,758157,761945,cds-WP_005607578.1;torA
NZ_LN908249.1,Protein Homology,CDS,760827,761945,.,-,0,ID=cds-WP_005607578.1;product=Cytochrome_c-type_protein_TorY,cds-WP_005607578.1,Cytochrome c-type protein TorY,760827,761945,1119,364,2,1,first,,torA,cds-WP_005607578.1,torA,758157,761945,cds-WP_005607578.1;torA
NZ_LN908249.1,Protein Homology,CDS,762297,763319,.,+,0,ID=moaA;product=Cyclic_pyranopterin_monophosphate_synthase,moaA,Cyclic pyranopterin monophosphate synthase,762297,763319,1023,365,4,1,first,,moaC,moaA,moaE,762297,764803,moaA;moaC;moaD;moaE
NZ_LN908249.1,Protein Homology,CDS,763604,764080,.,+,0,ID=moaC;product=Cyclic_pyranopterin_monophosphate_synthase_accessory_protein,moaC,Cyclic pyranopterin monophosphate synthase accessory protein,763604,764080,477,365,4,2,internal,moaA,moaD,moaA,moaE,762297,764803,moaA;moaC;moaD;moaE
NZ_LN908249.1,Protein Homology,CDS,764102,764347,.,+,0,ID=moaD;product=Molybdopterin_synthase_sulfur_carrier_subunit,moaD,Molybdopterin synthase sulfur carrier subunit,764102,764347,246,365,4,3,internal,moaC,moaE,moaA,moaE,762297,764803,moaA;moaC;moaD;moaE
NZ_LN908249.1,Protein Homology,CDS,764348,764803,.,+,0,ID=moaE;product=Molybdopterin_synthase_catalytic_subunit,moaE,Molybdopterin synthase catalytic subunit,764348,764803,456,365,4,4,last,moaD,,moaA,moaE,762297,764803,moaA;moaC;moaD;moaE
NZ_LN908249.1,Protein Homology,CDS,764884,765375,.,+,0,ID=ybeY;product=Endoribonuclease_YbeY,ybeY,Endoribonuclease YbeY,764884,765375,492,366,2,1,first,,cds-WP_039709080.1,ybeY,cds-WP_039709080.1,764884,767177,ybeY;cds-WP_039709080.1
NZ_LN908249.1,Protein Homology,CDS,765375,767177,.,+,0,ID=cds-WP_039709080.1;product=tRNA(Met)_cytidine_acetyltransferase_TmcA,cds-WP_039709080.1,tRNA(Met) cytidine acetyltransferase TmcA,765375,767177,1803,366,2,2,last,ybeY,,ybeY,cds-WP_039709080.1,764884,767177,ybeY;cds-WP_039709080.1
NZ_LN908249.1,Protein Homology,CDS,767240,769849,.,-,0,ID=topA;product=DNA_topoisomerase_1,topA,DNA topoisomerase 1,767240,769849,2610,367,1,1,single,,,topA,topA,767240,769849,topA
NZ_LN908249.1,Protein Homology,CDS,769991,770887,.,+,0,ID=cds-WP_012262925.1;product=Uncharacterized_HTH-type_transcriptional_regulator_HI_1364,cds-WP_012262925.1,Uncharacterized HTH-type transcriptional regulator HI 1364,769991,770887,897,368,1,1,single,,,cds-WP_012262925.1,cds-WP_012262925.1,769991,770887,cds-WP_012262925.1
NZ_LN908249.1,Protein Homology,CDS,770979,772292,.,-,0,ID=argA;product=Amino-acid_acetyltransferase,argA,Amino-acid acetyltransferase,770979,772292,1314,369,3,3,last,aroA,,hisC,argA,770979,774846,hisC;aroA;argA
NZ_LN908249.1,Protein Homology,CDS,772440,773738,.,-,0,ID=aroA;product=3-phosphoshikimate_1-carboxyvinyltransferase,aroA,3-phosphoshikimate 1-carboxyvinyltransferase,772440,773738,1299,369,3,2,internal,hisC,argA,hisC,argA,770979,774846,hisC;aroA;argA
NZ_LN908249.1,Protein Homology,CDS,773752,774846,.,-,0,ID=hisC;product=Histidinol-phosphate_aminotransferase_2,hisC,Histidinol-phosphate aminotransferase 2,773752,774846,1095,369,3,1,first,,aroA,hisC,argA,770979,774846,hisC;aroA;argA
NZ_LN908249.1,Protein Homology,CDS,775046,776314,.,-,0,ID=cds-WP_005597053.1;product=Homocysteine_synthase,cds-WP_005597053.1,Homocysteine synthase,775046,776314,1269,370,1,1,single,,,cds-WP_005597053.1,cds-WP_005597053.1,775046,776314,cds-WP_005597053.1
NZ_LN908249.1,Protein Homology,CDS,776520,777608,.,-,0,ID=serC;product=Phosphoserine_aminotransferase,serC,Phosphoserine aminotransferase,776520,777608,1089,371,1,1,single,,,serC,serC,776520,777608,serC
NZ_LN908249.1,Protein Homology,CDS,777802,780675,.,-,0,ID=cds-WP_039709647.1;product=Uncharacterized_ATP-dependent_helicase_YqhH,cds-WP_039709647.1,Uncharacterized ATP-dependent helicase YqhH,777802,780675,2874,372,2,2,last,cds-WP_039709084.1,,cds-WP_039709084.1,cds-WP_039709647.1,777802,783989,cds-WP_039709084.1;cds-WP_039709647.1
NZ_LN908249.1,Protein Homology,CDS,780672,783989,.,-,0,ID=cds-WP_039709084.1;product='hypothetical protein',cds-WP_039709084.1,'hypothetical protein',780672,783989,3318,372,2,1,first,,cds-WP_039709647.1,cds-WP_039709084.1,cds-WP_039709647.1,777802,783989,cds-WP_039709084.1;cds-WP_039709647.1
NZ_LN908249.1,Protein Homology,CDS,784391,787273,.,-,0,ID=cds-WP_058230514.1;product=Type_III_restriction-modification_system_EcoPI_enzyme_mod,cds-WP_058230514.1,Type III restriction-modification system EcoPI enzyme mod,784391,787273,2883,373,1,1,single,,,cds-WP_058230514.1,cds-WP_058230514.1,784391,787273,cds-WP_058230514.1
NZ_LN908249.1,Protein Homology,CDS,787578,788450,.,-,0,ID=cds-WP_005597069.1;product=Uncharacterized_HTH-type_transcriptional_regulator_HI_0143,cds-WP_005597069.1,Uncharacterized HTH-type transcriptional regulator HI 0143,787578,788450,873,374,2,2,last,nanQ,,nanQ,cds-WP_005597069.1,787578,788927,nanQ;cds-WP_005597069.1
NZ_LN908249.1,Protein Homology,CDS,788460,788927,.,-,0,ID=nanQ;product=Uncharacterized_protein_HI_0227,nanQ,Uncharacterized protein HI 0227,788460,788927,468,374,2,1,first,,cds-WP_005597069.1,nanQ,cds-WP_005597069.1,787578,788927,nanQ;cds-WP_005597069.1
NZ_LN908249.1,Protein Homology,CDS,789128,790636,.,-,0,ID=ppx;product=Exopolyphosphatase,ppx,Exopolyphosphatase,789128,790636,1509,375,1,1,single,,,ppx,ppx,789128,790636,ppx
NZ_LN908249.1,Protein Homology,CDS,790845,791180,.,+,0,ID=cds-WP_005600925.1;product=UPF0265_protein_APJL_0708,cds-WP_005600925.1,UPF0265 protein APJL 0708,790845,791180,336,376,1,1,single,,,cds-WP_005600925.1,cds-WP_005600925.1,790845,791180,cds-WP_005600925.1
NZ_LN908249.1,Protein Homology,CDS,791675,793027,.,+,0,ID=lysC;product=Lysine-sensitive_aspartokinase_3,lysC,Lysine-sensitive aspartokinase 3,791675,793027,1353,377,1,1,single,,,lysC,lysC,791675,793027,lysC
NZ_LN908249.1,Protein Homology,CDS,793153,793602,.,-,0,ID=nrdR;product=Transcriptional_repressor_NrdR,nrdR,Transcriptional repressor NrdR,793153,793602,450,378,3,3,last,cds-WP_005600927.1,,cds-WP_005620833.1,nrdR,793153,795342,cds-WP_005620833.1;cds-WP_005600927.1;nrdR
NZ_LN908249.1,Protein Homology,CDS,793602,793889,.,-,0,ID=cds-WP_005600927.1;product=YcgL_domain-containing_protein_APL_0712,cds-WP_005600927.1,YcgL domain-containing protein APL 0712,793602,793889,288,378,3,2,internal,cds-WP_005620833.1,nrdR,cds-WP_005620833.1,nrdR,793153,795342,cds-WP_005620833.1;cds-WP_005600927.1;nrdR
NZ_LN908249.1,Protein Homology,CDS,793879,795342,.,-,0,ID=cds-WP_005620833.1;product=Replicative_DNA_helicase,cds-WP_005620833.1,Replicative DNA helicase,793879,795342,1464,378,3,1,first,,cds-WP_005600927.1,cds-WP_005620833.1,nrdR,793153,795342,cds-WP_005620833.1;cds-WP_005600927.1;nrdR
NZ_LN908249.1,Protein Homology,CDS,795522,796430,.,+,0,ID=cds-WP_005597086.1;product=Ferric_anguibactin-binding_protein,cds-WP_005597086.1,Ferric anguibactin-binding protein,795522,796430,909,379,4,1,first,,cds-WP_005597088.1,cds-WP_005597086.1,cds-WP_005604228.1,795522,799165,cds-WP_005597086.1;cds-WP_005597088.1;cds-WP_005597090.1;cds-WP_005604228.1
NZ_LN908249.1,Protein Homology,CDS,796517,797464,.,+,0,ID=cds-WP_005597088.1;product=Uncharacterized_ABC_transporter_permease_protein_YclN,cds-WP_005597088.1,Uncharacterized ABC transporter permease protein YclN,796517,797464,948,379,4,2,internal,cds-WP_005597086.1,cds-WP_005597090.1,cds-WP_005597086.1,cds-WP_005604228.1,795522,799165,cds-WP_005597086.1;cds-WP_005597088.1;cds-WP_005597090.1;cds-WP_005604228.1
NZ_LN908249.1,Protein Homology,CDS,797464,798405,.,+,0,ID=cds-WP_005597090.1;product=Uncharacterized_ABC_transporter_permease_protein_YclO,cds-WP_005597090.1,Uncharacterized ABC transporter permease protein YclO,797464,798405,942,379,4,3,internal,cds-WP_005597088.1,cds-WP_005604228.1,cds-WP_005597086.1,cds-WP_005604228.1,795522,799165,cds-WP_005597086.1;cds-WP_005597088.1;cds-WP_005597090.1;cds-WP_005604228.1
NZ_LN908249.1,Protein Homology,CDS,798407,799165,.,+,0,ID=cds-WP_005604228.1;product=Uncharacterized_ABC_transporter_ATP-binding_protein_YclP,cds-WP_005604228.1,Uncharacterized ABC transporter ATP-binding protein YclP,798407,799165,759,379,4,4,last,cds-WP_005597090.1,,cds-WP_005597086.1,cds-WP_005604228.1,795522,799165,cds-WP_005597086.1;cds-WP_005597088.1;cds-WP_005597090.1;cds-WP_005604228.1
NZ_LN908249.1,Protein Homology,CDS,799354,800034,.,+,0,ID=cds-WP_005597094.1;product=UPF0111_protein_HI_1603,cds-WP_005597094.1,UPF0111 protein HI 1603,799354,800034,681,380,2,1,first,,cds-WP_005604231.1,cds-WP_005597094.1,cds-WP_005604231.1,799354,801306,cds-WP_005597094.1;cds-WP_005604231.1
NZ_LN908249.1,Protein Homology,CDS,800044,801306,.,+,0,ID=cds-WP_005604231.1;product=Putative_phosphate_permease_HI_1604,cds-WP_005604231.1,Putative phosphate permease HI 1604,800044,801306,1263,380,2,2,last,cds-WP_005597094.1,,cds-WP_005597094.1,cds-WP_005604231.1,799354,801306,cds-WP_005597094.1;cds-WP_005604231.1
NZ_LN908249.1,Protein Homology,CDS,801371,801976,.,+,0,ID=cds-WP_005597098.1;product=Uncharacterized_protein_HI_1605,cds-WP_005597098.1,Uncharacterized protein HI 1605,801371,801976,606,381,1,1,single,,,cds-WP_005597098.1,cds-WP_005597098.1,801371,801976,cds-WP_005597098.1
NZ_LN908249.1,Protein Homology,CDS,802030,802257,.,-,0,ID=cds-WP_039709087.1;product='hypothetical protein',cds-WP_039709087.1,'hypothetical protein',802030,802257,228,382,2,2,last,cds-WP_039709088.1,,cds-WP_039709088.1,cds-WP_039709087.1,802030,802779,cds-WP_039709088.1;cds-WP_039709087.1
NZ_LN908249.1,Protein Homology,CDS,802264,802779,.,-,0,ID=cds-WP_039709088.1;product=Uncharacterized_protein_HI_0243,cds-WP_039709088.1,Uncharacterized protein HI 0243,802264,802779,516,382,2,1,first,,cds-WP_039709087.1,cds-WP_039709088.1,cds-WP_039709087.1,802030,802779,cds-WP_039709088.1;cds-WP_039709087.1
NZ_LN908249.1,Protein Homology,CDS,802852,804000,.,-,0,ID=tgt;product=Queuine_tRNA-ribosyltransferase,tgt,Queuine tRNA-ribosyltransferase,802852,804000,1149,383,1,1,single,,,tgt,tgt,802852,804000,tgt
NZ_LN908249.1,Protein Homology,CDS,804072,804206,.,-,0,ID=cds-WP_005597107.1;product='hypothetical protein',cds-WP_005597107.1,'hypothetical protein',804072,804206,135,384,1,1,single,,,cds-WP_005597107.1,cds-WP_005597107.1,804072,804206,cds-WP_005597107.1
NZ_LN908249.1,Protein Homology,CDS,804323,804895,.,+,0,ID=cds-WP_005618964.1;product=Uncharacterized_lipoprotein_YceB,cds-WP_005618964.1,Uncharacterized lipoprotein YceB,804323,804895,573,385,1,1,single,,,cds-WP_005618964.1,cds-WP_005618964.1,804323,804895,cds-WP_005618964.1
NZ_LN908249.1,Protein Homology,CDS,805003,805209,.,+,0,ID=cspD;product=Cold_shock-like_protein_CspD,cspD,Cold shock-like protein CspD,805003,805209,207,386,1,1,single,,,cspD,cspD,805003,805209,cspD
NZ_LN908249.1,Protein Homology,CDS,805327,806043,.,+,0,ID=can;product=Carbonic_anhydrase_2,can,Carbonic anhydrase 2,805327,806043,717,387,1,1,single,,,can,can,805327,806043,can
NZ_LN908249.1,Protein Homology,CDS,806361,808085,.,+,0,ID=cds-WP_005597115.1;product=Acetolactate_synthase_large_subunit,cds-WP_005597115.1,Acetolactate synthase large subunit,806361,808085,1725,388,2,1,first,,ilvN,cds-WP_005597115.1,ilvN,806361,808569,cds-WP_005597115.1;ilvN
NZ_LN908249.1,Protein Homology,CDS,808078,808569,.,+,0,ID=ilvN;product=Acetolactate_synthase_small_subunit,ilvN,Acetolactate synthase small subunit,808078,808569,492,388,2,2,last,cds-WP_005597115.1,,cds-WP_005597115.1,ilvN,806361,808569,cds-WP_005597115.1;ilvN
NZ_LN908249.1,Protein Homology,CDS,808839,810188,.,-,0,ID=pmbA;product=Metalloprotease_PmbA_homolog,pmbA,Metalloprotease PmbA homolog,808839,810188,1350,389,1,1,single,,,pmbA,pmbA,808839,810188,pmbA
NZ_LN908249.1,Protein Homology,CDS,810296,810826,.,+,0,ID=yjgA;product=UPF0307_protein_APL_0730,yjgA,UPF0307 protein APL 0730,810296,810826,531,390,2,1,first,,cds-WP_005600956.1,yjgA,cds-WP_005600956.1,810296,811242,yjgA;cds-WP_005600956.1
NZ_LN908249.1,Protein Homology,CDS,810871,811242,.,+,0,ID=cds-WP_005600956.1;product=Uncharacterized_protein_HI_1253,cds-WP_005600956.1,Uncharacterized protein HI 1253,810871,811242,372,390,2,2,last,yjgA,,yjgA,cds-WP_005600956.1,810296,811242,yjgA;cds-WP_005600956.1
NZ_LN908249.1,Protein Homology,CDS,811302,811874,.,+,0,ID=cds-WP_039709138.1;product=Flavin_prenyltransferase_UbiX,cds-WP_039709138.1,Flavin prenyltransferase UbiX,811302,811874,573,391,3,1,first,,cds-WP_005604249.1,cds-WP_039709138.1,cds-WP_005600963.1,811302,813086,cds-WP_039709138.1;cds-WP_005604249.1;cds-WP_005600963.1
NZ_LN908249.1,Protein Homology,CDS,811877,812590,.,+,0,ID=cds-WP_005604249.1;product=Uncharacterized_protein_YqgA,cds-WP_005604249.1,Uncharacterized protein YqgA,811877,812590,714,391,3,2,internal,cds-WP_039709138.1,cds-WP_005600963.1,cds-WP_039709138.1,cds-WP_005600963.1,811302,813086,cds-WP_039709138.1;cds-WP_005604249.1;cds-WP_005600963.1
NZ_LN908249.1,Protein Homology,CDS,812637,813086,.,+,0,ID=cds-WP_005600963.1;product=UPF0306_protein_HD_1359,cds-WP_005600963.1,UPF0306 protein HD 1359,812637,813086,450,391,3,3,last,cds-WP_005604249.1,,cds-WP_039709138.1,cds-WP_005600963.1,811302,813086,cds-WP_039709138.1;cds-WP_005604249.1;cds-WP_005600963.1
NZ_LN908249.1,Protein Homology,CDS,813159,813470,.,-,0,ID=yciH;product=Uncharacterized_protein_YciH,yciH,Uncharacterized protein YciH,813159,813470,312,392,4,4,last,pyrF,,cds-WP_005597136.1,yciH,813159,815753,cds-WP_005597136.1;lapB;pyrF;yciH
NZ_LN908249.1,Protein Homology,CDS,813550,814242,.,-,0,ID=pyrF;product=Orotidine_5'-phosphate_decarboxylase,pyrF,Orotidine 5'-phosphate decarboxylase,813550,814242,693,392,4,3,internal,lapB,yciH,cds-WP_005597136.1,yciH,813159,815753,cds-WP_005597136.1;lapB;pyrF;yciH
NZ_LN908249.1,Protein Homology,CDS,814267,815463,.,-,0,ID=lapB;product=Lipopolysaccharide_assembly_protein_B,lapB,Lipopolysaccharide assembly protein B,814267,815463,1197,392,4,2,internal,cds-WP_005597136.1,pyrF,cds-WP_005597136.1,yciH,813159,815753,cds-WP_005597136.1;lapB;pyrF;yciH
NZ_LN908249.1,Protein Homology,CDS,815463,815753,.,-,0,ID=cds-WP_005597136.1;product=Probable_lipopolysaccharide_assembly_protein_A,cds-WP_005597136.1,Probable lipopolysaccharide assembly protein A,815463,815753,291,392,4,1,first,,lapB,cds-WP_005597136.1,yciH,813159,815753,cds-WP_005597136.1;lapB;pyrF;yciH
NZ_LN908249.1,Protein Homology,CDS,815822,816103,.,-,0,ID=cds-WP_005597138.1;product=Integration_host_factor_subunit_beta,cds-WP_005597138.1,Integration host factor subunit beta,815822,816103,282,393,4,4,last,rpsA,,degS,cds-WP_005597138.1,815822,819673,degS;cmk;rpsA;cds-WP_005597138.1
NZ_LN908249.1,Protein Homology,CDS,816177,817841,.,-,0,ID=rpsA;product=30S_ribosomal_protein_S1,rpsA,30S ribosomal protein S1,816177,817841,1665,393,4,3,internal,cmk,cds-WP_005597138.1,degS,cds-WP_005597138.1,815822,819673,degS;cmk;rpsA;cds-WP_005597138.1
NZ_LN908249.1,Protein Homology,CDS,817938,818612,.,-,0,ID=cmk;product=Cytidylate_kinase,cmk,Cytidylate kinase,817938,818612,675,393,4,2,internal,degS,rpsA,degS,cds-WP_005597138.1,815822,819673,degS;cmk;rpsA;cds-WP_005597138.1
NZ_LN908249.1,Protein Homology,CDS,818642,819673,.,-,0,ID=degS;product=Serine_endoprotease_DegS,degS,Serine endoprotease DegS,818642,819673,1032,393,4,1,first,,cmk,degS,cds-WP_005597138.1,815822,819673,degS;cmk;rpsA;cds-WP_005597138.1
NZ_LN908249.1,tRNAscan-SE,tRNA,819818,819903,.,-,.,ID=rna-MIDG2331_RS03710;product='tRNA',rna-MIDG2331_RS03710,'tRNA',819818,819903,86,394,2,2,last,secG,,secG,rna-MIDG2331_RS03710,819818,820248,secG;rna-MIDG2331_RS03710
NZ_LN908249.1,Protein Homology,CDS,819922,820248,.,-,0,ID=secG;product=Protein-export_membrane_protein_SecG,secG,Protein-export membrane protein SecG,819922,820248,327,394,2,1,first,,rna-MIDG2331_RS03710,secG,rna-MIDG2331_RS03710,819818,820248,secG;rna-MIDG2331_RS03710
NZ_LN908249.1,Protein Homology,CDS,820380,822296,.,-,0,ID=cds-WP_005607634.1;product=DNA_topoisomerase_3,cds-WP_005607634.1,DNA topoisomerase 3,820380,822296,1917,395,1,1,single,,,cds-WP_005607634.1,cds-WP_005607634.1,820380,822296,cds-WP_005607634.1
NZ_LN908249.1,Protein Homology,CDS,822479,823924,.,+,0,ID=cds-WP_039709090.1;product=Alkaline_phosphatase_3,cds-WP_039709090.1,Alkaline phosphatase 3,822479,823924,1446,396,1,1,single,,,cds-WP_039709090.1,cds-WP_039709090.1,822479,823924,cds-WP_039709090.1
NZ_LN908249.1,Protein Homology,CDS,823974,824804,.,-,0,ID=mepA;product=Penicillin-insensitive_murein_endopeptidase,mepA,Penicillin-insensitive murein endopeptidase,823974,824804,831,397,6,6,last,aroC,,seqA,mepA,823974,834662,seqA;menE;mscK_2;mscK;aroC;mepA
NZ_LN908249.1,Protein Homology,CDS,824899,825981,.,-,0,ID=aroC;product=Chorismate_synthase,aroC,Chorismate synthase,824899,825981,1083,397,6,5,internal,mscK,mepA,seqA,mepA,823974,834662,seqA;menE;mscK_2;mscK;aroC;mepA
NZ_LN908249.1,Protein Homology,CDS,826003,829311,.,-,0,ID=mscK;product=Uncharacterized_MscS_family_protein_HI_0195.1,mscK,Uncharacterized MscS family protein HI 0195.1,826003,829311,3309,397,6,4,internal,mscK_2,aroC,seqA,mepA,823974,834662,seqA;menE;mscK_2;mscK;aroC;mepA
NZ_LN908249.1,Protein Homology,CDS,829329,832673,.,-,0,ID=mscK_2;product=Uncharacterized_MscS_family_protein_HI_0195.1,mscK_2,Uncharacterized MscS family protein HI 0195.1,829329,832673,3345,397,6,3,internal,menE,mscK,seqA,mepA,823974,834662,seqA;menE;mscK_2;mscK;aroC;mepA
NZ_LN908249.1,Protein Homology,CDS,832654,834084,.,-,0,ID=menE;product=2-succinylbenzoate--CoA_ligase,menE,2-succinylbenzoate--CoA ligase,832654,834084,1431,397,6,2,internal,seqA,mscK_2,seqA,mepA,823974,834662,seqA;menE;mscK_2;mscK;aroC;mepA
NZ_LN908249.1,Protein Homology,CDS,834102,834662,.,-,0,ID=seqA;product=Negative_modulator_of_initiation_of_replication,seqA,Negative modulator of initiation of replication,834102,834662,561,397,6,1,first,,menE,seqA,mepA,823974,834662,seqA;menE;mscK_2;mscK;aroC;mepA
NZ_LN908249.1,Protein Homology,CDS,834786,835571,.,+,0,ID=cds-WP_012262947.1;product=Putative_esterase/lipase_HI_0193,cds-WP_012262947.1,Putative esterase/lipase HI 0193,834786,835571,786,398,2,1,first,,cmoA,cds-WP_012262947.1,cmoA,834786,836304,cds-WP_012262947.1;cmoA
NZ_LN908249.1,Protein Homology,CDS,835579,836304,.,+,0,ID=cmoA;product=Carboxy-S-adenosyl-L-methionine_synthase,cmoA,Carboxy-S-adenosyl-L-methionine synthase,835579,836304,726,398,2,2,last,cds-WP_012262947.1,,cds-WP_012262947.1,cmoA,834786,836304,cds-WP_012262947.1;cmoA
NZ_LN908249.1,Protein Homology,CDS,836508,837296,.,+,0,ID=cds-WP_005597178.1;product=Enoyl-[acyl-carrier-protein]_reductase_[NADH]_FabI,cds-WP_005597178.1,Enoyl-[acyl-carrier-protein] reductase [NADH] FabI,836508,837296,789,399,1,1,single,,,cds-WP_005597178.1,cds-WP_005597178.1,836508,837296,cds-WP_005597178.1
NZ_LN908249.1,Protein Homology,CDS,837491,837769,.,+,0,ID=cds-WP_012262949.1;product='hypothetical protein',cds-WP_012262949.1,'hypothetical protein',837491,837769,279,400,2,1,first,,cds-WP_005612024.1,cds-WP_012262949.1,cds-WP_005612024.1,837491,838022,cds-WP_012262949.1;cds-WP_005612024.1
NZ_LN908249.1,Protein Homology,CDS,837744,838022,.,+,0,ID=cds-WP_005612024.1;product='hypothetical protein',cds-WP_005612024.1,'hypothetical protein',837744,838022,279,400,2,2,last,cds-WP_012262949.1,,cds-WP_012262949.1,cds-WP_005612024.1,837491,838022,cds-WP_012262949.1;cds-WP_005612024.1
NZ_LN908249.1,Protein Homology,CDS,838154,840130,.,+,0,ID=cds-WP_039709092.1;product=Exoribonuclease_2,cds-WP_039709092.1,Exoribonuclease 2,838154,840130,1977,401,1,1,single,,,cds-WP_039709092.1,cds-WP_039709092.1,838154,840130,cds-WP_039709092.1
NZ_LN908249.1,Protein Homology,CDS,840205,840576,.,+,0,ID=cds-WP_005597186.1;product=UPF0299_membrane_protein_MS1271,cds-WP_005597186.1,UPF0299 membrane protein MS1271,840205,840576,372,402,3,1,first,,cds-WP_005600996.1,cds-WP_005597186.1,apaH,840205,842096,cds-WP_005597186.1;cds-WP_005600996.1;apaH
NZ_LN908249.1,Protein Homology,CDS,840573,841259,.,+,0,ID=cds-WP_005600996.1;product=Uncharacterized_protein_HI_1298,cds-WP_005600996.1,Uncharacterized protein HI 1298,840573,841259,687,402,3,2,internal,cds-WP_005597186.1,apaH,cds-WP_005597186.1,apaH,840205,842096,cds-WP_005597186.1;cds-WP_005600996.1;apaH
NZ_LN908249.1,Protein Homology,CDS,841284,842096,.,+,0,ID=apaH;product=Bis(5'-nucleosyl)-tetraphosphatase_symmetrical,apaH,Bis(5'-nucleosyl)-tetraphosphatase symmetrical,841284,842096,813,402,3,3,last,cds-WP_005600996.1,,cds-WP_005597186.1,apaH,840205,842096,cds-WP_005597186.1;cds-WP_005600996.1;apaH
NZ_LN908249.1,tRNAscan-SE,tRNA,842160,842236,.,+,.,ID=rna-MIDG2331_RS03805;product='tRNA',rna-MIDG2331_RS03805,'tRNA',842160,842236,77,403,1,1,single,,,rna-MIDG2331_RS03805,rna-MIDG2331_RS03805,842160,842236,rna-MIDG2331_RS03805
NZ_LN908249.1,Protein Homology,CDS,842285,842527,.,-,0,ID=cds-WP_039709093.1;product=Alternative_ribosome-rescue_factor_A,cds-WP_039709093.1,Alternative ribosome-rescue factor A,842285,842527,243,404,1,1,single,,,cds-WP_039709093.1,cds-WP_039709093.1,842285,842527,cds-WP_039709093.1
NZ_LN908249.1,Protein Homology,CDS,842695,843450,.,+,0,ID=cds-WP_005597193.1;product=Uncharacterized_protein_HI_0095,cds-WP_005597193.1,Uncharacterized protein HI 0095,842695,843450,756,405,4,1,first,,cds-WP_005604294.1,cds-WP_005597193.1,queA,842695,846662,cds-WP_005597193.1;cds-WP_005604294.1;cds-WP_005612036.1;queA
NZ_LN908249.1,Protein Homology,CDS,843509,844570,.,+,0,ID=cds-WP_005604294.1;product=Putative_permease_PerM_homolog,cds-WP_005604294.1,Putative permease PerM homolog,843509,844570,1062,405,4,2,internal,cds-WP_005597193.1,cds-WP_005612036.1,cds-WP_005597193.1,queA,842695,846662,cds-WP_005597193.1;cds-WP_005604294.1;cds-WP_005612036.1;queA
NZ_LN908249.1,Protein Homology,CDS,844600,845529,.,+,0,ID=cds-WP_005612036.1;product=Putative_gluconeogenesis_factor,cds-WP_005612036.1,Putative gluconeogenesis factor,844600,845529,930,405,4,3,internal,cds-WP_005604294.1,queA,cds-WP_005597193.1,queA,842695,846662,cds-WP_005597193.1;cds-WP_005604294.1;cds-WP_005612036.1;queA
NZ_LN908249.1,Protein Homology,CDS,845577,846662,.,+,0,ID=queA;product=S-adenosylmethionine:tRNA_ribosyltransferase-isomerase,queA,S-adenosylmethionine:tRNA ribosyltransferase-isomerase,845577,846662,1086,405,4,4,last,cds-WP_005612036.1,,cds-WP_005597193.1,queA,842695,846662,cds-WP_005597193.1;cds-WP_005604294.1;cds-WP_005612036.1;queA
NZ_LN908249.1,Protein Homology,CDS,846697,848991,.,-,0,ID=cds-WP_039709649.1;product=Recombination_protein_2,cds-WP_039709649.1,Recombination protein 2,846697,848991,2295,406,1,1,single,,,cds-WP_039709649.1,cds-WP_039709649.1,846697,848991,cds-WP_039709649.1
NZ_LN908249.1,Protein Homology,CDS,849091,850305,.,-,0,ID=sstT;product=Serine/threonine_transporter_SstT,sstT,Serine/threonine transporter SstT,849091,850305,1215,407,1,1,single,,,sstT,sstT,849091,850305,sstT
NZ_LN908249.1,Protein Homology,CDS,850554,850916,.,+,0,ID=cds-WP_005597201.1;product=Diacylglycerol_kinase,cds-WP_005597201.1,Diacylglycerol kinase,850554,850916,363,408,1,1,single,,,cds-WP_005597201.1,cds-WP_005597201.1,850554,850916,cds-WP_005597201.1
NZ_LN908249.1,Protein Homology,CDS,850997,852640,.,+,0,ID=ushA;product=Protein_UshA,ushA,Protein UshA,850997,852640,1644,409,1,1,single,,,ushA,ushA,850997,852640,ushA
NZ_LN908249.1,Protein Homology,CDS,852719,853072,.,+,0,ID=cds-WP_052245666.1;product='hypothetical protein',cds-WP_052245666.1,'hypothetical protein',852719,853072,354,410,1,1,single,,,cds-WP_052245666.1,cds-WP_052245666.1,852719,853072,cds-WP_052245666.1
NZ_LN908249.1,Protein Homology,CDS,853145,853516,.,+,0,ID=cds-WP_039709094.1;product='hypothetical protein',cds-WP_039709094.1,'hypothetical protein',853145,853516,372,411,1,1,single,,,cds-WP_039709094.1,cds-WP_039709094.1,853145,853516,cds-WP_039709094.1
NZ_LN908249.1,tRNAscan-SE,tRNA,853799,853872,.,-,.,ID=rna-MIDG2331_RS03865;product='tRNA',rna-MIDG2331_RS03865,'tRNA',853799,853872,74,412,2,2,last,rna-MIDG2331_RS03870,,rna-MIDG2331_RS03870,rna-MIDG2331_RS03865,853799,853965,rna-MIDG2331_RS03870;rna-MIDG2331_RS03865
NZ_LN908249.1,tRNAscan-SE,tRNA,853890,853965,.,-,.,ID=rna-MIDG2331_RS03870;product='tRNA',rna-MIDG2331_RS03870,'tRNA',853890,853965,76,412,2,1,first,,rna-MIDG2331_RS03865,rna-MIDG2331_RS03870,rna-MIDG2331_RS03865,853799,853965,rna-MIDG2331_RS03870;rna-MIDG2331_RS03865
NZ_LN908249.1,Protein Homology,CDS,854225,855649,.,-,0,ID=lpdA;product=Dihydrolipoyl_dehydrogenase,lpdA,Dihydrolipoyl dehydrogenase,854225,855649,1425,413,3,3,last,aceF,,aceE,lpdA,854225,860357,aceE;aceF;lpdA
NZ_LN908249.1,Protein Homology,CDS,855745,857643,.,-,0,ID=aceF;product=Dihydrolipoyllysine-residue_acetyltransferase_component_of_pyruvate_dehydrogenase_complex,aceF,Dihydrolipoyllysine-residue acetyltransferase component of pyruvate dehydrogenase complex,855745,857643,1899,413,3,2,internal,aceE,lpdA,aceE,lpdA,854225,860357,aceE;aceF;lpdA
NZ_LN908249.1,Protein Homology,CDS,857703,860357,.,-,0,ID=aceE;product=Pyruvate_dehydrogenase_E1_component,aceE,Pyruvate dehydrogenase E1 component,857703,860357,2655,413,3,1,first,,aceF,aceE,lpdA,854225,860357,aceE;aceF;lpdA
NZ_LN908249.1,Protein Homology,CDS,860712,861719,.,-,0,ID=pyrD;product=Dihydroorotate_dehydrogenase_(quinone),pyrD,Dihydroorotate dehydrogenase (quinone),860712,861719,1008,414,4,4,last,cds-WP_005597212.1,,lolB,pyrD,860712,864254,lolB;ispE;cds-WP_005597212.1;pyrD
NZ_LN908249.1,Protein Homology,CDS,861793,862743,.,-,0,ID=cds-WP_005597212.1;product=Ribose-phosphate_pyrophosphokinase,cds-WP_005597212.1,Ribose-phosphate pyrophosphokinase,861793,862743,951,414,4,3,internal,ispE,pyrD,lolB,pyrD,860712,864254,lolB;ispE;cds-WP_005597212.1;pyrD
NZ_LN908249.1,Protein Homology,CDS,862755,863612,.,-,0,ID=ispE;product=4-diphosphocytidyl-2-C-methyl-D-erythritol_kinase,ispE,4-diphosphocytidyl-2-C-methyl-D-erythritol kinase,862755,863612,858,414,4,2,internal,lolB,cds-WP_005597212.1,lolB,pyrD,860712,864254,lolB;ispE;cds-WP_005597212.1;pyrD
NZ_LN908249.1,Protein Homology,CDS,863622,864254,.,-,0,ID=lolB;product=Outer-membrane_lipoprotein_LolB,lolB,Outer-membrane lipoprotein LolB,863622,864254,633,414,4,1,first,,ispE,lolB,pyrD,860712,864254,lolB;ispE;cds-WP_005597212.1;pyrD
NZ_LN908249.1,Protein Homology,CDS,864383,866131,.,-,0,ID=msbA;product=Lipid_A_export_ATP-binding/permease_protein_MsbA,msbA,Lipid A export ATP-binding/permease protein MsbA,864383,866131,1749,415,1,1,single,,,msbA,msbA,864383,866131,msbA
NZ_LN908249.1,Protein Homology,CDS,866236,866922,.,-,0,ID=cds-WP_005601038.1;product=Uncharacterized_protein_HI_1298,cds-WP_005601038.1,Uncharacterized protein HI 1298,866236,866922,687,416,2,2,last,cds-WP_005601040.1,,cds-WP_005601040.1,cds-WP_005601038.1,866236,867291,cds-WP_005601040.1;cds-WP_005601038.1
NZ_LN908249.1,Protein Homology,CDS,866932,867291,.,-,0,ID=cds-WP_005601040.1;product=UPF0299_membrane_protein_MS1271,cds-WP_005601040.1,UPF0299 membrane protein MS1271,866932,867291,360,416,2,1,first,,cds-WP_005601038.1,cds-WP_005601040.1,cds-WP_005601038.1,866236,867291,cds-WP_005601040.1;cds-WP_005601038.1
NZ_LN908249.1,Protein Homology,CDS,867358,869280,.,-,0,ID=cds-WP_005607710.1;product=Probable_ATP-dependent_helicase_HI_0387,cds-WP_005607710.1,Probable ATP-dependent helicase HI 0387,867358,869280,1923,417,1,1,single,,,cds-WP_005607710.1,cds-WP_005607710.1,867358,869280,cds-WP_005607710.1
NZ_LN908249.1,Protein Homology,CDS,869402,869614,.,+,0,ID=cds-WP_005597221.1;product='hypothetical protein',cds-WP_005597221.1,'hypothetical protein',869402,869614,213,418,1,1,single,,,cds-WP_005597221.1,cds-WP_005597221.1,869402,869614,cds-WP_005597221.1
NZ_LN908249.1,Protein Homology,CDS,869753,872581,.,-,0,ID=uvrA;product=UvrABC_system_protein_A,uvrA,UvrABC system protein A,869753,872581,2829,419,1,1,single,,,uvrA,uvrA,869753,872581,uvrA
NZ_LN908249.1,Protein Homology,CDS,872732,873256,.,+,0,ID=cds-WP_039195080.1;product=Single-stranded_DNA-binding_protein,cds-WP_039195080.1,Single-stranded DNA-binding protein,872732,873256,525,420,1,1,single,,,cds-WP_039195080.1,cds-WP_039195080.1,872732,873256,cds-WP_039195080.1
NZ_LN908249.1,Protein Homology,CDS,873466,874365,.,-,0,ID=cds-WP_039709098.1;product=HTH-type_transcriptional_regulator_DmlR,cds-WP_039709098.1,HTH-type transcriptional regulator DmlR,873466,874365,900,421,1,1,single,,,cds-WP_039709098.1,cds-WP_039709098.1,873466,874365,cds-WP_039709098.1
NZ_LN908249.1,Protein Homology,CDS,874477,875466,.,+,0,ID=cds-WP_058230472.1;product=Synaptic_vesicle_membrane_protein_VAT-1_homolog,cds-WP_058230472.1,Synaptic vesicle membrane protein VAT-1 homolog,874477,875466,990,422,1,1,single,,,cds-WP_058230472.1,cds-WP_058230472.1,874477,875466,cds-WP_058230472.1
NZ_LN908249.1,Protein Homology,CDS,875550,875948,.,-,0,ID=cds-WP_039709650.1;product=HTH-type_transcriptional_regulator_HmrR,cds-WP_039709650.1,HTH-type transcriptional regulator HmrR,875550,875948,399,423,1,1,single,,,cds-WP_039709650.1,cds-WP_039709650.1,875550,875948,cds-WP_039709650.1
NZ_LN908249.1,Protein Homology,CDS,876020,876634,.,+,0,ID=cds-WP_010907412.1;product='hypothetical protein',cds-WP_010907412.1,'hypothetical protein',876020,876634,615,424,1,1,single,,,cds-WP_010907412.1,cds-WP_010907412.1,876020,876634,cds-WP_010907412.1
NZ_LN908249.1,Protein Homology,CDS,876821,877810,.,+,0,ID=cds-WP_039709551.1;product=Synaptic_vesicle_membrane_protein_VAT-1_homolog,cds-WP_039709551.1,Synaptic vesicle membrane protein VAT-1 homolog,876821,877810,990,425,1,1,single,,,cds-WP_039709551.1,cds-WP_039709551.1,876821,877810,cds-WP_039709551.1
NZ_LN908249.1,Protein Homology,CDS,877851,879770,.,-,0,ID=cds-WP_039709099.1;product=Uncharacterized_protein_MJECL43,cds-WP_039709099.1,Uncharacterized protein MJECL43,877851,879770,1920,426,1,1,single,,,cds-WP_039709099.1,cds-WP_039709099.1,877851,879770,cds-WP_039709099.1
NZ_LN908249.1,Protein Homology,CDS,879844,881130,.,-,0,ID=cds-WP_039709100.1;product='hypothetical protein',cds-WP_039709100.1,'hypothetical protein',879844,881130,1287,427,1,1,single,,,cds-WP_039709100.1,cds-WP_039709100.1,879844,881130,cds-WP_039709100.1
NZ_LN908249.1,Protein Homology,CDS,881438,882325,.,-,0,ID=cds-WP_039709101.1;product=Uncharacterized_HTH-type_transcriptional_regulator_YhjC,cds-WP_039709101.1,Uncharacterized HTH-type transcriptional regulator YhjC,881438,882325,888,428,1,1,single,,,cds-WP_039709101.1,cds-WP_039709101.1,881438,882325,cds-WP_039709101.1
NZ_LN908249.1,Protein Homology,CDS,882430,883404,.,+,0,ID=cds-WP_039709102.1;product=Probable_nitronate_monooxygenase,cds-WP_039709102.1,Probable nitronate monooxygenase,882430,883404,975,429,1,1,single,,,cds-WP_039709102.1,cds-WP_039709102.1,882430,883404,cds-WP_039709102.1
NZ_LN908249.1,Protein Homology,CDS,883942,885372,.,+,0,ID=cds-WP_005615121.1;product='hypothetical protein',cds-WP_005615121.1,'hypothetical protein',883942,885372,1431,430,1,1,single,,,cds-WP_005615121.1,cds-WP_005615121.1,883942,885372,cds-WP_005615121.1
NZ_LN908249.1,Protein Homology,CDS,885416,886183,.,-,0,ID=cds-WP_005615122.1;product='hypothetical protein',cds-WP_005615122.1,'hypothetical protein',885416,886183,768,431,1,1,single,,,cds-WP_005615122.1,cds-WP_005615122.1,885416,886183,cds-WP_005615122.1
NZ_LN908249.1,Protein Homology,CDS,886267,887304,.,-,0,ID=cds-WP_005597236.1;product=Peptide_transport_system_ATP-binding_protein_SapD,cds-WP_005597236.1,Peptide transport system ATP-binding protein SapD,886267,887304,1038,432,5,5,last,cds-WP_005597240.1,,cds-WP_005601064.1,cds-WP_005597236.1,886267,892012,cds-WP_005601064.1;cds-WP_005597244.1;cds-WP_005597242.1;cds-WP_005597240.1;cds-WP_005597236.1
NZ_LN908249.1,Protein Homology,CDS,887318,888205,.,-,0,ID=cds-WP_005597240.1;product=Peptide_transport_system_permease_protein_SapC,cds-WP_005597240.1,Peptide transport system permease protein SapC,887318,888205,888,432,5,4,internal,cds-WP_005597242.1,cds-WP_005597236.1,cds-WP_005601064.1,cds-WP_005597236.1,886267,892012,cds-WP_005601064.1;cds-WP_005597244.1;cds-WP_005597242.1;cds-WP_005597240.1;cds-WP_005597236.1
NZ_LN908249.1,Protein Homology,CDS,888195,889157,.,-,0,ID=cds-WP_005597242.1;product=Peptide_transport_system_permease_protein_SapB,cds-WP_005597242.1,Peptide transport system permease protein SapB,888195,889157,963,432,5,3,internal,cds-WP_005597244.1,cds-WP_005597240.1,cds-WP_005601064.1,cds-WP_005597236.1,886267,892012,cds-WP_005601064.1;cds-WP_005597244.1;cds-WP_005597242.1;cds-WP_005597240.1;cds-WP_005597236.1
NZ_LN908249.1,Protein Homology,CDS,889157,890854,.,-,0,ID=cds-WP_005597244.1;product=Peptide_transport_periplasmic_protein_SapA,cds-WP_005597244.1,Peptide transport periplasmic protein SapA,889157,890854,1698,432,5,2,internal,cds-WP_005601064.1,cds-WP_005597242.1,cds-WP_005601064.1,cds-WP_005597236.1,886267,892012,cds-WP_005601064.1;cds-WP_005597244.1;cds-WP_005597242.1;cds-WP_005597240.1;cds-WP_005597236.1
NZ_LN908249.1,Protein Homology,CDS,890864,892012,.,-,0,ID=cds-WP_005601064.1;product=Transcriptional_regulatory_protein_TyrR,cds-WP_005601064.1,Transcriptional regulatory protein TyrR,890864,892012,1149,432,5,1,first,,cds-WP_005597244.1,cds-WP_005601064.1,cds-WP_005597236.1,886267,892012,cds-WP_005601064.1;cds-WP_005597244.1;cds-WP_005597242.1;cds-WP_005597240.1;cds-WP_005597236.1
NZ_LN908249.1,Protein Homology,CDS,892217,892801,.,+,0,ID=lpcA;product=Phosphoheptose_isomerase,lpcA,Phosphoheptose isomerase,892217,892801,585,433,1,1,single,,,lpcA,lpcA,892217,892801,lpcA
NZ_LN908249.1,Protein Homology,CDS,893016,894626,.,-,0,ID=pckA;product=Phosphoenolpyruvate_carboxykinase_[ATP],pckA,Phosphoenolpyruvate carboxykinase [ATP],893016,894626,1611,434,1,1,single,,,pckA,pckA,893016,894626,pckA
NZ_LN908249.1,Protein Homology,CDS,894899,895177,.,+,0,ID=ftsB;product=Cell_division_protein_FtsB,ftsB,Cell division protein FtsB,894899,895177,279,435,3,1,first,,ispD,ftsB,ispF,894899,896352,ftsB;ispD;ispF
NZ_LN908249.1,Protein Homology,CDS,895193,895879,.,+,0,ID=ispD;product=2-C-methyl-D-erythritol_4-phosphate_cytidylyltransferase,ispD,2-C-methyl-D-erythritol 4-phosphate cytidylyltransferase,895193,895879,687,435,3,2,internal,ftsB,ispF,ftsB,ispF,894899,896352,ftsB;ispD;ispF
NZ_LN908249.1,Protein Homology,CDS,895876,896352,.,+,0,ID=ispF;product=2-C-methyl-D-erythritol_24-cyclodiphosphate_synthase,ispF,2-C-methyl-D-erythritol 24-cyclodiphosphate synthase,895876,896352,477,435,3,3,last,ispD,,ftsB,ispF,894899,896352,ftsB;ispD;ispF
NZ_LN908249.1,Protein Homology,CDS,897021,898997,.,-,0,ID=cds-WP_005612126.1;product=Uncharacterized_protein_HI_1246,cds-WP_005612126.1,Uncharacterized protein HI 1246,897021,898997,1977,436,2,2,last,cds-WP_005597260.1,,cds-WP_005597260.1,cds-WP_005612126.1,897021,899823,cds-WP_005597260.1;cds-WP_005612126.1
NZ_LN908249.1,Protein Homology,CDS,899035,899823,.,-,0,ID=cds-WP_005597260.1;product=Uncharacterized_protein_YcbX,cds-WP_005597260.1,Uncharacterized protein YcbX,899035,899823,789,436,2,1,first,,cds-WP_005612126.1,cds-WP_005597260.1,cds-WP_005612126.1,897021,899823,cds-WP_005597260.1;cds-WP_005612126.1
NZ_LN908249.1,Protein Homology,CDS,899968,900192,.,+,0,ID=xseB;product=Exodeoxyribonuclease_7_small_subunit,xseB,Exodeoxyribonuclease 7 small subunit,899968,900192,225,437,2,1,first,,ispA,xseB,ispA,899968,901094,xseB;ispA
NZ_LN908249.1,Protein Homology,CDS,900201,901094,.,+,0,ID=ispA;product=Farnesyl_diphosphate_synthase,ispA,Farnesyl diphosphate synthase,900201,901094,894,437,2,2,last,xseB,,xseB,ispA,899968,901094,xseB;ispA
NZ_LN908249.1,Protein Homology,CDS,901178,901522,.,-,0,ID=cds-WP_005597263.1;product='hypothetical protein',cds-WP_005597263.1,'hypothetical protein',901178,901522,345,438,1,1,single,,,cds-WP_005597263.1,cds-WP_005597263.1,901178,901522,cds-WP_005597263.1
NZ_LN908249.1,Protein Homology,CDS,901623,903125,.,-,0,ID=lysS;product=Lysine--tRNA_ligase,lysS,Lysine--tRNA ligase,901623,903125,1503,439,1,1,single,,,lysS,lysS,901623,903125,lysS
NZ_LN908249.1,Protein Homology,CDS,903260,904735,.,-,0,ID=rng;product=Ribonuclease_G,rng,Ribonuclease G,903260,904735,1476,440,1,1,single,,,rng,rng,903260,904735,rng
NZ_LN908249.1,Protein Homology,CDS,904965,906728,.,+,0,ID=ycaO;product=Uncharacterized_protein_HI_1265,ycaO,Uncharacterized protein HI 1265,904965,906728,1764,441,1,1,single,,,ycaO,ycaO,904965,906728,ycaO
NZ_LN908249.1,Protein Homology,CDS,906943,907905,.,+,0,ID=cmoB;product=tRNA_U34_carboxymethyltransferase,cmoB,tRNA U34 carboxymethyltransferase,906943,907905,963,442,1,1,single,,,cmoB,cmoB,906943,907905,cmoB
NZ_LN908249.1,Protein Homology,CDS,908051,908386,.,+,0,ID=cds-WP_039709108.1;product=Uncharacterized_protein_PM0253,cds-WP_039709108.1,Uncharacterized protein PM0253,908051,908386,336,443,1,1,single,,,cds-WP_039709108.1,cds-WP_039709108.1,908051,908386,cds-WP_039709108.1
NZ_LN908249.1,Protein Homology,CDS,908453,909550,.,-,0,ID=mltA;product=Membrane-bound_lytic_murein_transglycosylase_A,mltA,Membrane-bound lytic murein transglycosylase A,908453,909550,1098,444,1,1,single,,,mltA,mltA,908453,909550,mltA
NZ_LN908249.1,tRNAscan-SE,tRNA,909755,909831,.,+,.,ID=rna-MIDG2331_RS04105;product='tRNA',rna-MIDG2331_RS04105,'tRNA',909755,909831,77,445,2,1,first,,xseA,rna-MIDG2331_RS04105,xseA,909755,911419,rna-MIDG2331_RS04105;xseA
NZ_LN908249.1,Protein Homology,CDS,909866,911419,.,+,0,ID=xseA;product=Exodeoxyribonuclease_7_large_subunit,xseA,Exodeoxyribonuclease 7 large subunit,909866,911419,1554,445,2,2,last,rna-MIDG2331_RS04105,,rna-MIDG2331_RS04105,xseA,909755,911419,rna-MIDG2331_RS04105;xseA
NZ_LN908249.1,tRNAscan-SE,tRNA,911669,911754,.,+,.,ID=rna-MIDG2331_RS04115;product='tRNA',rna-MIDG2331_RS04115,'tRNA',911669,911754,86,446,1,1,single,,,rna-MIDG2331_RS04115,rna-MIDG2331_RS04115,911669,911754,rna-MIDG2331_RS04115
NZ_LN908249.1,Protein Homology,CDS,911795,912208,.,-,0,ID=uraH;product=5-hydroxyisourate_hydrolase,uraH,5-hydroxyisourate hydrolase,911795,912208,414,447,1,1,single,,,uraH,uraH,911795,912208,uraH
NZ_LN908249.1,Protein Homology,CDS,912407,913417,.,+,0,ID=purR;product=HTH-type_transcriptional_repressor_PurR,purR,HTH-type transcriptional repressor PurR,912407,913417,1011,448,2,1,first,,cds-WP_005597281.1,purR,cds-WP_005597281.1,912407,914042,purR;cds-WP_005597281.1
NZ_LN908249.1,Protein Homology,CDS,913440,914042,.,+,0,ID=cds-WP_005597281.1;product=Uncharacterized_membrane_protein_HI_1629,cds-WP_005597281.1,Uncharacterized membrane protein HI 1629,913440,914042,603,448,2,2,last,purR,,purR,cds-WP_005597281.1,912407,914042,purR;cds-WP_005597281.1
NZ_LN908249.1,Protein Homology,CDS,914142,916574,.,-,0,ID=gyrB;product=DNA_gyrase_subunit_B,gyrB,DNA gyrase subunit B,914142,916574,2433,449,1,1,single,,,gyrB,gyrB,914142,916574,gyrB
NZ_LN908249.1,Protein Homology,CDS,916787,917668,.,-,0,ID=ubiA;product=4-hydroxybenzoate_octaprenyltransferase,ubiA,4-hydroxybenzoate octaprenyltransferase,916787,917668,882,450,4,4,last,cds-WP_005597287.1,,hflD,ubiA,916787,920553,hflD;purB;cds-WP_005597287.1;ubiA
NZ_LN908249.1,Protein Homology,CDS,917668,918429,.,-,0,ID=cds-WP_005597287.1;product=Glycerol-3-phosphate_regulon_repressor,cds-WP_005597287.1,Glycerol-3-phosphate regulon repressor,917668,918429,762,450,4,3,internal,purB,ubiA,hflD,ubiA,916787,920553,hflD;purB;cds-WP_005597287.1;ubiA
NZ_LN908249.1,Protein Homology,CDS,918497,919864,.,-,0,ID=purB;product=Adenylosuccinate_lyase,purB,Adenylosuccinate lyase,918497,919864,1368,450,4,2,internal,hflD,cds-WP_005597287.1,hflD,ubiA,916787,920553,hflD;purB;cds-WP_005597287.1;ubiA
NZ_LN908249.1,Protein Homology,CDS,919921,920553,.,-,0,ID=hflD;product=High_frequency_lysogenization_protein_HflD_homolog,hflD,High frequency lysogenization protein HflD homolog,919921,920553,633,450,4,1,first,,purB,hflD,ubiA,916787,920553,hflD;purB;cds-WP_005597287.1;ubiA
NZ_LN908249.1,Protein Homology,CDS,920718,922385,.,-,0,ID=cydC;product=ATP-binding/permease_protein_CydC,cydC,ATP-binding/permease protein CydC,920718,922385,1668,451,2,2,last,cydD,,cydD,cydC,920718,924138,cydD;cydC
NZ_LN908249.1,Protein Homology,CDS,922396,924138,.,-,0,ID=cydD;product=ATP-binding/permease_protein_CydD,cydD,ATP-binding/permease protein CydD,922396,924138,1743,451,2,1,first,,cydC,cydD,cydC,920718,924138,cydD;cydC
NZ_LN908249.1,Protein Homology,CDS,924298,928257,.,-,0,ID=tamB;product=Translocation_and_assembly_module_TamB,tamB,Translocation and assembly module TamB,924298,928257,3960,452,4,4,last,tamA,,envC,tamB,924298,932216,envC;cds-WP_039709114.1;tamA;tamB
NZ_LN908249.1,Protein Homology,CDS,928318,930144,.,-,0,ID=tamA;product=Translocation_and_assembly_module_TamA,tamA,Translocation and assembly module TamA,928318,930144,1827,452,4,3,internal,cds-WP_039709114.1,tamB,envC,tamB,924298,932216,envC;cds-WP_039709114.1;tamA;tamB
NZ_LN908249.1,Protein Homology,CDS,930160,931008,.,-,0,ID=cds-WP_039709114.1;product=Uncharacterized_protein_HI_0755,cds-WP_039709114.1,Uncharacterized protein HI 0755,930160,931008,849,452,4,2,internal,envC,tamA,envC,tamB,924298,932216,envC;cds-WP_039709114.1;tamA;tamB
NZ_LN908249.1,Protein Homology,CDS,931008,932216,.,-,0,ID=envC;product=Uncharacterized_protein_HI_0756,envC,Uncharacterized protein HI 0756,931008,932216,1209,452,4,1,first,,cds-WP_039709114.1,envC,tamB,924298,932216,envC;cds-WP_039709114.1;tamA;tamB
NZ_LN908249.1,Protein Homology,CDS,932386,933069,.,+,0,ID=cds-WP_005597307.1;product=23-bisphosphoglycerate-dependent_phosphoglycerate_mutase,cds-WP_005597307.1,23-bisphosphoglycerate-dependent phosphoglycerate mutase,932386,933069,684,453,1,1,single,,,cds-WP_005597307.1,cds-WP_005597307.1,932386,933069,cds-WP_005597307.1
NZ_LN908249.1,Protein Homology,CDS,933153,933788,.,-,0,ID=cds-WP_039709116.1;product=Putative_amino-acid_transporter_MT2040,cds-WP_039709116.1,Putative amino-acid transporter MT2040,933153,933788,636,454,1,1,single,,,cds-WP_039709116.1,cds-WP_039709116.1,933153,933788,cds-WP_039709116.1
NZ_LN908249.1,Protein Homology,CDS,933906,934559,.,+,0,ID=udk;product=Uridine_kinase,udk,Uridine kinase,933906,934559,654,455,2,1,first,,dcd,udk,dcd,933906,935152,udk;dcd
NZ_LN908249.1,Protein Homology,CDS,934568,935152,.,+,0,ID=dcd;product=Deoxycytidine_triphosphate_deaminase,dcd,Deoxycytidine triphosphate deaminase,934568,935152,585,455,2,2,last,udk,,udk,dcd,933906,935152,udk;dcd
NZ_LN908249.1,Protein Homology,CDS,935221,935775,.,-,0,ID=cds-WP_005601137.1;product='hypothetical protein',cds-WP_005601137.1,'hypothetical protein',935221,935775,555,456,1,1,single,,,cds-WP_005601137.1,cds-WP_005601137.1,935221,935775,cds-WP_005601137.1
NZ_LN908249.1,Protein Homology,CDS,935916,936977,.,+,0,ID=cds-WP_005607929.1;product=Uncharacterized_protein_YhiI,cds-WP_005607929.1,Uncharacterized protein YhiI,935916,936977,1062,457,4,1,first,,rbbA,cds-WP_005607929.1,cds-WP_039709118.1,935916,942259,cds-WP_005607929.1;rbbA;cds-WP_005607933.1;cds-WP_039709118.1
NZ_LN908249.1,Protein Homology,CDS,936981,939722,.,+,0,ID=rbbA;product=Ribosome-associated_ATPase,rbbA,Ribosome-associated ATPase,936981,939722,2742,457,4,2,internal,cds-WP_005607929.1,cds-WP_005607933.1,cds-WP_005607929.1,cds-WP_039709118.1,935916,942259,cds-WP_005607929.1;rbbA;cds-WP_005607933.1;cds-WP_039709118.1
NZ_LN908249.1,Protein Homology,CDS,939724,940848,.,+,0,ID=cds-WP_005607933.1;product=Inner_membrane_transport_permease_YhhJ,cds-WP_005607933.1,Inner membrane transport permease YhhJ,939724,940848,1125,457,4,3,internal,rbbA,cds-WP_039709118.1,cds-WP_005607929.1,cds-WP_039709118.1,935916,942259,cds-WP_005607929.1;rbbA;cds-WP_005607933.1;cds-WP_039709118.1
NZ_LN908249.1,Protein Homology,CDS,940865,942259,.,+,0,ID=cds-WP_039709118.1;product=Cation_efflux_system_protein_CusC,cds-WP_039709118.1,Cation efflux system protein CusC,940865,942259,1395,457,4,4,last,cds-WP_005607933.1,,cds-WP_005607929.1,cds-WP_039709118.1,935916,942259,cds-WP_005607929.1;rbbA;cds-WP_005607933.1;cds-WP_039709118.1
NZ_LN908249.1,Protein Homology,CDS,942337,943785,.,-,0,ID=pntB;product=NAD(P)_transhydrogenase_subunit_beta,pntB,NAD(P) transhydrogenase subunit beta,942337,943785,1449,458,2,2,last,pntA,,pntA,pntB,942337,945334,pntA;pntB
NZ_LN908249.1,Protein Homology,CDS,943796,945334,.,-,0,ID=pntA;product=NAD(P)_transhydrogenase_subunit_alpha,pntA,NAD(P) transhydrogenase subunit alpha,943796,945334,1539,458,2,1,first,,pntB,pntA,pntB,942337,945334,pntA;pntB
NZ_LN908249.1,Protein Homology,CDS,945539,946267,.,+,0,ID=trmJ;product=Uncharacterized_tRNA/rRNA_methyltransferase_HI_0380,trmJ,Uncharacterized tRNA/rRNA methyltransferase HI 0380,945539,946267,729,459,1,1,single,,,trmJ,trmJ,945539,946267,trmJ
NZ_LN908249.1,Protein Homology,CDS,946360,947523,.,-,0,ID=cds-WP_005607948.1;product='hypothetical protein',cds-WP_005607948.1,'hypothetical protein',946360,947523,1164,460,2,2,last,cds-WP_005604486.1,,cds-WP_005604486.1,cds-WP_005607948.1,946360,948611,cds-WP_005604486.1;cds-WP_005607948.1
NZ_LN908249.1,Protein Homology,CDS,947520,948611,.,-,0,ID=cds-WP_005604486.1;product=Nucleoid-associated_protein_PC1_1634,cds-WP_005604486.1,Nucleoid-associated protein PC1 1634,947520,948611,1092,460,2,1,first,,cds-WP_005607948.1,cds-WP_005604486.1,cds-WP_005607948.1,946360,948611,cds-WP_005604486.1;cds-WP_005607948.1
NZ_LN908249.1,Protein Homology,CDS,948824,949663,.,-,0,ID=queF;product=NADPH-dependent_7-cyano-7-deazaguanine_reductase,queF,NADPH-dependent 7-cyano-7-deazaguanine reductase,948824,949663,840,461,1,1,single,,,queF,queF,948824,949663,queF
NZ_LN908249.1,Protein Homology,CDS,949753,950301,.,-,0,ID=gmhB;product=D-glycero-beta-D-manno-heptose-17-bisphosphate_7-phosphatase,gmhB,D-glycero-beta-D-manno-heptose-17-bisphosphate 7-phosphatase,949753,950301,549,462,2,2,last,bcp,,bcp,gmhB,949753,950771,bcp;gmhB
NZ_LN908249.1,Protein Homology,CDS,950301,950771,.,-,0,ID=bcp;product=Putative_peroxiredoxin_bcp,bcp,Putative peroxiredoxin bcp,950301,950771,471,462,2,1,first,,gmhB,bcp,gmhB,949753,950771,bcp;gmhB
NZ_LN908249.1,GeneMarkS-2+,CDS,950836,951045,.,-,0,ID=cds-WP_012262990.1;product='hypothetical protein',cds-WP_012262990.1,'hypothetical protein',950836,951045,210,463,1,1,single,,,cds-WP_012262990.1,cds-WP_012262990.1,950836,951045,cds-WP_012262990.1
NZ_LN908249.1,Protein Homology,CDS,951158,952315,.,-,0,ID=hemW;product=Oxygen-independent_coproporphyrinogen-III_oxidase-like_protein_HI_0463,hemW,Oxygen-independent coproporphyrinogen-III oxidase-like protein HI 0463,951158,952315,1158,464,1,1,single,,,hemW,hemW,951158,952315,hemW
NZ_LN908249.1,Protein Homology,CDS,952578,954152,.,+,0,ID=cds-WP_039709121.1;product=Glutathione-binding_protein_GsiB,cds-WP_039709121.1,Glutathione-binding protein GsiB,952578,954152,1575,465,5,1,first,,cds-WP_005619095.1,cds-WP_039709121.1,cds-WP_039709122.1,952578,959637,cds-WP_039709121.1;cds-WP_005619095.1;cds-WP_039768106.1;cds-WP_039197125.1;cds-WP_039709122.1
NZ_LN908249.1,Protein Homology,CDS,954251,955204,.,+,0,ID=cds-WP_005619095.1;product=Putative_peptide_transport_system_permease_protein_BruAb2_1031,cds-WP_005619095.1,Putative peptide transport system permease protein BruAb2 1031,954251,955204,954,465,5,2,internal,cds-WP_039709121.1,cds-WP_039768106.1,cds-WP_039709121.1,cds-WP_039709122.1,952578,959637,cds-WP_039709121.1;cds-WP_005619095.1;cds-WP_039768106.1;cds-WP_039197125.1;cds-WP_039709122.1
NZ_LN908249.1,Protein Homology,CDS,955204,957177,.,+,0,ID=cds-WP_039768106.1;product=Probable_peptide_ABC_transporter_ATP-binding_protein_y4tR,cds-WP_039768106.1,Probable peptide ABC transporter ATP-binding protein y4tR,955204,957177,1974,465,5,3,internal,cds-WP_005619095.1,cds-WP_039197125.1,cds-WP_039709121.1,cds-WP_039709122.1,952578,959637,cds-WP_039709121.1;cds-WP_005619095.1;cds-WP_039768106.1;cds-WP_039197125.1;cds-WP_039709122.1
NZ_LN908249.1,Protein Homology,CDS,957181,957987,.,+,0,ID=cds-WP_039197125.1;product=Oligopeptide_transport_ATP-binding_protein_AppF,cds-WP_039197125.1,Oligopeptide transport ATP-binding protein AppF,957181,957987,807,465,5,4,internal,cds-WP_039768106.1,cds-WP_039709122.1,cds-WP_039709121.1,cds-WP_039709122.1,952578,959637,cds-WP_039709121.1;cds-WP_005619095.1;cds-WP_039768106.1;cds-WP_039197125.1;cds-WP_039709122.1
NZ_LN908249.1,Protein Homology,CDS,958039,959637,.,+,0,ID=cds-WP_039709122.1;product=Uncharacterized_FAD-dependent_oxidoreductase_MJ0033,cds-WP_039709122.1,Uncharacterized FAD-dependent oxidoreductase MJ0033,958039,959637,1599,465,5,5,last,cds-WP_039197125.1,,cds-WP_039709121.1,cds-WP_039709122.1,952578,959637,cds-WP_039709121.1;cds-WP_005619095.1;cds-WP_039768106.1;cds-WP_039197125.1;cds-WP_039709122.1
NZ_LN908249.1,Protein Homology,CDS,959699,960856,.,-,0,ID=cds-WP_171823681.1;product=Uncharacterized_protein_YxjG,cds-WP_171823681.1,Uncharacterized protein YxjG,959699,960856,1158,466,1,1,single,,,cds-WP_171823681.1,cds-WP_171823681.1,959699,960856,cds-WP_171823681.1
NZ_LN908249.1,Protein Homology,CDS,961077,961958,.,+,0,ID=metF;product=510-methylenetetrahydrofolate_reductase,metF,510-methylenetetrahydrofolate reductase,961077,961958,882,467,1,1,single,,,metF,metF,961077,961958,metF
NZ_LN908249.1,Protein Homology,CDS,962054,963649,.,-,0,ID=cds-WP_039709124.1;product=Heme-binding_protein_A,cds-WP_039709124.1,Heme-binding protein A,962054,963649,1596,468,1,1,single,,,cds-WP_039709124.1,cds-WP_039709124.1,962054,963649,cds-WP_039709124.1
NZ_LN908249.1,Protein Homology,CDS,964006,965235,.,+,0,ID=cds-WP_005601171.1;product=Serine_transporter,cds-WP_005601171.1,Serine transporter,964006,965235,1230,469,2,1,first,,cds-WP_039709125.1,cds-WP_005601171.1,cds-WP_039709125.1,964006,966710,cds-WP_005601171.1;cds-WP_039709125.1
NZ_LN908249.1,Protein Homology,CDS,965331,966710,.,+,0,ID=cds-WP_039709125.1;product=L-serine_dehydratase,cds-WP_039709125.1,L-serine dehydratase,965331,966710,1380,469,2,2,last,cds-WP_005601171.1,,cds-WP_005601171.1,cds-WP_039709125.1,964006,966710,cds-WP_005601171.1;cds-WP_039709125.1
NZ_LN908249.1,Protein Homology,CDS,966889,968892,.,-,0,ID=mnmC;product=tRNA_5-methylaminomethyl-2-thiouridine_biosynthesis_bifunctional_protein_MnmC,mnmC,tRNA 5-methylaminomethyl-2-thiouridine biosynthesis bifunctional protein MnmC,966889,968892,2004,470,1,1,single,,,mnmC,mnmC,966889,968892,mnmC
NZ_LN908249.1,Protein Homology,CDS,969108,970517,.,-,0,ID=trpCF;product=Tryptophan_biosynthesis_protein_TrpCF,trpCF,Tryptophan biosynthesis protein TrpCF,969108,970517,1410,471,1,1,single,,,trpCF,trpCF,969108,970517,trpCF
NZ_LN908249.1,Protein Homology,CDS,970671,971360,.,+,0,ID=cds-WP_171823682.1;product=Adenosine_monophosphate-protein_transferase_FICD_homolog,cds-WP_171823682.1,Adenosine monophosphate-protein transferase FICD homolog,970671,971360,690,472,5,1,first,,cds-WP_005597367.1,cds-WP_171823682.1,cds-WP_039709128.1,970671,973038,cds-WP_171823682.1;cds-WP_005597367.1;truC;cds-WP_005608004.1;cds-WP_039709128.1
NZ_LN908249.1,Protein Homology,CDS,971368,971679,.,+,0,ID=cds-WP_005597367.1;product=Uncharacterized_protein_HI_1436,cds-WP_005597367.1,Uncharacterized protein HI 1436,971368,971679,312,472,5,2,internal,cds-WP_171823682.1,truC,cds-WP_171823682.1,cds-WP_039709128.1,970671,973038,cds-WP_171823682.1;cds-WP_005597367.1;truC;cds-WP_005608004.1;cds-WP_039709128.1
NZ_LN908249.1,Protein Homology,CDS,971680,972423,.,+,0,ID=truC;product=tRNA_pseudouridine_synthase_C,truC,tRNA pseudouridine synthase C,971680,972423,744,472,5,3,internal,cds-WP_005597367.1,cds-WP_005608004.1,cds-WP_171823682.1,cds-WP_039709128.1,970671,973038,cds-WP_171823682.1;cds-WP_005597367.1;truC;cds-WP_005608004.1;cds-WP_039709128.1
NZ_LN908249.1,Protein Homology,CDS,972425,972589,.,+,0,ID=cds-WP_005608004.1;product=UPF0181_protein_APL_0863,cds-WP_005608004.1,UPF0181 protein APL 0863,972425,972589,165,472,5,4,internal,truC,cds-WP_039709128.1,cds-WP_171823682.1,cds-WP_039709128.1,970671,973038,cds-WP_171823682.1;cds-WP_005597367.1;truC;cds-WP_005608004.1;cds-WP_039709128.1
NZ_LN908249.1,Protein Homology,CDS,972586,973038,.,+,0,ID=cds-WP_039709128.1;product='hypothetical protein',cds-WP_039709128.1,'hypothetical protein',972586,973038,453,472,5,5,last,cds-WP_005608004.1,,cds-WP_171823682.1,cds-WP_039709128.1,970671,973038,cds-WP_171823682.1;cds-WP_005597367.1;truC;cds-WP_005608004.1;cds-WP_039709128.1
NZ_LN908249.1,Protein Homology,CDS,973082,973921,.,-,0,ID=cds-WP_012263002.1;product=Inorganic_triphosphatase,cds-WP_012263002.1,Inorganic triphosphatase,973082,973921,840,473,1,1,single,,,cds-WP_012263002.1,cds-WP_012263002.1,973082,973921,cds-WP_012263002.1
NZ_LN908249.1,Protein Homology,CDS,973989,975398,.,+,0,ID=cds-WP_039709140.1;product=Uncharacterized_protein_HI_1637,cds-WP_039709140.1,Uncharacterized protein HI 1637,973989,975398,1410,474,1,1,single,,,cds-WP_039709140.1,cds-WP_039709140.1,973989,975398,cds-WP_039709140.1
NZ_LN908249.1,Protein Homology,CDS,975532,976011,.,+,0,ID=smpB;product=SsrA-binding_protein,smpB,SsrA-binding protein,975532,976011,480,475,2,1,first,,serS,smpB,serS,975532,977436,smpB;serS
NZ_LN908249.1,Protein Homology,CDS,976129,977436,.,+,0,ID=serS;product=Serine--tRNA_ligase,serS,Serine--tRNA ligase,976129,977436,1308,475,2,2,last,smpB,,smpB,serS,975532,977436,smpB;serS
NZ_LN908249.1,Protein Homology,CDS,977507,978775,.,-,0,ID=cds-WP_039709129.1;product=p-aminobenzoyl-glutamate_hydrolase_subunit_A_homolog,cds-WP_039709129.1,p-aminobenzoyl-glutamate hydrolase subunit A homolog,977507,978775,1269,476,1,1,single,,,cds-WP_039709129.1,cds-WP_039709129.1,977507,978775,cds-WP_039709129.1
NZ_LN908249.1,Protein Homology,CDS,978869,980161,.,-,0,ID=dcuC;product=Putative_uncharacterized_transporter_HI_0585,dcuC,Putative uncharacterized transporter HI 0585,978869,980161,1293,477,2,2,last,pepE,,pepE,dcuC,978869,980876,pepE;dcuC
NZ_LN908249.1,Protein Homology,CDS,980172,980876,.,-,0,ID=pepE;product=Peptidase_E,pepE,Peptidase E,980172,980876,705,477,2,1,first,,dcuC,pepE,dcuC,978869,980876,pepE;dcuC
NZ_LN908249.1,Protein Homology,CDS,981127,983712,.,+,0,ID=leuS;product=Leucine--tRNA_ligase,leuS,Leucine--tRNA ligase,981127,983712,2586,478,3,1,first,,cds-WP_005597385.1,leuS,holA,981127,985440,leuS;cds-WP_005597385.1;holA
NZ_LN908249.1,Protein Homology,CDS,983812,984306,.,+,0,ID=cds-WP_005597385.1;product=LPS-assembly_lipoprotein_LptE,cds-WP_005597385.1,LPS-assembly lipoprotein LptE,983812,984306,495,478,3,2,internal,leuS,holA,leuS,holA,981127,985440,leuS;cds-WP_005597385.1;holA
NZ_LN908249.1,Protein Homology,CDS,984415,985440,.,+,0,ID=holA;product=DNA_polymerase_III_subunit_delta,holA,DNA polymerase III subunit delta,984415,985440,1026,478,3,3,last,cds-WP_005597385.1,,leuS,holA,981127,985440,leuS;cds-WP_005597385.1;holA
NZ_LN908249.1,Protein Homology,CDS,985517,985705,.,-,0,ID=yacG;product=DNA_gyrase_inhibitor_YacG,yacG,DNA gyrase inhibitor YacG,985517,985705,189,479,6,6,last,coaE,,cds-WP_005597397.1,yacG,985517,990056,cds-WP_005597397.1;cds-WP_005601209.1;cds-WP_012263006.1;cds-WP_005604550.1;coaE;yacG
NZ_LN908249.1,Protein Homology,CDS,985687,986325,.,-,0,ID=coaE;product=Dephospho-CoA_kinase,coaE,Dephospho-CoA kinase,985687,986325,639,479,6,5,internal,cds-WP_005604550.1,yacG,cds-WP_005597397.1,yacG,985517,990056,cds-WP_005597397.1;cds-WP_005601209.1;cds-WP_012263006.1;cds-WP_005604550.1;coaE;yacG
NZ_LN908249.1,Protein Homology,CDS,986347,986985,.,-,0,ID=cds-WP_005604550.1;product='hypothetical protein',cds-WP_005604550.1,'hypothetical protein',986347,986985,639,479,6,4,internal,cds-WP_012263006.1,coaE,cds-WP_005597397.1,yacG,985517,990056,cds-WP_005597397.1;cds-WP_005601209.1;cds-WP_012263006.1;cds-WP_005604550.1;coaE;yacG
NZ_LN908249.1,Protein Homology,CDS,987012,988214,.,-,0,ID=cds-WP_012263006.1;product=Protein_transport_protein_HofC_homolog,cds-WP_012263006.1,Protein transport protein HofC homolog,987012,988214,1203,479,6,3,internal,cds-WP_005601209.1,cds-WP_005604550.1,cds-WP_005597397.1,yacG,985517,990056,cds-WP_005597397.1;cds-WP_005601209.1;cds-WP_012263006.1;cds-WP_005604550.1;coaE;yacG
NZ_LN908249.1,Protein Homology,CDS,988198,989592,.,-,0,ID=cds-WP_005601209.1;product=Protein_transport_protein_HofB_homolog,cds-WP_005601209.1,Protein transport protein HofB homolog,988198,989592,1395,479,6,2,internal,cds-WP_005597397.1,cds-WP_012263006.1,cds-WP_005597397.1,yacG,985517,990056,cds-WP_005597397.1;cds-WP_005601209.1;cds-WP_012263006.1;cds-WP_005604550.1;coaE;yacG
NZ_LN908249.1,Protein Homology,CDS,989610,990056,.,-,0,ID=cds-WP_005597397.1;product=Prepilin_peptidase-dependent_protein_D_homolog,cds-WP_005597397.1,Prepilin peptidase-dependent protein D homolog,989610,990056,447,479,6,1,first,,cds-WP_005601209.1,cds-WP_005597397.1,yacG,985517,990056,cds-WP_005597397.1;cds-WP_005601209.1;cds-WP_012263006.1;cds-WP_005604550.1;coaE;yacG
NZ_LN908249.1,Protein Homology,CDS,990238,991617,.,+,0,ID=radA;product=DNA_repair_protein_RadA,radA,DNA repair protein RadA,990238,991617,1380,480,1,1,single,,,radA,radA,990238,991617,radA
NZ_LN908249.1,Protein Homology,CDS,991661,991894,.,-,0,ID=cds-WP_005597399.1;product=Uncharacterized_protein_HI_1736,cds-WP_005597399.1,Uncharacterized protein HI 1736,991661,991894,234,481,1,1,single,,,cds-WP_005597399.1,cds-WP_005597399.1,991661,991894,cds-WP_005597399.1
NZ_LN908249.1,Protein Homology,CDS,992021,992509,.,-,0,ID=folA;product=Dihydrofolate_reductase,folA,Dihydrofolate reductase,992021,992509,489,482,1,1,single,,,folA,folA,992021,992509,folA
NZ_LN908249.1,Protein Homology,CDS,992596,993687,.,+,0,ID=proB;product=Glutamate_5-kinase,proB,Glutamate 5-kinase,992596,993687,1092,483,3,1,first,,cds-WP_005597402.1,proB,nth,992596,995109,proB;cds-WP_005597402.1;nth
NZ_LN908249.1,Protein Homology,CDS,993700,994476,.,+,0,ID=cds-WP_005597402.1;product=UPF0721_transmembrane_protein_HI_0198,cds-WP_005597402.1,UPF0721 transmembrane protein HI 0198,993700,994476,777,483,3,2,internal,proB,nth,proB,nth,992596,995109,proB;cds-WP_005597402.1;nth
NZ_LN908249.1,Protein Homology,CDS,994477,995109,.,+,0,ID=nth;product=Endonuclease_III,nth,Endonuclease III,994477,995109,633,483,3,3,last,cds-WP_005597402.1,,proB,nth,992596,995109,proB;cds-WP_005597402.1;nth
NZ_LN908249.1,Protein Homology,CDS,995319,996623,.,+,0,ID=cds-WP_009874619.1;product=3-ketoacyl-CoA_thiolase,cds-WP_009874619.1,3-ketoacyl-CoA thiolase,995319,996623,1305,484,2,1,first,,cds-WP_005608038.1,cds-WP_009874619.1,cds-WP_005608038.1,995319,998750,cds-WP_009874619.1;cds-WP_005608038.1
NZ_LN908249.1,Protein Homology,CDS,996633,998750,.,+,0,ID=cds-WP_005608038.1;product=Fatty_acid_oxidation_complex_subunit_alpha,cds-WP_005608038.1,Fatty acid oxidation complex subunit alpha,996633,998750,2118,484,2,2,last,cds-WP_009874619.1,,cds-WP_009874619.1,cds-WP_005608038.1,995319,998750,cds-WP_009874619.1;cds-WP_005608038.1
NZ_LN908249.1,Protein Homology,CDS,998841,1000256,.,+,0,ID=cds-WP_039709131.1;product=Protein_YdgA,cds-WP_039709131.1,Protein YdgA,998841,1000256,1416,485,1,1,single,,,cds-WP_039709131.1,cds-WP_039709131.1,998841,1000256,cds-WP_039709131.1
NZ_LN908249.1,Protein Homology,CDS,1000339,1001271,.,-,0,ID=cds-WP_005601223.1;product='hypothetical protein',cds-WP_005601223.1,'hypothetical protein',1000339,1001271,933,486,2,2,last,fdhD,,fdhD,cds-WP_005601223.1,1000339,1002079,fdhD;cds-WP_005601223.1
NZ_LN908249.1,Protein Homology,CDS,1001273,1002079,.,-,0,ID=fdhD;product=Sulfurtransferase_FdhD,fdhD,Sulfurtransferase FdhD,1001273,1002079,807,486,2,1,first,,cds-WP_005601223.1,fdhD,cds-WP_005601223.1,1000339,1002079,fdhD;cds-WP_005601223.1
NZ_LN908249.1,Protein Homology,CDS,1002498,1005557,.,+,0,ID=fdnG;product=Formate_dehydrogenase_nitrate-inducible_major_subunit,fdnG,Formate dehydrogenase nitrate-inducible major subunit,1002498,1005557,3060,487,4,1,first,,fdxH,fdnG,fdhE,1002498,1008147,fdnG;fdxH;cds-WP_005597421.1;fdhE
NZ_LN908249.1,Protein Homology,CDS,1005557,1006456,.,+,0,ID=fdxH;product=Formate_dehydrogenase_iron-sulfur_subunit,fdxH,Formate dehydrogenase iron-sulfur subunit,1005557,1006456,900,487,4,2,internal,fdnG,cds-WP_005597421.1,fdnG,fdhE,1002498,1008147,fdnG;fdxH;cds-WP_005597421.1;fdhE
NZ_LN908249.1,Protein Homology,CDS,1006449,1007120,.,+,0,ID=cds-WP_005597421.1;product=Formate_dehydrogenase_cytochrome_b556_subunit,cds-WP_005597421.1,Formate dehydrogenase cytochrome b556 subunit,1006449,1007120,672,487,4,3,internal,fdxH,fdhE,fdnG,fdhE,1002498,1008147,fdnG;fdxH;cds-WP_005597421.1;fdhE
NZ_LN908249.1,Protein Homology,CDS,1007230,1008147,.,+,0,ID=fdhE;product=Protein_FdhE_homolog,fdhE,Protein FdhE homolog,1007230,1008147,918,487,4,4,last,cds-WP_005597421.1,,fdnG,fdhE,1002498,1008147,fdnG;fdxH;cds-WP_005597421.1;fdhE
NZ_LN908249.1,tRNAscan-SE,tRNA,1008366,1008442,.,-,.,ID=rna-MIDG2331_RS04525;product='tRNA',rna-MIDG2331_RS04525,'tRNA',1008366,1008442,77,488,2,2,last,rna-MIDG2331_RS04530,,rna-MIDG2331_RS04530,rna-MIDG2331_RS04525,1008366,1008562,rna-MIDG2331_RS04530;rna-MIDG2331_RS04525
NZ_LN908249.1,tRNAscan-SE,tRNA,1008486,1008562,.,-,.,ID=rna-MIDG2331_RS04530;product='tRNA',rna-MIDG2331_RS04530,'tRNA',1008486,1008562,77,488,2,1,first,,rna-MIDG2331_RS04525,rna-MIDG2331_RS04530,rna-MIDG2331_RS04525,1008366,1008562,rna-MIDG2331_RS04530;rna-MIDG2331_RS04525
NZ_LN908249.1,Protein Homology,CDS,1008751,1009608,.,+,0,ID=folD;product=Bifunctional_protein_FolD,folD,Bifunctional protein FolD,1008751,1009608,858,489,1,1,single,,,folD,folD,1008751,1009608,folD
NZ_LN908249.1,Protein Homology,CDS,1009753,1011291,.,+,0,ID=cds-WP_039709652.1;product=Oxalate:formate_antiporter,cds-WP_039709652.1,Oxalate:formate antiporter,1009753,1011291,1539,490,1,1,single,,,cds-WP_039709652.1,cds-WP_039709652.1,1009753,1011291,cds-WP_039709652.1
NZ_LN908249.1,Protein Homology,CDS,1011389,1012282,.,-,0,ID=dapA;product=4-hydroxy-tetrahydrodipicolinate_synthase,dapA,4-hydroxy-tetrahydrodipicolinate synthase,1011389,1012282,894,491,1,1,single,,,dapA,dapA,1011389,1012282,dapA
NZ_LN908249.1,Protein Homology,CDS,1012435,1013376,.,-,0,ID=cds-WP_005601230.1;product=Lipid_A_biosynthesis_lauroyltransferase,cds-WP_005601230.1,Lipid A biosynthesis lauroyltransferase,1012435,1013376,942,492,1,1,single,,,cds-WP_005601230.1,cds-WP_005601230.1,1012435,1013376,cds-WP_005601230.1
NZ_LN908249.1,Protein Homology,CDS,1013541,1013855,.,+,0,ID=hpf;product=Ribosome-associated_factor_Y,hpf,Ribosome-associated factor Y,1013541,1013855,315,493,1,1,single,,,hpf,hpf,1013541,1013855,hpf
NZ_LN908249.1,Protein Homology,CDS,1013913,1014701,.,-,0,ID=truA;product=tRNA_pseudouridine_synthase_A,truA,tRNA pseudouridine synthase A,1013913,1014701,789,494,1,1,single,,,truA,truA,1013913,1014701,truA
NZ_LN908249.1,Protein Homology,CDS,1014780,1015436,.,-,0,ID=folE;product=GTP_cyclohydrolase_1,folE,GTP cyclohydrolase 1,1014780,1015436,657,495,1,1,single,,,folE,folE,1014780,1015436,folE
NZ_LN908249.1,Protein Homology,CDS,1015537,1016241,.,+,0,ID=cds-WP_039709135.1;product=3-deoxy-D-manno-octulosonic_acid_kinase,cds-WP_039709135.1,3-deoxy-D-manno-octulosonic acid kinase,1015537,1016241,705,496,1,1,single,,,cds-WP_039709135.1,cds-WP_039709135.1,1015537,1016241,cds-WP_039709135.1
NZ_LN908249.1,Protein Homology,CDS,1016320,1016658,.,-,0,ID=cds-WP_005620698.1;product='hypothetical protein',cds-WP_005620698.1,'hypothetical protein',1016320,1016658,339,497,1,1,single,,,cds-WP_005620698.1,cds-WP_005620698.1,1016320,1016658,cds-WP_005620698.1
NZ_LN908249.1,Protein Homology,CDS,1016717,1017292,.,-,0,ID=cds-WP_005620696.1;product=Probable_maltose_O-acetyltransferase,cds-WP_005620696.1,Probable maltose O-acetyltransferase,1016717,1017292,576,498,1,1,single,,,cds-WP_005620696.1,cds-WP_005620696.1,1016717,1017292,cds-WP_005620696.1
NZ_LN908249.1,Protein Homology,CDS,1017377,1018519,.,-,0,ID=cds-WP_005608065.1;product=Uncharacterized_protein_PA2218,cds-WP_005608065.1,Uncharacterized protein PA2218,1017377,1018519,1143,499,1,1,single,,,cds-WP_005608065.1,cds-WP_005608065.1,1017377,1018519,cds-WP_005608065.1
NZ_LN908249.1,Protein Homology,CDS,1018678,1019562,.,+,0,ID=cds-WP_005601245.1;product=Putative_transcriptional_regulator,cds-WP_005601245.1,Putative transcriptional regulator,1018678,1019562,885,500,1,1,single,,,cds-WP_005601245.1,cds-WP_005601245.1,1018678,1019562,cds-WP_005601245.1
NZ_LN908249.1,Protein Homology,CDS,1019616,1020434,.,-,0,ID=cds-WP_005601246.1;product=Outer_membrane_lipoprotein_2,cds-WP_005601246.1,Outer membrane lipoprotein 2,1019616,1020434,819,501,4,4,last,cds-WP_005612250.1,,metN,cds-WP_005601246.1,1019616,1023095,metN;cds-WP_005597560.1;cds-WP_005612250.1;cds-WP_005601246.1
NZ_LN908249.1,Protein Homology,CDS,1020547,1021368,.,-,0,ID=cds-WP_005612250.1;product=Outer_membrane_lipoprotein_1,cds-WP_005612250.1,Outer membrane lipoprotein 1,1020547,1021368,822,501,4,3,internal,cds-WP_005597560.1,cds-WP_005601246.1,metN,cds-WP_005601246.1,1019616,1023095,metN;cds-WP_005597560.1;cds-WP_005612250.1;cds-WP_005601246.1
NZ_LN908249.1,Protein Homology,CDS,1021394,1022071,.,-,0,ID=cds-WP_005597560.1;product=Probable_D-methionine_transport_system_permease_protein_MetI,cds-WP_005597560.1,Probable D-methionine transport system permease protein MetI,1021394,1022071,678,501,4,2,internal,metN,cds-WP_005612250.1,metN,cds-WP_005601246.1,1019616,1023095,metN;cds-WP_005597560.1;cds-WP_005612250.1;cds-WP_005601246.1
NZ_LN908249.1,Protein Homology,CDS,1022061,1023095,.,-,0,ID=metN;product=Methionine_import_ATP-binding_protein_MetN,metN,Methionine import ATP-binding protein MetN,1022061,1023095,1035,501,4,1,first,,cds-WP_005597560.1,metN,cds-WP_005601246.1,1019616,1023095,metN;cds-WP_005597560.1;cds-WP_005612250.1;cds-WP_005601246.1
NZ_LN908249.1,Protein Homology,CDS,1023293,1024672,.,-,0,ID=cysS;product=Cysteine--tRNA_ligase,cysS,Cysteine--tRNA ligase,1023293,1024672,1380,502,1,1,single,,,cysS,cysS,1023293,1024672,cysS
NZ_LN908249.1,Protein Homology,CDS,1024817,1025326,.,+,0,ID=cds-WP_039709137.1;product=Peptidyl-prolyl_cis-trans_isomerase_B,cds-WP_039709137.1,Peptidyl-prolyl cis-trans isomerase B,1024817,1025326,510,503,1,1,single,,,cds-WP_039709137.1,cds-WP_039709137.1,1024817,1025326,cds-WP_039709137.1
NZ_LN908249.1,Protein Homology,CDS,1025430,1026665,.,+,0,ID=cds-WP_005597568.1;product=Multifunctional_CCA_protein,cds-WP_005597568.1,Multifunctional CCA protein,1025430,1026665,1236,504,1,1,single,,,cds-WP_005597568.1,cds-WP_005597568.1,1025430,1026665,cds-WP_005597568.1
NZ_LN908249.1,Protein Homology,CDS,1026737,1027190,.,+,0,ID=cds-WP_144435023.1;product=Uncharacterized_protein_HI_1720,cds-WP_144435023.1,Uncharacterized protein HI 1720,1026737,1027190,454,505,2,1,first,,cds-WP_144435023.1_2,cds-WP_144435023.1,cds-WP_144435023.1_2,1026737,1028070,cds-WP_144435023.1;cds-WP_144435023.1_2
NZ_LN908249.1,Protein Homology,CDS,1027190,1028070,.,+,2,ID=cds-WP_144435023.1_2;product='hypothetical protein',cds-WP_144435023.1_2,'hypothetical protein',1027190,1028070,881,505,2,2,last,cds-WP_144435023.1,,cds-WP_144435023.1,cds-WP_144435023.1_2,1026737,1028070,cds-WP_144435023.1;cds-WP_144435023.1_2
NZ_LN908249.1,Protein Homology,CDS,1028116,1030488,.,-,0,ID=cds-WP_058230474.1;product=Probable_TonB-dependent_receptor_NMB0964,cds-WP_058230474.1,Probable TonB-dependent receptor NMB0964,1028116,1030488,2373,506,1,1,single,,,cds-WP_058230474.1,cds-WP_058230474.1,1028116,1030488,cds-WP_058230474.1
NZ_LN908249.1,Protein Homology,CDS,1030650,1031906,.,+,0,ID=cds-WP_039709141.1;product='hypothetical protein',cds-WP_039709141.1,'hypothetical protein',1030650,1031906,1257,507,2,1,first,,cds-WP_039709142.1,cds-WP_039709141.1,cds-WP_039709142.1,1030650,1033378,cds-WP_039709141.1;cds-WP_039709142.1
NZ_LN908249.1,Protein Homology,CDS,1031963,1033378,.,+,0,ID=cds-WP_039709142.1;product=Uncharacterized_protein_HI_0974,cds-WP_039709142.1,Uncharacterized protein HI 0974,1031963,1033378,1416,507,2,2,last,cds-WP_039709141.1,,cds-WP_039709141.1,cds-WP_039709142.1,1030650,1033378,cds-WP_039709141.1;cds-WP_039709142.1
NZ_LN908249.1,Protein Homology,CDS,1033486,1033596,.,-,0,ID=cds-WP_080754136.1;product='hypothetical protein',cds-WP_080754136.1,'hypothetical protein',1033486,1033596,111,508,1,1,single,,,cds-WP_080754136.1,cds-WP_080754136.1,1033486,1033596,cds-WP_080754136.1
NZ_LN908249.1,Protein Homology,CDS,1034396,1034590,.,-,0,ID=iscX;product=Protein_IscX,iscX,Protein IscX,1034396,1034590,195,509,3,3,last,fdx,,hscA,iscX,1034396,1036905,hscA;fdx;iscX
NZ_LN908249.1,Protein Homology,CDS,1034590,1034931,.,-,0,ID=fdx;product=2Fe-2S_ferredoxin,fdx,2Fe-2S ferredoxin,1034590,1034931,342,509,3,2,internal,hscA,iscX,hscA,iscX,1034396,1036905,hscA;fdx;iscX
NZ_LN908249.1,Protein Homology,CDS,1035052,1036905,.,-,0,ID=hscA;product=Chaperone_protein_HscA_homolog,hscA,Chaperone protein HscA homolog,1035052,1036905,1854,509,3,1,first,,fdx,hscA,iscX,1034396,1036905,hscA;fdx;iscX
NZ_LN908249.1,Protein Homology,CDS,1037024,1037656,.,-,0,ID=cds-WP_005597602.1;product=Uncharacterized_protein_HI_0374,cds-WP_005597602.1,Uncharacterized protein HI 0374,1037024,1037656,633,510,7,7,last,cds-WP_039709144.1,,cds-WP_005597614.1,cds-WP_005597602.1,1037024,1041434,cds-WP_005597614.1;cds-WP_005597612.1;iscU;iscA;hscB;cds-WP_039709144.1;cds-WP_005597602.1
NZ_LN908249.1,Protein Homology,CDS,1037684,1038136,.,-,0,ID=cds-WP_039709144.1;product='hypothetical protein',cds-WP_039709144.1,'hypothetical protein',1037684,1038136,453,510,7,6,internal,hscB,cds-WP_005597602.1,cds-WP_005597614.1,cds-WP_005597602.1,1037024,1041434,cds-WP_005597614.1;cds-WP_005597612.1;iscU;iscA;hscB;cds-WP_039709144.1;cds-WP_005597602.1
NZ_LN908249.1,Protein Homology,CDS,1038184,1038705,.,-,0,ID=hscB;product=Co-chaperone_protein_HscB_homolog,hscB,Co-chaperone protein HscB homolog,1038184,1038705,522,510,7,5,internal,iscA,cds-WP_039709144.1,cds-WP_005597614.1,cds-WP_005597602.1,1037024,1041434,cds-WP_005597614.1;cds-WP_005597612.1;iscU;iscA;hscB;cds-WP_039709144.1;cds-WP_005597602.1
NZ_LN908249.1,Protein Homology,CDS,1038715,1039038,.,-,0,ID=iscA;product=Iron-binding_protein_IscA,iscA,Iron-binding protein IscA,1038715,1039038,324,510,7,4,internal,iscU,hscB,cds-WP_005597614.1,cds-WP_005597602.1,1037024,1041434,cds-WP_005597614.1;cds-WP_005597612.1;iscU;iscA;hscB;cds-WP_039709144.1;cds-WP_005597602.1
NZ_LN908249.1,Protein Homology,CDS,1039184,1039567,.,-,0,ID=iscU;product=Iron-sulfur_cluster_assembly_scaffold_protein_IscU,iscU,Iron-sulfur cluster assembly scaffold protein IscU,1039184,1039567,384,510,7,3,internal,cds-WP_005597612.1,iscA,cds-WP_005597614.1,cds-WP_005597602.1,1037024,1041434,cds-WP_005597614.1;cds-WP_005597612.1;iscU;iscA;hscB;cds-WP_039709144.1;cds-WP_005597602.1
NZ_LN908249.1,Protein Homology,CDS,1039701,1040927,.,-,0,ID=cds-WP_005597612.1;product=Cysteine_desulfurase_IscS,cds-WP_005597612.1,Cysteine desulfurase IscS,1039701,1040927,1227,510,7,2,internal,cds-WP_005597614.1,iscU,cds-WP_005597614.1,cds-WP_005597602.1,1037024,1041434,cds-WP_005597614.1;cds-WP_005597612.1;iscU;iscA;hscB;cds-WP_039709144.1;cds-WP_005597602.1
NZ_LN908249.1,Protein Homology,CDS,1040982,1041434,.,-,0,ID=cds-WP_005597614.1;product=Putative_HTH-type_transcriptional_regulator_HI_0379,cds-WP_005597614.1,Putative HTH-type transcriptional regulator HI 0379,1040982,1041434,453,510,7,1,first,,cds-WP_005597612.1,cds-WP_005597614.1,cds-WP_005597602.1,1037024,1041434,cds-WP_005597614.1;cds-WP_005597612.1;iscU;iscA;hscB;cds-WP_039709144.1;cds-WP_005597602.1
NZ_LN908249.1,Protein Homology,CDS,1041924,1043315,.,+,0,ID=cds-WP_005601264.1;product=47_kDa_outer_membrane_protein,cds-WP_005601264.1,47 kDa outer membrane protein,1041924,1043315,1392,511,1,1,single,,,cds-WP_005601264.1,cds-WP_005601264.1,1041924,1043315,cds-WP_005601264.1
NZ_LN908249.1,Protein Homology,CDS,1043401,1043964,.,+,0,ID=cds-WP_005597618.1;product=Methylated-DNA--protein-cysteine_methyltransferase,cds-WP_005597618.1,Methylated-DNA--protein-cysteine methyltransferase,1043401,1043964,564,512,1,1,single,,,cds-WP_005597618.1,cds-WP_005597618.1,1043401,1043964,cds-WP_005597618.1
NZ_LN908249.1,Protein Homology,CDS,1043984,1045834,.,-,0,ID=cds-WP_039709146.1;product=Aerobic_respiration_control_sensor_protein_ArcB,cds-WP_039709146.1,Aerobic respiration control sensor protein ArcB,1043984,1045834,1851,513,1,1,single,,,cds-WP_039709146.1,cds-WP_039709146.1,1043984,1045834,cds-WP_039709146.1
NZ_LN908249.1,Protein Homology,CDS,1045940,1046803,.,-,0,ID=cds-WP_005597621.1;product=Uncharacterized_protein_HI_1376,cds-WP_005597621.1,Uncharacterized protein HI 1376,1045940,1046803,864,514,1,1,single,,,cds-WP_005597621.1,cds-WP_005597621.1,1045940,1046803,cds-WP_005597621.1
NZ_LN908249.1,Protein Homology,CDS,1046919,1047461,.,-,0,ID=smrB;product=UPF0115_protein_HD_1679,smrB,UPF0115 protein HD 1679,1046919,1047461,543,515,6,6,last,bioD_2,,bioA,smrB,1046919,1052010,bioA;cds-WP_039709147.1;cds-WP_005601275.1;bioC;bioD_2;smrB
NZ_LN908249.1,Protein Homology,CDS,1047451,1048095,.,-,0,ID=bioD_2;product=ATP-dependent_dethiobiotin_synthetase_BioD_2,bioD_2,ATP-dependent dethiobiotin synthetase BioD 2,1047451,1048095,645,515,6,5,internal,bioC,smrB,bioA,smrB,1046919,1052010,bioA;cds-WP_039709147.1;cds-WP_005601275.1;bioC;bioD_2;smrB
NZ_LN908249.1,Protein Homology,CDS,1048095,1048865,.,-,0,ID=bioC;product=Malonyl-[acyl-carrier_protein]_O-methyltransferase,bioC,Malonyl-[acyl-carrier protein] O-methyltransferase,1048095,1048865,771,515,6,4,internal,cds-WP_005601275.1,bioD_2,bioA,smrB,1046919,1052010,bioA;cds-WP_039709147.1;cds-WP_005601275.1;bioC;bioD_2;smrB
NZ_LN908249.1,Protein Homology,CDS,1048853,1049512,.,-,0,ID=cds-WP_005601275.1;product=Uncharacterized_protein_HI_1552,cds-WP_005601275.1,Uncharacterized protein HI 1552,1048853,1049512,660,515,6,3,internal,cds-WP_039709147.1,bioC,bioA,smrB,1046919,1052010,bioA;cds-WP_039709147.1;cds-WP_005601275.1;bioC;bioD_2;smrB
NZ_LN908249.1,Protein Homology,CDS,1049522,1050685,.,-,0,ID=cds-WP_039709147.1;product=8-amino-7-oxononanoate_synthase,cds-WP_039709147.1,8-amino-7-oxononanoate synthase,1049522,1050685,1164,515,6,2,internal,bioA,cds-WP_005601275.1,bioA,smrB,1046919,1052010,bioA;cds-WP_039709147.1;cds-WP_005601275.1;bioC;bioD_2;smrB
NZ_LN908249.1,Protein Homology,CDS,1050712,1052010,.,-,0,ID=bioA;product=Adenosylmethionine-8-amino-7-oxononanoate_aminotransferase,bioA,Adenosylmethionine-8-amino-7-oxononanoate aminotransferase,1050712,1052010,1299,515,6,1,first,,cds-WP_039709147.1,bioA,smrB,1046919,1052010,bioA;cds-WP_039709147.1;cds-WP_005601275.1;bioC;bioD_2;smrB
NZ_LN908249.1,Protein Homology,CDS,1052101,1053045,.,+,0,ID=prmB;product=50S_ribosomal_protein_L3_glutamine_methyltransferase,prmB,50S ribosomal protein L3 glutamine methyltransferase,1052101,1053045,945,516,1,1,single,,,prmB,prmB,1052101,1053045,prmB
NZ_LN908249.1,Protein Homology,CDS,1053126,1053602,.,-,0,ID=greA;product=Transcription_elongation_factor_GreA,greA,Transcription elongation factor GreA,1053126,1053602,477,517,1,1,single,,,greA,greA,1053126,1053602,greA
NZ_LN908249.1,Protein Homology,CDS,1053686,1055128,.,+,0,ID=dacB;product=D-alanyl-D-alanine_carboxypeptidase_DacB,dacB,D-alanyl-D-alanine carboxypeptidase DacB,1053686,1055128,1443,518,1,1,single,,,dacB,dacB,1053686,1055128,dacB
NZ_LN908249.1,Protein Homology,CDS,1055165,1055434,.,-,0,ID=cds-WP_005597642.1;product='hypothetical protein',cds-WP_005597642.1,'hypothetical protein',1055165,1055434,270,519,1,1,single,,,cds-WP_005597642.1,cds-WP_005597642.1,1055165,1055434,cds-WP_005597642.1
NZ_LN908249.1,Protein Homology,CDS,1055753,1056874,.,-,0,ID=cds-WP_005608124.1;product='hypothetical protein',cds-WP_005608124.1,'hypothetical protein',1055753,1056874,1122,520,1,1,single,,,cds-WP_005608124.1,cds-WP_005608124.1,1055753,1056874,cds-WP_005608124.1
NZ_LN908249.1,Protein Homology,CDS,1057286,1057585,.,-,0,ID=cds-WP_005597646.1;product='hypothetical protein',cds-WP_005597646.1,'hypothetical protein',1057286,1057585,300,521,1,1,single,,,cds-WP_005597646.1,cds-WP_005597646.1,1057286,1057585,cds-WP_005597646.1
NZ_LN908249.1,Protein Homology,CDS,1057705,1058745,.,+,0,ID=cds-WP_005603118.1;product=Uncharacterized_protein_YlbG,cds-WP_005603118.1,Uncharacterized protein YlbG,1057705,1058745,1041,522,1,1,single,,,cds-WP_005603118.1,cds-WP_005603118.1,1057705,1058745,cds-WP_005603118.1
NZ_LN908249.1,Protein Homology,CDS,1058784,1059818,.,-,0,ID=cds-WP_039709148.1;product='hypothetical protein',cds-WP_039709148.1,'hypothetical protein',1058784,1059818,1035,523,2,2,last,cds-WP_005620629.1,,cds-WP_005620629.1,cds-WP_039709148.1,1058784,1060374,cds-WP_005620629.1;cds-WP_039709148.1
NZ_LN908249.1,Protein Homology,CDS,1059811,1060374,.,-,0,ID=cds-WP_005620629.1;product='hypothetical protein',cds-WP_005620629.1,'hypothetical protein',1059811,1060374,564,523,2,1,first,,cds-WP_039709148.1,cds-WP_005620629.1,cds-WP_039709148.1,1058784,1060374,cds-WP_005620629.1;cds-WP_039709148.1
NZ_LN908249.1,Protein Homology,CDS,1060528,1060866,.,-,0,ID=cds-WP_005608137.1;product='hypothetical protein',cds-WP_005608137.1,'hypothetical protein',1060528,1060866,339,524,1,1,single,,,cds-WP_005608137.1,cds-WP_005608137.1,1060528,1060866,cds-WP_005608137.1
NZ_LN908249.1,Protein Homology,CDS,1060950,1061984,.,+,0,ID=cds-WP_039709149.1;product='hypothetical protein',cds-WP_039709149.1,'hypothetical protein',1060950,1061984,1035,525,2,1,first,,cds-WP_005601307.1,cds-WP_039709149.1,cds-WP_005601307.1,1060950,1062418,cds-WP_039709149.1;cds-WP_005601307.1
NZ_LN908249.1,Protein Homology,CDS,1061984,1062418,.,+,0,ID=cds-WP_005601307.1;product='hypothetical protein',cds-WP_005601307.1,'hypothetical protein',1061984,1062418,435,525,2,2,last,cds-WP_039709149.1,,cds-WP_039709149.1,cds-WP_005601307.1,1060950,1062418,cds-WP_039709149.1;cds-WP_005601307.1
NZ_LN908249.1,Protein Homology,CDS,1062419,1062832,.,-,0,ID=cds-WP_005601309.1;product='hypothetical protein',cds-WP_005601309.1,'hypothetical protein',1062419,1062832,414,526,1,1,single,,,cds-WP_005601309.1,cds-WP_005601309.1,1062419,1062832,cds-WP_005601309.1
NZ_LN908249.1,Protein Homology,CDS,1062922,1063422,.,-,0,ID=cds-MIDG2331_RS04820;product=Leukotoxin_translocation_ATP-binding_protein_LktB,cds-MIDG2331_RS04820,Leukotoxin translocation ATP-binding protein LktB,1062922,1063422,501,527,3,3,last,cds-WP_039709150.1,,apxIIC,cds-MIDG2331_RS04820,1062922,1066878,apxIIC;cds-WP_039709150.1;cds-MIDG2331_RS04820
NZ_LN908249.1,Protein Homology,CDS,1063487,1066357,.,-,0,ID=cds-WP_039709150.1;product=RTX-II_toxin_determinant_A,cds-WP_039709150.1,RTX-II toxin determinant A,1063487,1066357,2871,527,3,2,internal,apxIIC,cds-MIDG2331_RS04820,apxIIC,cds-MIDG2331_RS04820,1062922,1066878,apxIIC;cds-WP_039709150.1;cds-MIDG2331_RS04820
NZ_LN908249.1,Protein Homology,CDS,1066396,1066878,.,-,0,ID=apxIIC;product=RTX-II_toxin-activating_lysine-acyltransferase_ApxIIC,apxIIC,RTX-II toxin-activating lysine-acyltransferase ApxIIC,1066396,1066878,483,527,3,1,first,,cds-WP_039709150.1,apxIIC,cds-MIDG2331_RS04820,1062922,1066878,apxIIC;cds-WP_039709150.1;cds-MIDG2331_RS04820
NZ_LN908249.1,Protein Homology,CDS,1067055,1068941,.,-,0,ID=cds-MIDG2331_RS11275;product=tRNA(Met)_cytidine_acetyltransferase_TmcA,cds-MIDG2331_RS11275,tRNA(Met) cytidine acetyltransferase TmcA,1067055,1068941,1887,528,2,2,last,ybeY_2,,ybeY_2,cds-MIDG2331_RS11275,1067055,1069444,ybeY_2;cds-MIDG2331_RS11275
NZ_LN908249.1,Protein Homology,CDS,1068953,1069444,.,-,0,ID=ybeY_2;product=Endoribonuclease_YbeY,ybeY_2,Endoribonuclease YbeY,1068953,1069444,492,528,2,1,first,,cds-MIDG2331_RS11275,ybeY_2,cds-MIDG2331_RS11275,1067055,1069444,ybeY_2;cds-MIDG2331_RS11275
NZ_LN908249.1,Protein Homology,CDS,1069867,1071456,.,+,0,ID=purH;product=Bifunctional_purine_biosynthesis_protein_PurH,purH,Bifunctional purine biosynthesis protein PurH,1069867,1071456,1590,529,1,1,single,,,purH,purH,1069867,1071456,purH
NZ_LN908249.1,Protein Homology,CDS,1071646,1072002,.,-,0,ID=cds-WP_005620624.1;product='hypothetical protein',cds-WP_005620624.1,'hypothetical protein',1071646,1072002,357,530,2,2,last,cds-WP_039709151.1,,cds-WP_039709151.1,cds-WP_005620624.1,1071646,1072321,cds-WP_039709151.1;cds-WP_005620624.1
NZ_LN908249.1,Protein Homology,CDS,1072016,1072321,.,-,0,ID=cds-WP_039709151.1;product='hypothetical protein',cds-WP_039709151.1,'hypothetical protein',1072016,1072321,306,530,2,1,first,,cds-WP_005620624.1,cds-WP_039709151.1,cds-WP_005620624.1,1071646,1072321,cds-WP_039709151.1;cds-WP_005620624.1
NZ_LN908249.1,Protein Homology,CDS,1072722,1073060,.,-,0,ID=cds-WP_039709152.1;product='hypothetical protein',cds-WP_039709152.1,'hypothetical protein',1072722,1073060,339,531,1,1,single,,,cds-WP_039709152.1,cds-WP_039709152.1,1072722,1073060,cds-WP_039709152.1
NZ_LN908249.1,Protein Homology,CDS,1073439,1073738,.,-,0,ID=cds-WP_005619696.1;product='hypothetical protein',cds-WP_005619696.1,'hypothetical protein',1073439,1073738,300,532,3,3,last,cds-MIDG2331_RS11615,,cds-WP_039768118.1,cds-WP_005619696.1,1073439,1083463,cds-WP_039768118.1;cds-MIDG2331_RS11615;cds-WP_005619696.1
NZ_LN908249.1,Protein Homology,CDS,1073735,1081649,.,-,0,ID=cds-MIDG2331_RS11615;product=Toxin_CdiA,cds-MIDG2331_RS11615,Toxin CdiA,1073735,1081649,7915,532,3,2,internal,cds-WP_039768118.1,cds-WP_005619696.1,cds-WP_039768118.1,cds-WP_005619696.1,1073439,1083463,cds-WP_039768118.1;cds-MIDG2331_RS11615;cds-WP_005619696.1
NZ_LN908249.1,Protein Homology,CDS,1081697,1083463,.,-,0,ID=cds-WP_039768118.1;product=Outer_membrane_transporter_CdiB,cds-WP_039768118.1,Outer membrane transporter CdiB,1081697,1083463,1767,532,3,1,first,,cds-MIDG2331_RS11615,cds-WP_039768118.1,cds-WP_005619696.1,1073439,1083463,cds-WP_039768118.1;cds-MIDG2331_RS11615;cds-WP_005619696.1
NZ_LN908249.1,Protein Homology,CDS,1083652,1085988,.,-,0,ID=lptD;product=LPS-assembly_protein_LptD,lptD,LPS-assembly protein LptD,1083652,1085988,2337,533,1,1,single,,,lptD,lptD,1083652,1085988,lptD
NZ_LN908249.1,Protein Homology,CDS,1086045,1087412,.,-,0,ID=hemN;product=Oxygen-independent_coproporphyrinogen_III_oxidase,hemN,Oxygen-independent coproporphyrinogen III oxidase,1086045,1087412,1368,534,4,4,last,cds-WP_005597667.1,,cds-WP_009875252.1,hemN,1086045,1090310,cds-WP_009875252.1;yihI;cds-WP_005597667.1;hemN
NZ_LN908249.1,Protein Homology,CDS,1087442,1087909,.,-,0,ID=cds-WP_005597667.1;product=Uncharacterized_protein_HI_0725,cds-WP_005597667.1,Uncharacterized protein HI 0725,1087442,1087909,468,534,4,3,internal,yihI,hemN,cds-WP_009875252.1,hemN,1086045,1090310,cds-WP_009875252.1;yihI;cds-WP_005597667.1;hemN
NZ_LN908249.1,Protein Homology,CDS,1087925,1088503,.,-,0,ID=yihI;product=Der_GTPase-activating_protein_YihI,yihI,Der GTPase-activating protein YihI,1087925,1088503,579,534,4,2,internal,cds-WP_009875252.1,cds-WP_005597667.1,cds-WP_009875252.1,hemN,1086045,1090310,cds-WP_009875252.1;yihI;cds-WP_005597667.1;hemN
NZ_LN908249.1,Protein Homology,CDS,1088652,1090310,.,-,0,ID=cds-WP_009875252.1;product=Putative_transport_protein_APL_0966,cds-WP_009875252.1,Putative transport protein APL 0966,1088652,1090310,1659,534,4,1,first,,yihI,cds-WP_009875252.1,hemN,1086045,1090310,cds-WP_009875252.1;yihI;cds-WP_005597667.1;hemN
NZ_LN908249.1,Protein Homology,CDS,1090573,1091790,.,+,0,ID=gltS;product=Sodium/glutamate_symporter,gltS,Sodium/glutamate symporter,1090573,1091790,1218,535,1,1,single,,,gltS,gltS,1090573,1091790,gltS
NZ_LN908249.1,Protein Homology,CDS,1091860,1092237,.,-,0,ID=cds-WP_005597676.1;product=UPF0231_protein_APP7_1023,cds-WP_005597676.1,UPF0231 protein APP7 1023,1091860,1092237,378,536,1,1,single,,,cds-WP_005597676.1,cds-WP_005597676.1,1091860,1092237,cds-WP_005597676.1
NZ_LN908249.1,Protein Homology,CDS,1092334,1095213,.,-,0,ID=glnE;product=Glutamate-ammonia-ligase_adenylyltransferase,glnE,Glutamate-ammonia-ligase adenylyltransferase,1092334,1095213,2880,537,1,1,single,,,glnE,glnE,1092334,1095213,glnE
NZ_LN908249.1,Protein Homology,CDS,1095288,1095569,.,-,0,ID=cds-WP_005601351.1;product=Uncharacterized_protein_HI_0828,cds-WP_005601351.1,Uncharacterized protein HI 0828,1095288,1095569,282,538,4,4,last,yciA,,cds-WP_039709155.1,cds-WP_005601351.1,1095288,1097348,cds-WP_039709155.1;cds-WP_005604666.1;yciA;cds-WP_005601351.1
NZ_LN908249.1,Protein Homology,CDS,1095580,1096071,.,-,0,ID=yciA;product=Uncharacterized_acyl-CoA_thioester_hydrolase_HI_0827,yciA,Uncharacterized acyl-CoA thioester hydrolase HI 0827,1095580,1096071,492,538,4,3,internal,cds-WP_005604666.1,cds-WP_005601351.1,cds-WP_039709155.1,cds-WP_005601351.1,1095288,1097348,cds-WP_039709155.1;cds-WP_005604666.1;yciA;cds-WP_005601351.1
NZ_LN908249.1,Protein Homology,CDS,1096058,1096609,.,-,0,ID=cds-WP_005604666.1;product=Probable_intracellular_septation_protein_A,cds-WP_005604666.1,Probable intracellular septation protein A,1096058,1096609,552,538,4,2,internal,cds-WP_039709155.1,yciA,cds-WP_039709155.1,cds-WP_005601351.1,1095288,1097348,cds-WP_039709155.1;cds-WP_005604666.1;yciA;cds-WP_005601351.1
NZ_LN908249.1,Protein Homology,CDS,1096611,1097348,.,-,0,ID=cds-WP_039709155.1;product=Uncharacterized_protein_HI_0825,cds-WP_039709155.1,Uncharacterized protein HI 0825,1096611,1097348,738,538,4,1,first,,cds-WP_005604666.1,cds-WP_039709155.1,cds-WP_005601351.1,1095288,1097348,cds-WP_039709155.1;cds-WP_005604666.1;yciA;cds-WP_005601351.1
NZ_LN908249.1,Protein Homology,CDS,1097507,1097941,.,+,0,ID=yfbV;product=UPF0208_membrane_protein_HD_1715,yfbV,UPF0208 membrane protein HD 1715,1097507,1097941,435,539,1,1,single,,,yfbV,yfbV,1097507,1097941,yfbV
NZ_LN908249.1,Protein Homology,CDS,1098109,1099065,.,+,0,ID=ttcA;product=tRNA_2-thiocytidine_biosynthesis_protein_TtcA,ttcA,tRNA 2-thiocytidine biosynthesis protein TtcA,1098109,1099065,957,540,1,1,single,,,ttcA,ttcA,1098109,1099065,ttcA
NZ_LN908249.1,Protein Homology,CDS,1099272,1100648,.,+,0,ID=cds-WP_005597685.1;product=Uncharacterized_membrane_protein_HI_0325,cds-WP_005597685.1,Uncharacterized membrane protein HI 0325,1099272,1100648,1377,541,1,1,single,,,cds-WP_005597685.1,cds-WP_005597685.1,1099272,1100648,cds-WP_005597685.1
NZ_LN908249.1,Protein Homology,CDS,1100739,1101542,.,+,0,ID=xthA;product=Exodeoxyribonuclease_III,xthA,Exodeoxyribonuclease III,1100739,1101542,804,542,1,1,single,,,xthA,xthA,1100739,1101542,xthA
NZ_LN908249.1,Protein Homology,CDS,1101606,1102490,.,-,0,ID=ilvY;product=HTH-type_transcriptional_activator_IlvY,ilvY,HTH-type transcriptional activator IlvY,1101606,1102490,885,543,3,3,last,cds-WP_012263045.1,,cds-WP_005604674.1,ilvY,1101606,1104216,cds-WP_005604674.1;cds-WP_012263045.1;ilvY
NZ_LN908249.1,Protein Homology,CDS,1102491,1103531,.,-,0,ID=cds-WP_012263045.1;product='hypothetical protein',cds-WP_012263045.1,'hypothetical protein',1102491,1103531,1041,543,3,2,internal,cds-WP_005604674.1,ilvY,cds-WP_005604674.1,ilvY,1101606,1104216,cds-WP_005604674.1;cds-WP_012263045.1;ilvY
NZ_LN908249.1,Protein Homology,CDS,1103533,1104216,.,-,0,ID=cds-WP_005604674.1;product=Glycosyltransferase_25_family_member,cds-WP_005604674.1,Glycosyltransferase 25 family member,1103533,1104216,684,543,3,1,first,,cds-WP_012263045.1,cds-WP_005604674.1,ilvY,1101606,1104216,cds-WP_005604674.1;cds-WP_012263045.1;ilvY
NZ_LN908249.1,Protein Homology,CDS,1104325,1105386,.,+,0,ID=cds-WP_005612325.1;product='hypothetical protein',cds-WP_005612325.1,'hypothetical protein',1104325,1105386,1062,544,1,1,single,,,cds-WP_005612325.1,cds-WP_005612325.1,1104325,1105386,cds-WP_005612325.1
NZ_LN908249.1,Protein Homology,CDS,1105448,1105660,.,-,0,ID=rpmE;product=50S_ribosomal_protein_L31,rpmE,50S ribosomal protein L31,1105448,1105660,213,545,1,1,single,,,rpmE,rpmE,1105448,1105660,rpmE
NZ_LN908249.1,Protein Homology,CDS,1106042,1108048,.,+,0,ID=tkt;product=Transketolase_2,tkt,Transketolase 2,1106042,1108048,2007,546,1,1,single,,,tkt,tkt,1106042,1108048,tkt
NZ_LN908249.1,Protein Homology,CDS,1108183,1110060,.,-,0,ID=htpG;product=Chaperone_protein_HtpG,htpG,Chaperone protein HtpG,1108183,1110060,1878,547,1,1,single,,,htpG,htpG,1108183,1110060,htpG
NZ_LN908249.1,Protein Homology,CDS,1110285,1111811,.,+,0,ID=cds-WP_039709156.1;product=Catalase,cds-WP_039709156.1,Catalase,1110285,1111811,1527,548,1,1,single,,,cds-WP_039709156.1,cds-WP_039709156.1,1110285,1111811,cds-WP_039709156.1
NZ_LN908249.1,Protein Homology,CDS,1111979,1112158,.,+,0,ID=cds-WP_005597706.1;product=Uncharacterized_protein_HI_1720,cds-WP_005597706.1,Uncharacterized protein HI 1720,1111979,1112158,180,549,2,1,first,,cds-MIDG2331_RS05020,cds-WP_005597706.1,cds-MIDG2331_RS05020,1111979,1112516,cds-WP_005597706.1;cds-MIDG2331_RS05020
NZ_LN908249.1,Protein Homology,CDS,1112148,1112516,.,+,0,ID=cds-MIDG2331_RS05020;product=Uncharacterized_transposase-like_protein_HI_1721,cds-MIDG2331_RS05020,Uncharacterized transposase-like protein HI 1721,1112148,1112516,369,549,2,2,last,cds-WP_005597706.1,,cds-WP_005597706.1,cds-MIDG2331_RS05020,1111979,1112516,cds-WP_005597706.1;cds-MIDG2331_RS05020
NZ_LN908249.1,Protein Homology,CDS,1112629,1113708,.,+,0,ID=cds-WP_058230477.1;product=Uncharacterized_metallophosphoesterase_HP_1044,cds-WP_058230477.1,Uncharacterized metallophosphoesterase HP 1044,1112629,1113708,1080,550,1,1,single,,,cds-WP_058230477.1,cds-WP_058230477.1,1112629,1113708,cds-WP_058230477.1
NZ_LN908249.1,Protein Homology,CDS,1113922,1116192,.,+,0,ID=nrdA;product=Ribonucleoside-diphosphate_reductase_subunit_alpha,nrdA,Ribonucleoside-diphosphate reductase subunit alpha,1113922,1116192,2271,551,2,1,first,,nrdB,nrdA,nrdB,1113922,1117586,nrdA;nrdB
NZ_LN908249.1,Protein Homology,CDS,1116456,1117586,.,+,0,ID=nrdB;product=Ribonucleoside-diphosphate_reductase_subunit_beta,nrdB,Ribonucleoside-diphosphate reductase subunit beta,1116456,1117586,1131,551,2,2,last,nrdA,,nrdA,nrdB,1113922,1117586,nrdA;nrdB
NZ_LN908249.1,Protein Homology,CDS,1117848,1118897,.,+,0,ID=galT;product=Galactose-1-phosphate_uridylyltransferase,galT,Galactose-1-phosphate uridylyltransferase,1117848,1118897,1050,552,4,1,first,,galK,galT,cds-WP_039709160.1,1117848,1124150,galT;galK;cds-WP_039709159.1;cds-WP_039709160.1
NZ_LN908249.1,Protein Homology,CDS,1118925,1120079,.,+,0,ID=galK;product=Galactokinase,galK,Galactokinase,1118925,1120079,1155,552,4,2,internal,galT,cds-WP_039709159.1,galT,cds-WP_039709160.1,1117848,1124150,galT;galK;cds-WP_039709159.1;cds-WP_039709160.1
NZ_LN908249.1,Protein Homology,CDS,1120137,1121105,.,+,0,ID=cds-WP_039709159.1;product=Aldose_1-epimerase,cds-WP_039709159.1,Aldose 1-epimerase,1120137,1121105,969,552,4,3,internal,galK,cds-WP_039709160.1,galT,cds-WP_039709160.1,1117848,1124150,galT;galK;cds-WP_039709159.1;cds-WP_039709160.1
NZ_LN908249.1,Protein Homology,CDS,1121130,1124150,.,+,0,ID=cds-WP_039709160.1;product=Beta-galactosidase,cds-WP_039709160.1,Beta-galactosidase,1121130,1124150,3021,552,4,4,last,cds-WP_039709159.1,,galT,cds-WP_039709160.1,1117848,1124150,galT;galK;cds-WP_039709159.1;cds-WP_039709160.1
NZ_LN908249.1,Protein Homology,CDS,1124268,1128977,.,-,0,ID=cds-WP_058230478.1;product='hypothetical protein',cds-WP_058230478.1,'hypothetical protein',1124268,1128977,4710,553,2,2,last,cds-WP_039709503.1,,cds-WP_039709503.1,cds-WP_058230478.1,1124268,1129556,cds-WP_039709503.1;cds-WP_058230478.1
NZ_LN908249.1,GeneMarkS-2+,CDS,1129020,1129556,.,-,0,ID=cds-WP_039709503.1;product='hypothetical protein',cds-WP_039709503.1,'hypothetical protein',1129020,1129556,537,553,2,1,first,,cds-WP_058230478.1,cds-WP_039709503.1,cds-WP_058230478.1,1124268,1129556,cds-WP_039709503.1;cds-WP_058230478.1
NZ_LN908249.1,Protein Homology,CDS,1129731,1130618,.,+,0,ID=cds-WP_420000845.1;product='hypothetical protein',cds-WP_420000845.1,'hypothetical protein',1129731,1130618,888,554,1,1,single,,,cds-WP_420000845.1,cds-WP_420000845.1,1129731,1130618,cds-WP_420000845.1
NZ_LN908249.1,Protein Homology,CDS,1131104,1136935,.,-,0,ID=cds-WP_058230479.1;product=Iron-regulated_protein_FrpA,cds-WP_058230479.1,Iron-regulated protein FrpA,1131104,1136935,5832,555,2,2,last,cds-WP_005620613.1,,cds-WP_005620613.1,cds-WP_058230479.1,1131104,1137431,cds-WP_005620613.1;cds-WP_058230479.1
NZ_LN908249.1,Protein Homology,CDS,1136961,1137431,.,-,0,ID=cds-WP_005620613.1;product='hypothetical protein',cds-WP_005620613.1,'hypothetical protein',1136961,1137431,471,555,2,1,first,,cds-WP_058230479.1,cds-WP_005620613.1,cds-WP_058230479.1,1131104,1137431,cds-WP_005620613.1;cds-WP_058230479.1
NZ_LN908249.1,Protein Homology,CDS,1137628,1138725,.,-,0,ID=apbC;product=Iron-sulfur_cluster_carrier_protein,apbC,Iron-sulfur cluster carrier protein,1137628,1138725,1098,556,3,3,last,cds-WP_039769373.1,,cds-WP_039709164.1,apbC,1137628,1140947,cds-WP_039709164.1;cds-WP_039769373.1;apbC
NZ_LN908249.1,Protein Homology,CDS,1138729,1140279,.,-,0,ID=cds-WP_039769373.1;product=Putative_binding_protein_HI_0213,cds-WP_039769373.1,Putative binding protein HI 0213,1138729,1140279,1551,556,3,2,internal,cds-WP_039709164.1,apbC,cds-WP_039709164.1,apbC,1137628,1140947,cds-WP_039709164.1;cds-WP_039769373.1;apbC
NZ_LN908249.1,Protein Homology,CDS,1140294,1140947,.,-,0,ID=cds-WP_039709164.1;product=UPF0056_membrane_protein_YhcE,cds-WP_039709164.1,UPF0056 membrane protein YhcE,1140294,1140947,654,556,3,1,first,,cds-WP_039769373.1,cds-WP_039709164.1,apbC,1137628,1140947,cds-WP_039709164.1;cds-WP_039769373.1;apbC
NZ_LN908249.1,Protein Homology,CDS,1141070,1142947,.,-,0,ID=cds-WP_005604716.1;product=Peptidyl-prolyl_cis-trans_isomerase_D,cds-WP_005604716.1,Peptidyl-prolyl cis-trans isomerase D,1141070,1142947,1878,557,1,1,single,,,cds-WP_005604716.1,cds-WP_005604716.1,1141070,1142947,cds-WP_005604716.1
NZ_LN908249.1,Protein Homology,CDS,1143176,1144489,.,+,0,ID=cds-WP_005617492.1;product=Na(+)/H(+)_antiporter_NhaP,cds-WP_005617492.1,Na(+)/H(+) antiporter NhaP,1143176,1144489,1314,558,1,1,single,,,cds-WP_005617492.1,cds-WP_005617492.1,1143176,1144489,cds-WP_005617492.1
NZ_LN908249.1,Protein Homology,CDS,1144611,1144880,.,+,0,ID=rpsO;product=30S_ribosomal_protein_S15,rpsO,30S ribosomal protein S15,1144611,1144880,270,559,1,1,single,,,rpsO,rpsO,1144611,1144880,rpsO
NZ_LN908249.1,Protein Homology,CDS,1144958,1145827,.,+,0,ID=cds-WP_039709165.1;product=Inner_membrane_protein_YedI,cds-WP_039709165.1,Inner membrane protein YedI,1144958,1145827,870,560,1,1,single,,,cds-WP_039709165.1,cds-WP_039709165.1,1144958,1145827,cds-WP_039709165.1
NZ_LN908249.1,Protein Homology,CDS,1145884,1147134,.,-,0,ID=cds-WP_039709561.1;product=Protein_HemY_homolog,cds-WP_039709561.1,Protein HemY homolog,1145884,1147134,1251,561,4,4,last,cds-WP_005608223.1,,hemC,cds-WP_039709561.1,1145884,1150198,hemC;cds-WP_039709166.1;cds-WP_005608223.1;cds-WP_039709561.1
NZ_LN908249.1,Protein Homology,CDS,1147146,1148486,.,-,0,ID=cds-WP_005608223.1;product=Uncharacterized_protein_HI_0602.1,cds-WP_005608223.1,Uncharacterized protein HI 0602.1,1147146,1148486,1341,561,4,3,internal,cds-WP_039709166.1,cds-WP_039709561.1,hemC,cds-WP_039709561.1,1145884,1150198,hemC;cds-WP_039709166.1;cds-WP_005608223.1;cds-WP_039709561.1
NZ_LN908249.1,Protein Homology,CDS,1148496,1149260,.,-,0,ID=cds-WP_039709166.1;product=Uroporphyrinogen-III_synthase,cds-WP_039709166.1,Uroporphyrinogen-III synthase,1148496,1149260,765,561,4,2,internal,hemC,cds-WP_005608223.1,hemC,cds-WP_039709561.1,1145884,1150198,hemC;cds-WP_039709166.1;cds-WP_005608223.1;cds-WP_039709561.1
NZ_LN908249.1,Protein Homology,CDS,1149269,1150198,.,-,0,ID=hemC;product=Porphobilinogen_deaminase,hemC,Porphobilinogen deaminase,1149269,1150198,930,561,4,1,first,,cds-WP_039709166.1,hemC,cds-WP_039709561.1,1145884,1150198,hemC;cds-WP_039709166.1;cds-WP_005608223.1;cds-WP_039709561.1
NZ_LN908249.1,Protein Homology,CDS,1150467,1153082,.,+,0,ID=adhE;product=Aldehyde-alcohol_dehydrogenase_2,adhE,Aldehyde-alcohol dehydrogenase 2,1150467,1153082,2616,562,1,1,single,,,adhE,adhE,1150467,1153082,adhE
NZ_LN908249.1,Protein Homology,CDS,1153256,1154899,.,-,0,ID=groL;product=60_kDa_chaperonin,groL,60 kDa chaperonin,1153256,1154899,1644,563,2,2,last,cds-WP_005597793.1,,cds-WP_005597793.1,groL,1153256,1155249,cds-WP_005597793.1;groL
NZ_LN908249.1,Protein Homology,CDS,1154959,1155249,.,-,0,ID=cds-WP_005597793.1;product=10_kDa_chaperonin,cds-WP_005597793.1,10 kDa chaperonin,1154959,1155249,291,563,2,1,first,,groL,cds-WP_005597793.1,groL,1153256,1155249,cds-WP_005597793.1;groL
NZ_LN908249.1,Protein Homology,CDS,1155461,1156183,.,-,0,ID=deoD;product=Purine_nucleoside_phosphorylase_DeoD-type,deoD,Purine nucleoside phosphorylase DeoD-type,1155461,1156183,723,564,3,3,last,deoC,,cds-WP_005610291.1,deoD,1155461,1158423,cds-WP_005610291.1;deoC;deoD
NZ_LN908249.1,Protein Homology,CDS,1156242,1157018,.,-,0,ID=deoC;product=Deoxyribose-phosphate_aldolase,deoC,Deoxyribose-phosphate aldolase,1156242,1157018,777,564,3,2,internal,cds-WP_005610291.1,deoD,cds-WP_005610291.1,deoD,1155461,1158423,cds-WP_005610291.1;deoC;deoD
NZ_LN908249.1,Protein Homology,CDS,1157155,1158423,.,-,0,ID=cds-WP_005610291.1;product=Uncharacterized_transporter_HI_0519,cds-WP_005610291.1,Uncharacterized transporter HI 0519,1157155,1158423,1269,564,3,1,first,,deoC,cds-WP_005610291.1,deoD,1155461,1158423,cds-WP_005610291.1;deoC;deoD
NZ_LN908249.1,Protein Homology,CDS,1158636,1159280,.,+,0,ID=yczE;product=Uncharacterized_protein_HI_0522,yczE,Uncharacterized protein HI 0522,1158636,1159280,645,565,1,1,single,,,yczE,yczE,1158636,1159280,yczE
NZ_LN908249.1,Protein Homology,CDS,1159332,1159973,.,-,0,ID=cds-WP_039709169.1;product=Putative_KHG/KDPG_aldolase,cds-WP_039709169.1,Putative KHG/KDPG aldolase,1159332,1159973,642,566,3,3,last,cds-WP_080550862.1,,cds-MIDG2331_RS05185,cds-WP_039709169.1,1159332,1161520,cds-MIDG2331_RS05185;cds-WP_080550862.1;cds-WP_039709169.1
NZ_LN908249.1,Protein Homology,CDS,1159988,1160932,.,-,0,ID=cds-WP_080550862.1;product=2-dehydro-3-deoxygluconokinase,cds-WP_080550862.1,2-dehydro-3-deoxygluconokinase,1159988,1160932,945,566,3,2,internal,cds-MIDG2331_RS05185,cds-WP_039709169.1,cds-MIDG2331_RS05185,cds-WP_039709169.1,1159332,1161520,cds-MIDG2331_RS05185;cds-WP_080550862.1;cds-WP_039709169.1
NZ_LN908249.1,Protein Homology,CDS,1160945,1161520,.,-,0,ID=cds-MIDG2331_RS05185;product=Uronate_isomerase,cds-MIDG2331_RS05185,Uronate isomerase,1160945,1161520,576,566,3,1,first,,cds-WP_080550862.1,cds-MIDG2331_RS05185,cds-WP_039709169.1,1159332,1161520,cds-MIDG2331_RS05185;cds-WP_080550862.1;cds-WP_039709169.1
NZ_LN908249.1,Protein Homology,CDS,1161538,1163769,.,+,0,ID=cds-MIDG2331_RS05190;product=Neutral_alpha-glucosidase_C,cds-MIDG2331_RS05190,Neutral alpha-glucosidase C,1161538,1163769,2232,567,3,1,first,,cds-WP_009874819.1,cds-MIDG2331_RS05190,cds-WP_039709170.1,1161538,1164565,cds-MIDG2331_RS05190;cds-WP_009874819.1;cds-WP_039709170.1
NZ_LN908249.1,Protein Homology,CDS,1163773,1164009,.,+,0,ID=cds-WP_009874819.1;product=Uxu_operon_regulator,cds-WP_009874819.1,Uxu operon regulator,1163773,1164009,237,567,3,2,internal,cds-MIDG2331_RS05190,cds-WP_039709170.1,cds-MIDG2331_RS05190,cds-WP_039709170.1,1161538,1164565,cds-MIDG2331_RS05190;cds-WP_009874819.1;cds-WP_039709170.1
NZ_LN908249.1,Protein Homology,CDS,1163984,1164565,.,+,0,ID=cds-WP_039709170.1;product='hypothetical protein',cds-WP_039709170.1,'hypothetical protein',1163984,1164565,582,567,3,3,last,cds-WP_009874819.1,,cds-MIDG2331_RS05190,cds-WP_039709170.1,1161538,1164565,cds-MIDG2331_RS05190;cds-WP_009874819.1;cds-WP_039709170.1
NZ_LN908249.1,Protein Homology,CDS,1164656,1165162,.,+,0,ID=msrA;product=Peptide_methionine_sulfoxide_reductase_MsrA/MsrB,msrA,Peptide methionine sulfoxide reductase MsrA/MsrB,1164656,1165162,507,568,1,1,single,,,msrA,msrA,1164656,1165162,msrA
NZ_LN908249.1,Protein Homology,CDS,1165198,1165998,.,-,0,ID=cds-WP_005597807.1;product=Uncharacterized_glycosyltransferase_HI_1695,cds-WP_005597807.1,Uncharacterized glycosyltransferase HI 1695,1165198,1165998,801,569,6,6,last,cds-WP_039709562.1,,cds-WP_005604751.1,cds-WP_005597807.1,1165198,1170990,cds-WP_005604751.1;cds-WP_039755271.1;cds-WP_005608235.1;cds-WP_039709563.1;cds-WP_039709562.1;cds-WP_005597807.1
NZ_LN908249.1,Protein Homology,CDS,1165998,1166879,.,-,0,ID=cds-WP_039709562.1;product=Uncharacterized_glycosyltransferase_HI_1696,cds-WP_039709562.1,Uncharacterized glycosyltransferase HI 1696,1165998,1166879,882,569,6,5,internal,cds-WP_039709563.1,cds-WP_005597807.1,cds-WP_005604751.1,cds-WP_005597807.1,1165198,1170990,cds-WP_005604751.1;cds-WP_039755271.1;cds-WP_005608235.1;cds-WP_039709563.1;cds-WP_039709562.1;cds-WP_005597807.1
NZ_LN908249.1,Protein Homology,CDS,1166872,1168071,.,-,0,ID=cds-WP_039709563.1;product='hypothetical protein',cds-WP_039709563.1,'hypothetical protein',1166872,1168071,1200,569,6,4,internal,cds-WP_005608235.1,cds-WP_039709562.1,cds-WP_005604751.1,cds-WP_005597807.1,1165198,1170990,cds-WP_005604751.1;cds-WP_039755271.1;cds-WP_005608235.1;cds-WP_039709563.1;cds-WP_039709562.1;cds-WP_005597807.1
NZ_LN908249.1,Protein Homology,CDS,1168072,1168842,.,-,0,ID=cds-WP_005608235.1;product=Lsg_locus_putative_protein_4,cds-WP_005608235.1,Lsg locus putative protein 4,1168072,1168842,771,569,6,3,internal,cds-WP_039755271.1,cds-WP_039709563.1,cds-WP_005604751.1,cds-WP_005597807.1,1165198,1170990,cds-WP_005604751.1;cds-WP_039755271.1;cds-WP_005608235.1;cds-WP_039709563.1;cds-WP_039709562.1;cds-WP_005597807.1
NZ_LN908249.1,Protein Homology,CDS,1168839,1170047,.,-,0,ID=cds-WP_039755271.1;product='hypothetical protein',cds-WP_039755271.1,'hypothetical protein',1168839,1170047,1209,569,6,2,internal,cds-WP_005604751.1,cds-WP_005608235.1,cds-WP_005604751.1,cds-WP_005597807.1,1165198,1170990,cds-WP_005604751.1;cds-WP_039755271.1;cds-WP_005608235.1;cds-WP_039709563.1;cds-WP_039709562.1;cds-WP_005597807.1
NZ_LN908249.1,Protein Homology,CDS,1170025,1170990,.,-,0,ID=cds-WP_005604751.1;product=Putative_pyruvyl_transferase_EpsO,cds-WP_005604751.1,Putative pyruvyl transferase EpsO,1170025,1170990,966,569,6,1,first,,cds-WP_039755271.1,cds-WP_005604751.1,cds-WP_005597807.1,1165198,1170990,cds-WP_005604751.1;cds-WP_039755271.1;cds-WP_005608235.1;cds-WP_039709563.1;cds-WP_039709562.1;cds-WP_005597807.1
NZ_LN908249.1,Protein Homology,CDS,1171146,1171886,.,+,0,ID=cds-WP_005597819.1;product=Uncharacterized_protein_HI_1701,cds-WP_005597819.1,Uncharacterized protein HI 1701,1171146,1171886,741,570,1,1,single,,,cds-WP_005597819.1,cds-WP_005597819.1,1171146,1171886,cds-WP_005597819.1
NZ_LN908249.1,Protein Homology,CDS,1171966,1174182,.,-,0,ID=priA;product=Primosomal_protein_N',priA,Primosomal protein N',1171966,1174182,2217,571,2,2,last,cds-WP_039709172.1,,cds-WP_039709172.1,priA,1171966,1175424,cds-WP_039709172.1;priA
NZ_LN908249.1,Protein Homology,CDS,1174267,1175424,.,-,0,ID=cds-WP_039709172.1;product=P-protein,cds-WP_039709172.1,P-protein,1174267,1175424,1158,571,2,1,first,,priA,cds-WP_039709172.1,priA,1171966,1175424,cds-WP_039709172.1;priA
NZ_LN908249.1,Protein Homology,CDS,1175547,1177580,.,-,0,ID=prlC;product=Oligopeptidase_A,prlC,Oligopeptidase A,1175547,1177580,2034,572,1,1,single,,,prlC,prlC,1175547,1177580,prlC
NZ_LN908249.1,Protein Homology,CDS,1177723,1178460,.,-,0,ID=pflA;product=Pyruvate_formate-lyase_1-activating_enzyme,pflA,Pyruvate formate-lyase 1-activating enzyme,1177723,1178460,738,573,3,3,last,pflB,,focA,pflA,1177723,1181816,focA;pflB;pflA
NZ_LN908249.1,Protein Homology,CDS,1178587,1180899,.,-,0,ID=pflB;product=Formate_acetyltransferase,pflB,Formate acetyltransferase,1178587,1180899,2313,573,3,2,internal,focA,pflA,focA,pflA,1177723,1181816,focA;pflB;pflA
NZ_LN908249.1,Protein Homology,CDS,1180992,1181816,.,-,0,ID=focA;product=Probable_formate_transporter,focA,Probable formate transporter,1180992,1181816,825,573,3,1,first,,pflB,focA,pflA,1177723,1181816,focA;pflB;pflA
NZ_LN908249.1,Protein Homology,CDS,1182022,1182504,.,+,0,ID=cds-WP_005619751.1;product=Uncharacterized_protein_HI_0489,cds-WP_005619751.1,Uncharacterized protein HI 0489,1182022,1182504,483,574,1,1,single,,,cds-WP_005619751.1,cds-WP_005619751.1,1182022,1182504,cds-WP_005619751.1
NZ_LN908249.1,Protein Homology,CDS,1182576,1183445,.,-,0,ID=htpX;product=Protease_HtpX,htpX,Protease HtpX,1182576,1183445,870,575,1,1,single,,,htpX,htpX,1182576,1183445,htpX
NZ_LN908249.1,Protein Homology,CDS,1183533,1184603,.,-,0,ID=dinB;product=DNA_polymerase_IV,dinB,DNA polymerase IV,1183533,1184603,1071,576,1,1,single,,,dinB,dinB,1183533,1184603,dinB
NZ_LN908249.1,Protein Homology,CDS,1184710,1185618,.,+,0,ID=cds-WP_005604782.1;product=Lysine_exporter_LysO,cds-WP_005604782.1,Lysine exporter LysO,1184710,1185618,909,577,1,1,single,,,cds-WP_005604782.1,cds-WP_005604782.1,1184710,1185618,cds-WP_005604782.1
NZ_LN908249.1,Protein Homology,CDS,1185657,1186937,.,-,0,ID=cds-WP_005601507.1;product=Isochorismate_synthase_MenF,cds-WP_005601507.1,Isochorismate synthase MenF,1185657,1186937,1281,578,1,1,single,,,cds-WP_005601507.1,cds-WP_005601507.1,1185657,1186937,cds-WP_005601507.1
NZ_LN908249.1,Protein Homology,CDS,1187101,1188318,.,+,0,ID=cds-WP_005604784.1;product=Glutamate-pyruvate_aminotransferase_AlaA,cds-WP_005604784.1,Glutamate-pyruvate aminotransferase AlaA,1187101,1188318,1218,579,4,1,first,,rarD,cds-WP_005604784.1,cds-WP_005608251.1,1187101,1190736,cds-WP_005604784.1;rarD;rarD_2;cds-WP_005608251.1
NZ_LN908249.1,Protein Homology,CDS,1188362,1189255,.,+,0,ID=rarD;product=Uncharacterized_transporter_HI_0680,rarD,Uncharacterized transporter HI 0680,1188362,1189255,894,579,4,2,internal,cds-WP_005604784.1,rarD_2,cds-WP_005604784.1,cds-WP_005608251.1,1187101,1190736,cds-WP_005604784.1;rarD;rarD_2;cds-WP_005608251.1
NZ_LN908249.1,Protein Homology,CDS,1189256,1190122,.,+,0,ID=rarD_2;product=Uncharacterized_transporter_HI_0680,rarD_2,Uncharacterized transporter HI 0680,1189256,1190122,867,579,4,3,internal,rarD,cds-WP_005608251.1,cds-WP_005604784.1,cds-WP_005608251.1,1187101,1190736,cds-WP_005604784.1;rarD;rarD_2;cds-WP_005608251.1
NZ_LN908249.1,Protein Homology,CDS,1190119,1190736,.,+,0,ID=cds-WP_005608251.1;product='hypothetical protein',cds-WP_005608251.1,'hypothetical protein',1190119,1190736,618,579,4,4,last,rarD_2,,cds-WP_005604784.1,cds-WP_005608251.1,1187101,1190736,cds-WP_005604784.1;rarD;rarD_2;cds-WP_005608251.1
NZ_LN908249.1,Protein Homology,CDS,1190817,1193663,.,-,0,ID=cds-WP_039709565.1;product=Probable_hemoglobin_and_hemoglobin-haptoglobin-binding_protein_4,cds-WP_039709565.1,Probable hemoglobin and hemoglobin-haptoglobin-binding protein 4,1190817,1193663,2847,580,1,1,single,,,cds-WP_039709565.1,cds-WP_039709565.1,1190817,1193663,cds-WP_039709565.1
NZ_LN908249.1,Protein Homology,CDS,1193723,1194244,.,-,0,ID=hutZ;product='hypothetical protein',hutZ,'hypothetical protein',1193723,1194244,522,581,1,1,single,,,hutZ,hutZ,1193723,1194244,hutZ
NZ_LN908249.1,Protein Homology,CDS,1194448,1195194,.,-,0,ID=cds-WP_005608252.1;product=Formate-dependent_nitrite_reductase_complex_bifunctional_subunit_NrfFG,cds-WP_005608252.1,Formate-dependent nitrite reductase complex bifunctional subunit NrfFG,1194448,1195194,747,582,4,4,last,nrfF,,nrfE,cds-WP_005608252.1,1194448,1198057,nrfE;cds-WP_005597863.1;nrfF;cds-WP_005608252.1
NZ_LN908249.1,Protein Homology,CDS,1195172,1195606,.,-,0,ID=nrfF;product=Formate-dependent_nitrite_reductase_complex_bifunctional_subunit_NrfFG,nrfF,Formate-dependent nitrite reductase complex bifunctional subunit NrfFG,1195172,1195606,435,582,4,3,internal,cds-WP_005597863.1,cds-WP_005608252.1,nrfE,cds-WP_005608252.1,1194448,1198057,nrfE;cds-WP_005597863.1;nrfF;cds-WP_005608252.1
NZ_LN908249.1,Protein Homology,CDS,1195606,1196139,.,-,0,ID=cds-WP_005597863.1;product=Thiol:disulfide_interchange_protein_DsbE,cds-WP_005597863.1,Thiol:disulfide interchange protein DsbE,1195606,1196139,534,582,4,2,internal,nrfE,nrfF,nrfE,cds-WP_005608252.1,1194448,1198057,nrfE;cds-WP_005597863.1;nrfF;cds-WP_005608252.1
NZ_LN908249.1,Protein Homology,CDS,1196141,1198057,.,-,0,ID=nrfE;product=Cytochrome_c-type_biogenesis_protein_NrfE,nrfE,Cytochrome c-type biogenesis protein NrfE,1196141,1198057,1917,582,4,1,first,,cds-WP_005597863.1,nrfE,cds-WP_005608252.1,1194448,1198057,nrfE;cds-WP_005597863.1;nrfF;cds-WP_005608252.1
NZ_LN908249.1,Protein Homology,CDS,1198228,1200093,.,-,0,ID=cds-WP_005601524.1;product=Glutathione-regulated_potassium-efflux_system_protein,cds-WP_005601524.1,Glutathione-regulated potassium-efflux system protein,1198228,1200093,1866,583,1,1,single,,,cds-WP_005601524.1,cds-WP_005601524.1,1198228,1200093,cds-WP_005601524.1
NZ_LN908249.1,Protein Homology,CDS,1200182,1202710,.,-,0,ID=cds-WP_058230480.1;product=Adenylate_cyclase,cds-WP_058230480.1,Adenylate cyclase,1200182,1202710,2529,584,1,1,single,,,cds-WP_058230480.1,cds-WP_058230480.1,1200182,1202710,cds-WP_058230480.1
NZ_LN908249.1,Protein Homology,CDS,1202965,1204185,.,+,0,ID=fabB;product=3-oxoacyl-[acyl-carrier-protein]_synthase_1,fabB,3-oxoacyl-[acyl-carrier-protein] synthase 1,1202965,1204185,1221,585,1,1,single,,,fabB,fabB,1202965,1204185,fabB
NZ_LN908249.1,Protein Homology,CDS,1204377,1204830,.,+,0,ID=cds-WP_144435024.1;product=Uncharacterized_protein_HI_1720,cds-WP_144435024.1,Uncharacterized protein HI 1720,1204377,1204830,454,586,2,1,first,,cds-WP_144435024.1_2,cds-WP_144435024.1,cds-WP_144435024.1_2,1204377,1205710,cds-WP_144435024.1;cds-WP_144435024.1_2
NZ_LN908249.1,Protein Homology,CDS,1204830,1205710,.,+,2,ID=cds-WP_144435024.1_2;product='hypothetical protein',cds-WP_144435024.1_2,'hypothetical protein',1204830,1205710,881,586,2,2,last,cds-WP_144435024.1,,cds-WP_144435024.1,cds-WP_144435024.1_2,1204377,1205710,cds-WP_144435024.1;cds-WP_144435024.1_2
NZ_LN908249.1,Protein Homology,CDS,1205857,1206204,.,+,0,ID=cds-WP_005612458.1;product=Uncharacterized_protein_HI_1709,cds-WP_005612458.1,Uncharacterized protein HI 1709,1205857,1206204,348,587,3,1,first,,cds-WP_005608264.1,cds-WP_005612458.1,cds-WP_005615415.1,1205857,1207271,cds-WP_005612458.1;cds-WP_005608264.1;cds-WP_005615415.1
NZ_LN908249.1,Protein Homology,CDS,1206260,1206856,.,+,0,ID=cds-WP_005608264.1;product=Uncharacterized_protein_HI_1709,cds-WP_005608264.1,Uncharacterized protein HI 1709,1206260,1206856,597,587,3,2,internal,cds-WP_005612458.1,cds-WP_005615415.1,cds-WP_005612458.1,cds-WP_005615415.1,1205857,1207271,cds-WP_005612458.1;cds-WP_005608264.1;cds-WP_005615415.1
NZ_LN908249.1,Protein Homology,CDS,1206897,1207271,.,+,0,ID=cds-WP_005615415.1;product='hypothetical protein',cds-WP_005615415.1,'hypothetical protein',1206897,1207271,375,587,3,3,last,cds-WP_005608264.1,,cds-WP_005612458.1,cds-WP_005615415.1,1205857,1207271,cds-WP_005612458.1;cds-WP_005608264.1;cds-WP_005615415.1
NZ_LN908249.1,Protein Homology,CDS,1207360,1208025,.,+,0,ID=cds-WP_005619495.1;product=Transcriptional_regulatory_protein_QseB,cds-WP_005619495.1,Transcriptional regulatory protein QseB,1207360,1208025,666,588,2,1,first,,cds-WP_039709178.1,cds-WP_005619495.1,cds-WP_039709178.1,1207360,1209394,cds-WP_005619495.1;cds-WP_039709178.1
NZ_LN908249.1,Protein Homology,CDS,1208018,1209394,.,+,0,ID=cds-WP_039709178.1;product=Sensor_protein_QseC,cds-WP_039709178.1,Sensor protein QseC,1208018,1209394,1377,588,2,2,last,cds-WP_005619495.1,,cds-WP_005619495.1,cds-WP_039709178.1,1207360,1209394,cds-WP_005619495.1;cds-WP_039709178.1
NZ_LN908249.1,Protein Homology,CDS,1209442,1210002,.,-,0,ID=cds-WP_005603079.1;product=Uncharacterized_protein_HI_0045,cds-WP_005603079.1,Uncharacterized protein HI 0045,1209442,1210002,561,589,1,1,single,,,cds-WP_005603079.1,cds-WP_005603079.1,1209442,1210002,cds-WP_005603079.1
NZ_LN908249.1,Protein Homology,CDS,1210196,1210492,.,+,0,ID=yajC;product=UPF0092_membrane_protein_YajC,yajC,UPF0092 membrane protein YajC,1210196,1210492,297,590,3,1,first,,secD,yajC,secF,1210196,1213351,yajC;secD;secF
NZ_LN908249.1,Protein Homology,CDS,1210519,1212366,.,+,0,ID=secD;product=Protein_translocase_subunit_SecD,secD,Protein translocase subunit SecD,1210519,1212366,1848,590,3,2,internal,yajC,secF,yajC,secF,1210196,1213351,yajC;secD;secF
NZ_LN908249.1,Protein Homology,CDS,1212377,1213351,.,+,0,ID=secF;product=Protein_translocase_subunit_SecF,secF,Protein translocase subunit SecF,1212377,1213351,975,590,3,3,last,secD,,yajC,secF,1210196,1213351,yajC;secD;secF
NZ_LN908249.1,Protein Homology,CDS,1213501,1214007,.,+,0,ID=ftnA;product=Probable_bacterial_non-heme_ferritin,ftnA,Probable bacterial non-heme ferritin,1213501,1214007,507,591,2,1,first,,ftnA_2,ftnA,ftnA_2,1213501,1214504,ftnA;ftnA_2
NZ_LN908249.1,Protein Homology,CDS,1214007,1214504,.,+,0,ID=ftnA_2;product=Probable_bacterial_non-heme_ferritin-like_protein,ftnA_2,Probable bacterial non-heme ferritin-like protein,1214007,1214504,498,591,2,2,last,ftnA,,ftnA,ftnA_2,1213501,1214504,ftnA;ftnA_2
NZ_LN908249.1,Protein Homology,CDS,1214744,1216045,.,+,0,ID=cds-WP_039709566.1;product=Putative_permease_HI_0125,cds-WP_039709566.1,Putative permease HI 0125,1214744,1216045,1302,592,1,1,single,,,cds-WP_039709566.1,cds-WP_039709566.1,1214744,1216045,cds-WP_039709566.1
NZ_LN908249.1,Protein Homology,CDS,1216100,1216690,.,-,0,ID=cds-WP_012263086.1;product=Maf-like_protein_HD_1805,cds-WP_012263086.1,Maf-like protein HD 1805,1216100,1216690,591,593,1,1,single,,,cds-WP_012263086.1,cds-WP_012263086.1,1216100,1216690,cds-WP_012263086.1
NZ_LN908249.1,Protein Homology,CDS,1216846,1217388,.,+,0,ID=cds-WP_005604820.1;product='hypothetical protein',cds-WP_005604820.1,'hypothetical protein',1216846,1217388,543,594,1,1,single,,,cds-WP_005604820.1,cds-WP_005604820.1,1216846,1217388,cds-WP_005604820.1
NZ_LN908249.1,Protein Homology,CDS,1217484,1218932,.,-,0,ID=thiI;product=tRNA_sulfurtransferase,thiI,tRNA sulfurtransferase,1217484,1218932,1449,595,1,1,single,,,thiI,thiI,1217484,1218932,thiI
NZ_LN908249.1,Protein Homology,CDS,1219119,1220417,.,-,0,ID=purA;product=Adenylosuccinate_synthetase,purA,Adenylosuccinate synthetase,1219119,1220417,1299,596,1,1,single,,,purA,purA,1219119,1220417,purA
NZ_LN908249.1,Protein Homology,CDS,1220604,1221491,.,-,0,ID=hflC;product=Protein_HflC,hflC,Protein HflC,1220604,1221491,888,597,3,3,last,hflK,,trxA,hflC,1220604,1223179,trxA;hflK;hflC
NZ_LN908249.1,Protein Homology,CDS,1221494,1222684,.,-,0,ID=hflK;product=Protein_HflK,hflK,Protein HflK,1221494,1222684,1191,597,3,2,internal,trxA,hflC,trxA,hflC,1220604,1223179,trxA;hflK;hflC
NZ_LN908249.1,Protein Homology,CDS,1222862,1223179,.,-,0,ID=trxA;product=Thioredoxin,trxA,Thioredoxin,1222862,1223179,318,597,3,1,first,,hflK,trxA,hflC,1220604,1223179,trxA;hflK;hflC
NZ_LN908249.1,Protein Homology,CDS,1223315,1224607,.,-,0,ID=cds-WP_058230483.1;product=Putative_purine_permease_CPE0397,cds-WP_058230483.1,Putative purine permease CPE0397,1223315,1224607,1293,598,1,1,single,,,cds-WP_058230483.1,cds-WP_058230483.1,1223315,1224607,cds-WP_058230483.1
NZ_LN908249.1,Protein Homology,CDS,1224769,1225920,.,-,0,ID=metK;product=S-adenosylmethionine_synthase,metK,S-adenosylmethionine synthase,1224769,1225920,1152,599,1,1,single,,,metK,metK,1224769,1225920,metK
NZ_LN908249.1,Protein Homology,CDS,1226140,1227033,.,+,0,ID=cds-WP_005597940.1;product=Homocysteine_S-methyltransferase_2,cds-WP_005597940.1,Homocysteine S-methyltransferase 2,1226140,1227033,894,600,5,1,first,,cds-WP_005604827.1,cds-WP_005597940.1,argE,1226140,1231989,cds-WP_005597940.1;cds-WP_005604827.1;cds-WP_039709183.1;cds-WP_039709184.1;argE
NZ_LN908249.1,Protein Homology,CDS,1227126,1228541,.,+,0,ID=cds-WP_005604827.1;product=Putative_arginine/ornithine_antiporter,cds-WP_005604827.1,Putative arginine/ornithine antiporter,1227126,1228541,1416,600,5,2,internal,cds-WP_005597940.1,cds-WP_039709183.1,cds-WP_005597940.1,argE,1226140,1231989,cds-WP_005597940.1;cds-WP_005604827.1;cds-WP_039709183.1;cds-WP_039709184.1;argE
NZ_LN908249.1,Protein Homology,CDS,1228637,1230037,.,+,0,ID=cds-WP_039709183.1;product=Putative_arginine/ornithine_antiporter,cds-WP_039709183.1,Putative arginine/ornithine antiporter,1228637,1230037,1401,600,5,3,internal,cds-WP_005604827.1,cds-WP_039709184.1,cds-WP_005597940.1,argE,1226140,1231989,cds-WP_005597940.1;cds-WP_005604827.1;cds-WP_039709183.1;cds-WP_039709184.1;argE
NZ_LN908249.1,Protein Homology,CDS,1230051,1230830,.,+,0,ID=cds-WP_039709184.1;product='hypothetical protein',cds-WP_039709184.1,'hypothetical protein',1230051,1230830,780,600,5,4,internal,cds-WP_039709183.1,argE,cds-WP_005597940.1,argE,1226140,1231989,cds-WP_005597940.1;cds-WP_005604827.1;cds-WP_039709183.1;cds-WP_039709184.1;argE
NZ_LN908249.1,Protein Homology,CDS,1230847,1231989,.,+,0,ID=argE;product=Acetylornithine_deacetylase,argE,Acetylornithine deacetylase,1230847,1231989,1143,600,5,5,last,cds-WP_039709184.1,,cds-WP_005597940.1,argE,1226140,1231989,cds-WP_005597940.1;cds-WP_005604827.1;cds-WP_039709183.1;cds-WP_039709184.1;argE
NZ_LN908249.1,Protein Homology,CDS,1232196,1232840,.,-,0,ID=cds-WP_039709185.1;product=Outer_membrane_protein_W,cds-WP_039709185.1,Outer membrane protein W,1232196,1232840,645,601,1,1,single,,,cds-WP_039709185.1,cds-WP_039709185.1,1232196,1232840,cds-WP_039709185.1
NZ_LN908249.1,Protein Homology,CDS,1233101,1235674,.,+,0,ID=clpB;product=Chaperone_protein_ClpB,clpB,Chaperone protein ClpB,1233101,1235674,2574,602,1,1,single,,,clpB,clpB,1233101,1235674,clpB
NZ_LN908249.1,Protein Homology,CDS,1235731,1236732,.,-,0,ID=arsB;product=Arsenical-resistance_protein_Acr3,arsB,Arsenical-resistance protein Acr3,1235731,1236732,1002,603,3,3,last,arsC,,cds-WP_039709186.1,arsB,1235731,1237522,cds-WP_039709186.1;arsC;arsB
NZ_LN908249.1,Protein Homology,CDS,1236744,1237148,.,-,0,ID=arsC;product=Arsenate_reductase,arsC,Arsenate reductase,1236744,1237148,405,603,3,2,internal,cds-WP_039709186.1,arsB,cds-WP_039709186.1,arsB,1235731,1237522,cds-WP_039709186.1;arsC;arsB
NZ_LN908249.1,Protein Homology,CDS,1237208,1237522,.,-,0,ID=cds-WP_039709186.1;product='hypothetical protein',cds-WP_039709186.1,'hypothetical protein',1237208,1237522,315,603,3,1,first,,arsC,cds-WP_039709186.1,arsB,1235731,1237522,cds-WP_039709186.1;arsC;arsB
NZ_LN908249.1,Protein Homology,CDS,1237650,1239077,.,-,0,ID=aspA;product=Aspartate_ammonia-lyase,aspA,Aspartate ammonia-lyase,1237650,1239077,1428,604,1,1,single,,,aspA,aspA,1237650,1239077,aspA
NZ_LN908249.1,Protein Homology,CDS,1239218,1239499,.,-,0,ID=cds-WP_039709188.1;product=Uncharacterized_protein_YsdA,cds-WP_039709188.1,Uncharacterized protein YsdA,1239218,1239499,282,605,1,1,single,,,cds-WP_039709188.1,cds-WP_039709188.1,1239218,1239499,cds-WP_039709188.1
NZ_LN908249.1,Protein Homology,CDS,1239573,1240610,.,-,0,ID=purM;product=Phosphoribosylformylglycinamidine_cyclo-ligase,purM,Phosphoribosylformylglycinamidine cyclo-ligase,1239573,1240610,1038,606,1,1,single,,,purM,purM,1239573,1240610,purM
NZ_LN908249.1,Protein Homology,CDS,1240825,1241958,.,+,0,ID=cds-WP_058230484.1;product=Beta-hexosaminidase_subunit_B2,cds-WP_058230484.1,Beta-hexosaminidase subunit B2,1240825,1241958,1134,607,1,1,single,,,cds-WP_058230484.1,cds-WP_058230484.1,1240825,1241958,cds-WP_058230484.1
NZ_LN908249.1,Protein Homology,CDS,1242106,1242774,.,+,0,ID=queC;product=7-cyano-7-deazaguanine_synthase,queC,7-cyano-7-deazaguanine synthase,1242106,1242774,669,608,3,1,first,,queD,queC,cds-WP_005597970.1,1242106,1243914,queC;queD;cds-WP_005597970.1
NZ_LN908249.1,Protein Homology,CDS,1242767,1243189,.,+,0,ID=queD;product=6-carboxy-5678-tetrahydropterin_synthase,queD,6-carboxy-5678-tetrahydropterin synthase,1242767,1243189,423,608,3,2,internal,queC,cds-WP_005597970.1,queC,cds-WP_005597970.1,1242106,1243914,queC;queD;cds-WP_005597970.1
NZ_LN908249.1,Protein Homology,CDS,1243282,1243914,.,+,0,ID=cds-WP_005597970.1;product=7-carboxy-7-deazaguanine_synthase,cds-WP_005597970.1,7-carboxy-7-deazaguanine synthase,1243282,1243914,633,608,3,3,last,queD,,queC,cds-WP_005597970.1,1242106,1243914,queC;queD;cds-WP_005597970.1
NZ_LN908249.1,Protein Homology,CDS,1244055,1244612,.,-,0,ID=cds-WP_005601559.1;product='hypothetical protein',cds-WP_005601559.1,'hypothetical protein',1244055,1244612,558,609,2,2,last,cds-WP_012263095.1,,cds-WP_012263095.1,cds-WP_005601559.1,1244055,1244937,cds-WP_012263095.1;cds-WP_005601559.1
NZ_LN908249.1,Protein Homology,CDS,1244668,1244937,.,-,0,ID=cds-WP_012263095.1;product='hypothetical protein',cds-WP_012263095.1,'hypothetical protein',1244668,1244937,270,609,2,1,first,,cds-WP_005601559.1,cds-WP_012263095.1,cds-WP_005601559.1,1244055,1244937,cds-WP_012263095.1;cds-WP_005601559.1
NZ_LN908249.1,Protein Homology,CDS,1245281,1246780,.,-,0,ID=pepA;product=Probable_cytosol_aminopeptidase,pepA,Probable cytosol aminopeptidase,1245281,1246780,1500,610,1,1,single,,,pepA,pepA,1245281,1246780,pepA
NZ_LN908249.1,Protein Homology,CDS,1247148,1247963,.,+,0,ID=cds-WP_005612511.1;product='hypothetical protein',cds-WP_005612511.1,'hypothetical protein',1247148,1247963,816,611,1,1,single,,,cds-WP_005612511.1,cds-WP_005612511.1,1247148,1247963,cds-WP_005612511.1
NZ_LN908249.1,Protein Homology,CDS,1248162,1249265,.,+,0,ID=lptF;product=Lipopolysaccharide_export_system_permease_protein_LptF,lptF,Lipopolysaccharide export system permease protein LptF,1248162,1249265,1104,612,3,1,first,,lptG,lptF,dnaE,1248162,1254031,lptF;lptG;dnaE
NZ_LN908249.1,Protein Homology,CDS,1249266,1250348,.,+,0,ID=lptG;product=Lipopolysaccharide_export_system_permease_protein_LptG,lptG,Lipopolysaccharide export system permease protein LptG,1249266,1250348,1083,612,3,2,internal,lptF,dnaE,lptF,dnaE,1248162,1254031,lptF;lptG;dnaE
NZ_LN908249.1,Protein Homology,CDS,1250555,1254031,.,+,0,ID=dnaE;product=DNA_polymerase_III_subunit_alpha,dnaE,DNA polymerase III subunit alpha,1250555,1254031,3477,612,3,3,last,lptG,,lptF,dnaE,1248162,1254031,lptF;lptG;dnaE
NZ_LN908249.1,Protein Homology,CDS,1254980,1255354,.,-,0,ID=cds-MIDG2331_RS05600;product=Phosphoribosylglycinamide_formyltransferase_2,cds-MIDG2331_RS05600,Phosphoribosylglycinamide formyltransferase 2,1254980,1255354,375,613,4,4,last,cds-WP_231944201.1,,cds-WP_005619459.1,cds-MIDG2331_RS05600,1254980,1256154,cds-WP_005619459.1;cds-WP_231944202.1;cds-WP_231944201.1;cds-MIDG2331_RS05600
NZ_LN908249.1,Protein Homology,CDS,1255341,1255769,.,-,0,ID=cds-WP_231944201.1;product='hypothetical protein',cds-WP_231944201.1,'hypothetical protein',1255341,1255769,429,613,4,3,internal,cds-WP_231944202.1,cds-MIDG2331_RS05600,cds-WP_005619459.1,cds-MIDG2331_RS05600,1254980,1256154,cds-WP_005619459.1;cds-WP_231944202.1;cds-WP_231944201.1;cds-MIDG2331_RS05600
NZ_LN908249.1,Protein Homology,CDS,1255780,1255971,.,-,0,ID=cds-WP_231944202.1;product='hypothetical protein',cds-WP_231944202.1,'hypothetical protein',1255780,1255971,192,613,4,2,internal,cds-WP_005619459.1,cds-WP_231944201.1,cds-WP_005619459.1,cds-MIDG2331_RS05600,1254980,1256154,cds-WP_005619459.1;cds-WP_231944202.1;cds-WP_231944201.1;cds-MIDG2331_RS05600
NZ_LN908249.1,GeneMarkS-2+,CDS,1256026,1256154,.,-,0,ID=cds-WP_005619459.1;product='hypothetical protein',cds-WP_005619459.1,'hypothetical protein',1256026,1256154,129,613,4,1,first,,cds-WP_231944202.1,cds-WP_005619459.1,cds-MIDG2331_RS05600,1254980,1256154,cds-WP_005619459.1;cds-WP_231944202.1;cds-WP_231944201.1;cds-MIDG2331_RS05600
NZ_LN908249.1,Protein Homology,CDS,1256674,1257855,.,-,0,ID=purT;product=Phosphoribosylglycinamide_formyltransferase_2,purT,Phosphoribosylglycinamide formyltransferase 2,1256674,1257855,1182,614,1,1,single,,,purT,purT,1256674,1257855,purT
NZ_LN908249.1,Protein Homology,CDS,1257978,1260452,.,-,0,ID=plsB;product=Glycerol-3-phosphate_acyltransferase,plsB,Glycerol-3-phosphate acyltransferase,1257978,1260452,2475,615,1,1,single,,,plsB,plsB,1257978,1260452,plsB
NZ_LN908249.1,Protein Homology,CDS,1260609,1261241,.,+,0,ID=lexA;product=LexA_repressor,lexA,LexA repressor,1260609,1261241,633,616,3,1,first,,mutH,lexA,cds-WP_005597990.1,1260609,1262798,lexA;mutH;cds-WP_005597990.1
NZ_LN908249.1,Protein Homology,CDS,1261301,1261981,.,+,0,ID=mutH;product=DNA_mismatch_repair_protein_MutH,mutH,DNA mismatch repair protein MutH,1261301,1261981,681,616,3,2,internal,lexA,cds-WP_005597990.1,lexA,cds-WP_005597990.1,1260609,1262798,lexA;mutH;cds-WP_005597990.1
NZ_LN908249.1,Protein Homology,CDS,1262067,1262798,.,+,0,ID=cds-WP_005597990.1;product=UPF0053_protein_HI_0056,cds-WP_005597990.1,UPF0053 protein HI 0056,1262067,1262798,732,616,3,3,last,mutH,,lexA,cds-WP_005597990.1,1260609,1262798,lexA;mutH;cds-WP_005597990.1
NZ_LN908249.1,Protein Homology,CDS,1262913,1263950,.,+,0,ID=nagZ;product=Beta-hexosaminidase,nagZ,Beta-hexosaminidase,1262913,1263950,1038,617,1,1,single,,,nagZ,nagZ,1262913,1263950,nagZ
NZ_LN908249.1,Protein Homology,CDS,1264031,1265206,.,+,0,ID=rlmC;product=23S_rRNA_(uracil(747)-C(5))-methyltransferase_RlmC,rlmC,23S rRNA (uracil(747)-C(5))-methyltransferase RlmC,1264031,1265206,1176,618,1,1,single,,,rlmC,rlmC,1264031,1265206,rlmC
NZ_LN908249.1,Protein Homology,CDS,1265413,1266723,.,+,0,ID=eno;product=Enolase,eno,Enolase,1265413,1266723,1311,619,1,1,single,,,eno,eno,1265413,1266723,eno
NZ_LN908249.1,Protein Homology,CDS,1266799,1267428,.,+,0,ID=cds-WP_005597993.1;product=Putative_ADP-ribose_pyrophosphatase_YjhB,cds-WP_005597993.1,Putative ADP-ribose pyrophosphatase YjhB,1266799,1267428,630,620,2,1,first,,cds-WP_005597994.1,cds-WP_005597993.1,cds-WP_005597994.1,1266799,1267852,cds-WP_005597993.1;cds-WP_005597994.1
NZ_LN908249.1,Protein Homology,CDS,1267442,1267852,.,+,0,ID=cds-WP_005597994.1;product=Uncharacterized_protein_HI_0931,cds-WP_005597994.1,Uncharacterized protein HI 0931,1267442,1267852,411,620,2,2,last,cds-WP_005597993.1,,cds-WP_005597993.1,cds-WP_005597994.1,1266799,1267852,cds-WP_005597993.1;cds-WP_005597994.1
NZ_LN908249.1,Protein Homology,CDS,1267911,1269719,.,-,0,ID=recQ;product=ATP-dependent_DNA_helicase_RecQ,recQ,ATP-dependent DNA helicase RecQ,1267911,1269719,1809,621,1,1,single,,,recQ,recQ,1267911,1269719,recQ
NZ_LN908249.1,Protein Homology,CDS,1269804,1270109,.,-,0,ID=cyaY;product=Protein_CyaY,cyaY,Protein CyaY,1269804,1270109,306,622,4,4,last,cds-WP_039709194.1,,tsaD,cyaY,1269804,1271864,tsaD;cds-WP_005612537.1;cds-WP_039709194.1;cyaY
NZ_LN908249.1,Protein Homology,CDS,1270118,1270474,.,-,0,ID=cds-WP_039709194.1;product=Lipooligosaccharide_biosynthesis_protein_LpsA,cds-WP_039709194.1,Lipooligosaccharide biosynthesis protein LpsA,1270118,1270474,357,622,4,3,internal,cds-WP_005612537.1,cyaY,tsaD,cyaY,1269804,1271864,tsaD;cds-WP_005612537.1;cds-WP_039709194.1;cyaY
NZ_LN908249.1,Protein Homology,CDS,1270478,1270780,.,-,0,ID=cds-WP_005612537.1;product=Lipooligosaccharide_biosynthesis_protein_LpsA,cds-WP_005612537.1,Lipooligosaccharide biosynthesis protein LpsA,1270478,1270780,303,622,4,2,internal,tsaD,cds-WP_039709194.1,tsaD,cyaY,1269804,1271864,tsaD;cds-WP_005612537.1;cds-WP_039709194.1;cyaY
NZ_LN908249.1,Protein Homology,CDS,1270821,1271864,.,-,0,ID=tsaD;product=tRNA_N6-adenosine_threonylcarbamoyltransferase,tsaD,tRNA N6-adenosine threonylcarbamoyltransferase,1270821,1271864,1044,622,4,1,first,,cds-WP_005612537.1,tsaD,cyaY,1269804,1271864,tsaD;cds-WP_005612537.1;cds-WP_039709194.1;cyaY
NZ_LN908249.1,Protein Homology,CDS,1271956,1272732,.,-,0,ID=cds-WP_005598002.1;product=Outer_membrane_protein_assembly_factor_BamD,cds-WP_005598002.1,Outer membrane protein assembly factor BamD,1271956,1272732,777,623,1,1,single,,,cds-WP_005598002.1,cds-WP_005598002.1,1271956,1272732,cds-WP_005598002.1
NZ_LN908249.1,Protein Homology,CDS,1272885,1273862,.,+,0,ID=rluD;product=Ribosomal_large_subunit_pseudouridine_synthase_D,rluD,Ribosomal large subunit pseudouridine synthase D,1272885,1273862,978,624,1,1,single,,,rluD,rluD,1272885,1273862,rluD
NZ_LN908249.1,Protein Homology,CDS,1273906,1274619,.,-,0,ID=cds-WP_005601594.1;product=Uncharacterized_protein_HI_1626,cds-WP_005601594.1,Uncharacterized protein HI 1626,1273906,1274619,714,625,2,2,last,pfkA,,pfkA,cds-WP_005601594.1,1273906,1275652,pfkA;cds-WP_005601594.1
NZ_LN908249.1,Protein Homology,CDS,1274678,1275652,.,-,0,ID=pfkA;product=ATP-dependent_6-phosphofructokinase,pfkA,ATP-dependent 6-phosphofructokinase,1274678,1275652,975,625,2,1,first,,cds-WP_005601594.1,pfkA,cds-WP_005601594.1,1273906,1275652,pfkA;cds-WP_005601594.1
NZ_LN908249.1,Protein Homology,CDS,1275762,1276964,.,-,0,ID=cds-WP_039709195.1;product=Probable_cysteine_desulfurase,cds-WP_039709195.1,Probable cysteine desulfurase,1275762,1276964,1203,626,2,2,last,cds-WP_039709196.1,,cds-WP_039709196.1,cds-WP_039709195.1,1275762,1277662,cds-WP_039709196.1;cds-WP_039709195.1
NZ_LN908249.1,Protein Homology,CDS,1276964,1277662,.,-,0,ID=cds-WP_039709196.1;product=Uncharacterized_endonuclease_HI_1296,cds-WP_039709196.1,Uncharacterized endonuclease HI 1296,1276964,1277662,699,626,2,1,first,,cds-WP_039709195.1,cds-WP_039709196.1,cds-WP_039709195.1,1275762,1277662,cds-WP_039709196.1;cds-WP_039709195.1
NZ_LN908249.1,Protein Homology,CDS,1277728,1279095,.,-,0,ID=cds-WP_005601600.1;product=Uncharacterized_transporter_HI_0883,cds-WP_005601600.1,Uncharacterized transporter HI 0883,1277728,1279095,1368,627,1,1,single,,,cds-WP_005601600.1,cds-WP_005601600.1,1277728,1279095,cds-WP_005601600.1
NZ_LN908249.1,Protein Homology,CDS,1279561,1280613,.,-,0,ID=cds-WP_039709197.1;product=UPF0118_membrane_protein_HI_0338,cds-WP_039709197.1,UPF0118 membrane protein HI 0338,1279561,1280613,1053,628,1,1,single,,,cds-WP_039709197.1,cds-WP_039709197.1,1279561,1280613,cds-WP_039709197.1
NZ_LN908249.1,Protein Homology,CDS,1280707,1281081,.,-,0,ID=cds-WP_005601602.1;product=Uncharacterized_protein_PM0670,cds-WP_005601602.1,Uncharacterized protein PM0670,1280707,1281081,375,629,1,1,single,,,cds-WP_005601602.1,cds-WP_005601602.1,1280707,1281081,cds-WP_005601602.1
NZ_LN908249.1,Protein Homology,CDS,1281230,1282627,.,+,0,ID=trhP;product=Uncharacterized_protease_HI_0419,trhP,Uncharacterized protease HI 0419,1281230,1282627,1398,630,1,1,single,,,trhP,trhP,1281230,1282627,trhP
NZ_LN908249.1,Protein Homology,CDS,1282874,1284121,.,+,0,ID=cds-WP_005608345.1;product=Uncharacterized_protein_HI_0874,cds-WP_005608345.1,Uncharacterized protein HI 0874,1282874,1284121,1248,631,6,1,first,,waaA,cds-WP_005608345.1,cds-WP_039709199.1,1282874,1288104,cds-WP_005608345.1;waaA;coaD;orn;tsaE;cds-WP_039709199.1
NZ_LN908249.1,Protein Homology,CDS,1284121,1285401,.,+,0,ID=waaA;product=3-deoxy-D-manno-octulosonic_acid_transferase,waaA,3-deoxy-D-manno-octulosonic acid transferase,1284121,1285401,1281,631,6,2,internal,cds-WP_005608345.1,coaD,cds-WP_005608345.1,cds-WP_039709199.1,1282874,1288104,cds-WP_005608345.1;waaA;coaD;orn;tsaE;cds-WP_039709199.1
NZ_LN908249.1,Protein Homology,CDS,1285403,1285879,.,+,0,ID=coaD;product=Phosphopantetheine_adenylyltransferase,coaD,Phosphopantetheine adenylyltransferase,1285403,1285879,477,631,6,3,internal,waaA,orn,cds-WP_005608345.1,cds-WP_039709199.1,1282874,1288104,cds-WP_005608345.1;waaA;coaD;orn;tsaE;cds-WP_039709199.1
NZ_LN908249.1,Protein Homology,CDS,1285882,1286436,.,+,0,ID=orn;product=Oligoribonuclease,orn,Oligoribonuclease,1285882,1286436,555,631,6,4,internal,coaD,tsaE,cds-WP_005608345.1,cds-WP_039709199.1,1282874,1288104,cds-WP_005608345.1;waaA;coaD;orn;tsaE;cds-WP_039709199.1
NZ_LN908249.1,Protein Homology,CDS,1286444,1286935,.,+,0,ID=tsaE;product=tRNA_threonylcarbamoyladenosine_biosynthesis_protein_TsaE,tsaE,tRNA threonylcarbamoyladenosine biosynthesis protein TsaE,1286444,1286935,492,631,6,5,internal,orn,cds-WP_039709199.1,cds-WP_005608345.1,cds-WP_039709199.1,1282874,1288104,cds-WP_005608345.1;waaA;coaD;orn;tsaE;cds-WP_039709199.1
NZ_LN908249.1,Protein Homology,CDS,1286959,1288104,.,+,0,ID=cds-WP_039709199.1;product=Probable_N-acetylmuramoyl-L-alanine_amidase_AmiB,cds-WP_039709199.1,Probable N-acetylmuramoyl-L-alanine amidase AmiB,1286959,1288104,1146,631,6,6,last,tsaE,,cds-WP_005608345.1,cds-WP_039709199.1,1282874,1288104,cds-WP_005608345.1;waaA;coaD;orn;tsaE;cds-WP_039709199.1
NZ_LN908249.1,Protein Homology,CDS,1288183,1289823,.,-,0,ID=pgi;product=Glucose-6-phosphate_isomerase,pgi,Glucose-6-phosphate isomerase,1288183,1289823,1641,632,2,2,last,ubiK,,ubiK,pgi,1288183,1290111,ubiK;pgi
NZ_LN908249.1,Protein Homology,CDS,1289860,1290111,.,-,0,ID=ubiK;product=Uncharacterized_protein_YqiC,ubiK,Uncharacterized protein YqiC,1289860,1290111,252,632,2,1,first,,pgi,ubiK,pgi,1288183,1290111,ubiK;pgi
NZ_LN908249.1,tRNAscan-SE,tRNA,1290237,1290311,.,-,.,ID=rna-MIDG2331_RS05780;product='tRNA',rna-MIDG2331_RS05780,'tRNA',1290237,1290311,75,633,4,4,last,rna-MIDG2331_RS05785,,rna-MIDG2331_RS05795,rna-MIDG2331_RS05780,1290237,1290624,rna-MIDG2331_RS05795;rna-MIDG2331_RS05790;rna-MIDG2331_RS05785;rna-MIDG2331_RS05780
NZ_LN908249.1,tRNAscan-SE,tRNA,1290360,1290434,.,-,.,ID=rna-MIDG2331_RS05785;product='tRNA',rna-MIDG2331_RS05785,'tRNA',1290360,1290434,75,633,4,3,internal,rna-MIDG2331_RS05790,rna-MIDG2331_RS05780,rna-MIDG2331_RS05795,rna-MIDG2331_RS05780,1290237,1290624,rna-MIDG2331_RS05795;rna-MIDG2331_RS05790;rna-MIDG2331_RS05785;rna-MIDG2331_RS05780
NZ_LN908249.1,tRNAscan-SE,tRNA,1290460,1290544,.,-,.,ID=rna-MIDG2331_RS05790;product='tRNA',rna-MIDG2331_RS05790,'tRNA',1290460,1290544,85,633,4,2,internal,rna-MIDG2331_RS05795,rna-MIDG2331_RS05785,rna-MIDG2331_RS05795,rna-MIDG2331_RS05780,1290237,1290624,rna-MIDG2331_RS05795;rna-MIDG2331_RS05790;rna-MIDG2331_RS05785;rna-MIDG2331_RS05780
NZ_LN908249.1,tRNAscan-SE,tRNA,1290548,1290624,.,-,.,ID=rna-MIDG2331_RS05795;product='tRNA',rna-MIDG2331_RS05795,'tRNA',1290548,1290624,77,633,4,1,first,,rna-MIDG2331_RS05790,rna-MIDG2331_RS05795,rna-MIDG2331_RS05780,1290237,1290624,rna-MIDG2331_RS05795;rna-MIDG2331_RS05790;rna-MIDG2331_RS05785;rna-MIDG2331_RS05780
NZ_LN908249.1,Protein Homology,CDS,1290799,1291623,.,-,0,ID=aroE;product=Shikimate_dehydrogenase_(NADP(+)),aroE,Shikimate dehydrogenase (NADP(+)),1290799,1291623,825,634,6,6,last,tsaC,,recA,aroE,1290799,1294664,recA;recX;yqfB;cds-WP_039709201.1;tsaC;aroE
NZ_LN908249.1,Protein Homology,CDS,1291630,1292184,.,-,0,ID=tsaC;product=Threonylcarbamoyl-AMP_synthase,tsaC,Threonylcarbamoyl-AMP synthase,1291630,1292184,555,634,6,5,internal,cds-WP_039709201.1,aroE,recA,aroE,1290799,1294664,recA;recX;yqfB;cds-WP_039709201.1;tsaC;aroE
NZ_LN908249.1,Protein Homology,CDS,1292177,1292710,.,-,0,ID=cds-WP_039709201.1;product=Uncharacterized_protein_HI_0656.1,cds-WP_039709201.1,Uncharacterized protein HI 0656.1,1292177,1292710,534,634,6,4,internal,yqfB,tsaC,recA,aroE,1290799,1294664,recA;recX;yqfB;cds-WP_039709201.1;tsaC;aroE
NZ_LN908249.1,Protein Homology,CDS,1292707,1293015,.,-,0,ID=yqfB;product=UPF0267_protein_PM1447,yqfB,UPF0267 protein PM1447,1292707,1293015,309,634,6,3,internal,recX,cds-WP_039709201.1,recA,aroE,1290799,1294664,recA;recX;yqfB;cds-WP_039709201.1;tsaC;aroE
NZ_LN908249.1,Protein Homology,CDS,1293008,1293463,.,-,0,ID=recX;product=Regulatory_protein_RecX,recX,Regulatory protein RecX,1293008,1293463,456,634,6,2,internal,recA,yqfB,recA,aroE,1290799,1294664,recA;recX;yqfB;cds-WP_039709201.1;tsaC;aroE
NZ_LN908249.1,Protein Homology,CDS,1293534,1294664,.,-,0,ID=recA;product=Protein_RecA,recA,Protein RecA,1293534,1294664,1131,634,6,1,first,,recX,recA,aroE,1290799,1294664,recA;recX;yqfB;cds-WP_039709201.1;tsaC;aroE
NZ_LN908249.1,Protein Homology,CDS,1294778,1295383,.,-,0,ID=cds-WP_039709203.1;product=Uncharacterized_protein_HI_1169,cds-WP_039709203.1,Uncharacterized protein HI 1169,1294778,1295383,606,635,2,2,last,cds-WP_012263115.1,,cds-WP_012263115.1,cds-WP_039709203.1,1294778,1296329,cds-WP_012263115.1;cds-WP_039709203.1
NZ_LN908249.1,Protein Homology,CDS,1295361,1296329,.,-,0,ID=cds-WP_012263115.1;product=Uncharacterized_PabA-like_protein_PM1464,cds-WP_012263115.1,Uncharacterized PabA-like protein PM1464,1295361,1296329,969,635,2,1,first,,cds-WP_039709203.1,cds-WP_012263115.1,cds-WP_039709203.1,1294778,1296329,cds-WP_012263115.1;cds-WP_039709203.1
NZ_LN908249.1,Protein Homology,CDS,1296464,1298098,.,+,0,ID=cds-WP_039709204.1;product=DNA_recombination_protein_RmuC_homolog,cds-WP_039709204.1,DNA recombination protein RmuC homolog,1296464,1298098,1635,636,2,1,first,,cds-WP_039709205.1,cds-WP_039709204.1,cds-WP_039709205.1,1296464,1298681,cds-WP_039709204.1;cds-WP_039709205.1
NZ_LN908249.1,Protein Homology,CDS,1298070,1298681,.,+,0,ID=cds-WP_039709205.1;product=Putative_anthranilate_synthase_component_II,cds-WP_039709205.1,Putative anthranilate synthase component II,1298070,1298681,612,636,2,2,last,cds-WP_039709204.1,,cds-WP_039709204.1,cds-WP_039709205.1,1296464,1298681,cds-WP_039709204.1;cds-WP_039709205.1
NZ_LN908249.1,Protein Homology,CDS,1298753,1299202,.,+,0,ID=cds-WP_005608359.1;product=Putative_fluoride_ion_transporter_CrcB_1,cds-WP_005608359.1,Putative fluoride ion transporter CrcB 1,1298753,1299202,450,637,1,1,single,,,cds-WP_005608359.1,cds-WP_005608359.1,1298753,1299202,cds-WP_005608359.1
NZ_LN908249.1,Protein Homology,CDS,1299374,1301149,.,+,0,ID=aspS;product=Aspartate--tRNA_ligase,aspS,Aspartate--tRNA ligase,1299374,1301149,1776,638,3,1,first,,nudB,aspS,cds-WP_005601643.1,1299374,1302417,aspS;nudB;cds-WP_005601643.1
NZ_LN908249.1,Protein Homology,CDS,1301183,1301653,.,+,0,ID=nudB;product=Dihydroneopterin_triphosphate_diphosphatase,nudB,Dihydroneopterin triphosphate diphosphatase,1301183,1301653,471,638,3,2,internal,aspS,cds-WP_005601643.1,aspS,cds-WP_005601643.1,1299374,1302417,aspS;nudB;cds-WP_005601643.1
NZ_LN908249.1,Protein Homology,CDS,1301677,1302417,.,+,0,ID=cds-WP_005601643.1;product=Probable_transcriptional_regulatory_protein_APL_1151,cds-WP_005601643.1,Probable transcriptional regulatory protein APL 1151,1301677,1302417,741,638,3,3,last,nudB,,aspS,cds-WP_005601643.1,1299374,1302417,aspS;nudB;cds-WP_005601643.1
NZ_LN908249.1,Protein Homology,CDS,1302551,1303075,.,+,0,ID=cds-WP_005598057.1;product='hypothetical protein',cds-WP_005598057.1,'hypothetical protein',1302551,1303075,525,639,1,1,single,,,cds-WP_005598057.1,cds-WP_005598057.1,1302551,1303075,cds-WP_005598057.1
NZ_LN908249.1,Protein Homology,CDS,1303159,1303737,.,+,0,ID=ruvC;product=Crossover_junction_endodeoxyribonuclease_RuvC,ruvC,Crossover junction endodeoxyribonuclease RuvC,1303159,1303737,579,640,1,1,single,,,ruvC,ruvC,1303159,1303737,ruvC
NZ_LN908249.1,Protein Homology,CDS,1303777,1305291,.,-,0,ID=cds-WP_005601646.1;product=Protein_YhjJ,cds-WP_005601646.1,Protein YhjJ,1303777,1305291,1515,641,1,1,single,,,cds-WP_005601646.1,cds-WP_005601646.1,1303777,1305291,cds-WP_005601646.1
NZ_LN908249.1,Protein Homology,CDS,1305449,1307722,.,-,0,ID=metE;product=5-methyltetrahydropteroyltriglutamate--homocysteine_methyltransferase,metE,5-methyltetrahydropteroyltriglutamate--homocysteine methyltransferase,1305449,1307722,2274,642,1,1,single,,,metE,metE,1305449,1307722,metE
NZ_LN908249.1,Protein Homology,CDS,1307953,1309413,.,-,0,ID=cds-WP_005604894.1;product=Dicarboxylate_transporter_1_chloroplastic,cds-WP_005604894.1,Dicarboxylate transporter 1 chloroplastic,1307953,1309413,1461,643,1,1,single,,,cds-WP_005604894.1,cds-WP_005604894.1,1307953,1309413,cds-WP_005604894.1
NZ_LN908249.1,Protein Homology,CDS,1309640,1310569,.,+,0,ID=cds-WP_005608369.1;product=HTH-type_transcriptional_regulator_MetR,cds-WP_005608369.1,HTH-type transcriptional regulator MetR,1309640,1310569,930,644,1,1,single,,,cds-WP_005608369.1,cds-WP_005608369.1,1309640,1310569,cds-WP_005608369.1
NZ_LN908249.1,Protein Homology,CDS,1310647,1311225,.,-,0,ID=cds-WP_233432358.1;product=Uncharacterized_protein_HI_0973,cds-WP_233432358.1,Uncharacterized protein HI 0973,1310647,1311225,579,645,2,2,last,cds-WP_081043520.1,,cds-WP_081043520.1,cds-WP_233432358.1,1310647,1311710,cds-WP_081043520.1;cds-WP_233432358.1
NZ_LN908249.1,Protein Homology,CDS,1311237,1311710,.,-,0,ID=cds-WP_081043520.1;product='hypothetical protein',cds-WP_081043520.1,'hypothetical protein',1311237,1311710,474,645,2,1,first,,cds-WP_233432358.1,cds-WP_081043520.1,cds-WP_233432358.1,1310647,1311710,cds-WP_081043520.1;cds-WP_233432358.1
NZ_LN908249.1,Protein Homology,CDS,1311900,1312949,.,-,0,ID=rluB;product=Ribosomal_large_subunit_pseudouridine_synthase_B,rluB,Ribosomal large subunit pseudouridine synthase B,1311900,1312949,1050,646,2,2,last,cds-WP_005604900.1,,cds-WP_005604900.1,rluB,1311900,1313638,cds-WP_005604900.1;rluB
NZ_LN908249.1,Protein Homology,CDS,1313021,1313638,.,-,0,ID=cds-WP_005604900.1;product=Uncharacterized_protein_HI_1198,cds-WP_005604900.1,Uncharacterized protein HI 1198,1313021,1313638,618,646,2,1,first,,rluB,cds-WP_005604900.1,rluB,1311900,1313638,cds-WP_005604900.1;rluB
NZ_LN908249.1,Protein Homology,CDS,1314182,1315078,.,-,0,ID=cds-WP_039709209.1;product=Probable_deferrochelatase/peroxidase_YfeX,cds-WP_039709209.1,Probable deferrochelatase/peroxidase YfeX,1314182,1315078,897,647,1,1,single,,,cds-WP_039709209.1,cds-WP_039709209.1,1314182,1315078,cds-WP_039709209.1
NZ_LN908249.1,Protein Homology,CDS,1315237,1316787,.,+,0,ID=cds-WP_039709210.1;product=Anthranilate_synthase_component_1,cds-WP_039709210.1,Anthranilate synthase component 1,1315237,1316787,1551,648,4,1,first,,cds-WP_039709211.1,cds-WP_039709210.1,cds-WP_005598083.1,1315237,1319247,cds-WP_039709210.1;cds-WP_039709211.1;trpD;cds-WP_005598083.1
NZ_LN908249.1,Protein Homology,CDS,1316801,1317388,.,+,0,ID=cds-WP_039709211.1;product=Anthranilate_synthase_component_2,cds-WP_039709211.1,Anthranilate synthase component 2,1316801,1317388,588,648,4,2,internal,cds-WP_039709210.1,trpD,cds-WP_039709210.1,cds-WP_005598083.1,1315237,1319247,cds-WP_039709210.1;cds-WP_039709211.1;trpD;cds-WP_005598083.1
NZ_LN908249.1,Protein Homology,CDS,1317445,1318449,.,+,0,ID=trpD;product=Anthranilate_phosphoribosyltransferase,trpD,Anthranilate phosphoribosyltransferase,1317445,1318449,1005,648,4,3,internal,cds-WP_039709211.1,cds-WP_005598083.1,cds-WP_039709210.1,cds-WP_005598083.1,1315237,1319247,cds-WP_039709210.1;cds-WP_039709211.1;trpD;cds-WP_005598083.1
NZ_LN908249.1,Protein Homology,CDS,1318492,1319247,.,+,0,ID=cds-WP_005598083.1;product=Uncharacterized_protein_HI_0912,cds-WP_005598083.1,Uncharacterized protein HI 0912,1318492,1319247,756,648,4,4,last,trpD,,cds-WP_039709210.1,cds-WP_005598083.1,1315237,1319247,cds-WP_039709210.1;cds-WP_039709211.1;trpD;cds-WP_005598083.1
NZ_LN908249.1,Protein Homology,CDS,1319274,1320359,.,-,0,ID=cds-WP_005598085.1;product=Uncharacterized_protein_HI_1399,cds-WP_005598085.1,Uncharacterized protein HI 1399,1319274,1320359,1086,649,1,1,single,,,cds-WP_005598085.1,cds-WP_005598085.1,1319274,1320359,cds-WP_005598085.1
NZ_LN908249.1,Protein Homology,CDS,1320555,1320770,.,+,0,ID=cds-WP_005598087.1;product=Uncharacterized_protein_YdcH,cds-WP_005598087.1,Uncharacterized protein YdcH,1320555,1320770,216,650,1,1,single,,,cds-WP_005598087.1,cds-WP_005598087.1,1320555,1320770,cds-WP_005598087.1
NZ_LN908249.1,Protein Homology,CDS,1320859,1321308,.,-,0,ID=rplI;product=50S_ribosomal_protein_L9,rplI,50S ribosomal protein L9,1320859,1321308,450,651,4,4,last,rpsR,,rpsF,rplI,1320859,1322251,rpsF;priB;rpsR;rplI
NZ_LN908249.1,Protein Homology,CDS,1321326,1321553,.,-,0,ID=rpsR;product=30S_ribosomal_protein_S18,rpsR,30S ribosomal protein S18,1321326,1321553,228,651,4,3,internal,priB,rplI,rpsF,rplI,1320859,1322251,rpsF;priB;rpsR;rplI
NZ_LN908249.1,Protein Homology,CDS,1321528,1321902,.,-,0,ID=priB;product=Primosomal_replication_protein_N,priB,Primosomal replication protein N,1321528,1321902,375,651,4,2,internal,rpsF,rpsR,rpsF,rplI,1320859,1322251,rpsF;priB;rpsR;rplI
NZ_LN908249.1,Protein Homology,CDS,1321877,1322251,.,-,0,ID=rpsF;product=30S_ribosomal_protein_S6,rpsF,30S ribosomal protein S6,1321877,1322251,375,651,4,1,first,,priB,rpsF,rplI,1320859,1322251,rpsF;priB;rpsR;rplI
NZ_LN908249.1,Protein Homology,CDS,1322543,1323829,.,+,0,ID=purD;product=Phosphoribosylamine--glycine_ligase,purD,Phosphoribosylamine--glycine ligase,1322543,1323829,1287,652,1,1,single,,,purD,purD,1322543,1323829,purD
NZ_LN908249.1,Protein Homology,CDS,1323921,1324613,.,-,0,ID=pnuC;product=Nicotinamide_riboside_transporter_PnuC,pnuC,Nicotinamide riboside transporter PnuC,1323921,1324613,693,653,1,1,single,,,pnuC,pnuC,1323921,1324613,pnuC
NZ_LN908249.1,Protein Homology,CDS,1324741,1325364,.,-,0,ID=cds-WP_005601670.1;product=UPF0070_protein_HI_0370,cds-WP_005601670.1,UPF0070 protein HI 0370,1324741,1325364,624,654,4,4,last,hisS,,cds-WP_005598115.1,cds-WP_005601670.1,1324741,1328869,cds-WP_005598115.1;ispG;hisS;cds-WP_005601670.1
NZ_LN908249.1,Protein Homology,CDS,1325380,1326651,.,-,0,ID=hisS;product=Histidine--tRNA_ligase,hisS,Histidine--tRNA ligase,1325380,1326651,1272,654,4,3,internal,ispG,cds-WP_005601670.1,cds-WP_005598115.1,cds-WP_005601670.1,1324741,1328869,cds-WP_005598115.1;ispG;hisS;cds-WP_005601670.1
NZ_LN908249.1,Protein Homology,CDS,1326779,1327891,.,-,0,ID=ispG;product=4-hydroxy-3-methylbut-2-en-1-yl_diphosphate_synthase_(flavodoxin),ispG,4-hydroxy-3-methylbut-2-en-1-yl diphosphate synthase (flavodoxin),1326779,1327891,1113,654,4,2,internal,cds-WP_005598115.1,hisS,cds-WP_005598115.1,cds-WP_005601670.1,1324741,1328869,cds-WP_005598115.1;ispG;hisS;cds-WP_005601670.1
NZ_LN908249.1,Protein Homology,CDS,1327901,1328869,.,-,0,ID=cds-WP_005598115.1;product=Uncharacterized_protein_HI_0367,cds-WP_005598115.1,Uncharacterized protein HI 0367,1327901,1328869,969,654,4,1,first,,ispG,cds-WP_005598115.1,cds-WP_005601670.1,1324741,1328869,cds-WP_005598115.1;ispG;hisS;cds-WP_005601670.1
NZ_LN908249.1,Protein Homology,CDS,1329149,1330705,.,+,0,ID=cds-WP_005608404.1;product=Sulfate_permease_2,cds-WP_005608404.1,Sulfate permease 2,1329149,1330705,1557,655,1,1,single,,,cds-WP_005608404.1,cds-WP_005608404.1,1329149,1330705,cds-WP_005608404.1
NZ_LN908249.1,Protein Homology,CDS,1331015,1332391,.,-,0,ID=argH;product=Argininosuccinate_lyase,argH,Argininosuccinate lyase,1331015,1332391,1377,656,1,1,single,,,argH,argH,1331015,1332391,argH
NZ_LN908249.1,Protein Homology,CDS,1332673,1333716,.,-,0,ID=cds-WP_039709215.1;product=Uncharacterized_oxidoreductase_YhhX,cds-WP_039709215.1,Uncharacterized oxidoreductase YhhX,1332673,1333716,1044,657,1,1,single,,,cds-WP_039709215.1,cds-WP_039709215.1,1332673,1333716,cds-WP_039709215.1
NZ_LN908249.1,Protein Homology,CDS,1333964,1335772,.,+,0,ID=cds-WP_039709658.1;product=Glutathione-regulated_potassium-efflux_system_protein,cds-WP_039709658.1,Glutathione-regulated potassium-efflux system protein,1333964,1335772,1809,658,1,1,single,,,cds-WP_039709658.1,cds-WP_039709658.1,1333964,1335772,cds-WP_039709658.1
NZ_LN908249.1,Protein Homology,CDS,1335967,1337175,.,+,0,ID=cds-WP_039755275.1;product=Uncharacterized_protein_HI_1038,cds-WP_039755275.1,Uncharacterized protein HI 1038,1335967,1337175,1209,659,1,1,single,,,cds-WP_039755275.1,cds-WP_039755275.1,1335967,1337175,cds-WP_039755275.1
NZ_LN908249.1,Protein Homology,CDS,1337272,1338672,.,+,0,ID=cds-MIDG2331_RS06030;product='hypothetical protein',cds-MIDG2331_RS06030,'hypothetical protein',1337272,1338672,1401,660,3,1,first,,cds-WP_009874787.1,cds-MIDG2331_RS06030,cds-WP_009874788.1,1337272,1339830,cds-MIDG2331_RS06030;cds-WP_009874787.1;cds-WP_009874788.1
NZ_LN908249.1,Protein Homology,CDS,1338675,1339172,.,+,0,ID=cds-WP_009874787.1;product='hypothetical protein',cds-WP_009874787.1,'hypothetical protein',1338675,1339172,498,660,3,2,internal,cds-MIDG2331_RS06030,cds-WP_009874788.1,cds-MIDG2331_RS06030,cds-WP_009874788.1,1337272,1339830,cds-MIDG2331_RS06030;cds-WP_009874787.1;cds-WP_009874788.1
NZ_LN908249.1,Protein Homology,CDS,1339186,1339830,.,+,0,ID=cds-WP_009874788.1;product='hypothetical protein',cds-WP_009874788.1,'hypothetical protein',1339186,1339830,645,660,3,3,last,cds-WP_009874787.1,,cds-MIDG2331_RS06030,cds-WP_009874788.1,1337272,1339830,cds-MIDG2331_RS06030;cds-WP_009874787.1;cds-WP_009874788.1
NZ_LN908249.1,Protein Homology,CDS,1340052,1340945,.,-,0,ID=cds-WP_039709216.1;product=Uncharacterized_HTH-type_transcriptional_regulator_HI_1364,cds-WP_039709216.1,Uncharacterized HTH-type transcriptional regulator HI 1364,1340052,1340945,894,661,1,1,single,,,cds-WP_039709216.1,cds-WP_039709216.1,1340052,1340945,cds-WP_039709216.1
NZ_LN908249.1,Protein Homology,CDS,1341069,1341521,.,+,0,ID=cds-WP_039709217.1;product='hypothetical protein',cds-WP_039709217.1,'hypothetical protein',1341069,1341521,453,662,1,1,single,,,cds-WP_039709217.1,cds-WP_039709217.1,1341069,1341521,cds-WP_039709217.1
NZ_LN908249.1,Protein Homology,CDS,1341644,1342537,.,-,0,ID=cds-WP_414973567.1;product='hypothetical protein',cds-WP_414973567.1,'hypothetical protein',1341644,1342537,894,663,1,1,single,,,cds-WP_414973567.1,cds-WP_414973567.1,1341644,1342537,cds-WP_414973567.1
NZ_LN908249.1,Protein Homology,CDS,1342634,1343476,.,+,0,ID=cds-WP_052245685.1;product=Uncharacterized_HTH-type_transcriptional_regulator_YqhC,cds-WP_052245685.1,Uncharacterized HTH-type transcriptional regulator YqhC,1342634,1343476,843,664,1,1,single,,,cds-WP_052245685.1,cds-WP_052245685.1,1342634,1343476,cds-WP_052245685.1
NZ_LN908249.1,Protein Homology,CDS,1343535,1344434,.,-,0,ID=cds-WP_058230487.1;product=HTH-type_transcriptional_activator_NahR,cds-WP_058230487.1,HTH-type transcriptional activator NahR,1343535,1344434,900,665,1,1,single,,,cds-WP_058230487.1,cds-WP_058230487.1,1343535,1344434,cds-WP_058230487.1
NZ_LN908249.1,Protein Homology,CDS,1344525,1345595,.,+,0,ID=cds-WP_039709218.1;product=NADPH_dehydrogenase,cds-WP_039709218.1,NADPH dehydrogenase,1344525,1345595,1071,666,2,1,first,,cds-WP_039709219.1,cds-WP_039709218.1,cds-WP_039709219.1,1344525,1346714,cds-WP_039709218.1;cds-WP_039709219.1
NZ_LN908249.1,Protein Homology,CDS,1345677,1346714,.,+,0,ID=cds-WP_039709219.1;product=Uncharacterized_protein_YvbT,cds-WP_039709219.1,Uncharacterized protein YvbT,1345677,1346714,1038,666,2,2,last,cds-WP_039709218.1,,cds-WP_039709218.1,cds-WP_039709219.1,1344525,1346714,cds-WP_039709218.1;cds-WP_039709219.1
NZ_LN908249.1,Protein Homology,CDS,1346773,1347675,.,-,0,ID=cds-WP_269447637.1;product=Glyoxylate/succinic_semialdehyde_reductase_2_chloroplastic,cds-WP_269447637.1,Glyoxylate/succinic semialdehyde reductase 2 chloroplastic,1346773,1347675,903,667,1,1,single,,,cds-WP_269447637.1,cds-WP_269447637.1,1346773,1347675,cds-WP_269447637.1
NZ_LN908249.1,Protein Homology,CDS,1347954,1348616,.,+,0,ID=cds-WP_039709221.1;product=Putative_NAD(P)H_nitroreductase,cds-WP_039709221.1,Putative NAD(P)H nitroreductase,1347954,1348616,663,668,1,1,single,,,cds-WP_039709221.1,cds-WP_039709221.1,1347954,1348616,cds-WP_039709221.1
NZ_LN908249.1,Protein Homology,CDS,1348770,1349387,.,+,0,ID=cds-WP_005601708.1;product=UPF0056_membrane_protein_YvbG,cds-WP_005601708.1,UPF0056 membrane protein YvbG,1348770,1349387,618,669,1,1,single,,,cds-WP_005601708.1,cds-WP_005601708.1,1348770,1349387,cds-WP_005601708.1
NZ_LN908249.1,Protein Homology,CDS,1349466,1350028,.,+,0,ID=cds-MIDG2331_RS06095;product='hypothetical protein',cds-MIDG2331_RS06095,'hypothetical protein',1349466,1350028,563,670,1,1,single,,,cds-MIDG2331_RS06095,cds-MIDG2331_RS06095,1349466,1350028,cds-MIDG2331_RS06095
NZ_LN908249.1,Protein Homology,CDS,1350102,1350959,.,-,0,ID=fghA;product=S-formylglutathione_hydrolase_YeiG,fghA,S-formylglutathione hydrolase YeiG,1350102,1350959,858,671,2,2,last,yghU,,yghU,fghA,1350102,1351768,yghU;fghA
NZ_LN908249.1,Protein Homology,CDS,1350974,1351768,.,-,0,ID=yghU;product=Uncharacterized_GST-like_protein_SMU_1296,yghU,Uncharacterized GST-like protein SMU 1296,1350974,1351768,795,671,2,1,first,,fghA,yghU,fghA,1350102,1351768,yghU;fghA
NZ_LN908249.1,Protein Homology,CDS,1351944,1352363,.,-,0,ID=cds-WP_005612655.1;product=VapC_ribonuclease_Y4jK,cds-WP_005612655.1,VapC ribonuclease Y4jK,1351944,1352363,420,672,2,2,last,cds-WP_005598164.1,,cds-WP_005598164.1,cds-WP_005612655.1,1351944,1352630,cds-WP_005598164.1;cds-WP_005612655.1
NZ_LN908249.1,Protein Homology,CDS,1352373,1352630,.,-,0,ID=cds-WP_005598164.1;product='hypothetical protein',cds-WP_005598164.1,'hypothetical protein',1352373,1352630,258,672,2,1,first,,cds-WP_005612655.1,cds-WP_005598164.1,cds-WP_005612655.1,1351944,1352630,cds-WP_005598164.1;cds-WP_005612655.1
NZ_LN908249.1,Protein Homology,CDS,1352780,1353898,.,-,0,ID=cds-WP_005615594.1;product=S-(hydroxymethyl)glutathione_dehydrogenase,cds-WP_005615594.1,S-(hydroxymethyl)glutathione dehydrogenase,1352780,1353898,1119,673,1,1,single,,,cds-WP_005615594.1,cds-WP_005615594.1,1352780,1353898,cds-WP_005615594.1
NZ_LN908249.1,Protein Homology,CDS,1354053,1356079,.,-,0,ID=cds-MIDG2331_RS06125;product=Uncharacterized_transporter_HI_1706,cds-MIDG2331_RS06125,Uncharacterized transporter HI 1706,1354053,1356079,2027,674,1,1,single,,,cds-MIDG2331_RS06125,cds-MIDG2331_RS06125,1354053,1356079,cds-MIDG2331_RS06125
NZ_LN908249.1,Protein Homology,CDS,1356376,1357086,.,+,0,ID=cds-WP_039709224.1;product=Uncharacterized_protein_YIR042C,cds-WP_039709224.1,Uncharacterized protein YIR042C,1356376,1357086,711,675,2,1,first,,cds-WP_039709225.1,cds-WP_039709224.1,cds-WP_039709225.1,1356376,1357922,cds-WP_039709224.1;cds-WP_039709225.1
NZ_LN908249.1,Protein Homology,CDS,1357080,1357922,.,+,0,ID=cds-WP_039709225.1;product='hypothetical protein',cds-WP_039709225.1,'hypothetical protein',1357080,1357922,843,675,2,2,last,cds-WP_039709224.1,,cds-WP_039709224.1,cds-WP_039709225.1,1356376,1357922,cds-WP_039709224.1;cds-WP_039709225.1
NZ_LN908249.1,Protein Homology,CDS,1358001,1358951,.,-,0,ID=tehA;product=Tellurite_resistance_protein_TehA,tehA,Tellurite resistance protein TehA,1358001,1358951,951,676,1,1,single,,,tehA,tehA,1358001,1358951,tehA
NZ_LN908249.1,Protein Homology,CDS,1359047,1359697,.,-,0,ID=hxpB;product=2-deoxyglucose-6-phosphate_phosphatase,hxpB,2-deoxyglucose-6-phosphate phosphatase,1359047,1359697,651,677,1,1,single,,,hxpB,hxpB,1359047,1359697,hxpB
NZ_LN908249.1,Protein Homology,CDS,1359875,1359922,.,-,0,ID=cds-MIDG2331_RS11770;product='hypothetical protein',cds-MIDG2331_RS11770,'hypothetical protein',1359875,1359922,48,678,2,2,last,cds-WP_005604973.1,,cds-WP_005604973.1,cds-MIDG2331_RS11770,1359875,1360498,cds-WP_005604973.1;cds-MIDG2331_RS11770
NZ_LN908249.1,Protein Homology,CDS,1359935,1360498,.,-,0,ID=cds-WP_005604973.1;product='hypothetical protein',cds-WP_005604973.1,'hypothetical protein',1359935,1360498,564,678,2,1,first,,cds-MIDG2331_RS11770,cds-WP_005604973.1,cds-MIDG2331_RS11770,1359875,1360498,cds-WP_005604973.1;cds-MIDG2331_RS11770
NZ_LN908249.1,Protein Homology,CDS,1360585,1362429,.,-,0,ID=cds-WP_005598177.1;product=Uncharacterized_ABC_transporter_ATP-binding_protein_HI_1051,cds-WP_005598177.1,Uncharacterized ABC transporter ATP-binding protein HI 1051,1360585,1362429,1845,679,1,1,single,,,cds-WP_005598177.1,cds-WP_005598177.1,1360585,1362429,cds-WP_005598177.1
NZ_LN908249.1,Protein Homology,CDS,1362535,1363044,.,-,0,ID=luxS;product=S-ribosylhomocysteine_lyase,luxS,S-ribosylhomocysteine lyase,1362535,1363044,510,680,2,2,last,cds-WP_039709227.1,,cds-WP_039709227.1,luxS,1362535,1365765,cds-WP_039709227.1;luxS
NZ_LN908249.1,Protein Homology,CDS,1363099,1365765,.,-,0,ID=cds-WP_039709227.1;product=Uncharacterized_protein_HI_1672,cds-WP_039709227.1,Uncharacterized protein HI 1672,1363099,1365765,2667,680,2,1,first,,luxS,cds-WP_039709227.1,luxS,1362535,1365765,cds-WP_039709227.1;luxS
NZ_LN908249.1,Protein Homology,CDS,1365913,1366362,.,-,0,ID=fur;product=Ferric_uptake_regulation_protein,fur,Ferric uptake regulation protein,1365913,1366362,450,681,3,3,last,fldA,,ybfE,fur,1365913,1367223,ybfE;fldA;fur
NZ_LN908249.1,Protein Homology,CDS,1366393,1366917,.,-,0,ID=fldA;product=Flavodoxin,fldA,Flavodoxin,1366393,1366917,525,681,3,2,internal,ybfE,fur,ybfE,fur,1365913,1367223,ybfE;fldA;fur
NZ_LN908249.1,Protein Homology,CDS,1366939,1367223,.,-,0,ID=ybfE;product=Uncharacterized_protein_YbfE,ybfE,Uncharacterized protein YbfE,1366939,1367223,285,681,3,1,first,,fldA,ybfE,fur,1365913,1367223,ybfE;fldA;fur
NZ_LN908249.1,Protein Homology,CDS,1367432,1367908,.,-,0,ID=ybaK;product=Cys-tRNA(Pro)/Cys-tRNA(Cys)_deacylase_YbaK,ybaK,Cys-tRNA(Pro)/Cys-tRNA(Cys) deacylase YbaK,1367432,1367908,477,682,1,1,single,,,ybaK,ybaK,1367432,1367908,ybaK
NZ_LN908249.1,Protein Homology,CDS,1367993,1368994,.,+,0,ID=cds-WP_005598190.1;product=USG-1_protein_homolog,cds-WP_005598190.1,USG-1 protein homolog,1367993,1368994,1002,683,2,1,first,,cds-WP_058230488.1,cds-WP_005598190.1,cds-WP_058230488.1,1367993,1370350,cds-WP_005598190.1;cds-WP_058230488.1
NZ_LN908249.1,Protein Homology,CDS,1369055,1370350,.,+,0,ID=cds-WP_058230488.1;product=Adenine_permease_AdeP,cds-WP_058230488.1,Adenine permease AdeP,1369055,1370350,1296,683,2,2,last,cds-WP_005598190.1,,cds-WP_005598190.1,cds-WP_058230488.1,1367993,1370350,cds-WP_005598190.1;cds-WP_058230488.1
NZ_LN908249.1,Protein Homology,CDS,1370460,1370810,.,+,0,ID=cds-WP_039709228.1;product=Protein_YchN,cds-WP_039709228.1,Protein YchN,1370460,1370810,351,684,2,1,first,,cds-WP_005612678.1,cds-WP_039709228.1,cds-WP_005612678.1,1370460,1371997,cds-WP_039709228.1;cds-WP_005612678.1
NZ_LN908249.1,Protein Homology,CDS,1370810,1371997,.,+,0,ID=cds-WP_005612678.1;product=Uncharacterized_protein_HI_0933,cds-WP_005612678.1,Uncharacterized protein HI 0933,1370810,1371997,1188,684,2,2,last,cds-WP_039709228.1,,cds-WP_039709228.1,cds-WP_005612678.1,1370460,1371997,cds-WP_039709228.1;cds-WP_005612678.1
NZ_LN908249.1,Protein Homology,CDS,1372075,1372293,.,-,0,ID=infA;product=Translation_initiation_factor_IF-1,infA,Translation initiation factor IF-1,1372075,1372293,219,685,1,1,single,,,infA,infA,1372075,1372293,infA
NZ_LN908249.1,Protein Homology,CDS,1372386,1373048,.,-,0,ID=cds-WP_005598201.1;product=Protein_AhpA,cds-WP_005598201.1,Protein AhpA,1372386,1373048,663,686,1,1,single,,,cds-WP_005598201.1,cds-WP_005598201.1,1372386,1373048,cds-WP_005598201.1
NZ_LN908249.1,Protein Homology,CDS,1373141,1374001,.,+,0,ID=serB;product=Phosphoserine_phosphatase,serB,Phosphoserine phosphatase,1373141,1374001,861,687,3,1,first,,cds-WP_009875523.1,serB,cds-WP_005620436.1,1373141,1374797,serB;cds-WP_009875523.1;cds-WP_005620436.1
NZ_LN908249.1,Protein Homology,CDS,1374060,1374551,.,+,0,ID=cds-WP_009875523.1;product=UPF0234_protein_APL_1231,cds-WP_009875523.1,UPF0234 protein APL 1231,1374060,1374551,492,687,3,2,internal,serB,cds-WP_005620436.1,serB,cds-WP_005620436.1,1373141,1374797,serB;cds-WP_009875523.1;cds-WP_005620436.1
NZ_LN908249.1,Protein Homology,CDS,1374600,1374797,.,+,0,ID=cds-WP_005620436.1;product='hypothetical protein',cds-WP_005620436.1,'hypothetical protein',1374600,1374797,198,687,3,3,last,cds-WP_009875523.1,,serB,cds-WP_005620436.1,1373141,1374797,serB;cds-WP_009875523.1;cds-WP_005620436.1
NZ_LN908249.1,Protein Homology,CDS,1374905,1377304,.,+,0,ID=glgP;product=Maltodextrin_phosphorylase,glgP,Maltodextrin phosphorylase,1374905,1377304,2400,688,1,1,single,,,glgP,glgP,1374905,1377304,glgP
NZ_LN908249.1,Protein Homology,CDS,1377382,1380099,.,-,0,ID=malT;product=HTH-type_transcriptional_regulator_MalT,malT,HTH-type transcriptional regulator MalT,1377382,1380099,2718,689,1,1,single,,,malT,malT,1377382,1380099,malT
NZ_LN908249.1,Protein Homology,CDS,1380214,1381098,.,-,0,ID=malM;product=Maltose_operon_periplasmic_protein,malM,Maltose operon periplasmic protein,1380214,1381098,885,690,1,1,single,,,malM,malM,1380214,1381098,malM
NZ_LN908249.1,Protein Homology,CDS,1381170,1382462,.,-,0,ID=cds-WP_039709232.1;product=Maltoporin,cds-WP_039709232.1,Maltoporin,1381170,1382462,1293,691,2,2,last,malK,,malK,cds-WP_039709232.1,1381170,1383671,malK;cds-WP_039709232.1
NZ_LN908249.1,Protein Homology,CDS,1382532,1383671,.,-,0,ID=malK;product=Maltose/maltodextrin_import_ATP-binding_protein_MalK,malK,Maltose/maltodextrin import ATP-binding protein MalK,1382532,1383671,1140,691,2,1,first,,cds-WP_039709232.1,malK,cds-WP_039709232.1,1381170,1383671,malK;cds-WP_039709232.1
NZ_LN908249.1,Protein Homology,CDS,1384003,1385187,.,+,0,ID=malE;product=Maltose-binding_periplasmic_protein,malE,Maltose-binding periplasmic protein,1384003,1385187,1185,692,4,1,first,,malF,malE,malQ,1384003,1389866,malE;malF;malG;malQ
NZ_LN908249.1,Protein Homology,CDS,1385266,1386816,.,+,0,ID=malF;product=Maltose_transport_system_permease_protein_MalF,malF,Maltose transport system permease protein MalF,1385266,1386816,1551,692,4,2,internal,malE,malG,malE,malQ,1384003,1389866,malE;malF;malG;malQ
NZ_LN908249.1,Protein Homology,CDS,1386867,1387757,.,+,0,ID=malG;product=Maltose_transport_system_permease_protein_MalG,malG,Maltose transport system permease protein MalG,1386867,1387757,891,692,4,3,internal,malF,malQ,malE,malQ,1384003,1389866,malE;malF;malG;malQ
NZ_LN908249.1,Protein Homology,CDS,1387818,1389866,.,+,0,ID=malQ;product=4-alpha-glucanotransferase,malQ,4-alpha-glucanotransferase,1387818,1389866,2049,692,4,4,last,malG,,malE,malQ,1384003,1389866,malE;malF;malG;malQ
NZ_LN908249.1,Protein Homology,CDS,1390084,1391670,.,+,0,ID=cds-WP_039709234.1;product=Uncharacterized_membrane_protein_HI_1126.1,cds-WP_039709234.1,Uncharacterized membrane protein HI 1126.1,1390084,1391670,1587,693,1,1,single,,,cds-WP_039709234.1,cds-WP_039709234.1,1390084,1391670,cds-WP_039709234.1
NZ_LN908249.1,Protein Homology,CDS,1391744,1392538,.,+,0,ID=cds-WP_005598227.1;product=Uncharacterized_metal-dependent_hydrolase_HI_0081,cds-WP_005598227.1,Uncharacterized metal-dependent hydrolase HI 0081,1391744,1392538,795,694,1,1,single,,,cds-WP_005598227.1,cds-WP_005598227.1,1391744,1392538,cds-WP_005598227.1
NZ_LN908249.1,Protein Homology,CDS,1392597,1393967,.,-,0,ID=gorA;product=Glutathione_reductase,gorA,Glutathione reductase,1392597,1393967,1371,695,1,1,single,,,gorA,gorA,1392597,1393967,gorA
NZ_LN908249.1,Protein Homology,CDS,1394053,1394571,.,-,0,ID=cds-WP_005598231.1;product=UPF0114_protein_PM1258,cds-WP_005598231.1,UPF0114 protein PM1258,1394053,1394571,519,696,1,1,single,,,cds-WP_005598231.1,cds-WP_005598231.1,1394053,1394571,cds-WP_005598231.1
NZ_LN908249.1,Protein Homology,CDS,1394673,1395311,.,-,0,ID=cds-WP_005601781.1;product=Putative_NAD(P)H_nitroreductase_YodC,cds-WP_005601781.1,Putative NAD(P)H nitroreductase YodC,1394673,1395311,639,697,1,1,single,,,cds-WP_005601781.1,cds-WP_005601781.1,1394673,1395311,cds-WP_005601781.1
NZ_LN908249.1,Protein Homology,CDS,1395474,1395767,.,-,0,ID=cds-WP_009875257.1;product='hypothetical protein',cds-WP_009875257.1,'hypothetical protein',1395474,1395767,294,698,3,3,last,cds-WP_005598238.1,,cds-WP_005608471.1,cds-WP_009875257.1,1395474,1397300,cds-WP_005608471.1;cds-WP_005598238.1;cds-WP_009875257.1
NZ_LN908249.1,Protein Homology,CDS,1395767,1396471,.,-,0,ID=cds-WP_005598238.1;product='hypothetical protein',cds-WP_005598238.1,'hypothetical protein',1395767,1396471,705,698,3,2,internal,cds-WP_005608471.1,cds-WP_009875257.1,cds-WP_005608471.1,cds-WP_009875257.1,1395474,1397300,cds-WP_005608471.1;cds-WP_005598238.1;cds-WP_009875257.1
NZ_LN908249.1,Protein Homology,CDS,1396500,1397300,.,-,0,ID=cds-WP_005608471.1;product=Peptide_transport_system_ATP-binding_protein_SapF,cds-WP_005608471.1,Peptide transport system ATP-binding protein SapF,1396500,1397300,801,698,3,1,first,,cds-WP_005598238.1,cds-WP_005608471.1,cds-WP_009875257.1,1395474,1397300,cds-WP_005608471.1;cds-WP_005598238.1;cds-WP_009875257.1
NZ_LN908249.1,Protein Homology,CDS,1397416,1398492,.,-,0,ID=fbaA;product=Fructose-bisphosphate_aldolase,fbaA,Fructose-bisphosphate aldolase,1397416,1398492,1077,699,2,2,last,cds-WP_005612697.1,,cds-WP_005612697.1,fbaA,1397416,1399769,cds-WP_005612697.1;fbaA
NZ_LN908249.1,Protein Homology,CDS,1398594,1399769,.,-,0,ID=cds-WP_005612697.1;product=Phosphoglycerate_kinase,cds-WP_005612697.1,Phosphoglycerate kinase,1398594,1399769,1176,699,2,1,first,,fbaA,cds-WP_005612697.1,fbaA,1397416,1399769,cds-WP_005612697.1;fbaA
NZ_LN908249.1,Protein Homology,CDS,1399927,1401315,.,-,0,ID=cds-WP_005619201.1;product=Uncharacterized_transporter_HI_0608,cds-WP_005619201.1,Uncharacterized transporter HI 0608,1399927,1401315,1389,700,3,3,last,sdcA,,cds-WP_005598255.1,cds-WP_005619201.1,1399927,1404517,cds-WP_005598255.1;sdcA;cds-WP_005619201.1
NZ_LN908249.1,Protein Homology,CDS,1401547,1402821,.,-,0,ID=sdcA;product=Uncharacterized_transporter_YfbS,sdcA,Uncharacterized transporter YfbS,1401547,1402821,1275,700,3,2,internal,cds-WP_005598255.1,cds-WP_005619201.1,cds-WP_005598255.1,cds-WP_005619201.1,1399927,1404517,cds-WP_005598255.1;sdcA;cds-WP_005619201.1
NZ_LN908249.1,Protein Homology,CDS,1403126,1404517,.,-,0,ID=cds-WP_005598255.1;product=Uncharacterized_transporter_HI_0608,cds-WP_005598255.1,Uncharacterized transporter HI 0608,1403126,1404517,1392,700,3,1,first,,sdcA,cds-WP_005598255.1,cds-WP_005619201.1,1399927,1404517,cds-WP_005598255.1;sdcA;cds-WP_005619201.1
NZ_LN908249.1,Protein Homology,CDS,1404712,1406625,.,-,0,ID=parE;product=DNA_topoisomerase_4_subunit_B,parE,DNA topoisomerase 4 subunit B,1404712,1406625,1914,701,7,7,last,phoR,,pstS,parE,1404712,1412601,pstS;pstC;pstA;pstB;phoB;phoR;parE
NZ_LN908249.1,Protein Homology,CDS,1406703,1407996,.,-,0,ID=phoR;product=Phosphate_regulon_sensor_protein_PhoR,phoR,Phosphate regulon sensor protein PhoR,1406703,1407996,1294,701,7,6,internal,phoB,parE,pstS,parE,1404712,1412601,pstS;pstC;pstA;pstB;phoB;phoR;parE
NZ_LN908249.1,Protein Homology,CDS,1407996,1408637,.,-,0,ID=phoB;product=Phosphate_regulon_transcriptional_regulatory_protein_PhoB,phoB,Phosphate regulon transcriptional regulatory protein PhoB,1407996,1408637,642,701,7,5,internal,pstB,phoR,pstS,parE,1404712,1412601,pstS;pstC;pstA;pstB;phoB;phoR;parE
NZ_LN908249.1,Protein Homology,CDS,1408817,1409596,.,-,0,ID=pstB;product=Phosphate_import_ATP-binding_protein_PstB,pstB,Phosphate import ATP-binding protein PstB,1408817,1409596,780,701,7,4,internal,pstA,phoB,pstS,parE,1404712,1412601,pstS;pstC;pstA;pstB;phoB;phoR;parE
NZ_LN908249.1,Protein Homology,CDS,1409605,1410348,.,-,0,ID=pstA;product=Phosphate_transport_system_permease_protein_PstA,pstA,Phosphate transport system permease protein PstA,1409605,1410348,744,701,7,3,internal,pstC,pstB,pstS,parE,1404712,1412601,pstS;pstC;pstA;pstB;phoB;phoR;parE
NZ_LN908249.1,Protein Homology,CDS,1410456,1411409,.,-,0,ID=pstC;product=Phosphate_transport_system_permease_protein_PstC,pstC,Phosphate transport system permease protein PstC,1410456,1411409,954,701,7,2,internal,pstS,pstA,pstS,parE,1404712,1412601,pstS;pstC;pstA;pstB;phoB;phoR;parE
NZ_LN908249.1,Protein Homology,CDS,1411558,1412601,.,-,0,ID=pstS;product=Phosphate-binding_protein_PstS,pstS,Phosphate-binding protein PstS,1411558,1412601,1044,701,7,1,first,,pstC,pstS,parE,1404712,1412601,pstS;pstC;pstA;pstB;phoB;phoR;parE
NZ_LN908249.1,Protein Homology,CDS,1412723,1413109,.,-,0,ID=cueR;product=Probable_heavy_metal-dependent_transcriptional_regulator_HI_0293,cueR,Probable heavy metal-dependent transcriptional regulator HI 0293,1412723,1413109,387,702,1,1,single,,,cueR,cueR,1412723,1413109,cueR
NZ_LN908249.1,Protein Homology,CDS,1413195,1413647,.,+,0,ID=cds-WP_005605032.1;product='hypothetical protein',cds-WP_005605032.1,'hypothetical protein',1413195,1413647,453,703,3,1,first,,cds-WP_005612714.1,cds-WP_005605032.1,cds-WP_012263156.1,1413195,1416254,cds-WP_005605032.1;cds-WP_005612714.1;cds-WP_012263156.1
NZ_LN908249.1,Protein Homology,CDS,1413665,1413865,.,+,0,ID=cds-WP_005612714.1;product=Copper-exporting_P-type_ATPase_A,cds-WP_005612714.1,Copper-exporting P-type ATPase A,1413665,1413865,201,703,3,2,internal,cds-WP_005605032.1,cds-WP_012263156.1,cds-WP_005605032.1,cds-WP_012263156.1,1413195,1416254,cds-WP_005605032.1;cds-WP_005612714.1;cds-WP_012263156.1
NZ_LN908249.1,Protein Homology,CDS,1414104,1416254,.,+,0,ID=cds-WP_012263156.1;product=Copper-exporting_P-type_ATPase_A,cds-WP_012263156.1,Copper-exporting P-type ATPase A,1414104,1416254,2151,703,3,3,last,cds-WP_005612714.1,,cds-WP_005605032.1,cds-WP_012263156.1,1413195,1416254,cds-WP_005605032.1;cds-WP_005612714.1;cds-WP_012263156.1
NZ_LN908249.1,Protein Homology,CDS,1416362,1417183,.,-,0,ID=cds-WP_005620429.1;product=Uncharacterized_oxidoreductase_YbbO,cds-WP_005620429.1,Uncharacterized oxidoreductase YbbO,1416362,1417183,822,704,2,2,last,cds-WP_005598283.1,,cds-WP_005598283.1,cds-WP_005620429.1,1416362,1417786,cds-WP_005598283.1;cds-WP_005620429.1
NZ_LN908249.1,Protein Homology,CDS,1417211,1417786,.,-,0,ID=cds-WP_005598283.1;product=Putative_NAD(P)H_nitroreductase_HI_1542,cds-WP_005598283.1,Putative NAD(P)H nitroreductase HI 1542,1417211,1417786,576,704,2,1,first,,cds-WP_005620429.1,cds-WP_005598283.1,cds-WP_005620429.1,1416362,1417786,cds-WP_005598283.1;cds-WP_005620429.1
NZ_LN908249.1,Protein Homology,CDS,1417889,1419745,.,+,0,ID=sppA;product=Protease_4,sppA,Protease 4,1417889,1419745,1857,705,1,1,single,,,sppA,sppA,1417889,1419745,sppA
NZ_LN908249.1,Protein Homology,CDS,1419880,1420647,.,+,0,ID=cds-WP_039709239.1;product=Probable_ribonuclease_HI_0526,cds-WP_039709239.1,Probable ribonuclease HI 0526,1419880,1420647,768,706,2,1,first,,cds-WP_005598290.1,cds-WP_039709239.1,cds-WP_005598290.1,1419880,1421169,cds-WP_039709239.1;cds-WP_005598290.1
NZ_LN908249.1,Protein Homology,CDS,1420648,1421169,.,+,0,ID=cds-WP_005598290.1;product=Protein_SprT,cds-WP_005598290.1,Protein SprT,1420648,1421169,522,706,2,2,last,cds-WP_039709239.1,,cds-WP_039709239.1,cds-WP_005598290.1,1419880,1421169,cds-WP_039709239.1;cds-WP_005598290.1
NZ_LN908249.1,Protein Homology,CDS,1421274,1422560,.,+,0,ID=cds-WP_005601799.1;product=NADH_dehydrogenase,cds-WP_005601799.1,NADH dehydrogenase,1421274,1422560,1287,707,1,1,single,,,cds-WP_005601799.1,cds-WP_005601799.1,1421274,1422560,cds-WP_005601799.1
NZ_LN908249.1,Protein Homology,CDS,1422752,1425079,.,-,0,ID=cds-WP_039709241.1;product=Uncharacterized_protein_HI_0568,cds-WP_039709241.1,Uncharacterized protein HI 0568,1422752,1425079,2328,708,1,1,single,,,cds-WP_039709241.1,cds-WP_039709241.1,1422752,1425079,cds-WP_039709241.1
NZ_LN908249.1,Protein Homology,CDS,1425154,1425702,.,-,0,ID=pilW;product=Uncharacterized_protein_HI_0366,pilW,Uncharacterized protein HI 0366,1425154,1425702,549,709,2,2,last,rlmN,,rlmN,pilW,1425154,1426937,rlmN;pilW
NZ_LN908249.1,Protein Homology,CDS,1425756,1426937,.,-,0,ID=rlmN;product=Dual-specificity_RNA_methyltransferase_RlmN,rlmN,Dual-specificity RNA methyltransferase RlmN,1425756,1426937,1182,709,2,1,first,,pilW,rlmN,pilW,1425154,1426937,rlmN;pilW
NZ_LN908249.1,tRNAscan-SE,tRNA,1427187,1427262,.,-,.,ID=rna-MIDG2331_RS06445;product='tRNA',rna-MIDG2331_RS06445,'tRNA',1427187,1427262,76,710,4,4,last,rna-MIDG2331_RS06450,,rna-MIDG2331_RS06460,rna-MIDG2331_RS06445,1427187,1427638,rna-MIDG2331_RS06460;rna-MIDG2331_RS06455;rna-MIDG2331_RS06450;rna-MIDG2331_RS06445
NZ_LN908249.1,tRNAscan-SE,tRNA,1427314,1427389,.,-,.,ID=rna-MIDG2331_RS06450;product='tRNA',rna-MIDG2331_RS06450,'tRNA',1427314,1427389,76,710,4,3,internal,rna-MIDG2331_RS06455,rna-MIDG2331_RS06445,rna-MIDG2331_RS06460,rna-MIDG2331_RS06445,1427187,1427638,rna-MIDG2331_RS06460;rna-MIDG2331_RS06455;rna-MIDG2331_RS06450;rna-MIDG2331_RS06445
NZ_LN908249.1,tRNAscan-SE,tRNA,1427440,1427515,.,-,.,ID=rna-MIDG2331_RS06455;product='tRNA',rna-MIDG2331_RS06455,'tRNA',1427440,1427515,76,710,4,2,internal,rna-MIDG2331_RS06460,rna-MIDG2331_RS06450,rna-MIDG2331_RS06460,rna-MIDG2331_RS06445,1427187,1427638,rna-MIDG2331_RS06460;rna-MIDG2331_RS06455;rna-MIDG2331_RS06450;rna-MIDG2331_RS06445
NZ_LN908249.1,tRNAscan-SE,tRNA,1427563,1427638,.,-,.,ID=rna-MIDG2331_RS06460;product='tRNA',rna-MIDG2331_RS06460,'tRNA',1427563,1427638,76,710,4,1,first,,rna-MIDG2331_RS06455,rna-MIDG2331_RS06460,rna-MIDG2331_RS06445,1427187,1427638,rna-MIDG2331_RS06460;rna-MIDG2331_RS06455;rna-MIDG2331_RS06450;rna-MIDG2331_RS06445
NZ_LN908249.1,Protein Homology,CDS,1427842,1429281,.,+,0,ID=gltX;product=Glutamate--tRNA_ligase,gltX,Glutamate--tRNA ligase,1427842,1429281,1440,711,2,1,first,,rna-MIDG2331_RS06470,gltX,rna-MIDG2331_RS06470,1427842,1429406,gltX;rna-MIDG2331_RS06470
NZ_LN908249.1,tRNAscan-SE,tRNA,1429331,1429406,.,+,.,ID=rna-MIDG2331_RS06470;product='tRNA',rna-MIDG2331_RS06470,'tRNA',1429331,1429406,76,711,2,2,last,gltX,,gltX,rna-MIDG2331_RS06470,1427842,1429406,gltX;rna-MIDG2331_RS06470
NZ_LN908249.1,Protein Homology,CDS,1429586,1430806,.,+,0,ID=cds-WP_005612726.1;product=Integrase,cds-WP_005612726.1,Integrase,1429586,1430806,1221,712,1,1,single,,,cds-WP_005612726.1,cds-WP_005612726.1,1429586,1430806,cds-WP_005612726.1
NZ_LN908249.1,Protein Homology,CDS,1431563,1432384,.,+,0,ID=cds-WP_039709488.1;product='hypothetical protein',cds-WP_039709488.1,'hypothetical protein',1431563,1432384,822,713,1,1,single,,,cds-WP_039709488.1,cds-WP_039709488.1,1431563,1432384,cds-WP_039709488.1
NZ_LN908249.1,Protein Homology,CDS,1432616,1432855,.,+,0,ID=cds-WP_039768145.1;product='hypothetical protein',cds-WP_039768145.1,'hypothetical protein',1432616,1432855,240,714,2,1,first,,cds-WP_039768147.1,cds-WP_039768145.1,cds-WP_039768147.1,1432616,1433247,cds-WP_039768145.1;cds-WP_039768147.1
NZ_LN908249.1,Protein Homology,CDS,1432867,1433247,.,+,0,ID=cds-WP_039768147.1;product='hypothetical protein',cds-WP_039768147.1,'hypothetical protein',1432867,1433247,381,714,2,2,last,cds-WP_039768145.1,,cds-WP_039768145.1,cds-WP_039768147.1,1432616,1433247,cds-WP_039768145.1;cds-WP_039768147.1
NZ_LN908249.1,Protein Homology,CDS,1433535,1434260,.,+,0,ID=cds-WP_058230489.1;product=Uncharacterized_protein_HI_1422,cds-WP_058230489.1,Uncharacterized protein HI 1422,1433535,1434260,726,715,2,1,first,,cds-WP_039709484.1,cds-WP_058230489.1,cds-WP_039709484.1,1433535,1434651,cds-WP_058230489.1;cds-WP_039709484.1
NZ_LN908249.1,Protein Homology,CDS,1434265,1434651,.,+,0,ID=cds-WP_039709484.1;product='hypothetical protein',cds-WP_039709484.1,'hypothetical protein',1434265,1434651,387,715,2,2,last,cds-WP_058230489.1,,cds-WP_058230489.1,cds-WP_039709484.1,1433535,1434651,cds-WP_058230489.1;cds-WP_039709484.1
NZ_LN908249.1,Protein Homology,CDS,1434942,1435130,.,-,0,ID=cds-WP_039709483.1;product=Uncharacterized_protein_YlcI,cds-WP_039709483.1,Uncharacterized protein YlcI,1434942,1435130,189,716,1,1,single,,,cds-WP_039709483.1,cds-WP_039709483.1,1434942,1435130,cds-WP_039709483.1
NZ_LN908249.1,Protein Homology,CDS,1435353,1436015,.,+,0,ID=cds-WP_052250595.1;product='hypothetical protein',cds-WP_052250595.1,'hypothetical protein',1435353,1436015,663,717,5,1,first,,cds-WP_014991324.1,cds-WP_052250595.1,cds-WP_039768152.1,1435353,1438911,cds-WP_052250595.1;cds-WP_014991324.1;cds-WP_039768150.1;cds-WP_014991326.1;cds-WP_039768152.1
NZ_LN908249.1,Protein Homology,CDS,1436008,1436349,.,+,0,ID=cds-WP_014991324.1;product='hypothetical protein',cds-WP_014991324.1,'hypothetical protein',1436008,1436349,342,717,5,2,internal,cds-WP_052250595.1,cds-WP_039768150.1,cds-WP_052250595.1,cds-WP_039768152.1,1435353,1438911,cds-WP_052250595.1;cds-WP_014991324.1;cds-WP_039768150.1;cds-WP_014991326.1;cds-WP_039768152.1
NZ_LN908249.1,Protein Homology,CDS,1436342,1436545,.,+,0,ID=cds-WP_039768150.1;product='hypothetical protein',cds-WP_039768150.1,'hypothetical protein',1436342,1436545,204,717,5,3,internal,cds-WP_014991324.1,cds-WP_014991326.1,cds-WP_052250595.1,cds-WP_039768152.1,1435353,1438911,cds-WP_052250595.1;cds-WP_014991324.1;cds-WP_039768150.1;cds-WP_014991326.1;cds-WP_039768152.1
NZ_LN908249.1,Protein Homology,CDS,1436538,1436762,.,+,0,ID=cds-WP_014991326.1;product='hypothetical protein',cds-WP_014991326.1,'hypothetical protein',1436538,1436762,225,717,5,4,internal,cds-WP_039768150.1,cds-WP_039768152.1,cds-WP_052250595.1,cds-WP_039768152.1,1435353,1438911,cds-WP_052250595.1;cds-WP_014991324.1;cds-WP_039768150.1;cds-WP_014991326.1;cds-WP_039768152.1
NZ_LN908249.1,Protein Homology,CDS,1436740,1438911,.,+,0,ID=cds-WP_039768152.1;product='hypothetical protein',cds-WP_039768152.1,'hypothetical protein',1436740,1438911,2172,717,5,5,last,cds-WP_014991326.1,,cds-WP_052250595.1,cds-WP_039768152.1,1435353,1438911,cds-WP_052250595.1;cds-WP_014991324.1;cds-WP_039768150.1;cds-WP_014991326.1;cds-WP_039768152.1
NZ_LN908249.1,Protein Homology,CDS,1440179,1440430,.,+,0,ID=yefM;product=Antitoxin_YefM,yefM,Antitoxin YefM,1440179,1440430,252,718,2,1,first,,cds-WP_005605064.1,yefM,cds-WP_005605064.1,1440179,1440687,yefM;cds-WP_005605064.1
NZ_LN908249.1,Protein Homology,CDS,1440427,1440687,.,+,0,ID=cds-WP_005605064.1;product=Toxin_YoeB,cds-WP_005605064.1,Toxin YoeB,1440427,1440687,261,718,2,2,last,yefM,,yefM,cds-WP_005605064.1,1440179,1440687,yefM;cds-WP_005605064.1
NZ_LN908249.1,Protein Homology,CDS,1440846,1441013,.,-,0,ID=cds-WP_005598320.1;product=UPF0434_protein_Nham_0083,cds-WP_005598320.1,UPF0434 protein Nham 0083,1440846,1441013,168,719,2,2,last,lpxK,,lpxK,cds-WP_005598320.1,1440846,1441995,lpxK;cds-WP_005598320.1
NZ_LN908249.1,Protein Homology,CDS,1441015,1441995,.,-,0,ID=lpxK;product=Tetraacyldisaccharide_4'-kinase,lpxK,Tetraacyldisaccharide 4'-kinase,1441015,1441995,981,719,2,1,first,,cds-WP_005598320.1,lpxK,cds-WP_005598320.1,1440846,1441995,lpxK;cds-WP_005598320.1
NZ_LN908249.1,Protein Homology,CDS,1442089,1443347,.,-,0,ID=clpX;product=ATP-dependent_Clp_protease_ATP-binding_subunit_ClpX,clpX,ATP-dependent Clp protease ATP-binding subunit ClpX,1442089,1443347,1259,720,2,2,last,clpP,,clpP,clpX,1442089,1443937,clpP;clpX
NZ_LN908249.1,Protein Homology,CDS,1443347,1443937,.,-,0,ID=clpP;product=ATP-dependent_Clp_protease_proteolytic_subunit,clpP,ATP-dependent Clp protease proteolytic subunit,1443347,1443937,591,720,2,1,first,,clpX,clpP,clpX,1442089,1443937,clpP;clpX
NZ_LN908249.1,Protein Homology,CDS,1444059,1444451,.,+,0,ID=cds-WP_005620423.1;product='hypothetical protein',cds-WP_005620423.1,'hypothetical protein',1444059,1444451,393,721,1,1,single,,,cds-WP_005620423.1,cds-WP_005620423.1,1444059,1444451,cds-WP_005620423.1
NZ_LN908249.1,tRNAscan-SE,tRNA,1444513,1444589,.,-,.,ID=rna-MIDG2331_RS06575;product='tRNA',rna-MIDG2331_RS06575,'tRNA',1444513,1444589,77,722,2,2,last,rna-MIDG2331_RS06580,,rna-MIDG2331_RS06580,rna-MIDG2331_RS06575,1444513,1444707,rna-MIDG2331_RS06580;rna-MIDG2331_RS06575
NZ_LN908249.1,tRNAscan-SE,tRNA,1444631,1444707,.,-,.,ID=rna-MIDG2331_RS06580;product='tRNA',rna-MIDG2331_RS06580,'tRNA',1444631,1444707,77,722,2,1,first,,rna-MIDG2331_RS06575,rna-MIDG2331_RS06580,rna-MIDG2331_RS06575,1444513,1444707,rna-MIDG2331_RS06580;rna-MIDG2331_RS06575
NZ_LN908249.1,Protein Homology,CDS,1444822,1445583,.,-,0,ID=dnaQ;product=DNA_polymerase_III_subunit_epsilon,dnaQ,DNA polymerase III subunit epsilon,1444822,1445583,762,723,2,2,last,ettA,,ettA,dnaQ,1444822,1447340,ettA;dnaQ
NZ_LN908249.1,Protein Homology,CDS,1445670,1447340,.,-,0,ID=ettA;product=Energy-dependent_translational_throttle_protein_EttA,ettA,Energy-dependent translational throttle protein EttA,1445670,1447340,1671,723,2,1,first,,dnaQ,ettA,dnaQ,1444822,1447340,ettA;dnaQ
NZ_LN908249.1,Protein Homology,CDS,1447505,1447843,.,+,0,ID=cds-WP_005608512.1;product=Uncharacterized_protein_HI_1053,cds-WP_005608512.1,Uncharacterized protein HI 1053,1447505,1447843,339,724,2,1,first,,cds-WP_005598332.1,cds-WP_005608512.1,cds-WP_005598332.1,1447505,1448204,cds-WP_005608512.1;cds-WP_005598332.1
NZ_LN908249.1,Protein Homology,CDS,1447836,1448204,.,+,0,ID=cds-WP_005598332.1;product=Putative_thiosulfate_sulfurtransferase_mitochondrial,cds-WP_005598332.1,Putative thiosulfate sulfurtransferase mitochondrial,1447836,1448204,369,724,2,2,last,cds-WP_005608512.1,,cds-WP_005608512.1,cds-WP_005598332.1,1447505,1448204,cds-WP_005608512.1;cds-WP_005598332.1
NZ_LN908249.1,Protein Homology,CDS,1448313,1448633,.,+,0,ID=cds-WP_005615696.1;product='hypothetical protein',cds-WP_005615696.1,'hypothetical protein',1448313,1448633,321,725,1,1,single,,,cds-WP_005615696.1,cds-WP_005615696.1,1448313,1448633,cds-WP_005615696.1
NZ_LN908249.1,Protein Homology,CDS,1448691,1449965,.,-,0,ID=murA;product=UDP-N-acetylglucosamine_1-carboxyvinyltransferase,murA,UDP-N-acetylglucosamine 1-carboxyvinyltransferase,1448691,1449965,1275,726,7,7,last,cds-WP_005598336.1,,mlaF,murA,1448691,1453567,mlaF;mlaE;mlaD;mlaC;cds-WP_005601837.1;cds-WP_005598336.1;murA
NZ_LN908249.1,Protein Homology,CDS,1450097,1450357,.,-,0,ID=cds-WP_005598336.1;product=Uncharacterized_protein_HI_1082,cds-WP_005598336.1,Uncharacterized protein HI 1082,1450097,1450357,261,726,7,6,internal,cds-WP_005601837.1,murA,mlaF,murA,1448691,1453567,mlaF;mlaE;mlaD;mlaC;cds-WP_005601837.1;cds-WP_005598336.1;murA
NZ_LN908249.1,Protein Homology,CDS,1450370,1450723,.,-,0,ID=cds-WP_005601837.1;product=Probable_phospholipid_ABC_transporter-binding_protein_MlaB,cds-WP_005601837.1,Probable phospholipid ABC transporter-binding protein MlaB,1450370,1450723,354,726,7,5,internal,mlaC,cds-WP_005598336.1,mlaF,murA,1448691,1453567,mlaF;mlaE;mlaD;mlaC;cds-WP_005601837.1;cds-WP_005598336.1;murA
NZ_LN908249.1,Protein Homology,CDS,1450733,1451371,.,-,0,ID=mlaC;product=Probable_phospholipid-binding_protein_MlaC,mlaC,Probable phospholipid-binding protein MlaC,1450733,1451371,639,726,7,4,internal,mlaD,cds-WP_005601837.1,mlaF,murA,1448691,1453567,mlaF;mlaE;mlaD;mlaC;cds-WP_005601837.1;cds-WP_005598336.1;murA
NZ_LN908249.1,Protein Homology,CDS,1451449,1451976,.,-,0,ID=mlaD;product=Probable_phospholipid_ABC_transporter-binding_protein_MlaD,mlaD,Probable phospholipid ABC transporter-binding protein MlaD,1451449,1451976,528,726,7,3,internal,mlaE,mlaC,mlaF,murA,1448691,1453567,mlaF;mlaE;mlaD;mlaC;cds-WP_005601837.1;cds-WP_005598336.1;murA
NZ_LN908249.1,Protein Homology,CDS,1451995,1452825,.,-,0,ID=mlaE;product=Probable_phospholipid_ABC_transporter_permease_protein_MlaE,mlaE,Probable phospholipid ABC transporter permease protein MlaE,1451995,1452825,831,726,7,2,internal,mlaF,mlaD,mlaF,murA,1448691,1453567,mlaF;mlaE;mlaD;mlaC;cds-WP_005601837.1;cds-WP_005598336.1;murA
NZ_LN908249.1,Protein Homology,CDS,1452764,1453567,.,-,0,ID=mlaF;product=Probable_phospholipid_import_ATP-binding_protein_MlaF,mlaF,Probable phospholipid import ATP-binding protein MlaF,1452764,1453567,804,726,7,1,first,,mlaE,mlaF,murA,1448691,1453567,mlaF;mlaE;mlaD;mlaC;cds-WP_005601837.1;cds-WP_005598336.1;murA
NZ_LN908249.1,Protein Homology,CDS,1453828,1455219,.,+,0,ID=cds-WP_005598348.1;product=Probable_periplasmic_serine_protease_do/HhoA-like,cds-WP_005598348.1,Probable periplasmic serine protease do/HhoA-like,1453828,1455219,1392,727,1,1,single,,,cds-WP_005598348.1,cds-WP_005598348.1,1453828,1455219,cds-WP_005598348.1
NZ_LN908249.1,Protein Homology,CDS,1455259,1456146,.,-,0,ID=cds-WP_005598349.1;product=Epimerase_family_protein_HI_1208,cds-WP_005598349.1,Epimerase family protein HI 1208,1455259,1456146,888,728,2,2,last,argR,,argR,cds-WP_005598349.1,1455259,1456607,argR;cds-WP_005598349.1
NZ_LN908249.1,Protein Homology,CDS,1456146,1456607,.,-,0,ID=argR;product=Arginine_repressor,argR,Arginine repressor,1456146,1456607,462,728,2,1,first,,cds-WP_005598349.1,argR,cds-WP_005598349.1,1455259,1456607,argR;cds-WP_005598349.1
NZ_LN908249.1,Protein Homology,CDS,1456801,1457754,.,+,0,ID=mdh;product=Malate_dehydrogenase,mdh,Malate dehydrogenase,1456801,1457754,954,729,1,1,single,,,mdh,mdh,1456801,1457754,mdh
NZ_LN908249.1,Protein Homology,CDS,1457844,1458113,.,+,0,ID=cds-WP_005598355.1;product='hypothetical protein',cds-WP_005598355.1,'hypothetical protein',1457844,1458113,270,730,1,1,single,,,cds-WP_005598355.1,cds-WP_005598355.1,1457844,1458113,cds-WP_005598355.1
NZ_LN908249.1,Protein Homology,CDS,1458181,1458825,.,-,0,ID=adk;product=Adenylate_kinase,adk,Adenylate kinase,1458181,1458825,645,731,1,1,single,,,adk,adk,1458181,1458825,adk
NZ_LN908249.1,Protein Homology,CDS,1458977,1461100,.,-,0,ID=cds-WP_005620410.1;product=Hemin_receptor,cds-WP_005620410.1,Hemin receptor,1458977,1461100,2124,732,1,1,single,,,cds-WP_005620410.1,cds-WP_005620410.1,1458977,1461100,cds-WP_005620410.1
NZ_LN908249.1,Protein Homology,CDS,1461277,1462557,.,-,0,ID=cds-WP_005618833.1;product=Uncharacterized_protein_HI_0350,cds-WP_005618833.1,Uncharacterized protein HI 0350,1461277,1462557,1281,733,1,1,single,,,cds-WP_005618833.1,cds-WP_005618833.1,1461277,1462557,cds-WP_005618833.1
NZ_LN908249.1,Protein Homology,CDS,1462696,1463712,.,-,0,ID=galE;product=UDP-glucose_4-epimerase,galE,UDP-glucose 4-epimerase,1462696,1463712,1017,734,3,3,last,ligA,,zipA,galE,1462696,1466898,zipA;ligA;galE
NZ_LN908249.1,Protein Homology,CDS,1463776,1465824,.,-,0,ID=ligA;product=DNA_ligase,ligA,DNA ligase,1463776,1465824,2049,734,3,2,internal,zipA,galE,zipA,galE,1462696,1466898,zipA;ligA;galE
NZ_LN908249.1,Protein Homology,CDS,1465888,1466898,.,-,0,ID=zipA;product=Cell_division_protein_ZipA,zipA,Cell division protein ZipA,1465888,1466898,1011,734,3,1,first,,ligA,zipA,galE,1462696,1466898,zipA;ligA;galE
NZ_LN908249.1,Protein Homology,CDS,1467018,1467899,.,+,0,ID=cysZ;product=Sulfate_transporter_CysZ,cysZ,Sulfate transporter CysZ,1467018,1467899,882,735,1,1,single,,,cysZ,cysZ,1467018,1467899,cysZ
NZ_LN908249.1,Protein Homology,CDS,1467959,1468285,.,-,0,ID=cds-WP_039709252.1;product='hypothetical protein',cds-WP_039709252.1,'hypothetical protein',1467959,1468285,327,736,1,1,single,,,cds-WP_039709252.1,cds-WP_039709252.1,1467959,1468285,cds-WP_039709252.1
NZ_LN908249.1,Protein Homology,CDS,1468377,1469831,.,-,0,ID=gnd;product=6-phosphogluconate_dehydrogenase_decarboxylating,gnd,6-phosphogluconate dehydrogenase decarboxylating,1468377,1469831,1455,737,1,1,single,,,gnd,gnd,1468377,1469831,gnd
NZ_LN908249.1,GeneMarkS-2+,CDS,1470044,1470493,.,-,0,ID=cds-WP_231944204.1;product='hypothetical protein',cds-WP_231944204.1,'hypothetical protein',1470044,1470493,450,738,1,1,single,,,cds-WP_231944204.1,cds-WP_231944204.1,1470044,1470493,cds-WP_231944204.1
NZ_LN908249.1,Protein Homology,CDS,1470679,1471368,.,-,0,ID=cds-WP_005601870.1;product=Uncharacterized_protein_YgeA,cds-WP_005601870.1,Uncharacterized protein YgeA,1470679,1471368,690,739,1,1,single,,,cds-WP_005601870.1,cds-WP_005601870.1,1470679,1471368,cds-WP_005601870.1
NZ_LN908249.1,Protein Homology,CDS,1471471,1472790,.,-,0,ID=cds-WP_039709253.1;product=4-hydroxybenzoate_transporter_PcaK,cds-WP_039709253.1,4-hydroxybenzoate transporter PcaK,1471471,1472790,1320,740,1,1,single,,,cds-WP_039709253.1,cds-WP_039709253.1,1471471,1472790,cds-WP_039709253.1
NZ_LN908249.1,Protein Homology,CDS,1472923,1473621,.,-,0,ID=pgl;product=6-phosphogluconolactonase,pgl,6-phosphogluconolactonase,1472923,1473621,699,741,4,4,last,zwf,,nudE,pgl,1472923,1476652,nudE;cysQ;zwf;pgl
NZ_LN908249.1,Protein Homology,CDS,1473708,1475195,.,-,0,ID=zwf;product=Glucose-6-phosphate_1-dehydrogenase,zwf,Glucose-6-phosphate 1-dehydrogenase,1473708,1475195,1488,741,4,3,internal,cysQ,pgl,nudE,pgl,1472923,1476652,nudE;cysQ;zwf;pgl
NZ_LN908249.1,Protein Homology,CDS,1475267,1476082,.,-,0,ID=cysQ;product=3'(2')5'-bisphosphate_nucleotidase_CysQ,cysQ,3'(2')5'-bisphosphate nucleotidase CysQ,1475267,1476082,816,741,4,2,internal,nudE,zwf,nudE,pgl,1472923,1476652,nudE;cysQ;zwf;pgl
NZ_LN908249.1,Protein Homology,CDS,1476095,1476652,.,-,0,ID=nudE;product=ADP_compounds_hydrolase_NudE,nudE,ADP compounds hydrolase NudE,1476095,1476652,558,741,4,1,first,,cysQ,nudE,pgl,1472923,1476652,nudE;cysQ;zwf;pgl
NZ_LN908249.1,Protein Homology,CDS,1476795,1477199,.,+,0,ID=hslR;product=Heat_shock_protein_15_homolog,hslR,Heat shock protein 15 homolog,1476795,1477199,405,742,2,1,first,,hslO,hslR,hslO,1476795,1478220,hslR;hslO
NZ_LN908249.1,Protein Homology,CDS,1477330,1478220,.,+,0,ID=hslO;product=33_kDa_chaperonin,hslO,33 kDa chaperonin,1477330,1478220,891,742,2,2,last,hslR,,hslR,hslO,1476795,1478220,hslR;hslO
NZ_LN908249.1,Protein Homology,CDS,1478288,1479622,.,-,0,ID=cds-WP_005598398.1;product=Anaerobic_C4-dicarboxylate_transporter_DcuB,cds-WP_005598398.1,Anaerobic C4-dicarboxylate transporter DcuB,1478288,1479622,1335,743,1,1,single,,,cds-WP_005598398.1,cds-WP_005598398.1,1478288,1479622,cds-WP_005598398.1
NZ_LN908249.1,Protein Homology,CDS,1480475,1481479,.,+,0,ID=cds-WP_039709256.1;product=Ornithine_carbamoyltransferase,cds-WP_039709256.1,Ornithine carbamoyltransferase,1480475,1481479,1005,744,2,1,first,,arcC,cds-WP_039709256.1,arcC,1480475,1482448,cds-WP_039709256.1;arcC
NZ_LN908249.1,Protein Homology,CDS,1481501,1482448,.,+,0,ID=arcC;product=Carbamate_kinase,arcC,Carbamate kinase,1481501,1482448,948,744,2,2,last,cds-WP_039709256.1,,cds-WP_039709256.1,arcC,1480475,1482448,cds-WP_039709256.1;arcC
NZ_LN908249.1,Protein Homology,CDS,1482696,1484117,.,-,0,ID=cds-WP_039709257.1;product=PTS_system_sucrose-specific_EIIBC_component,cds-WP_039709257.1,PTS system sucrose-specific EIIBC component,1482696,1484117,1422,745,1,1,single,,,cds-WP_039709257.1,cds-WP_039709257.1,1482696,1484117,cds-WP_039709257.1
NZ_LN908249.1,Protein Homology,CDS,1484308,1484952,.,-,0,ID=thiQ;product=Thiamine_import_ATP-binding_protein_ThiQ,thiQ,Thiamine import ATP-binding protein ThiQ,1484308,1484952,645,746,2,2,last,thiP,,thiP,thiQ,1484308,1486574,thiP;thiQ
NZ_LN908249.1,Protein Homology,CDS,1484949,1486574,.,-,0,ID=thiP;product=Thiamine_transport_system_permease_protein_ThiP,thiP,Thiamine transport system permease protein ThiP,1484949,1486574,1626,746,2,1,first,,thiQ,thiP,thiQ,1484308,1486574,thiP;thiQ
NZ_LN908249.1,Protein Homology,CDS,1486811,1487068,.,+,0,ID=ptsH;product=Phosphocarrier_protein_HPr,ptsH,Phosphocarrier protein HPr,1486811,1487068,258,747,3,1,first,,ptsI,ptsH,crr,1486811,1489498,ptsH;ptsI;crr
NZ_LN908249.1,Protein Homology,CDS,1487192,1488913,.,+,0,ID=ptsI;product=Phosphoenolpyruvate-protein_phosphotransferase,ptsI,Phosphoenolpyruvate-protein phosphotransferase,1487192,1488913,1722,747,3,2,internal,ptsH,crr,ptsH,crr,1486811,1489498,ptsH;ptsI;crr
NZ_LN908249.1,Protein Homology,CDS,1488998,1489498,.,+,0,ID=crr;product=PTS_system_glucose-specific_EIIA_component,crr,PTS system glucose-specific EIIA component,1488998,1489498,501,747,3,3,last,ptsI,,ptsH,crr,1486811,1489498,ptsH;ptsI;crr
NZ_LN908249.1,Protein Homology,CDS,1489683,1491110,.,+,0,ID=miaB;product=tRNA-2-methylthio-N(6)-dimethylallyladenosine_synthase,miaB,tRNA-2-methylthio-N(6)-dimethylallyladenosine synthase,1489683,1491110,1428,748,1,1,single,,,miaB,miaB,1489683,1491110,miaB
NZ_LN908249.1,Protein Homology,CDS,1491312,1493510,.,+,0,ID=uvrD;product=DNA_helicase_II,uvrD,DNA helicase II,1491312,1493510,2199,749,1,1,single,,,uvrD,uvrD,1491312,1493510,uvrD
NZ_LN908249.1,Protein Homology,CDS,1493714,1494523,.,+,0,ID=hypB;product=Hydrogenase_isoenzymes_nickel_incorporation_protein_HypB,hypB,Hydrogenase isoenzymes nickel incorporation protein HypB,1493714,1494523,810,750,3,1,first,,hypD,hypB,hypE,1493714,1496665,hypB;hypD;hypE
NZ_LN908249.1,Protein Homology,CDS,1494535,1495650,.,+,0,ID=hypD;product=Hydrogenase_isoenzymes_formation_protein_HypD,hypD,Hydrogenase isoenzymes formation protein HypD,1494535,1495650,1116,750,3,2,internal,hypB,hypE,hypB,hypE,1493714,1496665,hypB;hypD;hypE
NZ_LN908249.1,Protein Homology,CDS,1495652,1496665,.,+,0,ID=hypE;product=Hydrogenase_isoenzymes_formation_protein_HypE,hypE,Hydrogenase isoenzymes formation protein HypE,1495652,1496665,1014,750,3,3,last,hypD,,hypB,hypE,1493714,1496665,hypB;hypD;hypE
NZ_LN908249.1,Protein Homology,CDS,1497005,1498438,.,-,0,ID=cds-WP_039709261.1;product=RTX-III_toxin_determinant_D,cds-WP_039709261.1,RTX-III toxin determinant D,1497005,1498438,1434,751,4,4,last,cds-WP_005605166.1,,apxIIIC,cds-WP_039709261.1,1497005,1504325,apxIIIC;cds-WP_005620396.1;cds-WP_005605166.1;cds-WP_039709261.1
NZ_LN908249.1,Protein Homology,CDS,1498450,1500585,.,-,0,ID=cds-WP_005605166.1;product=Toxin_RTX-III_translocation_ATP-binding_protein,cds-WP_005605166.1,Toxin RTX-III translocation ATP-binding protein,1498450,1500585,2136,751,4,3,internal,cds-WP_005620396.1,cds-WP_039709261.1,apxIIIC,cds-WP_039709261.1,1497005,1504325,apxIIIC;cds-WP_005620396.1;cds-WP_005605166.1;cds-WP_039709261.1
NZ_LN908249.1,Protein Homology,CDS,1500642,1503800,.,-,0,ID=cds-WP_005620396.1;product=RTX-III_toxin_determinant_A_from_serotype_8,cds-WP_005620396.1,RTX-III toxin determinant A from serotype 8,1500642,1503800,3159,751,4,2,internal,apxIIIC,cds-WP_005605166.1,apxIIIC,cds-WP_039709261.1,1497005,1504325,apxIIIC;cds-WP_005620396.1;cds-WP_005605166.1;cds-WP_039709261.1
NZ_LN908249.1,Protein Homology,CDS,1503804,1504325,.,-,0,ID=apxIIIC;product=RTX-III_toxin-activating_lysine-acyltransferase_ApxIIC,apxIIIC,RTX-III toxin-activating lysine-acyltransferase ApxIIC,1503804,1504325,522,751,4,1,first,,cds-WP_005620396.1,apxIIIC,cds-WP_039709261.1,1497005,1504325,apxIIIC;cds-WP_005620396.1;cds-WP_005605166.1;cds-WP_039709261.1
NZ_LN908249.1,Protein Homology,CDS,1504767,1507070,.,-,0,ID=hypF;product=Carbamoyltransferase_HypF,hypF,Carbamoyltransferase HypF,1504767,1507070,2304,752,1,1,single,,,hypF,hypF,1504767,1507070,hypF
NZ_LN908249.1,Protein Homology,CDS,1507305,1508447,.,+,0,ID=hybO;product=Hydrogenase-2_small_chain,hybO,Hydrogenase-2 small chain,1507305,1508447,1143,753,7,1,first,,hybA,hybO,hybG,1507305,1513656,hybO;hybA;hybB;hybC;cds-WP_005598434.1;hybE;hybG
NZ_LN908249.1,Protein Homology,CDS,1508440,1509477,.,+,0,ID=hybA;product=Hydrogenase-2_operon_protein_HybA,hybA,Hydrogenase-2 operon protein HybA,1508440,1509477,1038,753,7,2,internal,hybO,hybB,hybO,hybG,1507305,1513656,hybO;hybA;hybB;hybC;cds-WP_005598434.1;hybE;hybG
NZ_LN908249.1,Protein Homology,CDS,1509470,1510651,.,+,0,ID=hybB;product=Probable_Ni/Fe-hydrogenase_2_b-type_cytochrome_subunit,hybB,Probable Ni/Fe-hydrogenase 2 b-type cytochrome subunit,1509470,1510651,1182,753,7,3,internal,hybA,hybC,hybO,hybG,1507305,1513656,hybO;hybA;hybB;hybC;cds-WP_005598434.1;hybE;hybG
NZ_LN908249.1,Protein Homology,CDS,1510648,1512357,.,+,0,ID=hybC;product=Hydrogenase-2_large_chain,hybC,Hydrogenase-2 large chain,1510648,1512357,1710,753,7,4,internal,hybB,cds-WP_005598434.1,hybO,hybG,1507305,1513656,hybO;hybA;hybB;hybC;cds-WP_005598434.1;hybE;hybG
NZ_LN908249.1,Protein Homology,CDS,1512357,1512854,.,+,0,ID=cds-WP_005598434.1;product=Hydrogenase_2_maturation_protease,cds-WP_005598434.1,Hydrogenase 2 maturation protease,1512357,1512854,498,753,7,5,internal,hybC,hybE,hybO,hybG,1507305,1513656,hybO;hybA;hybB;hybC;cds-WP_005598434.1;hybE;hybG
NZ_LN908249.1,Protein Homology,CDS,1512847,1513350,.,+,0,ID=hybE;product=Hydrogenase-2_operon_protein_HybE,hybE,Hydrogenase-2 operon protein HybE,1512847,1513350,504,753,7,6,internal,cds-WP_005598434.1,hybG,hybO,hybG,1507305,1513656,hybO;hybA;hybB;hybC;cds-WP_005598434.1;hybE;hybG
NZ_LN908249.1,Protein Homology,CDS,1513378,1513656,.,+,0,ID=hybG;product=Frd_operon_uncharacterized_protein_C,hybG,Frd operon uncharacterized protein C,1513378,1513656,279,753,7,7,last,hybE,,hybO,hybG,1507305,1513656,hybO;hybA;hybB;hybC;cds-WP_005598434.1;hybE;hybG
NZ_LN908249.1,Protein Homology,CDS,1513751,1514092,.,-,0,ID=hypA;product=Probable_hydrogenase_nickel_incorporation_protein_HybF,hypA,Probable hydrogenase nickel incorporation protein HybF,1513751,1514092,342,754,1,1,single,,,hypA,hypA,1513751,1514092,hypA
NZ_LN908249.1,tRNAscan-SE,tRNA,1514214,1514289,.,-,.,ID=rna-MIDG2331_RS06900;product='tRNA',rna-MIDG2331_RS06900,'tRNA',1514214,1514289,76,755,1,1,single,,,rna-MIDG2331_RS06900,rna-MIDG2331_RS06900,1514214,1514289,rna-MIDG2331_RS06900
NZ_LN908249.1,Protein Homology,CDS,1514592,1515434,.,-,0,ID=cds-WP_081043523.1;product=Putative_tyrosine_recombinase_XerC,cds-WP_081043523.1,Putative tyrosine recombinase XerC,1514592,1515434,843,756,2,2,last,mobH,,mobH,cds-WP_081043523.1,1514592,1517382,mobH;cds-WP_081043523.1
NZ_LN908249.1,Protein Homology,CDS,1515496,1517382,.,-,0,ID=mobH;product='hypothetical protein',mobH,'hypothetical protein',1515496,1517382,1887,756,2,1,first,,cds-WP_081043523.1,mobH,cds-WP_081043523.1,1514592,1517382,mobH;cds-WP_081043523.1
NZ_LN908249.1,Protein Homology,CDS,1517620,1518324,.,+,0,ID=cds-WP_058230491.1;product='hypothetical protein',cds-WP_058230491.1,'hypothetical protein',1517620,1518324,705,757,1,1,single,,,cds-WP_058230491.1,cds-WP_058230491.1,1517620,1518324,cds-WP_058230491.1
NZ_LN908249.1,Protein Homology,CDS,1518640,1519320,.,-,0,ID=cds-WP_231944205.1;product='hypothetical protein',cds-WP_231944205.1,'hypothetical protein',1518640,1519320,681,758,1,1,single,,,cds-WP_231944205.1,cds-WP_231944205.1,1518640,1519320,cds-WP_231944205.1
NZ_LN908249.1,Protein Homology,CDS,1519627,1519914,.,-,0,ID=cds-WP_058230493.1;product='hypothetical protein',cds-WP_058230493.1,'hypothetical protein',1519627,1519914,288,759,1,1,single,,,cds-WP_058230493.1,cds-WP_058230493.1,1519627,1519914,cds-WP_058230493.1
NZ_LN908249.1,GeneMarkS-2+,CDS,1520161,1520352,.,+,0,ID=cds-WP_005653495.1;product='hypothetical protein',cds-WP_005653495.1,'hypothetical protein',1520161,1520352,192,760,2,1,first,,cds-WP_020910025.1,cds-WP_005653495.1,cds-WP_020910025.1,1520161,1520957,cds-WP_005653495.1;cds-WP_020910025.1
NZ_LN908249.1,Protein Homology,CDS,1520367,1520957,.,+,0,ID=cds-WP_020910025.1;product=Transposon_Tn552_DNA-invertase_BinR,cds-WP_020910025.1,Transposon Tn552 DNA-invertase BinR,1520367,1520957,591,760,2,2,last,cds-WP_005653495.1,,cds-WP_005653495.1,cds-WP_020910025.1,1520161,1520957,cds-WP_005653495.1;cds-WP_020910025.1
NZ_LN908249.1,GeneMarkS-2+,CDS,1521040,1521483,.,+,0,ID=cds-WP_020910026.1;product='hypothetical protein',cds-WP_020910026.1,'hypothetical protein',1521040,1521483,444,761,1,1,single,,,cds-WP_020910026.1,cds-WP_020910026.1,1521040,1521483,cds-WP_020910026.1
NZ_LN908249.1,Protein Homology,CDS,1521560,1522321,.,-,0,ID=cds-WP_020910027.1;product='hypothetical protein',cds-WP_020910027.1,'hypothetical protein',1521560,1522321,762,762,1,1,single,,,cds-WP_020910027.1,cds-WP_020910027.1,1521560,1522321,cds-WP_020910027.1
NZ_LN908249.1,Protein Homology,CDS,1522425,1523378,.,-,0,ID=cds-WP_020910028.1;product=DNA_primase_TraC,cds-WP_020910028.1,DNA primase TraC,1522425,1523378,954,763,1,1,single,,,cds-WP_020910028.1,cds-WP_020910028.1,1522425,1523378,cds-WP_020910028.1
NZ_LN908249.1,Protein Homology,CDS,1523509,1523667,.,-,0,ID=cds-WP_005667862.1;product='hypothetical protein',cds-WP_005667862.1,'hypothetical protein',1523509,1523667,159,764,3,3,last,cds-WP_005687602.1,,cds-WP_005653503.1,cds-WP_005667862.1,1523509,1524155,cds-WP_005653503.1;cds-WP_005687602.1;cds-WP_005667862.1
NZ_LN908249.1,Protein Homology,CDS,1523671,1523919,.,-,0,ID=cds-WP_005687602.1;product='hypothetical protein',cds-WP_005687602.1,'hypothetical protein',1523671,1523919,249,764,3,2,internal,cds-WP_005653503.1,cds-WP_005667862.1,cds-WP_005653503.1,cds-WP_005667862.1,1523509,1524155,cds-WP_005653503.1;cds-WP_005687602.1;cds-WP_005667862.1
NZ_LN908249.1,Protein Homology,CDS,1523922,1524155,.,-,0,ID=cds-WP_005653503.1;product='hypothetical protein',cds-WP_005653503.1,'hypothetical protein',1523922,1524155,234,764,3,1,first,,cds-WP_005687602.1,cds-WP_005653503.1,cds-WP_005667862.1,1523509,1524155,cds-WP_005653503.1;cds-WP_005687602.1;cds-WP_005667862.1
NZ_LN908249.1,Protein Homology,CDS,1524240,1524596,.,-,0,ID=cds-WP_044509376.1;product='hypothetical protein',cds-WP_044509376.1,'hypothetical protein',1524240,1524596,357,765,1,1,single,,,cds-WP_044509376.1,cds-WP_044509376.1,1524240,1524596,cds-WP_044509376.1
NZ_LN908249.1,Protein Homology,CDS,1524977,1525414,.,+,0,ID=cds-WP_020910030.1;product='hypothetical protein',cds-WP_020910030.1,'hypothetical protein',1524977,1525414,438,766,4,1,first,,cds-WP_005687598.1,cds-WP_020910030.1,cds-WP_005667853.1,1524977,1528790,cds-WP_020910030.1;cds-WP_005687598.1;cds-WP_005687597.1;cds-WP_005667853.1
NZ_LN908249.1,Protein Homology,CDS,1525411,1526352,.,+,0,ID=cds-WP_005687598.1;product='hypothetical protein',cds-WP_005687598.1,'hypothetical protein',1525411,1526352,942,766,4,2,internal,cds-WP_020910030.1,cds-WP_005687597.1,cds-WP_020910030.1,cds-WP_005667853.1,1524977,1528790,cds-WP_020910030.1;cds-WP_005687598.1;cds-WP_005687597.1;cds-WP_005667853.1
NZ_LN908249.1,Protein Homology,CDS,1526367,1528367,.,+,0,ID=cds-WP_005687597.1;product='hypothetical protein',cds-WP_005687597.1,'hypothetical protein',1526367,1528367,2001,766,4,3,internal,cds-WP_005687598.1,cds-WP_005667853.1,cds-WP_020910030.1,cds-WP_005667853.1,1524977,1528790,cds-WP_020910030.1;cds-WP_005687598.1;cds-WP_005687597.1;cds-WP_005667853.1
NZ_LN908249.1,Protein Homology,CDS,1528383,1528790,.,+,0,ID=cds-WP_005667853.1;product='hypothetical protein',cds-WP_005667853.1,'hypothetical protein',1528383,1528790,408,766,4,4,last,cds-WP_005687597.1,,cds-WP_020910030.1,cds-WP_005667853.1,1524977,1528790,cds-WP_020910030.1;cds-WP_005687598.1;cds-WP_005687597.1;cds-WP_005667853.1
NZ_LN908249.1,Protein Homology,CDS,1528835,1529014,.,-,0,ID=cds-WP_047922037.1;product='hypothetical protein',cds-WP_047922037.1,'hypothetical protein',1528835,1529014,180,767,1,1,single,,,cds-WP_047922037.1,cds-WP_047922037.1,1528835,1529014,cds-WP_047922037.1
NZ_LN908249.1,Protein Homology,CDS,1529211,1529567,.,+,0,ID=cds-WP_047922052.1;product='hypothetical protein',cds-WP_047922052.1,'hypothetical protein',1529211,1529567,357,768,1,1,single,,,cds-WP_047922052.1,cds-WP_047922052.1,1529211,1529567,cds-WP_047922052.1
NZ_LN908249.1,Protein Homology,CDS,1529594,1531090,.,-,0,ID=cds-WP_040975703.1;product='hypothetical protein',cds-WP_040975703.1,'hypothetical protein',1529594,1531090,1497,769,12,12,last,cds-WP_005667837.1,,cds-WP_053007201.1,cds-WP_040975703.1,1529594,1539467,cds-WP_053007201.1;cds-WP_005750915.1;cds-WP_005653541.1;cds-WP_011271844.1;cds-WP_047922049.1;cds-WP_047922050.1;cds-WP_005687589.1;cds-WP_005653518.1;cds-WP_058230494.1;cds-WP_005687593.1;cds-WP_005667837.1;cds-WP_040975703.1
NZ_LN908249.1,Protein Homology,CDS,1531099,1531422,.,-,0,ID=cds-WP_005667837.1;product='hypothetical protein',cds-WP_005667837.1,'hypothetical protein',1531099,1531422,324,769,12,11,internal,cds-WP_005687593.1,cds-WP_040975703.1,cds-WP_053007201.1,cds-WP_040975703.1,1529594,1539467,cds-WP_053007201.1;cds-WP_005750915.1;cds-WP_005653541.1;cds-WP_011271844.1;cds-WP_047922049.1;cds-WP_047922050.1;cds-WP_005687589.1;cds-WP_005653518.1;cds-WP_058230494.1;cds-WP_005687593.1;cds-WP_005667837.1;cds-WP_040975703.1
NZ_LN908249.1,Protein Homology,CDS,1531432,1531875,.,-,0,ID=cds-WP_005687593.1;product='hypothetical protein',cds-WP_005687593.1,'hypothetical protein',1531432,1531875,444,769,12,10,internal,cds-WP_058230494.1,cds-WP_005667837.1,cds-WP_053007201.1,cds-WP_040975703.1,1529594,1539467,cds-WP_053007201.1;cds-WP_005750915.1;cds-WP_005653541.1;cds-WP_011271844.1;cds-WP_047922049.1;cds-WP_047922050.1;cds-WP_005687589.1;cds-WP_005653518.1;cds-WP_058230494.1;cds-WP_005687593.1;cds-WP_005667837.1;cds-WP_040975703.1
NZ_LN908249.1,Protein Homology,CDS,1531847,1534717,.,-,0,ID=cds-WP_058230494.1;product='hypothetical protein',cds-WP_058230494.1,'hypothetical protein',1531847,1534717,2871,769,12,9,internal,cds-WP_005653518.1,cds-WP_005687593.1,cds-WP_053007201.1,cds-WP_040975703.1,1529594,1539467,cds-WP_053007201.1;cds-WP_005750915.1;cds-WP_005653541.1;cds-WP_011271844.1;cds-WP_047922049.1;cds-WP_047922050.1;cds-WP_005687589.1;cds-WP_005653518.1;cds-WP_058230494.1;cds-WP_005687593.1;cds-WP_005667837.1;cds-WP_040975703.1
NZ_LN908249.1,Protein Homology,CDS,1534733,1535140,.,-,0,ID=cds-WP_005653518.1;product='hypothetical protein',cds-WP_005653518.1,'hypothetical protein',1534733,1535140,408,769,12,8,internal,cds-WP_005687589.1,cds-WP_058230494.1,cds-WP_053007201.1,cds-WP_040975703.1,1529594,1539467,cds-WP_053007201.1;cds-WP_005750915.1;cds-WP_005653541.1;cds-WP_011271844.1;cds-WP_047922049.1;cds-WP_047922050.1;cds-WP_005687589.1;cds-WP_005653518.1;cds-WP_058230494.1;cds-WP_005687593.1;cds-WP_005667837.1;cds-WP_040975703.1
NZ_LN908249.1,Protein Homology,CDS,1535150,1536550,.,-,0,ID=cds-WP_005687589.1;product='hypothetical protein',cds-WP_005687589.1,'hypothetical protein',1535150,1536550,1401,769,12,7,internal,cds-WP_047922050.1,cds-WP_005653518.1,cds-WP_053007201.1,cds-WP_040975703.1,1529594,1539467,cds-WP_053007201.1;cds-WP_005750915.1;cds-WP_005653541.1;cds-WP_011271844.1;cds-WP_047922049.1;cds-WP_047922050.1;cds-WP_005687589.1;cds-WP_005653518.1;cds-WP_058230494.1;cds-WP_005687593.1;cds-WP_005667837.1;cds-WP_040975703.1
NZ_LN908249.1,Protein Homology,CDS,1536561,1537430,.,-,0,ID=cds-WP_047922050.1;product='hypothetical protein',cds-WP_047922050.1,'hypothetical protein',1536561,1537430,870,769,12,6,internal,cds-WP_047922049.1,cds-WP_005687589.1,cds-WP_053007201.1,cds-WP_040975703.1,1529594,1539467,cds-WP_053007201.1;cds-WP_005750915.1;cds-WP_005653541.1;cds-WP_011271844.1;cds-WP_047922049.1;cds-WP_047922050.1;cds-WP_005687589.1;cds-WP_005653518.1;cds-WP_058230494.1;cds-WP_005687593.1;cds-WP_005667837.1;cds-WP_040975703.1
NZ_LN908249.1,Protein Homology,CDS,1537430,1538074,.,-,0,ID=cds-WP_047922049.1;product='hypothetical protein',cds-WP_047922049.1,'hypothetical protein',1537430,1538074,645,769,12,5,internal,cds-WP_011271844.1,cds-WP_047922050.1,cds-WP_053007201.1,cds-WP_040975703.1,1529594,1539467,cds-WP_053007201.1;cds-WP_005750915.1;cds-WP_005653541.1;cds-WP_011271844.1;cds-WP_047922049.1;cds-WP_047922050.1;cds-WP_005687589.1;cds-WP_005653518.1;cds-WP_058230494.1;cds-WP_005687593.1;cds-WP_005667837.1;cds-WP_040975703.1
NZ_LN908249.1,Protein Homology,CDS,1538086,1538457,.,-,0,ID=cds-WP_011271844.1;product='hypothetical protein',cds-WP_011271844.1,'hypothetical protein',1538086,1538457,372,769,12,4,internal,cds-WP_005653541.1,cds-WP_047922049.1,cds-WP_053007201.1,cds-WP_040975703.1,1529594,1539467,cds-WP_053007201.1;cds-WP_005750915.1;cds-WP_005653541.1;cds-WP_011271844.1;cds-WP_047922049.1;cds-WP_047922050.1;cds-WP_005687589.1;cds-WP_005653518.1;cds-WP_058230494.1;cds-WP_005687593.1;cds-WP_005667837.1;cds-WP_040975703.1
NZ_LN908249.1,Protein Homology,CDS,1538477,1538878,.,-,0,ID=cds-WP_005653541.1;product='hypothetical protein',cds-WP_005653541.1,'hypothetical protein',1538477,1538878,402,769,12,3,internal,cds-WP_005750915.1,cds-WP_011271844.1,cds-WP_053007201.1,cds-WP_040975703.1,1529594,1539467,cds-WP_053007201.1;cds-WP_005750915.1;cds-WP_005653541.1;cds-WP_011271844.1;cds-WP_047922049.1;cds-WP_047922050.1;cds-WP_005687589.1;cds-WP_005653518.1;cds-WP_058230494.1;cds-WP_005687593.1;cds-WP_005667837.1;cds-WP_040975703.1
NZ_LN908249.1,Protein Homology,CDS,1538898,1539143,.,-,0,ID=cds-WP_005750915.1;product='hypothetical protein',cds-WP_005750915.1,'hypothetical protein',1538898,1539143,246,769,12,2,internal,cds-WP_053007201.1,cds-WP_005653541.1,cds-WP_053007201.1,cds-WP_040975703.1,1529594,1539467,cds-WP_053007201.1;cds-WP_005750915.1;cds-WP_005653541.1;cds-WP_011271844.1;cds-WP_047922049.1;cds-WP_047922050.1;cds-WP_005687589.1;cds-WP_005653518.1;cds-WP_058230494.1;cds-WP_005687593.1;cds-WP_005667837.1;cds-WP_040975703.1
NZ_LN908249.1,Protein Homology,CDS,1539147,1539467,.,-,0,ID=cds-WP_053007201.1;product='hypothetical protein',cds-WP_053007201.1,'hypothetical protein',1539147,1539467,321,769,12,1,first,,cds-WP_005750915.1,cds-WP_053007201.1,cds-WP_040975703.1,1529594,1539467,cds-WP_053007201.1;cds-WP_005750915.1;cds-WP_005653541.1;cds-WP_011271844.1;cds-WP_047922049.1;cds-WP_047922050.1;cds-WP_005687589.1;cds-WP_005653518.1;cds-WP_058230494.1;cds-WP_005687593.1;cds-WP_005667837.1;cds-WP_040975703.1
NZ_LN908249.1,Protein Homology,CDS,1539628,1540314,.,-,0,ID=cds-WP_012564939.1;product='hypothetical protein',cds-WP_012564939.1,'hypothetical protein',1539628,1540314,687,770,7,7,last,cds-WP_005687581.1,,pilL2,cds-WP_012564939.1,1539628,1545511,pilL2;cds-WP_012564936.1;cds-WP_011271840.1;cds-WP_011271841.1;traD;cds-WP_005687581.1;cds-WP_012564939.1
NZ_LN908249.1,Protein Homology,CDS,1540314,1540649,.,-,0,ID=cds-WP_005687581.1;product='hypothetical protein',cds-WP_005687581.1,'hypothetical protein',1540314,1540649,336,770,7,6,internal,traD,cds-WP_012564939.1,pilL2,cds-WP_012564939.1,1539628,1545511,pilL2;cds-WP_012564936.1;cds-WP_011271840.1;cds-WP_011271841.1;traD;cds-WP_005687581.1;cds-WP_012564939.1
NZ_LN908249.1,Protein Homology,CDS,1540633,1542882,.,-,0,ID=traD;product='hypothetical protein',traD,'hypothetical protein',1540633,1542882,2250,770,7,5,internal,cds-WP_011271841.1,cds-WP_005687581.1,pilL2,cds-WP_012564939.1,1539628,1545511,pilL2;cds-WP_012564936.1;cds-WP_011271840.1;cds-WP_011271841.1;traD;cds-WP_005687581.1;cds-WP_012564939.1
NZ_LN908249.1,Protein Homology,CDS,1542879,1543385,.,-,0,ID=cds-WP_011271841.1;product='hypothetical protein',cds-WP_011271841.1,'hypothetical protein',1542879,1543385,507,770,7,4,internal,cds-WP_011271840.1,traD,pilL2,cds-WP_012564939.1,1539628,1545511,pilL2;cds-WP_012564936.1;cds-WP_011271840.1;cds-WP_011271841.1;traD;cds-WP_005687581.1;cds-WP_012564939.1
NZ_LN908249.1,Protein Homology,CDS,1543401,1544159,.,-,0,ID=cds-WP_011271840.1;product='hypothetical protein',cds-WP_011271840.1,'hypothetical protein',1543401,1544159,759,770,7,3,internal,cds-WP_012564936.1,cds-WP_011271841.1,pilL2,cds-WP_012564939.1,1539628,1545511,pilL2;cds-WP_012564936.1;cds-WP_011271840.1;cds-WP_011271841.1;traD;cds-WP_005687581.1;cds-WP_012564939.1
NZ_LN908249.1,Protein Homology,CDS,1544138,1544878,.,-,0,ID=cds-WP_012564936.1;product='hypothetical protein',cds-WP_012564936.1,'hypothetical protein',1544138,1544878,741,770,7,2,internal,pilL2,cds-WP_011271840.1,pilL2,cds-WP_012564939.1,1539628,1545511,pilL2;cds-WP_012564936.1;cds-WP_011271840.1;cds-WP_011271841.1;traD;cds-WP_005687581.1;cds-WP_012564939.1
NZ_LN908249.1,Protein Homology,CDS,1544882,1545511,.,-,0,ID=pilL2;product='hypothetical protein',pilL2,'hypothetical protein',1544882,1545511,630,770,7,1,first,,cds-WP_012564936.1,pilL2,cds-WP_012564939.1,1539628,1545511,pilL2;cds-WP_012564936.1;cds-WP_011271840.1;cds-WP_011271841.1;traD;cds-WP_005687581.1;cds-WP_012564939.1
NZ_LN908249.1,Protein Homology,CDS,1545610,1546341,.,-,0,ID=cds-WP_047922047.1;product='hypothetical protein',cds-WP_047922047.1,'hypothetical protein',1545610,1546341,732,771,1,1,single,,,cds-WP_047922047.1,cds-WP_047922047.1,1545610,1546341,cds-WP_047922047.1
NZ_LN908249.1,GeneMarkS-2+,CDS,1546432,1546635,.,-,0,ID=cds-WP_047922046.1;product='hypothetical protein',cds-WP_047922046.1,'hypothetical protein',1546432,1546635,204,772,1,1,single,,,cds-WP_047922046.1,cds-WP_047922046.1,1546432,1546635,cds-WP_047922046.1
NZ_LN908249.1,Protein Homology,CDS,1546833,1548041,.,+,0,ID=cds-WP_001339197.1;product='hypothetical protein',cds-WP_001339197.1,'hypothetical protein',1546833,1548041,1209,773,1,1,single,,,cds-WP_001339197.1,cds-WP_001339197.1,1546833,1548041,cds-WP_001339197.1
NZ_LN908249.1,Protein Homology,CDS,1548051,1548467,.,-,0,ID=cds-WP_000275180.1;product=Transposon_Tn10_TetD_protein,cds-WP_000275180.1,Transposon Tn10 TetD protein,1548051,1548467,417,774,1,1,single,,,cds-WP_000275180.1,cds-WP_000275180.1,1548051,1548467,cds-WP_000275180.1
NZ_LN908249.1,Protein Homology,CDS,1548555,1549148,.,+,0,ID=tetC;product=Transposon_Tn10_TetC_protein,tetC,Transposon Tn10 TetC protein,1548555,1549148,594,775,1,1,single,,,tetC,tetC,1548555,1549148,tetC
NZ_LN908249.1,Protein Homology,CDS,1549261,1550466,.,-,0,ID=tet(B);product=Tetracycline_resistance_protein_class_B,tet(B),Tetracycline resistance protein class B,1549261,1550466,1206,776,1,1,single,,,tet(B),tet(B),1549261,1550466,tet(B)
NZ_LN908249.1,Protein Homology,CDS,1550548,1551170,.,+,0,ID=tetR(B);product=Tetracycline_repressor_protein_class_B_from_transposon_Tn10,tetR(B),Tetracycline repressor protein class B from transposon Tn10,1550548,1551170,623,777,1,1,single,,,tetR(B),tetR(B),1550548,1551170,tetR(B)
NZ_LN908249.1,Protein Homology,CDS,1551148,1551771,.,-,0,ID=cds-WP_001280391.1;product=Uncharacterized_HTH-type_transcriptional_regulator_YdfF,cds-WP_001280391.1,Uncharacterized HTH-type transcriptional regulator YdfF,1551148,1551771,624,778,1,1,single,,,cds-WP_001280391.1,cds-WP_001280391.1,1551148,1551771,cds-WP_001280391.1
NZ_LN908249.1,GeneMarkS-2+,CDS,1551842,1552228,.,-,0,ID=cds-WP_000460651.1;product='hypothetical protein',cds-WP_000460651.1,'hypothetical protein',1551842,1552228,387,779,2,2,last,cds-WP_000562370.1,,cds-WP_000562370.1,cds-WP_000460651.1,1551842,1552541,cds-WP_000562370.1;cds-WP_000460651.1
NZ_LN908249.1,Protein Homology,CDS,1552221,1552541,.,-,0,ID=cds-WP_000562370.1;product='hypothetical protein',cds-WP_000562370.1,'hypothetical protein',1552221,1552541,321,779,2,1,first,,cds-WP_000460651.1,cds-WP_000562370.1,cds-WP_000460651.1,1551842,1552541,cds-WP_000562370.1;cds-WP_000460651.1
NZ_LN908249.1,Protein Homology,CDS,1552985,1554190,.,+,0,ID=gltS_2;product=Sodium/glutamate_symporter,gltS_2,Sodium/glutamate symporter,1552985,1554190,1206,780,1,1,single,,,gltS_2,gltS_2,1552985,1554190,gltS_2
NZ_LN908249.1,Protein Homology,CDS,1554421,1554546,.,+,0,ID=cds-WP_001303004.1;product='hypothetical protein',cds-WP_001303004.1,'hypothetical protein',1554421,1554546,126,781,1,1,single,,,cds-WP_001303004.1,cds-WP_001303004.1,1554421,1554546,cds-WP_001303004.1
NZ_LN908249.1,Protein Homology,CDS,1554556,1555764,.,-,0,ID=cds-WP_001352368.1;product='hypothetical protein',cds-WP_001352368.1,'hypothetical protein',1554556,1555764,1209,782,2,2,last,cds-WP_230306568.1,,cds-WP_230306568.1,cds-WP_001352368.1,1554556,1556183,cds-WP_230306568.1;cds-WP_001352368.1
NZ_LN908249.1,GeneMarkS-2+,CDS,1555824,1556183,.,-,0,ID=cds-WP_230306568.1;product='hypothetical protein',cds-WP_230306568.1,'hypothetical protein',1555824,1556183,360,782,2,1,first,,cds-WP_001352368.1,cds-WP_230306568.1,cds-WP_001352368.1,1554556,1556183,cds-WP_230306568.1;cds-WP_001352368.1
NZ_LN908249.1,Protein Homology,CDS,1556276,1556746,.,-,0,ID=radC;product=UPF0758_protein_Asuc_0013,radC,UPF0758 protein Asuc 0013,1556276,1556746,471,783,1,1,single,,,radC,radC,1556276,1556746,radC
NZ_LN908249.1,Protein Homology,CDS,1556885,1557526,.,-,0,ID=cds-WP_047922032.1;product='hypothetical protein',cds-WP_047922032.1,'hypothetical protein',1556885,1557526,642,784,1,1,single,,,cds-WP_047922032.1,cds-WP_047922032.1,1556885,1557526,cds-WP_047922032.1
NZ_LN908249.1,Protein Homology,CDS,1557641,1558069,.,-,0,ID=cds-WP_011271832.1;product='hypothetical protein',cds-WP_011271832.1,'hypothetical protein',1557641,1558069,429,785,1,1,single,,,cds-WP_011271832.1,cds-WP_011271832.1,1557641,1558069,cds-WP_011271832.1
NZ_LN908249.1,Protein Homology,CDS,1558954,1560999,.,-,0,ID=cds-WP_012564926.1;product=DNA_topoisomerase_3,cds-WP_012564926.1,DNA topoisomerase 3,1558954,1560999,2046,786,1,1,single,,,cds-WP_012564926.1,cds-WP_012564926.1,1558954,1560999,cds-WP_012564926.1
NZ_LN908249.1,Protein Homology,CDS,1561090,1561647,.,+,0,ID=cds-WP_012564925.1;product=Protein_osa,cds-WP_012564925.1,Protein osa,1561090,1561647,558,787,1,1,single,,,cds-WP_012564925.1,cds-WP_012564925.1,1561090,1561647,cds-WP_012564925.1
NZ_LN908249.1,Protein Homology,CDS,1561863,1562381,.,-,0,ID=cds-WP_047922027.1;product='hypothetical protein',cds-WP_047922027.1,'hypothetical protein',1561863,1562381,519,788,2,2,last,cds-WP_050951544.1,,cds-WP_050951544.1,cds-WP_047922027.1,1561863,1562830,cds-WP_050951544.1;cds-WP_047922027.1
NZ_LN908249.1,Protein Homology,CDS,1562408,1562830,.,-,0,ID=cds-WP_050951544.1;product=Single-stranded_DNA-binding_protein,cds-WP_050951544.1,Single-stranded DNA-binding protein,1562408,1562830,423,788,2,1,first,,cds-WP_047922027.1,cds-WP_050951544.1,cds-WP_047922027.1,1561863,1562830,cds-WP_050951544.1;cds-WP_047922027.1
NZ_LN908249.1,Protein Homology,CDS,1563077,1563550,.,-,0,ID=cds-WP_005653583.1;product='hypothetical protein',cds-WP_005653583.1,'hypothetical protein',1563077,1563550,474,789,2,2,last,cds-WP_005667775.1,,cds-WP_005667775.1,cds-WP_005653583.1,1563077,1564320,cds-WP_005667775.1;cds-WP_005653583.1
NZ_LN908249.1,Protein Homology,CDS,1563565,1564320,.,-,0,ID=cds-WP_005667775.1;product='hypothetical protein',cds-WP_005667775.1,'hypothetical protein',1563565,1564320,756,789,2,1,first,,cds-WP_005653583.1,cds-WP_005667775.1,cds-WP_005653583.1,1563077,1564320,cds-WP_005667775.1;cds-WP_005653583.1
NZ_LN908249.1,Protein Homology,CDS,1564545,1565768,.,-,0,ID=cds-WP_012564922.1;product='hypothetical protein',cds-WP_012564922.1,'hypothetical protein',1564545,1565768,1224,790,1,1,single,,,cds-WP_012564922.1,cds-WP_012564922.1,1564545,1565768,cds-WP_012564922.1
NZ_LN908249.1,Protein Homology,CDS,1565918,1566469,.,-,0,ID=cds-WP_005653590.1;product='hypothetical protein',cds-WP_005653590.1,'hypothetical protein',1565918,1566469,552,791,4,4,last,cds-WP_058230495.1,,cds-WP_005653598.1,cds-WP_005653590.1,1565918,1570343,cds-WP_005653598.1;dnaB;cds-WP_058230495.1;cds-WP_005653590.1
NZ_LN908249.1,Protein Homology,CDS,1566469,1568157,.,-,0,ID=cds-WP_058230495.1;product='hypothetical protein',cds-WP_058230495.1,'hypothetical protein',1566469,1568157,1689,791,4,3,internal,dnaB,cds-WP_005653590.1,cds-WP_005653598.1,cds-WP_005653590.1,1565918,1570343,cds-WP_005653598.1;dnaB;cds-WP_058230495.1;cds-WP_005653590.1
NZ_LN908249.1,Protein Homology,CDS,1568150,1569505,.,-,0,ID=dnaB;product=Replicative_DNA_helicase,dnaB,Replicative DNA helicase,1568150,1569505,1356,791,4,2,internal,cds-WP_005653598.1,cds-WP_058230495.1,cds-WP_005653598.1,cds-WP_005653590.1,1565918,1570343,cds-WP_005653598.1;dnaB;cds-WP_058230495.1;cds-WP_005653590.1
NZ_LN908249.1,Protein Homology,CDS,1569507,1570343,.,-,0,ID=cds-WP_005653598.1;product=Tyrosine-protein_kinase_CpsD,cds-WP_005653598.1,Tyrosine-protein kinase CpsD,1569507,1570343,837,791,4,1,first,,dnaB,cds-WP_005653598.1,cds-WP_005653590.1,1565918,1570343,cds-WP_005653598.1;dnaB;cds-WP_058230495.1;cds-WP_005653590.1
NZ_LN908249.1,tRNAscan-SE,tRNA,1570419,1570505,.,-,.,ID=rna-MIDG2331_RS07240;product='tRNA',rna-MIDG2331_RS07240,'tRNA',1570419,1570505,87,792,5,5,last,rna-MIDG2331_RS07245,,rna-MIDG2331_RS07260,rna-MIDG2331_RS07240,1570419,1570922,rna-MIDG2331_RS07260;rna-MIDG2331_RS07255;rna-MIDG2331_RS07250;rna-MIDG2331_RS07245;rna-MIDG2331_RS07240
NZ_LN908249.1,tRNAscan-SE,tRNA,1570538,1570624,.,-,.,ID=rna-MIDG2331_RS07245;product='tRNA',rna-MIDG2331_RS07245,'tRNA',1570538,1570624,87,792,5,4,internal,rna-MIDG2331_RS07250,rna-MIDG2331_RS07240,rna-MIDG2331_RS07260,rna-MIDG2331_RS07240,1570419,1570922,rna-MIDG2331_RS07260;rna-MIDG2331_RS07255;rna-MIDG2331_RS07250;rna-MIDG2331_RS07245;rna-MIDG2331_RS07240
NZ_LN908249.1,tRNAscan-SE,tRNA,1570647,1570722,.,-,.,ID=rna-MIDG2331_RS07250;product='tRNA',rna-MIDG2331_RS07250,'tRNA',1570647,1570722,76,792,5,3,internal,rna-MIDG2331_RS07255,rna-MIDG2331_RS07245,rna-MIDG2331_RS07260,rna-MIDG2331_RS07240,1570419,1570922,rna-MIDG2331_RS07260;rna-MIDG2331_RS07255;rna-MIDG2331_RS07250;rna-MIDG2331_RS07245;rna-MIDG2331_RS07240
NZ_LN908249.1,tRNAscan-SE,tRNA,1570749,1570835,.,-,.,ID=rna-MIDG2331_RS07255;product='tRNA',rna-MIDG2331_RS07255,'tRNA',1570749,1570835,87,792,5,2,internal,rna-MIDG2331_RS07260,rna-MIDG2331_RS07250,rna-MIDG2331_RS07260,rna-MIDG2331_RS07240,1570419,1570922,rna-MIDG2331_RS07260;rna-MIDG2331_RS07255;rna-MIDG2331_RS07250;rna-MIDG2331_RS07245;rna-MIDG2331_RS07240
NZ_LN908249.1,tRNAscan-SE,tRNA,1570847,1570922,.,-,.,ID=rna-MIDG2331_RS07260;product='tRNA',rna-MIDG2331_RS07260,'tRNA',1570847,1570922,76,792,5,1,first,,rna-MIDG2331_RS07255,rna-MIDG2331_RS07260,rna-MIDG2331_RS07240,1570419,1570922,rna-MIDG2331_RS07260;rna-MIDG2331_RS07255;rna-MIDG2331_RS07250;rna-MIDG2331_RS07245;rna-MIDG2331_RS07240
NZ_LN908249.1,Protein Homology,CDS,1571090,1574539,.,-,0,ID=mfd;product=Transcription-repair-coupling_factor,mfd,Transcription-repair-coupling factor,1571090,1574539,3450,793,1,1,single,,,mfd,mfd,1571090,1574539,mfd
NZ_LN908249.1,Protein Homology,CDS,1574641,1577250,.,+,0,ID=pepN;product=Aminopeptidase_N,pepN,Aminopeptidase N,1574641,1577250,2610,794,1,1,single,,,pepN,pepN,1574641,1577250,pepN
NZ_LN908249.1,Protein Homology,CDS,1577388,1577978,.,-,0,ID=plsY;product=Glycerol-3-phosphate_acyltransferase,plsY,Glycerol-3-phosphate acyltransferase,1577388,1577978,591,795,1,1,single,,,plsY,plsY,1577388,1577978,plsY
NZ_LN908249.1,Protein Homology,CDS,1578050,1578403,.,+,0,ID=folB;product=Dihydroneopterin_aldolase,folB,Dihydroneopterin aldolase,1578050,1578403,354,796,1,1,single,,,folB,folB,1578050,1578403,folB
NZ_LN908249.1,Protein Homology,CDS,1578512,1579405,.,+,0,ID=cdd;product=Cytidine_deaminase,cdd,Cytidine deaminase,1578512,1579405,894,797,1,1,single,,,cdd,cdd,1578512,1579405,cdd
NZ_LN908249.1,Protein Homology,CDS,1579452,1580390,.,-,0,ID=ftsX;product=Cell_division_protein_FtsX,ftsX,Cell division protein FtsX,1579452,1580390,939,798,3,3,last,ftsE,,ftsY,ftsX,1579452,1582877,ftsY;ftsE;ftsX
NZ_LN908249.1,Protein Homology,CDS,1580400,1581053,.,-,0,ID=ftsE;product=Cell_division_ATP-binding_protein_FtsE,ftsE,Cell division ATP-binding protein FtsE,1580400,1581053,654,798,3,2,internal,ftsY,ftsX,ftsY,ftsX,1579452,1582877,ftsY;ftsE;ftsX
NZ_LN908249.1,Protein Homology,CDS,1581144,1582877,.,-,0,ID=ftsY;product=Signal_recognition_particle_receptor_FtsY,ftsY,Signal recognition particle receptor FtsY,1581144,1582877,1734,798,3,1,first,,ftsE,ftsY,ftsX,1579452,1582877,ftsY;ftsE;ftsX
NZ_LN908249.1,Protein Homology,CDS,1582955,1583548,.,+,0,ID=rsmD;product=Ribosomal_RNA_small_subunit_methyltransferase_D,rsmD,Ribosomal RNA small subunit methyltransferase D,1582955,1583548,594,799,1,1,single,,,rsmD,rsmD,1582955,1583548,rsmD
NZ_LN908249.1,Protein Homology,CDS,1583613,1583924,.,+,0,ID=cds-WP_005598462.1;product=UPF0263_protein_APL_1348,cds-WP_005598462.1,UPF0263 protein APL 1348,1583613,1583924,312,800,2,1,first,,hpaC,cds-WP_005598462.1,hpaC,1583613,1584452,cds-WP_005598462.1;hpaC
NZ_LN908249.1,Protein Homology,CDS,1583940,1584452,.,+,0,ID=hpaC;product=4-hydroxyphenylacetate_3-monooxygenase_reductase_component,hpaC,4-hydroxyphenylacetate 3-monooxygenase reductase component,1583940,1584452,513,800,2,2,last,cds-WP_005598462.1,,cds-WP_005598462.1,hpaC,1583613,1584452,cds-WP_005598462.1;hpaC
NZ_LN908249.1,Protein Homology,CDS,1584567,1585439,.,+,0,ID=tehB;product=Probable_S-adenosyl-L-methionine-dependent_methyltransferase_TehB,tehB,Probable S-adenosyl-L-methionine-dependent methyltransferase TehB,1584567,1585439,873,801,1,1,single,,,tehB,tehB,1584567,1585439,tehB
NZ_LN908249.1,Protein Homology,CDS,1585567,1586250,.,-,0,ID=artM;product=Arginine_ABC_transporter_permease_protein_ArtM,artM,Arginine ABC transporter permease protein ArtM,1585567,1586250,684,802,4,4,last,artQ,,artP,artM,1585567,1588400,artP;cds-WP_005619670.1;artQ;artM
NZ_LN908249.1,Protein Homology,CDS,1586250,1586921,.,-,0,ID=artQ;product=Arginine_ABC_transporter_permease_protein_ArtQ,artQ,Arginine ABC transporter permease protein ArtQ,1586250,1586921,672,802,4,3,internal,cds-WP_005619670.1,artM,artP,artM,1585567,1588400,artP;cds-WP_005619670.1;artQ;artM
NZ_LN908249.1,Protein Homology,CDS,1586927,1587646,.,-,0,ID=cds-WP_005619670.1;product=ABC_transporter_arginine-binding_protein,cds-WP_005619670.1,ABC transporter arginine-binding protein,1586927,1587646,720,802,4,2,internal,artP,artQ,artP,artM,1585567,1588400,artP;cds-WP_005619670.1;artQ;artM
NZ_LN908249.1,Protein Homology,CDS,1587666,1588400,.,-,0,ID=artP;product=Arginine_transport_ATP-binding_protein_ArtP,artP,Arginine transport ATP-binding protein ArtP,1587666,1588400,735,802,4,1,first,,cds-WP_005619670.1,artP,artM,1585567,1588400,artP;cds-WP_005619670.1;artQ;artM
NZ_LN908249.1,Protein Homology,CDS,1588625,1589122,.,-,0,ID=cds-WP_005601953.1;product=UPF0098_protein_TC_0109,cds-WP_005601953.1,UPF0098 protein TC 0109,1588625,1589122,498,803,1,1,single,,,cds-WP_005601953.1,cds-WP_005601953.1,1588625,1589122,cds-WP_005601953.1
NZ_LN908249.1,Protein Homology,CDS,1589195,1590157,.,+,0,ID=cds-WP_005619672.1;product=Putative_antiporter_CaxA,cds-WP_005619672.1,Putative antiporter CaxA,1589195,1590157,963,804,1,1,single,,,cds-WP_005619672.1,cds-WP_005619672.1,1589195,1590157,cds-WP_005619672.1
NZ_LN908249.1,Protein Homology,CDS,1590235,1590528,.,-,0,ID=cds-WP_005598477.1;product=Uncharacterized_HTH-type_transcriptional_regulator_HI_0659,cds-WP_005598477.1,Uncharacterized HTH-type transcriptional regulator HI 0659,1590235,1590528,294,805,2,2,last,cds-WP_005619674.1,,cds-WP_005619674.1,cds-WP_005598477.1,1590235,1590880,cds-WP_005619674.1;cds-WP_005598477.1
NZ_LN908249.1,Protein Homology,CDS,1590509,1590880,.,-,0,ID=cds-WP_005619674.1;product=Uncharacterized_protein_HI_0660,cds-WP_005619674.1,Uncharacterized protein HI 0660,1590509,1590880,372,805,2,1,first,,cds-WP_005598477.1,cds-WP_005619674.1,cds-WP_005598477.1,1590235,1590880,cds-WP_005619674.1;cds-WP_005598477.1
NZ_LN908249.1,Protein Homology,CDS,1591074,1592825,.,+,0,ID=cds-WP_039709264.1;product=Thiol:disulfide_interchange_protein_DsbD,cds-WP_039709264.1,Thiol:disulfide interchange protein DsbD,1591074,1592825,1752,806,2,1,first,,cds-WP_005608594.1,cds-WP_039709264.1,cds-WP_005608594.1,1591074,1593452,cds-WP_039709264.1;cds-WP_005608594.1
NZ_LN908249.1,Protein Homology,CDS,1592883,1593452,.,+,0,ID=cds-WP_005608594.1;product=Elongation_factor_P_hydroxylase,cds-WP_005608594.1,Elongation factor P hydroxylase,1592883,1593452,570,806,2,2,last,cds-WP_039709264.1,,cds-WP_039709264.1,cds-WP_005608594.1,1591074,1593452,cds-WP_039709264.1;cds-WP_005608594.1
NZ_LN908249.1,Protein Homology,CDS,1593496,1594350,.,-,0,ID=rsmI;product=Ribosomal_RNA_small_subunit_methyltransferase_I,rsmI,Ribosomal RNA small subunit methyltransferase I,1593496,1594350,855,807,1,1,single,,,rsmI,rsmI,1593496,1594350,rsmI
NZ_LN908249.1,Protein Homology,CDS,1594423,1596171,.,+,0,ID=cds-WP_039709265.1;product=Penicillin-binding_protein_activator_LpoA,cds-WP_039709265.1,Penicillin-binding protein activator LpoA,1594423,1596171,1749,808,4,1,first,,cds-WP_005598490.1,cds-WP_039709265.1,dolP,1594423,1597713,cds-WP_039709265.1;cds-WP_005598490.1;cds-WP_039709266.1;dolP
NZ_LN908249.1,Protein Homology,CDS,1596146,1596517,.,+,0,ID=cds-WP_005598490.1;product=UPF0102_protein_APL_1363,cds-WP_005598490.1,UPF0102 protein APL 1363,1596146,1596517,372,808,4,2,internal,cds-WP_039709265.1,cds-WP_039709266.1,cds-WP_039709265.1,dolP,1594423,1597713,cds-WP_039709265.1;cds-WP_005598490.1;cds-WP_039709266.1;dolP
NZ_LN908249.1,Protein Homology,CDS,1596526,1597104,.,+,0,ID=cds-WP_039709266.1;product=Uncharacterized_protein_HI_1657,cds-WP_039709266.1,Uncharacterized protein HI 1657,1596526,1597104,579,808,4,3,internal,cds-WP_005598490.1,dolP,cds-WP_039709265.1,dolP,1594423,1597713,cds-WP_039709265.1;cds-WP_005598490.1;cds-WP_039709266.1;dolP
NZ_LN908249.1,Protein Homology,CDS,1597126,1597713,.,+,0,ID=dolP;product=21_kDa_hemolysin,dolP,21 kDa hemolysin,1597126,1597713,588,808,4,4,last,cds-WP_039709266.1,,cds-WP_039709265.1,dolP,1594423,1597713,cds-WP_039709265.1;cds-WP_005598490.1;cds-WP_039709266.1;dolP
NZ_LN908249.1,Protein Homology,CDS,1597783,1597920,.,-,0,ID=cds-WP_005598497.1;product='hypothetical protein',cds-WP_005598497.1,'hypothetical protein',1597783,1597920,138,809,2,2,last,mltF,,mltF,cds-WP_005598497.1,1597783,1599376,mltF;cds-WP_005598497.1
NZ_LN908249.1,Protein Homology,CDS,1597925,1599376,.,-,0,ID=mltF;product=Membrane-bound_lytic_murein_transglycosylase_F,mltF,Membrane-bound lytic murein transglycosylase F,1597925,1599376,1452,809,2,1,first,,cds-WP_005598497.1,mltF,cds-WP_005598497.1,1597783,1599376,mltF;cds-WP_005598497.1
NZ_LN908249.1,tRNAscan-SE,tRNA,1599538,1599614,.,-,.,ID=rna-MIDG2331_RS07405;product='tRNA',rna-MIDG2331_RS07405,'tRNA',1599538,1599614,77,810,3,3,last,rna-MIDG2331_RS07410,,rna-MIDG2331_RS07415,rna-MIDG2331_RS07405,1599538,1599871,rna-MIDG2331_RS07415;rna-MIDG2331_RS07410;rna-MIDG2331_RS07405
NZ_LN908249.1,tRNAscan-SE,tRNA,1599687,1599763,.,-,.,ID=rna-MIDG2331_RS07410;product='tRNA',rna-MIDG2331_RS07410,'tRNA',1599687,1599763,77,810,3,2,internal,rna-MIDG2331_RS07415,rna-MIDG2331_RS07405,rna-MIDG2331_RS07415,rna-MIDG2331_RS07405,1599538,1599871,rna-MIDG2331_RS07415;rna-MIDG2331_RS07410;rna-MIDG2331_RS07405
NZ_LN908249.1,tRNAscan-SE,tRNA,1599777,1599871,.,-,.,ID=rna-MIDG2331_RS07415;product='tRNA',rna-MIDG2331_RS07415,'tRNA',1599777,1599871,95,810,3,1,first,,rna-MIDG2331_RS07410,rna-MIDG2331_RS07415,rna-MIDG2331_RS07405,1599538,1599871,rna-MIDG2331_RS07415;rna-MIDG2331_RS07410;rna-MIDG2331_RS07405
NZ_LN908249.1,Protein Homology,CDS,1600163,1602112,.,-,0,ID=cds-WP_005601968.1;product=Cytochrome_c-type_biogenesis_protein_CcmF,cds-WP_005601968.1,Cytochrome c-type biogenesis protein CcmF,1600163,1602112,1950,811,6,6,last,ccmE,,ccmA,cds-WP_005601968.1,1600163,1605127,ccmA;ccmB;cds-WP_005598508.1;ccmD;ccmE;cds-WP_005601968.1
NZ_LN908249.1,Protein Homology,CDS,1602112,1602657,.,-,0,ID=ccmE;product=Cytochrome_c-type_biogenesis_protein_CcmE,ccmE,Cytochrome c-type biogenesis protein CcmE,1602112,1602657,546,811,6,5,internal,ccmD,cds-WP_005601968.1,ccmA,cds-WP_005601968.1,1600163,1605127,ccmA;ccmB;cds-WP_005598508.1;ccmD;ccmE;cds-WP_005601968.1
NZ_LN908249.1,Protein Homology,CDS,1602841,1603038,.,-,0,ID=ccmD;product=Heme_exporter_protein_D,ccmD,Heme exporter protein D,1602841,1603038,198,811,6,4,internal,cds-WP_005598508.1,ccmE,ccmA,cds-WP_005601968.1,1600163,1605127,ccmA;ccmB;cds-WP_005598508.1;ccmD;ccmE;cds-WP_005601968.1
NZ_LN908249.1,Protein Homology,CDS,1603051,1603782,.,-,0,ID=cds-WP_005598508.1;product=Heme_exporter_protein_C,cds-WP_005598508.1,Heme exporter protein C,1603051,1603782,732,811,6,3,internal,ccmB,ccmD,ccmA,cds-WP_005601968.1,1600163,1605127,ccmA;ccmB;cds-WP_005598508.1;ccmD;ccmE;cds-WP_005601968.1
NZ_LN908249.1,Protein Homology,CDS,1603833,1604495,.,-,0,ID=ccmB;product=Heme_exporter_protein_B,ccmB,Heme exporter protein B,1603833,1604495,663,811,6,2,internal,ccmA,cds-WP_005598508.1,ccmA,cds-WP_005601968.1,1600163,1605127,ccmA;ccmB;cds-WP_005598508.1;ccmD;ccmE;cds-WP_005601968.1
NZ_LN908249.1,Protein Homology,CDS,1604492,1605127,.,-,0,ID=ccmA;product=Cytochrome_c_biogenesis_ATP-binding_export_protein_CcmA,ccmA,Cytochrome c biogenesis ATP-binding export protein CcmA,1604492,1605127,636,811,6,1,first,,ccmB,ccmA,cds-WP_005601968.1,1600163,1605127,ccmA;ccmB;cds-WP_005598508.1;ccmD;ccmE;cds-WP_005601968.1
NZ_LN908249.1,Protein Homology,CDS,1605268,1605978,.,-,0,ID=hda;product=Uncharacterized_protein_HI_1225.1,hda,Uncharacterized protein HI 1225.1,1605268,1605978,711,812,1,1,single,,,hda,hda,1605268,1605978,hda
NZ_LN908249.1,cmsearch,rRNA,1606217,1606332,.,-,.,ID=rrf_3;product='rRNA',rrf_3,'rRNA',1606217,1606332,116,813,5,5,last,rna-MIDG2331_RS07460,,rna-MIDG2331_RS07475,rrf_3,1606217,1611487,rna-MIDG2331_RS07475;rna-MIDG2331_RS07470;rna-MIDG2331_RS07465;rna-MIDG2331_RS07460;rrf_3
NZ_LN908249.1,cmsearch,rRNA,1606492,1609393,.,-,.,ID=rna-MIDG2331_RS07460;product='rRNA',rna-MIDG2331_RS07460,'rRNA',1606492,1609393,2902,813,5,4,internal,rna-MIDG2331_RS07465,rrf_3,rna-MIDG2331_RS07475,rrf_3,1606217,1611487,rna-MIDG2331_RS07475;rna-MIDG2331_RS07470;rna-MIDG2331_RS07465;rna-MIDG2331_RS07460;rrf_3
NZ_LN908249.1,tRNAscan-SE,tRNA,1609660,1609735,.,-,.,ID=rna-MIDG2331_RS07465;product='tRNA',rna-MIDG2331_RS07465,'tRNA',1609660,1609735,76,813,5,3,internal,rna-MIDG2331_RS07470,rna-MIDG2331_RS07460,rna-MIDG2331_RS07475,rrf_3,1606217,1611487,rna-MIDG2331_RS07475;rna-MIDG2331_RS07470;rna-MIDG2331_RS07465;rna-MIDG2331_RS07460;rrf_3
NZ_LN908249.1,tRNAscan-SE,tRNA,1609787,1609863,.,-,.,ID=rna-MIDG2331_RS07470;product='tRNA',rna-MIDG2331_RS07470,'tRNA',1609787,1609863,77,813,5,2,internal,rna-MIDG2331_RS07475,rna-MIDG2331_RS07465,rna-MIDG2331_RS07475,rrf_3,1606217,1611487,rna-MIDG2331_RS07475;rna-MIDG2331_RS07470;rna-MIDG2331_RS07465;rna-MIDG2331_RS07460;rrf_3
NZ_LN908249.1,cmsearch,rRNA,1609946,1611487,.,-,.,ID=rna-MIDG2331_RS07475;product='rRNA',rna-MIDG2331_RS07475,'rRNA',1609946,1611487,1542,813,5,1,first,,rna-MIDG2331_RS07470,rna-MIDG2331_RS07475,rrf_3,1606217,1611487,rna-MIDG2331_RS07475;rna-MIDG2331_RS07470;rna-MIDG2331_RS07465;rna-MIDG2331_RS07460;rrf_3
NZ_LN908249.1,Protein Homology,CDS,1611972,1612805,.,+,0,ID=cds-WP_005598525.1;product='hypothetical protein',cds-WP_005598525.1,'hypothetical protein',1611972,1612805,834,814,1,1,single,,,cds-WP_005598525.1,cds-WP_005598525.1,1611972,1612805,cds-WP_005598525.1
NZ_LN908249.1,Protein Homology,CDS,1612987,1613244,.,+,0,ID=cds-WP_039709270.1;product=Probable_oxaloacetate_decarboxylase_gamma_chain,cds-WP_039709270.1,Probable oxaloacetate decarboxylase gamma chain,1612987,1613244,258,815,3,1,first,,oadA,cds-WP_039709270.1,cds-WP_005598530.1,1612987,1616383,cds-WP_039709270.1;oadA;cds-WP_005598530.1
NZ_LN908249.1,Protein Homology,CDS,1613260,1615062,.,+,0,ID=oadA;product=Oxaloacetate_decarboxylase_alpha_chain,oadA,Oxaloacetate decarboxylase alpha chain,1613260,1615062,1803,815,3,2,internal,cds-WP_039709270.1,cds-WP_005598530.1,cds-WP_039709270.1,cds-WP_005598530.1,1612987,1616383,cds-WP_039709270.1;oadA;cds-WP_005598530.1
NZ_LN908249.1,Protein Homology,CDS,1615079,1616383,.,+,0,ID=cds-WP_005598530.1;product=Oxaloacetate_decarboxylase_beta_chain,cds-WP_005598530.1,Oxaloacetate decarboxylase beta chain,1615079,1616383,1305,815,3,3,last,oadA,,cds-WP_039709270.1,cds-WP_005598530.1,1612987,1616383,cds-WP_039709270.1;oadA;cds-WP_005598530.1
NZ_LN908249.1,Protein Homology,CDS,1616516,1616839,.,+,0,ID=cds-WP_005601984.1;product=Protein_PhnA_homolog,cds-WP_005601984.1,Protein PhnA homolog,1616516,1616839,324,816,1,1,single,,,cds-WP_005601984.1,cds-WP_005601984.1,1616516,1616839,cds-WP_005601984.1
NZ_LN908249.1,Protein Homology,CDS,1617011,1618411,.,+,0,ID=cds-WP_039709271.1;product=Probable_cytochrome_c_peroxidase,cds-WP_039709271.1,Probable cytochrome c peroxidase,1617011,1618411,1401,817,1,1,single,,,cds-WP_039709271.1,cds-WP_039709271.1,1617011,1618411,cds-WP_039709271.1
NZ_LN908249.1,Protein Homology,CDS,1618477,1618770,.,-,0,ID=yggU;product=UPF0235_protein_APL_1380,yggU,UPF0235 protein APL 1380,1618477,1618770,294,818,2,2,last,cds-WP_005601986.1,,cds-WP_005601986.1,yggU,1618477,1619305,cds-WP_005601986.1;yggU
NZ_LN908249.1,Protein Homology,CDS,1618772,1619305,.,-,0,ID=cds-WP_005601986.1;product=Uncharacterized_protein_HI_1036,cds-WP_005601986.1,Uncharacterized protein HI 1036,1618772,1619305,534,818,2,1,first,,yggU,cds-WP_005601986.1,yggU,1618477,1619305,cds-WP_005601986.1;yggU
NZ_LN908249.1,Protein Homology,CDS,1619427,1619768,.,-,0,ID=cds-WP_005598541.1;product=Uncharacterized_protein_HI_0341,cds-WP_005598541.1,Uncharacterized protein HI 0341,1619427,1619768,342,819,6,6,last,trmB,,yceD,cds-WP_005598541.1,1619427,1623357,yceD;rpmF;plsX;cds-WP_039709272.1;trmB;cds-WP_005598541.1
NZ_LN908249.1,Protein Homology,CDS,1619824,1620576,.,-,0,ID=trmB;product=tRNA_(guanine-N(7)-)-methyltransferase,trmB,tRNA (guanine-N(7)-)-methyltransferase,1619824,1620576,753,819,6,5,internal,cds-WP_039709272.1,cds-WP_005598541.1,yceD,cds-WP_005598541.1,1619427,1623357,yceD;rpmF;plsX;cds-WP_039709272.1;trmB;cds-WP_005598541.1
NZ_LN908249.1,Protein Homology,CDS,1620624,1621574,.,-,0,ID=cds-WP_039709272.1;product=3-oxoacyl-[acyl-carrier-protein]_synthase_3,cds-WP_039709272.1,3-oxoacyl-[acyl-carrier-protein] synthase 3,1620624,1621574,951,819,6,4,internal,plsX,trmB,yceD,cds-WP_005598541.1,1619427,1623357,yceD;rpmF;plsX;cds-WP_039709272.1;trmB;cds-WP_005598541.1
NZ_LN908249.1,Protein Homology,CDS,1621586,1622620,.,-,0,ID=plsX;product=Phosphate_acyltransferase,plsX,Phosphate acyltransferase,1621586,1622620,1035,819,6,3,internal,rpmF,cds-WP_039709272.1,yceD,cds-WP_005598541.1,1619427,1623357,yceD;rpmF;plsX;cds-WP_039709272.1;trmB;cds-WP_005598541.1
NZ_LN908249.1,Protein Homology,CDS,1622645,1622815,.,-,0,ID=rpmF;product=50S_ribosomal_protein_L32,rpmF,50S ribosomal protein L32,1622645,1622815,171,819,6,2,internal,yceD,plsX,yceD,cds-WP_005598541.1,1619427,1623357,yceD;rpmF;plsX;cds-WP_039709272.1;trmB;cds-WP_005598541.1
NZ_LN908249.1,Protein Homology,CDS,1622833,1623357,.,-,0,ID=yceD;product=Uncharacterized_protein_HI_0159,yceD,Uncharacterized protein HI 0159,1622833,1623357,525,819,6,1,first,,rpmF,yceD,cds-WP_005598541.1,1619427,1623357,yceD;rpmF;plsX;cds-WP_039709272.1;trmB;cds-WP_005598541.1
NZ_LN908249.1,Protein Homology,CDS,1623577,1624368,.,+,0,ID=cds-WP_005615785.1;product='hypothetical protein',cds-WP_005615785.1,'hypothetical protein',1623577,1624368,792,820,2,1,first,,cds-WP_005620489.1,cds-WP_005615785.1,cds-WP_005620489.1,1623577,1625726,cds-WP_005615785.1;cds-WP_005620489.1
NZ_LN908249.1,Protein Homology,CDS,1624464,1625726,.,+,0,ID=cds-WP_005620489.1;product=UPF0053_protein_HI_0107,cds-WP_005620489.1,UPF0053 protein HI 0107,1624464,1625726,1263,820,2,2,last,cds-WP_005615785.1,,cds-WP_005615785.1,cds-WP_005620489.1,1623577,1625726,cds-WP_005615785.1;cds-WP_005620489.1
NZ_LN908249.1,Protein Homology,CDS,1626105,1627619,.,+,0,ID=cds-WP_005598562.1;product=Uncharacterized_sodium-dependent_transporter_HI_0736,cds-WP_005598562.1,Uncharacterized sodium-dependent transporter HI 0736,1626105,1627619,1515,821,2,1,first,,cds-WP_005618985.1,cds-WP_005598562.1,cds-WP_005618985.1,1626105,1627722,cds-WP_005598562.1;cds-WP_005618985.1
NZ_LN908249.1,Protein Homology,CDS,1627630,1627722,.,+,0,ID=cds-WP_005618985.1;product='hypothetical protein',cds-WP_005618985.1,'hypothetical protein',1627630,1627722,93,821,2,2,last,cds-WP_005598562.1,,cds-WP_005598562.1,cds-WP_005618985.1,1626105,1627722,cds-WP_005598562.1;cds-WP_005618985.1
NZ_LN908249.1,Protein Homology,CDS,1628007,1628978,.,+,0,ID=manX;product=PTS_system_mannose-specific_EIIAB_component,manX,PTS system mannose-specific EIIAB component,1628007,1628978,972,822,6,1,first,,cds-WP_005598566.1,manX,cds-WP_005605308.1,1628007,1632977,manX;cds-WP_005598566.1;cds-WP_005598569.1;cds-WP_005618984.1;manA;cds-WP_005605308.1
NZ_LN908249.1,Protein Homology,CDS,1628991,1629791,.,+,0,ID=cds-WP_005598566.1;product=PTS_system_mannose-specific_EIIC_component,cds-WP_005598566.1,PTS system mannose-specific EIIC component,1628991,1629791,801,822,6,2,internal,manX,cds-WP_005598569.1,manX,cds-WP_005605308.1,1628007,1632977,manX;cds-WP_005598566.1;cds-WP_005598569.1;cds-WP_005618984.1;manA;cds-WP_005605308.1
NZ_LN908249.1,Protein Homology,CDS,1629805,1630641,.,+,0,ID=cds-WP_005598569.1;product=PTS_system_mannose-specific_EIID_component,cds-WP_005598569.1,PTS system mannose-specific EIID component,1629805,1630641,837,822,6,3,internal,cds-WP_005598566.1,cds-WP_005618984.1,manX,cds-WP_005605308.1,1628007,1632977,manX;cds-WP_005598566.1;cds-WP_005598569.1;cds-WP_005618984.1;manA;cds-WP_005605308.1
NZ_LN908249.1,Protein Homology,CDS,1630740,1631198,.,+,0,ID=cds-WP_005618984.1;product=UPF0266_membrane_protein_PM0830,cds-WP_005618984.1,UPF0266 membrane protein PM0830,1630740,1631198,459,822,6,4,internal,cds-WP_005598569.1,manA,manX,cds-WP_005605308.1,1628007,1632977,manX;cds-WP_005598566.1;cds-WP_005598569.1;cds-WP_005618984.1;manA;cds-WP_005605308.1
NZ_LN908249.1,Protein Homology,CDS,1631195,1632400,.,+,0,ID=manA;product=Mannose-6-phosphate_isomerase,manA,Mannose-6-phosphate isomerase,1631195,1632400,1206,822,6,5,internal,cds-WP_005618984.1,cds-WP_005605308.1,manX,cds-WP_005605308.1,1628007,1632977,manX;cds-WP_005598566.1;cds-WP_005598569.1;cds-WP_005618984.1;manA;cds-WP_005605308.1
NZ_LN908249.1,Protein Homology,CDS,1632462,1632977,.,+,0,ID=cds-WP_005605308.1;product='hypothetical protein',cds-WP_005605308.1,'hypothetical protein',1632462,1632977,516,822,6,6,last,manA,,manX,cds-WP_005605308.1,1628007,1632977,manX;cds-WP_005598566.1;cds-WP_005598569.1;cds-WP_005618984.1;manA;cds-WP_005605308.1
NZ_LN908249.1,Protein Homology,CDS,1633059,1634495,.,-,0,ID=apxID;product=RTX-I_toxin_determinant_D,apxID,RTX-I toxin determinant D,1633059,1634495,1437,823,2,2,last,apxIB,,apxIB,apxID,1633059,1636627,apxIB;apxID
NZ_LN908249.1,Protein Homology,CDS,1634504,1636627,.,-,0,ID=apxIB;product=Toxin_RTX-I_translocation_ATP-binding_protein,apxIB,Toxin RTX-I translocation ATP-binding protein,1634504,1636627,2124,823,2,1,first,,apxID,apxIB,apxID,1633059,1636627,apxIB;apxID
NZ_LN908249.1,Protein Homology,CDS,1636708,1637010,.,-,0,ID=cds-WP_005608612.1;product=RTX-I_toxin_determinant_A_from_serotypes_1/9,cds-WP_005608612.1,RTX-I toxin determinant A from serotypes 1/9,1636708,1637010,303,824,1,1,single,,,cds-WP_005608612.1,cds-WP_005608612.1,1636708,1637010,cds-WP_005608612.1
NZ_LN908249.1,Protein Homology,CDS,1637482,1638522,.,+,0,ID=cds-WP_005605312.1;product=Uncharacterized_protein_HI_0131,cds-WP_005605312.1,Uncharacterized protein HI 0131,1637482,1638522,1041,825,3,1,first,,cds-WP_005608614.1,cds-WP_005605312.1,fbpC,1637482,1641784,cds-WP_005605312.1;cds-WP_005608614.1;fbpC
NZ_LN908249.1,Protein Homology,CDS,1638628,1640691,.,+,0,ID=cds-WP_005608614.1;product=Ferric_transport_system_permease_protein_FbpB,cds-WP_005608614.1,Ferric transport system permease protein FbpB,1638628,1640691,2064,825,3,2,internal,cds-WP_005605312.1,fbpC,cds-WP_005605312.1,fbpC,1637482,1641784,cds-WP_005605312.1;cds-WP_005608614.1;fbpC
NZ_LN908249.1,Protein Homology,CDS,1640738,1641784,.,+,0,ID=fbpC;product=Fe(3+)_ions_import_ATP-binding_protein_FbpC,fbpC,Fe(3+) ions import ATP-binding protein FbpC,1640738,1641784,1047,825,3,3,last,cds-WP_005608614.1,,cds-WP_005605312.1,fbpC,1637482,1641784,cds-WP_005605312.1;cds-WP_005608614.1;fbpC
NZ_LN908249.1,Protein Homology,CDS,1641875,1643239,.,-,0,ID=mpl;product=UDP-N-acetylmuramate--L-alanyl-gamma-D-glutamyl-meso-26-diaminoheptandioate_ligase,mpl,UDP-N-acetylmuramate--L-alanyl-gamma-D-glutamyl-meso-26-diaminoheptandioate ligase,1641875,1643239,1365,826,1,1,single,,,mpl,mpl,1641875,1643239,mpl
NZ_LN908249.1,Protein Homology,CDS,1643362,1644366,.,+,0,ID=fbp;product=Fructose-16-bisphosphatase_class_1,fbp,Fructose-16-bisphosphatase class 1,1643362,1644366,1005,827,1,1,single,,,fbp,fbp,1643362,1644366,fbp
NZ_LN908249.1,Protein Homology,CDS,1644522,1645085,.,-,0,ID=cds-WP_058230496.1;product='hypothetical protein',cds-WP_058230496.1,'hypothetical protein',1644522,1645085,564,828,2,2,last,cds-WP_144435021.1-2,,cds-WP_144435021.1-2,cds-WP_058230496.1,1644522,1645297,cds-WP_144435021.1-2;cds-WP_058230496.1
NZ_LN908249.1,GeneMarkS-2+,CDS,1645082,1645297,.,-,0,ID=cds-WP_144435021.1-2;product='hypothetical protein',cds-WP_144435021.1-2,'hypothetical protein',1645082,1645297,216,828,2,1,first,,cds-WP_058230496.1,cds-WP_144435021.1-2,cds-WP_058230496.1,1644522,1645297,cds-WP_144435021.1-2;cds-WP_058230496.1
NZ_LN908249.1,Protein Homology,CDS,1645370,1645432,.,-,0,ID=cds-MIDG2331_RS11810;product='hypothetical protein',cds-MIDG2331_RS11810,'hypothetical protein',1645370,1645432,63,829,1,1,single,,,cds-MIDG2331_RS11810,cds-MIDG2331_RS11810,1645370,1645432,cds-MIDG2331_RS11810
NZ_LN908249.1,Protein Homology,CDS,1645588,1646772,.,-,0,ID=tuf;product=Elongation_factor_Tu,tuf,Elongation factor Tu,1645588,1646772,1185,830,4,4,last,fusA,,rpsL,tuf,1645588,1650020,rpsL;rpsG;fusA;tuf
NZ_LN908249.1,Protein Homology,CDS,1646834,1648939,.,-,0,ID=fusA;product=Elongation_factor_G,fusA,Elongation factor G,1646834,1648939,2106,830,4,3,internal,rpsG,tuf,rpsL,tuf,1645588,1650020,rpsL;rpsG;fusA;tuf
NZ_LN908249.1,Protein Homology,CDS,1649039,1649509,.,-,0,ID=rpsG;product=30S_ribosomal_protein_S7,rpsG,30S ribosomal protein S7,1649039,1649509,471,830,4,2,internal,rpsL,fusA,rpsL,tuf,1645588,1650020,rpsL;rpsG;fusA;tuf
NZ_LN908249.1,Protein Homology,CDS,1649646,1650020,.,-,0,ID=rpsL;product=30S_ribosomal_protein_S12,rpsL,30S ribosomal protein S12,1649646,1650020,375,830,4,1,first,,rpsG,rpsL,tuf,1645588,1650020,rpsL;rpsG;fusA;tuf
NZ_LN908249.1,Protein Homology,CDS,1650142,1651101,.,-,0,ID=rfaC;product=Lipopolysaccharide_heptosyltransferase_1,rfaC,Lipopolysaccharide heptosyltransferase 1,1650142,1651101,960,831,2,2,last,waaF,,waaF,rfaC,1650142,1652213,waaF;rfaC
NZ_LN908249.1,Protein Homology,CDS,1651176,1652213,.,-,0,ID=waaF;product=ADP-heptose--LPS_heptosyltransferase_2,waaF,ADP-heptose--LPS heptosyltransferase 2,1651176,1652213,1038,831,2,1,first,,rfaC,waaF,rfaC,1650142,1652213,waaF;rfaC
NZ_LN908249.1,Protein Homology,CDS,1652295,1652699,.,-,0,ID=cds-WP_005599908.1;product='hypothetical protein',cds-WP_005599908.1,'hypothetical protein',1652295,1652699,405,832,1,1,single,,,cds-WP_005599908.1,cds-WP_005599908.1,1652295,1652699,cds-WP_005599908.1
NZ_LN908249.1,Protein Homology,CDS,1652821,1654212,.,-,0,ID=cds-WP_039709275.1;product=Opacity-associated_protein_OapA,cds-WP_039709275.1,Opacity-associated protein OapA,1652821,1654212,1392,833,1,1,single,,,cds-WP_039709275.1,cds-WP_039709275.1,1652821,1654212,cds-WP_039709275.1
NZ_LN908249.1,Protein Homology,CDS,1654513,1654857,.,+,0,ID=cds-WP_005599904.1;product=Uncharacterized_protein_HI_1008,cds-WP_005599904.1,Uncharacterized protein HI 1008,1654513,1654857,345,834,1,1,single,,,cds-WP_005599904.1,cds-WP_005599904.1,1654513,1654857,cds-WP_005599904.1
NZ_LN908249.1,Protein Homology,CDS,1655008,1655898,.,+,0,ID=asd_2;product=Phosphatidylserine_decarboxylase_proenzyme,asd_2,Phosphatidylserine decarboxylase proenzyme,1655008,1655898,891,835,1,1,single,,,asd_2,asd_2,1655008,1655898,asd_2
NZ_LN908249.1,Protein Homology,CDS,1656015,1658378,.,+,0,ID=hsdR;product=Type_I_restriction_enzyme_EcoEI_R_protein,hsdR,Type I restriction enzyme EcoEI R protein,1656015,1658378,2364,836,5,1,first,,cds-WP_039709277.1,hsdR,cds-WP_005599934.1,1656015,1663256,hsdR;cds-WP_039709277.1;cds-WP_005608627.1;cds-WP_058230497.1;cds-WP_005599934.1
NZ_LN908249.1,Protein Homology,CDS,1658462,1659931,.,+,0,ID=cds-WP_039709277.1;product=Type_I_restriction_enzyme_EcoEI_M_protein,cds-WP_039709277.1,Type I restriction enzyme EcoEI M protein,1658462,1659931,1470,836,5,2,internal,hsdR,cds-WP_005608627.1,hsdR,cds-WP_005599934.1,1656015,1663256,hsdR;cds-WP_039709277.1;cds-WP_005608627.1;cds-WP_058230497.1;cds-WP_005599934.1
NZ_LN908249.1,Protein Homology,CDS,1659940,1660935,.,+,0,ID=cds-WP_005608627.1;product='hypothetical protein',cds-WP_005608627.1,'hypothetical protein',1659940,1660935,996,836,5,3,internal,cds-WP_039709277.1,cds-WP_058230497.1,hsdR,cds-WP_005599934.1,1656015,1663256,hsdR;cds-WP_039709277.1;cds-WP_005608627.1;cds-WP_058230497.1;cds-WP_005599934.1
NZ_LN908249.1,Protein Homology,CDS,1660932,1662401,.,+,0,ID=cds-WP_058230497.1;product=Type-1_restriction_enzyme_EcoAI_specificity_protein,cds-WP_058230497.1,Type-1 restriction enzyme EcoAI specificity protein,1660932,1662401,1470,836,5,4,internal,cds-WP_005608627.1,cds-WP_005599934.1,hsdR,cds-WP_005599934.1,1656015,1663256,hsdR;cds-WP_039709277.1;cds-WP_005608627.1;cds-WP_058230497.1;cds-WP_005599934.1
NZ_LN908249.1,Protein Homology,CDS,1662453,1663256,.,+,0,ID=cds-WP_005599934.1;product=Tyrosine_recombinase_XerC,cds-WP_005599934.1,Tyrosine recombinase XerC,1662453,1663256,804,836,5,5,last,cds-WP_058230497.1,,hsdR,cds-WP_005599934.1,1656015,1663256,hsdR;cds-WP_039709277.1;cds-WP_005608627.1;cds-WP_058230497.1;cds-WP_005599934.1
NZ_LN908249.1,Protein Homology,CDS,1663296,1664579,.,-,0,ID=cds-WP_081043521.1;product=Uncharacterized_protein_MJ1531,cds-WP_081043521.1,Uncharacterized protein MJ1531,1663296,1664579,1284,837,1,1,single,,,cds-WP_081043521.1,cds-WP_081043521.1,1663296,1664579,cds-WP_081043521.1
NZ_LN908249.1,Protein Homology,CDS,1664766,1667039,.,+,0,ID=gshAB;product=Glutathione_biosynthesis_bifunctional_protein_GshAB,gshAB,Glutathione biosynthesis bifunctional protein GshAB,1664766,1667039,2274,838,1,1,single,,,gshAB,gshAB,1664766,1667039,gshAB
NZ_LN908249.1,Protein Homology,CDS,1667131,1667751,.,-,0,ID=cds-WP_005619829.1;product='hypothetical protein',cds-WP_005619829.1,'hypothetical protein',1667131,1667751,621,839,1,1,single,,,cds-WP_005619829.1,cds-WP_005619829.1,1667131,1667751,cds-WP_005619829.1
NZ_LN908249.1,Protein Homology,CDS,1667951,1669153,.,+,0,ID=cds-WP_039709282.1;product=Tryptophan-specific_transport_protein,cds-WP_039709282.1,Tryptophan-specific transport protein,1667951,1669153,1203,840,1,1,single,,,cds-WP_039709282.1,cds-WP_039709282.1,1667951,1669153,cds-WP_039709282.1
NZ_LN908249.1,Protein Homology,CDS,1669217,1669510,.,-,0,ID=cds-WP_005598606.1;product=UPF0381_protein_HI_0636,cds-WP_005598606.1,UPF0381 protein HI 0636,1669217,1669510,294,841,1,1,single,,,cds-WP_005598606.1,cds-WP_005598606.1,1669217,1669510,cds-WP_005598606.1
NZ_LN908249.1,Protein Homology,CDS,1669650,1670552,.,+,0,ID=cds-WP_005620526.1;product=Uncharacterized_oxidoreductase_YcsN,cds-WP_005620526.1,Uncharacterized oxidoreductase YcsN,1669650,1670552,903,842,1,1,single,,,cds-WP_005620526.1,cds-WP_005620526.1,1669650,1670552,cds-WP_005620526.1
NZ_LN908249.1,Protein Homology,CDS,1670615,1672390,.,-,0,ID=cds-WP_039709283.1;product=Putative_long-chain-fatty-acid--CoA_ligase,cds-WP_039709283.1,Putative long-chain-fatty-acid--CoA ligase,1670615,1672390,1776,843,1,1,single,,,cds-WP_039709283.1,cds-WP_039709283.1,1670615,1672390,cds-WP_039709283.1
NZ_LN908249.1,Protein Homology,CDS,1672571,1674046,.,-,0,ID=mqo;product=Probable_malate:quinone_oxidoreductase,mqo,Probable malate:quinone oxidoreductase,1672571,1674046,1476,844,1,1,single,,,mqo,mqo,1672571,1674046,mqo
NZ_LN908249.1,Protein Homology,CDS,1674154,1674567,.,-,0,ID=cds-WP_005602056.1;product='hypothetical protein',cds-WP_005602056.1,'hypothetical protein',1674154,1674567,414,845,1,1,single,,,cds-WP_005602056.1,cds-WP_005602056.1,1674154,1674567,cds-WP_005602056.1
NZ_LN908249.1,Protein Homology,CDS,1674787,1675128,.,+,0,ID=cds-WP_005598617.1;product='hypothetical protein',cds-WP_005598617.1,'hypothetical protein',1674787,1675128,342,846,2,1,first,,cds-WP_005598619.1,cds-WP_005598617.1,cds-WP_005598619.1,1674787,1675595,cds-WP_005598617.1;cds-WP_005598619.1
NZ_LN908249.1,Protein Homology,CDS,1675170,1675595,.,+,0,ID=cds-WP_005598619.1;product='hypothetical protein',cds-WP_005598619.1,'hypothetical protein',1675170,1675595,426,846,2,2,last,cds-WP_005598617.1,,cds-WP_005598617.1,cds-WP_005598619.1,1674787,1675595,cds-WP_005598617.1;cds-WP_005598619.1
NZ_LN908249.1,Protein Homology,CDS,1675666,1676676,.,-,0,ID=mglC;product=Galactoside_transport_system_permease_protein_MglC,mglC,Galactoside transport system permease protein MglC,1675666,1676676,1011,847,3,3,last,mglA,,mglB,mglC,1675666,1679247,mglB;mglA;mglC
NZ_LN908249.1,Protein Homology,CDS,1676693,1678192,.,-,0,ID=mglA;product=Galactose/methyl_galactoside_import_ATP-binding_protein_MglA,mglA,Galactose/methyl galactoside import ATP-binding protein MglA,1676693,1678192,1500,847,3,2,internal,mglB,mglC,mglB,mglC,1675666,1679247,mglB;mglA;mglC
NZ_LN908249.1,Protein Homology,CDS,1678255,1679247,.,-,0,ID=mglB;product=D-galactose-binding_periplasmic_protein,mglB,D-galactose-binding periplasmic protein,1678255,1679247,993,847,3,1,first,,mglA,mglB,mglC,1675666,1679247,mglB;mglA;mglC
NZ_LN908249.1,Protein Homology,CDS,1679501,1680607,.,-,0,ID=ompA;product=Outer_membrane_protein_P5,ompA,Outer membrane protein P5,1679501,1680607,1107,848,1,1,single,,,ompA,ompA,1679501,1680607,ompA
NZ_LN908249.1,Protein Homology,CDS,1681035,1684124,.,+,0,ID=ydiJ;product=Uncharacterized_protein_HI_1163,ydiJ,Uncharacterized protein HI 1163,1681035,1684124,3090,849,1,1,single,,,ydiJ,ydiJ,1681035,1684124,ydiJ
NZ_LN908249.1,Protein Homology,CDS,1684257,1684682,.,+,0,ID=cds-WP_005598632.1;product=Putative_esterase_HI_1161,cds-WP_005598632.1,Putative esterase HI 1161,1684257,1684682,426,850,1,1,single,,,cds-WP_005598632.1,cds-WP_005598632.1,1684257,1684682,cds-WP_005598632.1
NZ_LN908249.1,Protein Homology,CDS,1684835,1686463,.,+,0,ID=yidC;product=Membrane_protein_insertase_YidC,yidC,Membrane protein insertase YidC,1684835,1686463,1629,851,1,1,single,,,yidC,yidC,1684835,1686463,yidC
NZ_LN908249.1,Protein Homology,CDS,1686748,1687362,.,-,0,ID=cds-WP_005605279.1;product=Cytochrome_c-type_protein_NapC,cds-WP_005605279.1,Cytochrome c-type protein NapC,1686748,1687362,615,852,7,7,last,cds-WP_005598639.1,,napF,cds-WP_005605279.1,1686748,1693065,napF;cds-WP_005598644.1;napA;napG;napH;cds-WP_005598639.1;cds-WP_005605279.1
NZ_LN908249.1,Protein Homology,CDS,1687374,1687796,.,-,0,ID=cds-WP_005598639.1;product=Periplasmic_nitrate_reductase_electron_transfer_subunit,cds-WP_005598639.1,Periplasmic nitrate reductase electron transfer subunit,1687374,1687796,423,852,7,6,internal,napH,cds-WP_005605279.1,napF,cds-WP_005605279.1,1686748,1693065,napF;cds-WP_005598644.1;napA;napG;napH;cds-WP_005598639.1;cds-WP_005605279.1
NZ_LN908249.1,Protein Homology,CDS,1687815,1688708,.,-,0,ID=napH;product=Ferredoxin-type_protein_NapH_homolog,napH,Ferredoxin-type protein NapH homolog,1687815,1688708,894,852,7,5,internal,napG,cds-WP_005598639.1,napF,cds-WP_005605279.1,1686748,1693065,napF;cds-WP_005598644.1;napA;napG;napH;cds-WP_005598639.1;cds-WP_005605279.1
NZ_LN908249.1,Protein Homology,CDS,1688708,1689613,.,-,0,ID=napG;product=Ferredoxin-type_protein_NapG_homolog,napG,Ferredoxin-type protein NapG homolog,1688708,1689613,906,852,7,4,internal,napA,napH,napF,cds-WP_005605279.1,1686748,1693065,napF;cds-WP_005598644.1;napA;napG;napH;cds-WP_005598639.1;cds-WP_005605279.1
NZ_LN908249.1,Protein Homology,CDS,1689748,1692231,.,-,0,ID=napA;product=Periplasmic_nitrate_reductase,napA,Periplasmic nitrate reductase,1689748,1692231,2484,852,7,3,internal,cds-WP_005598644.1,napG,napF,cds-WP_005605279.1,1686748,1693065,napF;cds-WP_005598644.1;napA;napG;napH;cds-WP_005598639.1;cds-WP_005605279.1
NZ_LN908249.1,Protein Homology,CDS,1692263,1692532,.,-,0,ID=cds-WP_005598644.1;product=Protein_NapD,cds-WP_005598644.1,Protein NapD,1692263,1692532,270,852,7,2,internal,napF,napA,napF,cds-WP_005605279.1,1686748,1693065,napF;cds-WP_005598644.1;napA;napG;napH;cds-WP_005598639.1;cds-WP_005605279.1
NZ_LN908249.1,Protein Homology,CDS,1692535,1693065,.,-,0,ID=napF;product=Ferredoxin-type_protein_NapF_homolog,napF,Ferredoxin-type protein NapF homolog,1692535,1693065,531,852,7,1,first,,cds-WP_005598644.1,napF,cds-WP_005605279.1,1686748,1693065,napF;cds-WP_005598644.1;napA;napG;napH;cds-WP_005598639.1;cds-WP_005605279.1
NZ_LN908249.1,Protein Homology,CDS,1693264,1693839,.,+,0,ID=cds-WP_039709284.1;product=Uncharacterized_NAD(P)H_oxidoreductase_HI_1544,cds-WP_039709284.1,Uncharacterized NAD(P)H oxidoreductase HI 1544,1693264,1693839,576,853,1,1,single,,,cds-WP_039709284.1,cds-WP_039709284.1,1693264,1693839,cds-WP_039709284.1
NZ_LN908249.1,Protein Homology,CDS,1694855,1695308,.,-,0,ID=cds-WP_144435020.1-2;product=Uncharacterized_protein_HI_1720,cds-WP_144435020.1-2,Uncharacterized protein HI 1720,1694855,1695308,454,854,2,1,first,,cds-WP_144435020.1-2_2,cds-WP_144435020.1-2,cds-WP_144435020.1-2_2,1693975,1695308,cds-WP_144435020.1-2;cds-WP_144435020.1-2_2
NZ_LN908249.1,Protein Homology,CDS,1693975,1694855,.,-,2,ID=cds-WP_144435020.1-2_2;product='hypothetical protein',cds-WP_144435020.1-2_2,'hypothetical protein',1693975,1694855,881,854,2,2,last,cds-WP_144435020.1-2,,cds-WP_144435020.1-2,cds-WP_144435020.1-2_2,1693975,1695308,cds-WP_144435020.1-2;cds-WP_144435020.1-2_2
NZ_LN908249.1,Protein Homology,CDS,1695412,1695924,.,-,0,ID=cds-WP_012263235.1;product='hypothetical protein',cds-WP_012263235.1,'hypothetical protein',1695412,1695924,513,855,1,1,single,,,cds-WP_012263235.1,cds-WP_012263235.1,1695412,1695924,cds-WP_012263235.1
NZ_LN908249.1,Protein Homology,CDS,1696085,1699072,.,-,0,ID=rne;product=Ribonuclease_E,rne,Ribonuclease E,1696085,1699072,2988,856,1,1,single,,,rne,rne,1696085,1699072,rne
NZ_LN908249.1,Protein Homology,CDS,1699473,1700549,.,+,0,ID=cds-WP_005598659.1;product='hypothetical protein',cds-WP_005598659.1,'hypothetical protein',1699473,1700549,1077,857,1,1,single,,,cds-WP_005598659.1,cds-WP_005598659.1,1699473,1700549,cds-WP_005598659.1
NZ_LN908249.1,Protein Homology,CDS,1700619,1701140,.,-,0,ID=cds-WP_039709285.1;product=Uncharacterized_protein_HI_0318,cds-WP_039709285.1,Uncharacterized protein HI 0318,1700619,1701140,522,858,1,1,single,,,cds-WP_039709285.1,cds-WP_039709285.1,1700619,1701140,cds-WP_039709285.1
NZ_LN908249.1,Protein Homology,CDS,1701290,1702753,.,-,0,ID=ubiD;product=3-octaprenyl-4-hydroxybenzoate_carboxy-lyase,ubiD,3-octaprenyl-4-hydroxybenzoate carboxy-lyase,1701290,1702753,1464,859,1,1,single,,,ubiD,ubiD,1701290,1702753,ubiD
NZ_LN908249.1,Protein Homology,CDS,1702899,1703876,.,+,0,ID=znuA;product=High-affinity_zinc_uptake_system_protein_ZnuA,znuA,High-affinity zinc uptake system protein ZnuA,1702899,1703876,978,860,1,1,single,,,znuA,znuA,1702899,1703876,znuA
NZ_LN908249.1,Protein Homology,CDS,1703975,1704538,.,-,0,ID=cds-WP_058230496.1-2;product='hypothetical protein',cds-WP_058230496.1-2,'hypothetical protein',1703975,1704538,564,861,2,2,last,cds-WP_144435021.1-3,,cds-WP_144435021.1-3,cds-WP_058230496.1-2,1703975,1704750,cds-WP_144435021.1-3;cds-WP_058230496.1-2
NZ_LN908249.1,GeneMarkS-2+,CDS,1704535,1704750,.,-,0,ID=cds-WP_144435021.1-3;product='hypothetical protein',cds-WP_144435021.1-3,'hypothetical protein',1704535,1704750,216,861,2,1,first,,cds-WP_058230496.1-2,cds-WP_144435021.1-3,cds-WP_058230496.1-2,1703975,1704750,cds-WP_144435021.1-3;cds-WP_058230496.1-2
NZ_LN908249.1,Protein Homology,CDS,1704823,1704885,.,-,0,ID=cds-MIDG2331_RS11815;product='hypothetical protein',cds-MIDG2331_RS11815,'hypothetical protein',1704823,1704885,63,862,1,1,single,,,cds-MIDG2331_RS11815,cds-MIDG2331_RS11815,1704823,1704885,cds-MIDG2331_RS11815
NZ_LN908249.1,Protein Homology,CDS,1704978,1705712,.,-,0,ID=cds-WP_039709296.1;product=Hybrid_peroxiredoxin_hyPrx5,cds-WP_039709296.1,Hybrid peroxiredoxin hyPrx5,1704978,1705712,735,863,1,1,single,,,cds-WP_039709296.1,cds-WP_039709296.1,1704978,1705712,cds-WP_039709296.1
NZ_LN908249.1,Protein Homology,CDS,1705837,1706730,.,+,0,ID=oxyR;product=Hydrogen_peroxide-inducible_genes_activator,oxyR,Hydrogen peroxide-inducible genes activator,1705837,1706730,894,864,4,1,first,,fabR,oxyR,rnr,1705837,1710292,oxyR;fabR;cds-WP_039709293.1;rnr
NZ_LN908249.1,Protein Homology,CDS,1706723,1707355,.,+,0,ID=fabR;product=Uncharacterized_HTH-type_transcriptional_regulator_HI_0570,fabR,Uncharacterized HTH-type transcriptional regulator HI 0570,1706723,1707355,633,864,4,2,internal,oxyR,cds-WP_039709293.1,oxyR,rnr,1705837,1710292,oxyR;fabR;cds-WP_039709293.1;rnr
NZ_LN908249.1,Protein Homology,CDS,1707355,1707870,.,+,0,ID=cds-WP_039709293.1;product=Thioredoxin-like_protein_HI_1115,cds-WP_039709293.1,Thioredoxin-like protein HI 1115,1707355,1707870,516,864,4,3,internal,fabR,rnr,oxyR,rnr,1705837,1710292,oxyR;fabR;cds-WP_039709293.1;rnr
NZ_LN908249.1,Protein Homology,CDS,1707938,1710292,.,+,0,ID=rnr;product=Ribonuclease_R,rnr,Ribonuclease R,1707938,1710292,2355,864,4,4,last,cds-WP_039709293.1,,oxyR,rnr,1705837,1710292,oxyR;fabR;cds-WP_039709293.1;rnr
NZ_LN908249.1,Protein Homology,CDS,1710405,1710869,.,+,0,ID=cds-WP_039709590.1;product='hypothetical protein',cds-WP_039709590.1,'hypothetical protein',1710405,1710869,465,865,1,1,single,,,cds-WP_039709590.1,cds-WP_039709590.1,1710405,1710869,cds-WP_039709590.1
NZ_LN908249.1,Protein Homology,CDS,1711215,1712405,.,+,0,ID=tyrS;product=Tyrosine--tRNA_ligase,tyrS,Tyrosine--tRNA ligase,1711215,1712405,1191,866,1,1,single,,,tyrS,tyrS,1711215,1712405,tyrS
NZ_LN908249.1,Protein Homology,CDS,1712558,1714420,.,-,0,ID=rpoD;product=RNA_polymerase_sigma_factor_RpoD,rpoD,RNA polymerase sigma factor RpoD,1712558,1714420,1863,867,3,3,last,dnaG,,rpsU,rpoD,1712558,1716656,rpsU;dnaG;rpoD
NZ_LN908249.1,Protein Homology,CDS,1714522,1716264,.,-,0,ID=dnaG;product=DNA_primase,dnaG,DNA primase,1714522,1716264,1743,867,3,2,internal,rpsU,rpoD,rpsU,rpoD,1712558,1716656,rpsU;dnaG;rpoD
NZ_LN908249.1,Protein Homology,CDS,1716441,1716656,.,-,0,ID=rpsU;product=30S_ribosomal_protein_S21,rpsU,30S ribosomal protein S21,1716441,1716656,216,867,3,1,first,,dnaG,rpsU,rpoD,1712558,1716656,rpsU;dnaG;rpoD
NZ_LN908249.1,Protein Homology,CDS,1716894,1717967,.,-,0,ID=rfbB;product=dTDP-glucose_46-dehydratase,rfbB,dTDP-glucose 46-dehydratase,1716894,1717967,1074,868,2,2,last,cds-WP_231944206.1,,cds-WP_231944206.1,rfbB,1716894,1718958,cds-WP_231944206.1;rfbB
NZ_LN908249.1,Protein Homology,CDS,1717981,1718958,.,-,0,ID=cds-WP_231944206.1;product='hypothetical protein',cds-WP_231944206.1,'hypothetical protein',1717981,1718958,978,868,2,1,first,,rfbB,cds-WP_231944206.1,rfbB,1716894,1718958,cds-WP_231944206.1;rfbB
NZ_LN908249.1,Protein Homology,CDS,1719045,1719392,.,-,0,ID=cds-WP_228369113.1;product='hypothetical protein',cds-WP_228369113.1,'hypothetical protein',1719045,1719392,348,869,11,11,last,cds-WP_039709291.1,,cds-WP_012263245.1,cds-WP_228369113.1,1719045,1730491,cds-WP_012263245.1;cds-WP_171823685.1;cds-WP_012263247.1;cds-WP_012263248.1;cds-WP_005608732.1;cds-WP_039709289.1;cds-WP_039709667.1;glf;cds-WP_039709290.1;cds-WP_039709291.1;cds-WP_228369113.1
NZ_LN908249.1,Protein Homology,CDS,1719625,1720104,.,-,0,ID=cds-WP_039709291.1;product='hypothetical protein',cds-WP_039709291.1,'hypothetical protein',1719625,1720104,480,869,11,10,internal,cds-WP_039709290.1,cds-WP_228369113.1,cds-WP_012263245.1,cds-WP_228369113.1,1719045,1730491,cds-WP_012263245.1;cds-WP_171823685.1;cds-WP_012263247.1;cds-WP_012263248.1;cds-WP_005608732.1;cds-WP_039709289.1;cds-WP_039709667.1;glf;cds-WP_039709290.1;cds-WP_039709291.1;cds-WP_228369113.1
NZ_LN908249.1,Protein Homology,CDS,1720108,1721418,.,-,0,ID=cds-WP_039709290.1;product=Uncharacterized_sugar_transferase_HI_0872,cds-WP_039709290.1,Uncharacterized sugar transferase HI 0872,1720108,1721418,1311,869,11,9,internal,glf,cds-WP_039709291.1,cds-WP_012263245.1,cds-WP_228369113.1,1719045,1730491,cds-WP_012263245.1;cds-WP_171823685.1;cds-WP_012263247.1;cds-WP_012263248.1;cds-WP_005608732.1;cds-WP_039709289.1;cds-WP_039709667.1;glf;cds-WP_039709290.1;cds-WP_039709291.1;cds-WP_228369113.1
NZ_LN908249.1,Protein Homology,CDS,1721436,1722533,.,-,0,ID=glf;product=UDP-galactopyranose_mutase,glf,UDP-galactopyranose mutase,1721436,1722533,1098,869,11,8,internal,cds-WP_039709667.1,cds-WP_039709290.1,cds-WP_012263245.1,cds-WP_228369113.1,1719045,1730491,cds-WP_012263245.1;cds-WP_171823685.1;cds-WP_012263247.1;cds-WP_012263248.1;cds-WP_005608732.1;cds-WP_039709289.1;cds-WP_039709667.1;glf;cds-WP_039709290.1;cds-WP_039709291.1;cds-WP_228369113.1
NZ_LN908249.1,Protein Homology,CDS,1722576,1724027,.,-,0,ID=cds-WP_039709667.1;product='hypothetical protein',cds-WP_039709667.1,'hypothetical protein',1722576,1724027,1452,869,11,7,internal,cds-WP_039709289.1,glf,cds-WP_012263245.1,cds-WP_228369113.1,1719045,1730491,cds-WP_012263245.1;cds-WP_171823685.1;cds-WP_012263247.1;cds-WP_012263248.1;cds-WP_005608732.1;cds-WP_039709289.1;cds-WP_039709667.1;glf;cds-WP_039709290.1;cds-WP_039709291.1;cds-WP_228369113.1
NZ_LN908249.1,Protein Homology,CDS,1724024,1725355,.,-,0,ID=cds-WP_039709289.1;product='hypothetical protein',cds-WP_039709289.1,'hypothetical protein',1724024,1725355,1332,869,11,6,internal,cds-WP_005608732.1,cds-WP_039709667.1,cds-WP_012263245.1,cds-WP_228369113.1,1719045,1730491,cds-WP_012263245.1;cds-WP_171823685.1;cds-WP_012263247.1;cds-WP_012263248.1;cds-WP_005608732.1;cds-WP_039709289.1;cds-WP_039709667.1;glf;cds-WP_039709290.1;cds-WP_039709291.1;cds-WP_228369113.1
NZ_LN908249.1,Protein Homology,CDS,1725358,1726407,.,-,0,ID=cds-WP_005608732.1;product=Beta-16-galactofuranosyltransferase_WbbI,cds-WP_005608732.1,Beta-16-galactofuranosyltransferase WbbI,1725358,1726407,1050,869,11,5,internal,cds-WP_012263248.1,cds-WP_039709289.1,cds-WP_012263245.1,cds-WP_228369113.1,1719045,1730491,cds-WP_012263245.1;cds-WP_171823685.1;cds-WP_012263247.1;cds-WP_012263248.1;cds-WP_005608732.1;cds-WP_039709289.1;cds-WP_039709667.1;glf;cds-WP_039709290.1;cds-WP_039709291.1;cds-WP_228369113.1
NZ_LN908249.1,Protein Homology,CDS,1726424,1727476,.,-,0,ID=cds-WP_012263248.1;product=Uncharacterized_glycosyltransferase_YibD,cds-WP_012263248.1,Uncharacterized glycosyltransferase YibD,1726424,1727476,1053,869,11,4,internal,cds-WP_012263247.1,cds-WP_005608732.1,cds-WP_012263245.1,cds-WP_228369113.1,1719045,1730491,cds-WP_012263245.1;cds-WP_171823685.1;cds-WP_012263247.1;cds-WP_012263248.1;cds-WP_005608732.1;cds-WP_039709289.1;cds-WP_039709667.1;glf;cds-WP_039709290.1;cds-WP_039709291.1;cds-WP_228369113.1
NZ_LN908249.1,Protein Homology,CDS,1727485,1728552,.,-,0,ID=cds-WP_012263247.1;product=Putative_glycosyltransferase_EpsF,cds-WP_012263247.1,Putative glycosyltransferase EpsF,1727485,1728552,1068,869,11,3,internal,cds-WP_171823685.1,cds-WP_012263248.1,cds-WP_012263245.1,cds-WP_228369113.1,1719045,1730491,cds-WP_012263245.1;cds-WP_171823685.1;cds-WP_012263247.1;cds-WP_012263248.1;cds-WP_005608732.1;cds-WP_039709289.1;cds-WP_039709667.1;glf;cds-WP_039709290.1;cds-WP_039709291.1;cds-WP_228369113.1
NZ_LN908249.1,Protein Homology,CDS,1728573,1729376,.,-,0,ID=cds-WP_171823685.1;product='hypothetical protein',cds-WP_171823685.1,'hypothetical protein',1728573,1729376,804,869,11,2,internal,cds-WP_012263245.1,cds-WP_012263247.1,cds-WP_012263245.1,cds-WP_228369113.1,1719045,1730491,cds-WP_012263245.1;cds-WP_171823685.1;cds-WP_012263247.1;cds-WP_012263248.1;cds-WP_005608732.1;cds-WP_039709289.1;cds-WP_039709667.1;glf;cds-WP_039709290.1;cds-WP_039709291.1;cds-WP_228369113.1
NZ_LN908249.1,Protein Homology,CDS,1729379,1730491,.,-,0,ID=cds-WP_012263245.1;product=Uncharacterized_protein_HI_0866,cds-WP_012263245.1,Uncharacterized protein HI 0866,1729379,1730491,1113,869,11,1,first,,cds-WP_171823685.1,cds-WP_012263245.1,cds-WP_228369113.1,1719045,1730491,cds-WP_012263245.1;cds-WP_171823685.1;cds-WP_012263247.1;cds-WP_012263248.1;cds-WP_005608732.1;cds-WP_039709289.1;cds-WP_039709667.1;glf;cds-WP_039709290.1;cds-WP_039709291.1;cds-WP_228369113.1
NZ_LN908249.1,Protein Homology,CDS,1730637,1730978,.,+,0,ID=erpA;product=Iron-sulfur_cluster_insertion_protein_ErpA,erpA,Iron-sulfur cluster insertion protein ErpA,1730637,1730978,342,870,1,1,single,,,erpA,erpA,1730637,1730978,erpA
NZ_LN908249.1,Protein Homology,CDS,1731056,1731964,.,-,0,ID=cds-WP_039709287.1;product=14-dihydroxy-2-naphthoate_octaprenyltransferase,cds-WP_039709287.1,14-dihydroxy-2-naphthoate octaprenyltransferase,1731056,1731964,909,871,1,1,single,,,cds-WP_039709287.1,cds-WP_039709287.1,1731056,1731964,cds-WP_039709287.1
NZ_LN908249.1,Protein Homology,CDS,1732061,1732819,.,+,0,ID=tsaA;product=tRNA_(adenine(37)-N6)-methyltransferase,tsaA,tRNA (adenine(37)-N6)-methyltransferase,1732061,1732819,759,872,2,1,first,,cds-WP_005602096.1,tsaA,cds-WP_005602096.1,1732061,1733577,tsaA;cds-WP_005602096.1
NZ_LN908249.1,Protein Homology,CDS,1732861,1733577,.,+,0,ID=cds-WP_005602096.1;product='hypothetical protein',cds-WP_005602096.1,'hypothetical protein',1732861,1733577,717,872,2,2,last,tsaA,,tsaA,cds-WP_005602096.1,1732061,1733577,tsaA;cds-WP_005602096.1
NZ_LN908249.1,Protein Homology,CDS,1733723,1734409,.,+,0,ID=aqpZ;product=Aquaporin_Z,aqpZ,Aquaporin Z,1733723,1734409,687,873,1,1,single,,,aqpZ,aqpZ,1733723,1734409,aqpZ
NZ_LN908249.1,Protein Homology,CDS,1734478,1734615,.,+,0,ID=cds-WP_005605333.1;product='hypothetical protein',cds-WP_005605333.1,'hypothetical protein',1734478,1734615,138,874,1,1,single,,,cds-WP_005605333.1,cds-WP_005605333.1,1734478,1734615,cds-WP_005605333.1
NZ_LN908249.1,Protein Homology,CDS,1734758,1735351,.,+,0,ID=slyD;product=FKBP-type_peptidyl-prolyl_cis-trans_isomerase_SlyD,slyD,FKBP-type peptidyl-prolyl cis-trans isomerase SlyD,1734758,1735351,594,875,1,1,single,,,slyD,slyD,1734758,1735351,slyD
NZ_LN908249.1,Protein Homology,CDS,1735477,1737003,.,+,0,ID=ilvA;product=L-threonine_dehydratase_biosynthetic_IlvA,ilvA,L-threonine dehydratase biosynthetic IlvA,1735477,1737003,1527,876,4,1,first,,glmM,ilvA,serA,1735477,1740588,ilvA;glmM;rpiA;serA
NZ_LN908249.1,Protein Homology,CDS,1737075,1738409,.,+,0,ID=glmM;product=Phosphoglucosamine_mutase,glmM,Phosphoglucosamine mutase,1737075,1738409,1335,876,4,2,internal,ilvA,rpiA,ilvA,serA,1735477,1740588,ilvA;glmM;rpiA;serA
NZ_LN908249.1,Protein Homology,CDS,1738556,1739215,.,+,0,ID=rpiA;product=Ribose-5-phosphate_isomerase_A,rpiA,Ribose-5-phosphate isomerase A,1738556,1739215,660,876,4,3,internal,glmM,serA,ilvA,serA,1735477,1740588,ilvA;glmM;rpiA;serA
NZ_LN908249.1,Protein Homology,CDS,1739359,1740588,.,+,0,ID=serA;product=D-3-phosphoglycerate_dehydrogenase,serA,D-3-phosphoglycerate dehydrogenase,1739359,1740588,1230,876,4,4,last,rpiA,,ilvA,serA,1735477,1740588,ilvA;glmM;rpiA;serA
NZ_LN908249.1,Protein Homology,CDS,1740740,1740802,.,+,0,ID=cds-MIDG2331_RS11820;product='hypothetical protein',cds-MIDG2331_RS11820,'hypothetical protein',1740740,1740802,63,877,1,1,single,,,cds-MIDG2331_RS11820,cds-MIDG2331_RS11820,1740740,1740802,cds-MIDG2331_RS11820
NZ_LN908249.1,GeneMarkS-2+,CDS,1740875,1741090,.,+,0,ID=cds-WP_144435021.1-4;product='hypothetical protein',cds-WP_144435021.1-4,'hypothetical protein',1740875,1741090,216,878,2,1,first,,cds-WP_058230466.1-2,cds-WP_144435021.1-4,cds-WP_058230466.1-2,1740875,1741650,cds-WP_144435021.1-4;cds-WP_058230466.1-2
NZ_LN908249.1,Protein Homology,CDS,1741087,1741650,.,+,0,ID=cds-WP_058230466.1-2;product='hypothetical protein',cds-WP_058230466.1-2,'hypothetical protein',1741087,1741650,564,878,2,2,last,cds-WP_144435021.1-4,,cds-WP_144435021.1-4,cds-WP_058230466.1-2,1740875,1741650,cds-WP_144435021.1-4;cds-WP_058230466.1-2
NZ_LN908249.1,Protein Homology,CDS,1741884,1742777,.,-,0,ID=cds-WP_414973567.1-2;product='hypothetical protein',cds-WP_414973567.1-2,'hypothetical protein',1741884,1742777,894,879,1,1,single,,,cds-WP_414973567.1-2,cds-WP_414973567.1-2,1741884,1742777,cds-WP_414973567.1-2
NZ_LN908249.1,Protein Homology,CDS,1742920,1743780,.,-,0,ID=pdxY;product=Pyridoxal_kinase_PdxY,pdxY,Pyridoxal kinase PdxY,1742920,1743780,861,880,1,1,single,,,pdxY,pdxY,1742920,1743780,pdxY
NZ_LN908249.1,tRNAscan-SE,tRNA,1743881,1743956,.,+,.,ID=rna-MIDG2331_RS08070;product='tRNA',rna-MIDG2331_RS08070,'tRNA',1743881,1743956,76,881,1,1,single,,,rna-MIDG2331_RS08070,rna-MIDG2331_RS08070,1743881,1743956,rna-MIDG2331_RS08070
NZ_LN908249.1,Protein Homology,CDS,1744084,1745037,.,-,0,ID=accA;product=Acetyl-coenzyme_A_carboxylase_carboxyl_transferase_subunit_alpha,accA,Acetyl-coenzyme A carboxylase carboxyl transferase subunit alpha,1744084,1745037,954,882,1,1,single,,,accA,accA,1744084,1745037,accA
NZ_LN908249.1,Protein Homology,CDS,1745154,1746566,.,-,0,ID=cds-WP_005598726.1;product=Cell_division_protein_FtsP,cds-WP_005598726.1,Cell division protein FtsP,1745154,1746566,1413,883,2,2,last,cds-WP_005608765.1,,cds-WP_005608765.1,cds-WP_005598726.1,1745154,1747315,cds-WP_005608765.1;cds-WP_005598726.1
NZ_LN908249.1,Protein Homology,CDS,1746569,1747315,.,-,0,ID=cds-WP_005608765.1;product=1-acyl-sn-glycerol-3-phosphate_acyltransferase,cds-WP_005608765.1,1-acyl-sn-glycerol-3-phosphate acyltransferase,1746569,1747315,747,883,2,1,first,,cds-WP_005598726.1,cds-WP_005608765.1,cds-WP_005598726.1,1745154,1747315,cds-WP_005608765.1;cds-WP_005598726.1
NZ_LN908249.1,Protein Homology,CDS,1747458,1747958,.,+,0,ID=tpx;product=Probable_thiol_peroxidase,tpx,Probable thiol peroxidase,1747458,1747958,501,884,1,1,single,,,tpx,tpx,1747458,1747958,tpx
NZ_LN908249.1,Protein Homology,CDS,1748081,1749439,.,+,0,ID=mnmE;product=tRNA_modification_GTPase_MnmE,mnmE,tRNA modification GTPase MnmE,1748081,1749439,1359,885,1,1,single,,,mnmE,mnmE,1748081,1749439,mnmE
NZ_LN908249.1,Protein Homology,CDS,1749547,1750902,.,-,0,ID=cds-WP_039709591.1;product=UPF0210_protein_APJL_1516,cds-WP_039709591.1,UPF0210 protein APJL 1516,1749547,1750902,1356,886,2,2,last,cds-WP_005602150.1,,cds-WP_005602150.1,cds-WP_039709591.1,1749547,1751187,cds-WP_005602150.1;cds-WP_039709591.1
NZ_LN908249.1,Protein Homology,CDS,1750915,1751187,.,-,0,ID=cds-WP_005602150.1;product=UPF0237_protein_NMB1653,cds-WP_005602150.1,UPF0237 protein NMB1653,1750915,1751187,273,886,2,1,first,,cds-WP_039709591.1,cds-WP_005602150.1,cds-WP_039709591.1,1749547,1751187,cds-WP_005602150.1;cds-WP_039709591.1
NZ_LN908249.1,Protein Homology,CDS,1751325,1752014,.,-,0,ID=cds-WP_005598738.1;product=Putative_quercetin_23-dioxygenase_PM1685,cds-WP_005598738.1,Putative quercetin 23-dioxygenase PM1685,1751325,1752014,690,887,1,1,single,,,cds-WP_005598738.1,cds-WP_005598738.1,1751325,1752014,cds-WP_005598738.1
NZ_LN908249.1,Protein Homology,CDS,1752330,1752899,.,+,0,ID=cds-WP_005598741.1;product=Fine_tangled_pili_major_subunit,cds-WP_005598741.1,Fine tangled pili major subunit,1752330,1752899,570,888,1,1,single,,,cds-WP_005598741.1,cds-WP_005598741.1,1752330,1752899,cds-WP_005598741.1
NZ_LN908249.1,Protein Homology,CDS,1753132,1753434,.,+,0,ID=cds-WP_005598743.1;product='hypothetical protein',cds-WP_005598743.1,'hypothetical protein',1753132,1753434,303,889,1,1,single,,,cds-WP_005598743.1,cds-WP_005598743.1,1753132,1753434,cds-WP_005598743.1
NZ_LN908249.1,Protein Homology,CDS,1753581,1754945,.,+,0,ID=cds-WP_039709297.1;product='hypothetical protein',cds-WP_039709297.1,'hypothetical protein',1753581,1754945,1365,890,1,1,single,,,cds-WP_039709297.1,cds-WP_039709297.1,1753581,1754945,cds-WP_039709297.1
NZ_LN908249.1,Protein Homology,CDS,1755013,1757187,.,-,0,ID=yccS;product=Uncharacterized_protein_HI_1680,yccS,Uncharacterized protein HI 1680,1755013,1757187,2175,891,1,1,single,,,yccS,yccS,1755013,1757187,yccS
NZ_LN908249.1,Protein Homology,CDS,1757269,1757727,.,-,0,ID=mgsA;product=Methylglyoxal_synthase,mgsA,Methylglyoxal synthase,1757269,1757727,459,892,1,1,single,,,mgsA,mgsA,1757269,1757727,mgsA
NZ_LN908249.1,Protein Homology,CDS,1757860,1759140,.,+,0,ID=thrC;product=Threonine_synthase,thrC,Threonine synthase,1757860,1759140,1281,893,1,1,single,,,thrC,thrC,1757860,1759140,thrC
NZ_LN908249.1,Protein Homology,CDS,1759226,1760625,.,+,0,ID=cds-MIDG2331_RS11340;product=Uncharacterized_protein_HI_1720,cds-MIDG2331_RS11340,Uncharacterized protein HI 1720,1759226,1760625,1400,894,1,1,single,,,cds-MIDG2331_RS11340,cds-MIDG2331_RS11340,1759226,1760625,cds-MIDG2331_RS11340
NZ_LN908249.1,Protein Homology,CDS,1760684,1763548,.,-,0,ID=cds-WP_039709300.1;product=Valine--tRNA_ligase,cds-WP_039709300.1,Valine--tRNA ligase,1760684,1763548,2865,895,2,2,last,cds-WP_039709668.1,,cds-WP_039709668.1,cds-WP_039709300.1,1760684,1764241,cds-WP_039709668.1;cds-WP_039709300.1
NZ_LN908249.1,GeneMarkS-2+,CDS,1763564,1764241,.,-,0,ID=cds-WP_039709668.1;product='hypothetical protein',cds-WP_039709668.1,'hypothetical protein',1763564,1764241,678,895,2,1,first,,cds-WP_039709300.1,cds-WP_039709668.1,cds-WP_039709300.1,1760684,1764241,cds-WP_039709668.1;cds-WP_039709300.1
NZ_LN908249.1,Protein Homology,CDS,1764509,1764799,.,-,0,ID=cds-WP_331709057.1;product=Adenosine_monophosphate-protein_transferase_FICD,cds-WP_331709057.1,Adenosine monophosphate-protein transferase FICD,1764509,1764799,291,896,5,5,last,cds-WP_231944209.1,,cds-WP_039709303.1,cds-WP_331709057.1,1764509,1766736,cds-WP_039709303.1;cds-WP_039709302.1;cds-WP_039709301.1;cds-WP_231944209.1;cds-WP_331709057.1
NZ_LN908249.1,GeneMarkS-2+,CDS,1764806,1765258,.,-,0,ID=cds-WP_231944209.1;product=Adenosine_monophosphate-protein_transferase_FICD_homolog,cds-WP_231944209.1,Adenosine monophosphate-protein transferase FICD homolog,1764806,1765258,453,896,5,4,internal,cds-WP_039709301.1,cds-WP_331709057.1,cds-WP_039709303.1,cds-WP_331709057.1,1764509,1766736,cds-WP_039709303.1;cds-WP_039709302.1;cds-WP_039709301.1;cds-WP_231944209.1;cds-WP_331709057.1
NZ_LN908249.1,Protein Homology,CDS,1765270,1765848,.,-,0,ID=cds-WP_039709301.1;product=Uncharacterized_protein_YecA,cds-WP_039709301.1,Uncharacterized protein YecA,1765270,1765848,579,896,5,3,internal,cds-WP_039709302.1,cds-WP_231944209.1,cds-WP_039709303.1,cds-WP_331709057.1,1764509,1766736,cds-WP_039709303.1;cds-WP_039709302.1;cds-WP_039709301.1;cds-WP_231944209.1;cds-WP_331709057.1
NZ_LN908249.1,Protein Homology,CDS,1765850,1766281,.,-,0,ID=cds-WP_039709302.1;product=UPF0039_protein_C11D3.02c,cds-WP_039709302.1,UPF0039 protein C11D3.02c,1765850,1766281,432,896,5,2,internal,cds-WP_039709303.1,cds-WP_039709301.1,cds-WP_039709303.1,cds-WP_331709057.1,1764509,1766736,cds-WP_039709303.1;cds-WP_039709302.1;cds-WP_039709301.1;cds-WP_231944209.1;cds-WP_331709057.1
NZ_LN908249.1,Protein Homology,CDS,1766299,1766736,.,-,0,ID=cds-WP_039709303.1;product=DNA_polymerase_III_subunit_chi,cds-WP_039709303.1,DNA polymerase III subunit chi,1766299,1766736,438,896,5,1,first,,cds-WP_039709302.1,cds-WP_039709303.1,cds-WP_331709057.1,1764509,1766736,cds-WP_039709303.1;cds-WP_039709302.1;cds-WP_039709301.1;cds-WP_231944209.1;cds-WP_331709057.1
NZ_LN908249.1,Protein Homology,CDS,1766988,1767431,.,+,0,ID=lysM;product=Phage-like_element_PBSX_protein_XkdP,lysM,Phage-like element PBSX protein XkdP,1766988,1767431,444,897,1,1,single,,,lysM,lysM,1766988,1767431,lysM
NZ_LN908249.1,Protein Homology,CDS,1767633,1768934,.,+,0,ID=tig;product=Trigger_factor,tig,Trigger factor,1767633,1768934,1302,898,1,1,single,,,tig,tig,1767633,1768934,tig
NZ_LN908249.1,Protein Homology,CDS,1769067,1769516,.,+,0,ID=cds-WP_039709305.1;product=Uncharacterized_protein_YibN,cds-WP_039709305.1,Uncharacterized protein YibN,1769067,1769516,450,899,4,1,first,,secB,cds-WP_039709305.1,cysE,1769067,1772063,cds-WP_039709305.1;secB;gpsA;cysE
NZ_LN908249.1,Protein Homology,CDS,1769541,1770041,.,+,0,ID=secB;product=Protein-export_protein_SecB,secB,Protein-export protein SecB,1769541,1770041,501,899,4,2,internal,cds-WP_039709305.1,gpsA,cds-WP_039709305.1,cysE,1769067,1772063,cds-WP_039709305.1;secB;gpsA;cysE
NZ_LN908249.1,Protein Homology,CDS,1770226,1771236,.,+,0,ID=gpsA;product=Glycerol-3-phosphate_dehydrogenase_[NAD(P)+],gpsA,Glycerol-3-phosphate dehydrogenase [NAD(P)+],1770226,1771236,1011,899,4,3,internal,secB,cysE,cds-WP_039709305.1,cysE,1769067,1772063,cds-WP_039709305.1;secB;gpsA;cysE
NZ_LN908249.1,Protein Homology,CDS,1771248,1772063,.,+,0,ID=cysE;product=Serine_acetyltransferase,cysE,Serine acetyltransferase,1771248,1772063,816,899,4,4,last,gpsA,,cds-WP_039709305.1,cysE,1769067,1772063,cds-WP_039709305.1;secB;gpsA;cysE
NZ_LN908249.1,Protein Homology,CDS,1772258,1773442,.,-,0,ID=tuf_2;product=Elongation_factor_Tu,tuf_2,Elongation factor Tu,1772258,1773442,1185,900,1,1,single,,,tuf_2,tuf_2,1772258,1773442,tuf_2
NZ_LN908249.1,tRNAscan-SE,tRNA,1773556,1773631,.,-,.,ID=rna-MIDG2331_RS08220;product='tRNA',rna-MIDG2331_RS08220,'tRNA',1773556,1773631,76,901,4,4,last,rna-MIDG2331_RS08225,,rna-MIDG2331_RS08235,rna-MIDG2331_RS08220,1773556,1773950,rna-MIDG2331_RS08235;rna-MIDG2331_RS08230;rna-MIDG2331_RS08225;rna-MIDG2331_RS08220
NZ_LN908249.1,tRNAscan-SE,tRNA,1773635,1773709,.,-,.,ID=rna-MIDG2331_RS08225;product='tRNA',rna-MIDG2331_RS08225,'tRNA',1773635,1773709,75,901,4,3,internal,rna-MIDG2331_RS08230,rna-MIDG2331_RS08220,rna-MIDG2331_RS08235,rna-MIDG2331_RS08220,1773556,1773950,rna-MIDG2331_RS08235;rna-MIDG2331_RS08230;rna-MIDG2331_RS08225;rna-MIDG2331_RS08220
NZ_LN908249.1,tRNAscan-SE,tRNA,1773754,1773838,.,-,.,ID=rna-MIDG2331_RS08230;product='tRNA',rna-MIDG2331_RS08230,'tRNA',1773754,1773838,85,901,4,2,internal,rna-MIDG2331_RS08235,rna-MIDG2331_RS08225,rna-MIDG2331_RS08235,rna-MIDG2331_RS08220,1773556,1773950,rna-MIDG2331_RS08235;rna-MIDG2331_RS08230;rna-MIDG2331_RS08225;rna-MIDG2331_RS08220
NZ_LN908249.1,tRNAscan-SE,tRNA,1773875,1773950,.,-,.,ID=rna-MIDG2331_RS08235;product='tRNA',rna-MIDG2331_RS08235,'tRNA',1773875,1773950,76,901,4,1,first,,rna-MIDG2331_RS08230,rna-MIDG2331_RS08235,rna-MIDG2331_RS08220,1773556,1773950,rna-MIDG2331_RS08235;rna-MIDG2331_RS08230;rna-MIDG2331_RS08225;rna-MIDG2331_RS08220
NZ_LN908249.1,Protein Homology,CDS,1774196,1775146,.,+,0,ID=coaA;product=Pantothenate_kinase,coaA,Pantothenate kinase,1774196,1775146,951,902,1,1,single,,,coaA,coaA,1774196,1775146,coaA
NZ_LN908249.1,Protein Homology,CDS,1775281,1775823,.,+,0,ID=cds-WP_005598787.1;product=Thiol:disulfide_interchange_protein_DsbE,cds-WP_005598787.1,Thiol:disulfide interchange protein DsbE,1775281,1775823,543,903,3,1,first,,cds-WP_005605432.1,cds-WP_005598787.1,ccmI,1775281,1777209,cds-WP_005598787.1;cds-WP_005605432.1;ccmI
NZ_LN908249.1,Protein Homology,CDS,1775804,1776295,.,+,0,ID=cds-WP_005605432.1;product=Putative_cytochrome_c-type_biogenesis_protein_CcmH,cds-WP_005605432.1,Putative cytochrome c-type biogenesis protein CcmH,1775804,1776295,492,903,3,2,internal,cds-WP_005598787.1,ccmI,cds-WP_005598787.1,ccmI,1775281,1777209,cds-WP_005598787.1;cds-WP_005605432.1;ccmI
NZ_LN908249.1,Protein Homology,CDS,1776295,1777209,.,+,0,ID=ccmI;product=Putative_cytochrome_c-type_biogenesis_protein_CcmH,ccmI,Putative cytochrome c-type biogenesis protein CcmH,1776295,1777209,915,903,3,3,last,cds-WP_005605432.1,,cds-WP_005598787.1,ccmI,1775281,1777209,cds-WP_005598787.1;cds-WP_005605432.1;ccmI
NZ_LN908249.1,Protein Homology,CDS,1777281,1777865,.,+,0,ID=mog;product=Molybdopterin_adenylyltransferase,mog,Molybdopterin adenylyltransferase,1777281,1777865,585,904,1,1,single,,,mog,mog,1777281,1777865,mog
NZ_LN908249.1,Protein Homology,CDS,1777976,1778314,.,+,0,ID=glnB;product=Nitrogen_regulatory_protein_P-II,glnB,Nitrogen regulatory protein P-II,1777976,1778314,339,905,1,1,single,,,glnB,glnB,1777976,1778314,glnB
NZ_LN908249.1,Protein Homology,CDS,1778393,1778875,.,+,0,ID=lspA;product=Lipoprotein_signal_peptidase,lspA,Lipoprotein signal peptidase,1778393,1778875,483,906,3,1,first,,ispH,lspA,cds-WP_005598800.1,1778393,1780068,lspA;ispH;cds-WP_005598800.1
NZ_LN908249.1,Protein Homology,CDS,1778876,1779820,.,+,0,ID=ispH;product=4-hydroxy-3-methylbut-2-enyl_diphosphate_reductase,ispH,4-hydroxy-3-methylbut-2-enyl diphosphate reductase,1778876,1779820,945,906,3,2,internal,lspA,cds-WP_005598800.1,lspA,cds-WP_005598800.1,1778393,1780068,lspA;ispH;cds-WP_005598800.1
NZ_LN908249.1,Protein Homology,CDS,1779820,1780068,.,+,0,ID=cds-WP_005598800.1;product=Uncharacterized_protein_HD_0065,cds-WP_005598800.1,Uncharacterized protein HD 0065,1779820,1780068,249,906,3,3,last,ispH,,lspA,cds-WP_005598800.1,1778393,1780068,lspA;ispH;cds-WP_005598800.1
NZ_LN908249.1,Protein Homology,CDS,1780137,1780736,.,-,0,ID=cds-WP_005598802.1;product='hypothetical protein',cds-WP_005598802.1,'hypothetical protein',1780137,1780736,600,907,2,2,last,hutW,,hutW,cds-WP_005598802.1,1780137,1782553,hutW;cds-WP_005598802.1
NZ_LN908249.1,Protein Homology,CDS,1780736,1782553,.,-,0,ID=hutW;product=Oxygen-independent_coproporphyrinogen-III_oxidase-like_protein_YqeR,hutW,Oxygen-independent coproporphyrinogen-III oxidase-like protein YqeR,1780736,1782553,1818,907,2,1,first,,cds-WP_005598802.1,hutW,cds-WP_005598802.1,1780137,1782553,hutW;cds-WP_005598802.1
NZ_LN908249.1,Protein Homology,CDS,1782710,1783327,.,-,0,ID=cds-WP_005598806.1;product=Glutathione_S-transferase,cds-WP_005598806.1,Glutathione S-transferase,1782710,1783327,618,908,2,2,last,lysA,,lysA,cds-WP_005598806.1,1782710,1784643,lysA;cds-WP_005598806.1
NZ_LN908249.1,Protein Homology,CDS,1783393,1784643,.,-,0,ID=lysA;product=Diaminopimelate_decarboxylase,lysA,Diaminopimelate decarboxylase,1783393,1784643,1251,908,2,1,first,,cds-WP_005598806.1,lysA,cds-WP_005598806.1,1782710,1784643,lysA;cds-WP_005598806.1
NZ_LN908249.1,Protein Homology,CDS,1784766,1784879,.,-,0,ID=lptM;product='hypothetical protein',lptM,'hypothetical protein',1784766,1784879,114,909,1,1,single,,,lptM,lptM,1784766,1784879,lptM
NZ_LN908249.1,Protein Homology,CDS,1785057,1785401,.,-,0,ID=frdD;product=Fumarate_reductase_subunit_D,frdD,Fumarate reductase subunit D,1785057,1785401,345,910,4,4,last,frdC,,frdA,frdD,1785057,1788361,frdA;cds-WP_012263269.1;frdC;frdD
NZ_LN908249.1,Protein Homology,CDS,1785414,1785806,.,-,0,ID=frdC;product=Fumarate_reductase_subunit_C,frdC,Fumarate reductase subunit C,1785414,1785806,393,910,4,3,internal,cds-WP_012263269.1,frdD,frdA,frdD,1785057,1788361,frdA;cds-WP_012263269.1;frdC;frdD
NZ_LN908249.1,Protein Homology,CDS,1785815,1786549,.,-,0,ID=cds-WP_012263269.1;product=Fumarate_reductase_iron-sulfur_subunit,cds-WP_012263269.1,Fumarate reductase iron-sulfur subunit,1785815,1786549,735,910,4,2,internal,frdA,frdC,frdA,frdD,1785057,1788361,frdA;cds-WP_012263269.1;frdC;frdD
NZ_LN908249.1,Protein Homology,CDS,1786562,1788361,.,-,0,ID=frdA;product=Fumarate_reductase_flavoprotein_subunit,frdA,Fumarate reductase flavoprotein subunit,1786562,1788361,1800,910,4,1,first,,cds-WP_012263269.1,frdA,frdD,1785057,1788361,frdA;cds-WP_012263269.1;frdC;frdD
NZ_LN908249.1,Protein Homology,CDS,1788704,1789687,.,+,0,ID=epmA;product=Elongation_factor_P--(R)-beta-lysine_ligase,epmA,Elongation factor P--(R)-beta-lysine ligase,1788704,1789687,984,911,1,1,single,,,epmA,epmA,1788704,1789687,epmA
NZ_LN908249.1,Protein Homology,CDS,1789769,1790593,.,-,0,ID=dapF;product=Diaminopimelate_epimerase,dapF,Diaminopimelate epimerase,1789769,1790593,825,912,1,1,single,,,dapF,dapF,1789769,1790593,dapF
NZ_LN908249.1,Protein Homology,CDS,1790774,1792096,.,+,0,ID=cds-WP_009875241.1;product=Anaerobic_C4-dicarboxylate_transporter_DcuB,cds-WP_009875241.1,Anaerobic C4-dicarboxylate transporter DcuB,1790774,1792096,1323,913,1,1,single,,,cds-WP_009875241.1,cds-WP_009875241.1,1790774,1792096,cds-WP_009875241.1
NZ_LN908249.1,Protein Homology,CDS,1792168,1792539,.,-,0,ID=cds-WP_005598830.1;product=Putative_fluoride_ion_transporter_CrcB,cds-WP_005598830.1,Putative fluoride ion transporter CrcB,1792168,1792539,372,914,2,2,last,cds-WP_039709309.1,,cds-WP_039709309.1,cds-WP_005598830.1,1792168,1793606,cds-WP_039709309.1;cds-WP_005598830.1
NZ_LN908249.1,Protein Homology,CDS,1792542,1793606,.,-,0,ID=cds-WP_039709309.1;product='hypothetical protein',cds-WP_039709309.1,'hypothetical protein',1792542,1793606,1065,914,2,1,first,,cds-WP_005598830.1,cds-WP_039709309.1,cds-WP_005598830.1,1792168,1793606,cds-WP_039709309.1;cds-WP_005598830.1
NZ_LN908249.1,Protein Homology,CDS,1793701,1794810,.,+,0,ID=cds-WP_039709310.1;product=Anhydro-N-acetylmuramic_acid_kinase,cds-WP_039709310.1,Anhydro-N-acetylmuramic acid kinase,1793701,1794810,1110,915,2,1,first,,murQ,cds-WP_039709310.1,murQ,1793701,1795777,cds-WP_039709310.1;murQ
NZ_LN908249.1,Protein Homology,CDS,1794863,1795777,.,+,0,ID=murQ;product=N-acetylmuramic_acid_6-phosphate_etherase,murQ,N-acetylmuramic acid 6-phosphate etherase,1794863,1795777,915,915,2,2,last,cds-WP_039709310.1,,cds-WP_039709310.1,murQ,1793701,1795777,cds-WP_039709310.1;murQ
NZ_LN908249.1,Protein Homology,CDS,1795844,1796725,.,-,0,ID=prmA;product=Ribosomal_protein_L11_methyltransferase,prmA,Ribosomal protein L11 methyltransferase,1795844,1796725,882,916,1,1,single,,,prmA,prmA,1795844,1796725,prmA
NZ_LN908249.1,Protein Homology,CDS,1796808,1797275,.,-,0,ID=cds-WP_005598840.1;product='hypothetical protein',cds-WP_005598840.1,'hypothetical protein',1796808,1797275,468,917,2,2,last,cds-WP_005619269.1,,cds-WP_005619269.1,cds-WP_005598840.1,1796808,1797539,cds-WP_005619269.1;cds-WP_005598840.1
NZ_LN908249.1,Protein Homology,CDS,1797279,1797539,.,-,0,ID=cds-WP_005619269.1;product='hypothetical protein',cds-WP_005619269.1,'hypothetical protein',1797279,1797539,261,917,2,1,first,,cds-WP_005598840.1,cds-WP_005619269.1,cds-WP_005598840.1,1796808,1797539,cds-WP_005619269.1;cds-WP_005598840.1
NZ_LN908249.1,Protein Homology,CDS,1797660,1799120,.,-,0,ID=tldD;product=Metalloprotease_TldD_homolog,tldD,Metalloprotease TldD homolog,1797660,1799120,1461,918,1,1,single,,,tldD,tldD,1797660,1799120,tldD
NZ_LN908249.1,Protein Homology,CDS,1799250,1800509,.,+,0,ID=tilS;product=tRNA(Ile)-lysidine_synthase,tilS,tRNA(Ile)-lysidine synthase,1799250,1800509,1260,919,1,1,single,,,tilS,tilS,1799250,1800509,tilS
NZ_LN908249.1,Protein Homology,CDS,1800536,1800826,.,-,0,ID=cds-WP_005602215.1;product=Uncharacterized_protein_PM1437,cds-WP_005602215.1,Uncharacterized protein PM1437,1800536,1800826,291,920,2,2,last,xerD,,xerD,cds-WP_005602215.1,1800536,1801721,xerD;cds-WP_005602215.1
NZ_LN908249.1,Protein Homology,CDS,1800828,1801721,.,-,0,ID=xerD;product=Tyrosine_recombinase_XerD,xerD,Tyrosine recombinase XerD,1800828,1801721,894,920,2,1,first,,cds-WP_005602215.1,xerD,cds-WP_005602215.1,1800536,1801721,xerD;cds-WP_005602215.1
NZ_LN908249.1,tRNAscan-SE,tRNA,1801835,1801910,.,-,.,ID=rna-MIDG2331_RS08395;product='tRNA',rna-MIDG2331_RS08395,'tRNA',1801835,1801910,76,921,11,11,last,rna-MIDG2331_RS08400,,rna-MIDG2331_RS08445,rna-MIDG2331_RS08395,1801835,1807929,rna-MIDG2331_RS08445;rna-MIDG2331_RS08440;rna-MIDG2331_RS08435;rna-MIDG2331_RS08430;rna-MIDG2331_RS08425;rna-MIDG2331_RS08420;rna-MIDG2331_RS08415;rrf_5;rrf_4;rna-MIDG2331_RS08400;rna-MIDG2331_RS08395
NZ_LN908249.1,tRNAscan-SE,tRNA,1801960,1802036,.,-,.,ID=rna-MIDG2331_RS08400;product='tRNA',rna-MIDG2331_RS08400,'tRNA',1801960,1802036,77,921,11,10,internal,rrf_4,rna-MIDG2331_RS08395,rna-MIDG2331_RS08445,rna-MIDG2331_RS08395,1801835,1807929,rna-MIDG2331_RS08445;rna-MIDG2331_RS08440;rna-MIDG2331_RS08435;rna-MIDG2331_RS08430;rna-MIDG2331_RS08425;rna-MIDG2331_RS08420;rna-MIDG2331_RS08415;rrf_5;rrf_4;rna-MIDG2331_RS08400;rna-MIDG2331_RS08395
NZ_LN908249.1,cmsearch,rRNA,1802049,1802164,.,-,.,ID=rrf_4;product='rRNA',rrf_4,'rRNA',1802049,1802164,116,921,11,9,internal,rrf_5,rna-MIDG2331_RS08400,rna-MIDG2331_RS08445,rna-MIDG2331_RS08395,1801835,1807929,rna-MIDG2331_RS08445;rna-MIDG2331_RS08440;rna-MIDG2331_RS08435;rna-MIDG2331_RS08430;rna-MIDG2331_RS08425;rna-MIDG2331_RS08420;rna-MIDG2331_RS08415;rrf_5;rrf_4;rna-MIDG2331_RS08400;rna-MIDG2331_RS08395
NZ_LN908249.1,cmsearch,rRNA,1802221,1802336,.,-,.,ID=rrf_5;product='rRNA',rrf_5,'rRNA',1802221,1802336,116,921,11,8,internal,rna-MIDG2331_RS08415,rrf_4,rna-MIDG2331_RS08445,rna-MIDG2331_RS08395,1801835,1807929,rna-MIDG2331_RS08445;rna-MIDG2331_RS08440;rna-MIDG2331_RS08435;rna-MIDG2331_RS08430;rna-MIDG2331_RS08425;rna-MIDG2331_RS08420;rna-MIDG2331_RS08415;rrf_5;rrf_4;rna-MIDG2331_RS08400;rna-MIDG2331_RS08395
NZ_LN908249.1,cmsearch,rRNA,1802448,1805349,.,-,.,ID=rna-MIDG2331_RS08415;product='rRNA',rna-MIDG2331_RS08415,'rRNA',1802448,1805349,2902,921,11,7,internal,rna-MIDG2331_RS08420,rrf_5,rna-MIDG2331_RS08445,rna-MIDG2331_RS08395,1801835,1807929,rna-MIDG2331_RS08445;rna-MIDG2331_RS08440;rna-MIDG2331_RS08435;rna-MIDG2331_RS08430;rna-MIDG2331_RS08425;rna-MIDG2331_RS08420;rna-MIDG2331_RS08415;rrf_5;rrf_4;rna-MIDG2331_RS08400;rna-MIDG2331_RS08395
NZ_LN908249.1,tRNAscan-SE,tRNA,1805616,1805691,.,-,.,ID=rna-MIDG2331_RS08420;product='tRNA',rna-MIDG2331_RS08420,'tRNA',1805616,1805691,76,921,11,6,internal,rna-MIDG2331_RS08425,rna-MIDG2331_RS08415,rna-MIDG2331_RS08445,rna-MIDG2331_RS08395,1801835,1807929,rna-MIDG2331_RS08445;rna-MIDG2331_RS08440;rna-MIDG2331_RS08435;rna-MIDG2331_RS08430;rna-MIDG2331_RS08425;rna-MIDG2331_RS08420;rna-MIDG2331_RS08415;rrf_5;rrf_4;rna-MIDG2331_RS08400;rna-MIDG2331_RS08395
NZ_LN908249.1,tRNAscan-SE,tRNA,1805743,1805819,.,-,.,ID=rna-MIDG2331_RS08425;product='tRNA',rna-MIDG2331_RS08425,'tRNA',1805743,1805819,77,921,11,5,internal,rna-MIDG2331_RS08430,rna-MIDG2331_RS08420,rna-MIDG2331_RS08445,rna-MIDG2331_RS08395,1801835,1807929,rna-MIDG2331_RS08445;rna-MIDG2331_RS08440;rna-MIDG2331_RS08435;rna-MIDG2331_RS08430;rna-MIDG2331_RS08425;rna-MIDG2331_RS08420;rna-MIDG2331_RS08415;rrf_5;rrf_4;rna-MIDG2331_RS08400;rna-MIDG2331_RS08395
NZ_LN908249.1,cmsearch,rRNA,1805902,1807443,.,-,.,ID=rna-MIDG2331_RS08430;product='rRNA',rna-MIDG2331_RS08430,'rRNA',1805902,1807443,1542,921,11,4,internal,rna-MIDG2331_RS08435,rna-MIDG2331_RS08425,rna-MIDG2331_RS08445,rna-MIDG2331_RS08395,1801835,1807929,rna-MIDG2331_RS08445;rna-MIDG2331_RS08440;rna-MIDG2331_RS08435;rna-MIDG2331_RS08430;rna-MIDG2331_RS08425;rna-MIDG2331_RS08420;rna-MIDG2331_RS08415;rrf_5;rrf_4;rna-MIDG2331_RS08400;rna-MIDG2331_RS08395
NZ_LN908249.1,tRNAscan-SE,tRNA,1807642,1807718,.,-,.,ID=rna-MIDG2331_RS08435;product='tRNA',rna-MIDG2331_RS08435,'tRNA',1807642,1807718,77,921,11,3,internal,rna-MIDG2331_RS08440,rna-MIDG2331_RS08430,rna-MIDG2331_RS08445,rna-MIDG2331_RS08395,1801835,1807929,rna-MIDG2331_RS08445;rna-MIDG2331_RS08440;rna-MIDG2331_RS08435;rna-MIDG2331_RS08430;rna-MIDG2331_RS08425;rna-MIDG2331_RS08420;rna-MIDG2331_RS08415;rrf_5;rrf_4;rna-MIDG2331_RS08400;rna-MIDG2331_RS08395
NZ_LN908249.1,tRNAscan-SE,tRNA,1807747,1807822,.,-,.,ID=rna-MIDG2331_RS08440;product='tRNA',rna-MIDG2331_RS08440,'tRNA',1807747,1807822,76,921,11,2,internal,rna-MIDG2331_RS08445,rna-MIDG2331_RS08435,rna-MIDG2331_RS08445,rna-MIDG2331_RS08395,1801835,1807929,rna-MIDG2331_RS08445;rna-MIDG2331_RS08440;rna-MIDG2331_RS08435;rna-MIDG2331_RS08430;rna-MIDG2331_RS08425;rna-MIDG2331_RS08420;rna-MIDG2331_RS08415;rrf_5;rrf_4;rna-MIDG2331_RS08400;rna-MIDG2331_RS08395
NZ_LN908249.1,tRNAscan-SE,tRNA,1807853,1807929,.,-,.,ID=rna-MIDG2331_RS08445;product='tRNA',rna-MIDG2331_RS08445,'tRNA',1807853,1807929,77,921,11,1,first,,rna-MIDG2331_RS08440,rna-MIDG2331_RS08445,rna-MIDG2331_RS08395,1801835,1807929,rna-MIDG2331_RS08445;rna-MIDG2331_RS08440;rna-MIDG2331_RS08435;rna-MIDG2331_RS08430;rna-MIDG2331_RS08425;rna-MIDG2331_RS08420;rna-MIDG2331_RS08415;rrf_5;rrf_4;rna-MIDG2331_RS08400;rna-MIDG2331_RS08395
NZ_LN908249.1,Protein Homology,CDS,1808089,1808814,.,-,0,ID=wecG;product=UDP-N-acetyl-D-mannosaminuronic_acid_transferase,wecG,UDP-N-acetyl-D-mannosaminuronic acid transferase,1808089,1808814,726,922,3,3,last,wzyE,,cds-WP_005598862.1,wecG,1808089,1811202,cds-WP_005598862.1;wzyE;wecG
NZ_LN908249.1,Protein Homology,CDS,1808798,1810135,.,-,0,ID=wzyE;product=Probable_ECA_polymerase,wzyE,Probable ECA polymerase,1808798,1810135,1338,922,3,2,internal,cds-WP_005598862.1,wecG,cds-WP_005598862.1,wecG,1808089,1811202,cds-WP_005598862.1;wzyE;wecG
NZ_LN908249.1,Protein Homology,CDS,1810132,1811202,.,-,0,ID=cds-WP_005598862.1;product=TDP-N-acetylfucosamine:lipid_II_N-acetylfucosaminyltransferase,cds-WP_005598862.1,TDP-N-acetylfucosamine:lipid II N-acetylfucosaminyltransferase,1810132,1811202,1071,922,3,1,first,,wzyE,cds-WP_005598862.1,wecG,1808089,1811202,cds-WP_005598862.1;wzyE;wecG
NZ_LN908249.1,Protein Homology,CDS,1811480,1813135,.,+,0,ID=hcp;product=Hydroxylamine_reductase,hcp,Hydroxylamine reductase,1811480,1813135,1656,923,2,1,first,,hcr,hcp,hcr,1811480,1814277,hcp;hcr
NZ_LN908249.1,Protein Homology,CDS,1813258,1814277,.,+,0,ID=hcr;product=NADH_oxidoreductase_HCR,hcr,NADH oxidoreductase HCR,1813258,1814277,1020,923,2,2,last,hcp,,hcp,hcr,1811480,1814277,hcp;hcr
NZ_LN908249.1,Protein Homology,CDS,1814319,1815569,.,-,0,ID=wzxE;product=Lipid_III_flippase,wzxE,Lipid III flippase,1814319,1815569,1251,924,7,7,last,rffA,,wecA,wzxE,1814319,1821788,wecA;cds-WP_039709315.1;wecB;wecC;rffC;rffA;wzxE
NZ_LN908249.1,Protein Homology,CDS,1815557,1816702,.,-,0,ID=rffA;product=dTDP-4-amino-46-dideoxygalactose_transaminase,rffA,dTDP-4-amino-46-dideoxygalactose transaminase,1815557,1816702,1146,924,7,6,internal,rffC,wzxE,wecA,wzxE,1814319,1821788,wecA;cds-WP_039709315.1;wecB;wecC;rffC;rffA;wzxE
NZ_LN908249.1,Protein Homology,CDS,1816709,1817332,.,-,0,ID=rffC;product='hypothetical protein',rffC,'hypothetical protein',1816709,1817332,624,924,7,5,internal,wecC,rffA,wecA,wzxE,1814319,1821788,wecA;cds-WP_039709315.1;wecB;wecC;rffC;rffA;wzxE
NZ_LN908249.1,Protein Homology,CDS,1817332,1818603,.,-,0,ID=wecC;product=UDP-N-acetyl-D-mannosamine_dehydrogenase,wecC,UDP-N-acetyl-D-mannosamine dehydrogenase,1817332,1818603,1272,924,7,4,internal,wecB,rffC,wecA,wzxE,1814319,1821788,wecA;cds-WP_039709315.1;wecB;wecC;rffC;rffA;wzxE
NZ_LN908249.1,Protein Homology,CDS,1818682,1819818,.,-,0,ID=wecB;product=UDP-N-acetylglucosamine_2-epimerase,wecB,UDP-N-acetylglucosamine 2-epimerase,1818682,1819818,1137,924,7,3,internal,cds-WP_039709315.1,wecC,wecA,wzxE,1814319,1821788,wecA;cds-WP_039709315.1;wecB;wecC;rffC;rffA;wzxE
NZ_LN908249.1,Protein Homology,CDS,1819802,1820680,.,-,0,ID=cds-WP_039709315.1;product='hypothetical protein',cds-WP_039709315.1,'hypothetical protein',1819802,1820680,879,924,7,2,internal,wecA,wecB,wecA,wzxE,1814319,1821788,wecA;cds-WP_039709315.1;wecB;wecC;rffC;rffA;wzxE
NZ_LN908249.1,Protein Homology,CDS,1820715,1821788,.,-,0,ID=wecA;product=Undecaprenyl-phosphate_alpha-N-acetylglucosaminyl_1-phosphate_transferase,wecA,Undecaprenyl-phosphate alpha-N-acetylglucosaminyl 1-phosphate transferase,1820715,1821788,1074,924,7,1,first,,cds-WP_039709315.1,wecA,wzxE,1814319,1821788,wecA;cds-WP_039709315.1;wecB;wecC;rffC;rffA;wzxE
NZ_LN908249.1,Protein Homology,CDS,1822086,1823366,.,+,0,ID=hemL;product=Glutamate-1-semialdehyde_21-aminomutase,hemL,Glutamate-1-semialdehyde 21-aminomutase,1822086,1823366,1281,925,1,1,single,,,hemL,hemL,1822086,1823366,hemL
NZ_LN908249.1,Protein Homology,CDS,1823421,1824488,.,-,0,ID=cds-WP_005602250.1;product='hypothetical protein',cds-WP_005602250.1,'hypothetical protein',1823421,1824488,1068,926,2,2,last,murJ,,murJ,cds-WP_005602250.1,1823421,1826079,murJ;cds-WP_005602250.1
NZ_LN908249.1,Protein Homology,CDS,1824508,1826079,.,-,0,ID=murJ;product=Putative_lipid_II_flippase_MurJ,murJ,Putative lipid II flippase MurJ,1824508,1826079,1572,926,2,1,first,,cds-WP_005602250.1,murJ,cds-WP_005602250.1,1823421,1826079,murJ;cds-WP_005602250.1
NZ_LN908249.1,Protein Homology,CDS,1826471,1826734,.,+,0,ID=rpsT;product=30S_ribosomal_protein_S20,rpsT,30S ribosomal protein S20,1826471,1826734,264,927,1,1,single,,,rpsT,rpsT,1826471,1826734,rpsT
NZ_LN908249.1,Protein Homology,CDS,1826791,1828167,.,-,0,ID=trkA;product=Trk_system_potassium_uptake_protein_TrkA,trkA,Trk system potassium uptake protein TrkA,1826791,1828167,1377,928,4,4,last,rsmB,,selA,trkA,1826791,1832746,selA;selB;rsmB;trkA
NZ_LN908249.1,Protein Homology,CDS,1828217,1829515,.,-,0,ID=rsmB;product=Ribosomal_RNA_small_subunit_methyltransferase_B,rsmB,Ribosomal RNA small subunit methyltransferase B,1828217,1829515,1299,928,4,3,internal,selB,trkA,selA,trkA,1826791,1832746,selA;selB;rsmB;trkA
NZ_LN908249.1,Protein Homology,CDS,1829529,1831364,.,-,0,ID=selB;product=Selenocysteine-specific_elongation_factor,selB,Selenocysteine-specific elongation factor,1829529,1831364,1836,928,4,2,internal,selA,rsmB,selA,trkA,1826791,1832746,selA;selB;rsmB;trkA
NZ_LN908249.1,Protein Homology,CDS,1831361,1832746,.,-,0,ID=selA;product=L-seryl-tRNA(Sec)_selenium_transferase,selA,L-seryl-tRNA(Sec) selenium transferase,1831361,1832746,1386,928,4,1,first,,selB,selA,trkA,1826791,1832746,selA;selB;rsmB;trkA
NZ_LN908249.1,tRNAscan-SE,tRNA,1832813,1832907,.,+,.,ID=rna-MIDG2331_RS08550;product='tRNA',rna-MIDG2331_RS08550,'tRNA',1832813,1832907,95,929,2,1,first,,mioC,rna-MIDG2331_RS08550,mioC,1832813,1833366,rna-MIDG2331_RS08550;mioC
NZ_LN908249.1,Protein Homology,CDS,1832923,1833366,.,+,0,ID=mioC;product=Protein_MioC_homolog,mioC,Protein MioC homolog,1832923,1833366,444,929,2,2,last,rna-MIDG2331_RS08550,,rna-MIDG2331_RS08550,mioC,1832813,1833366,rna-MIDG2331_RS08550;mioC
NZ_LN908249.1,Protein Homology,CDS,1834204,1835661,.,-,0,ID=cds-WP_039709594.1;product=Probable_L-xylulose_kinase,cds-WP_039709594.1,Probable L-xylulose kinase,1834204,1835661,1458,930,2,2,last,cds-MIDG2331_RS08565,,cds-MIDG2331_RS08565,cds-WP_039709594.1,1834204,1836095,cds-MIDG2331_RS08565;cds-WP_039709594.1
NZ_LN908249.1,Protein Homology,CDS,1835745,1836095,.,-,0,ID=cds-MIDG2331_RS08565;product=Gluconolactonase,cds-MIDG2331_RS08565,Gluconolactonase,1835745,1836095,351,930,2,1,first,,cds-WP_039709594.1,cds-MIDG2331_RS08565,cds-WP_039709594.1,1834204,1836095,cds-MIDG2331_RS08565;cds-WP_039709594.1
NZ_LN908249.1,Protein Homology,CDS,1836494,1836676,.,-,0,ID=cds-WP_039709353.1;product='hypothetical protein',cds-WP_039709353.1,'hypothetical protein',1836494,1836676,183,931,1,1,single,,,cds-WP_039709353.1,cds-WP_039709353.1,1836494,1836676,cds-WP_039709353.1
NZ_LN908249.1,Protein Homology,CDS,1836931,1837005,.,-,0,ID=cds-WP_414973569.1;product='hypothetical protein',cds-WP_414973569.1,'hypothetical protein',1836931,1837005,75,932,1,1,single,,,cds-WP_414973569.1,cds-WP_414973569.1,1836931,1837005,cds-WP_414973569.1
NZ_LN908249.1,Protein Homology,CDS,1837169,1839865,.,-,0,ID=cds-WP_039709320.1;product=Transferrin-binding_protein_1,cds-WP_039709320.1,Transferrin-binding protein 1,1837169,1839865,2697,933,5,5,last,cds-WP_039709321.1,,cds-WP_039709323.1,cds-WP_039709320.1,1837169,1843400,cds-WP_039709323.1;cds-WP_005602270.1;cds-WP_039709322.1;cds-WP_039709321.1;cds-WP_039709320.1
NZ_LN908249.1,Protein Homology,CDS,1839879,1841522,.,-,0,ID=cds-WP_039709321.1;product=Transferrin-binding_protein_2,cds-WP_039709321.1,Transferrin-binding protein 2,1839879,1841522,1644,933,5,4,internal,cds-WP_039709322.1,cds-WP_039709320.1,cds-WP_039709323.1,cds-WP_039709320.1,1837169,1843400,cds-WP_039709323.1;cds-WP_005602270.1;cds-WP_039709322.1;cds-WP_039709321.1;cds-WP_039709320.1
NZ_LN908249.1,Protein Homology,CDS,1841551,1841961,.,-,0,ID=cds-WP_039709322.1;product=Biopolymer_transport_protein_ExbD,cds-WP_039709322.1,Biopolymer transport protein ExbD,1841551,1841961,411,933,5,3,internal,cds-WP_005602270.1,cds-WP_039709321.1,cds-WP_039709323.1,cds-WP_039709320.1,1837169,1843400,cds-WP_039709323.1;cds-WP_005602270.1;cds-WP_039709322.1;cds-WP_039709321.1;cds-WP_039709320.1
NZ_LN908249.1,Protein Homology,CDS,1841961,1842629,.,-,0,ID=cds-WP_005602270.1;product=Biopolymer_transport_protein_ExbB,cds-WP_005602270.1,Biopolymer transport protein ExbB,1841961,1842629,669,933,5,2,internal,cds-WP_039709323.1,cds-WP_039709322.1,cds-WP_039709323.1,cds-WP_039709320.1,1837169,1843400,cds-WP_039709323.1;cds-WP_005602270.1;cds-WP_039709322.1;cds-WP_039709321.1;cds-WP_039709320.1
NZ_LN908249.1,Protein Homology,CDS,1842651,1843400,.,-,0,ID=cds-WP_039709323.1;product='hypothetical protein',cds-WP_039709323.1,'hypothetical protein',1842651,1843400,750,933,5,1,first,,cds-WP_005602270.1,cds-WP_039709323.1,cds-WP_039709320.1,1837169,1843400,cds-WP_039709323.1;cds-WP_005602270.1;cds-WP_039709322.1;cds-WP_039709321.1;cds-WP_039709320.1
NZ_LN908249.1,Protein Homology,CDS,1843676,1844020,.,-,0,ID=cds-MIDG2331_RS08600;product=Putative_lysine_exporter,cds-MIDG2331_RS08600,Putative lysine exporter,1843676,1844020,345,934,2,2,last,yiaK,,yiaK,cds-MIDG2331_RS08600,1843676,1845090,yiaK;cds-MIDG2331_RS08600
NZ_LN908249.1,Protein Homology,CDS,1844091,1845090,.,-,0,ID=yiaK;product=23-diketo-L-gulonate_reductase,yiaK,23-diketo-L-gulonate reductase,1844091,1845090,1000,934,2,1,first,,cds-MIDG2331_RS08600,yiaK,cds-MIDG2331_RS08600,1843676,1845090,yiaK;cds-MIDG2331_RS08600
NZ_LN908249.1,Protein Homology,CDS,1845319,1845861,.,+,0,ID=cds-WP_039709325.1;product=Putative_hydrolase_YdeN,cds-WP_039709325.1,Putative hydrolase YdeN,1845319,1845861,543,935,1,1,single,,,cds-WP_039709325.1,cds-WP_039709325.1,1845319,1845861,cds-WP_039709325.1
NZ_LN908249.1,Protein Homology,CDS,1845905,1846177,.,-,0,ID=cds-MIDG2331_RS11355;product='hypothetical protein',cds-MIDG2331_RS11355,'hypothetical protein',1845905,1846177,273,936,2,2,last,cds-MIDG2331_RS08620,,cds-MIDG2331_RS08620,cds-MIDG2331_RS11355,1845905,1846544,cds-MIDG2331_RS08620;cds-MIDG2331_RS11355
NZ_LN908249.1,Protein Homology,CDS,1846144,1846544,.,-,0,ID=cds-MIDG2331_RS08620;product=Diaminopimelate_decarboxylase,cds-MIDG2331_RS08620,Diaminopimelate decarboxylase,1846144,1846544,401,936,2,1,first,,cds-MIDG2331_RS11355,cds-MIDG2331_RS08620,cds-MIDG2331_RS11355,1845905,1846544,cds-MIDG2331_RS08620;cds-MIDG2331_RS11355
NZ_LN908249.1,Protein Homology,CDS,1846610,1846723,.,-,0,ID=lptM_2;product='hypothetical protein',lptM_2,'hypothetical protein',1846610,1846723,114,937,1,1,single,,,lptM_2,lptM_2,1846610,1846723,lptM_2
NZ_LN908249.1,Protein Homology,CDS,1847343,1848254,.,-,0,ID=cds-WP_171823686.1;product='hypothetical protein',cds-WP_171823686.1,'hypothetical protein',1847343,1848254,912,938,1,1,single,,,cds-WP_171823686.1,cds-WP_171823686.1,1847343,1848254,cds-WP_171823686.1
NZ_LN908249.1,Protein Homology,CDS,1848335,1850035,.,-,0,ID=cds-WP_058230502.1;product='hypothetical protein',cds-WP_058230502.1,'hypothetical protein',1848335,1850035,1701,939,1,1,single,,,cds-WP_058230502.1,cds-WP_058230502.1,1848335,1850035,cds-WP_058230502.1
NZ_LN908249.1,GeneMarkS-2+,CDS,1850216,1851463,.,-,0,ID=cds-WP_039709328.1;product='hypothetical protein',cds-WP_039709328.1,'hypothetical protein',1850216,1851463,1248,940,6,6,last,cds-WP_039709329.1,,cds-WP_039768213.1,cds-WP_039709328.1,1850216,1858285,cds-WP_039768213.1;tagD;cds-WP_039709330.1;cds-WP_058230503.1;cds-WP_039709329.1;cds-WP_039709328.1
NZ_LN908249.1,Protein Homology,CDS,1851488,1852522,.,-,0,ID=cds-WP_039709329.1;product=Putative_glycosyltransferase_EpsH,cds-WP_039709329.1,Putative glycosyltransferase EpsH,1851488,1852522,1035,940,6,5,internal,cds-WP_058230503.1,cds-WP_039709328.1,cds-WP_039768213.1,cds-WP_039709328.1,1850216,1858285,cds-WP_039768213.1;tagD;cds-WP_039709330.1;cds-WP_058230503.1;cds-WP_039709329.1;cds-WP_039709328.1
NZ_LN908249.1,Protein Homology,CDS,1852535,1855492,.,-,0,ID=cds-WP_058230503.1;product=Putative_CDP-glycerol:glycerophosphate_glycerophosphotransferase,cds-WP_058230503.1,Putative CDP-glycerol:glycerophosphate glycerophosphotransferase,1852535,1855492,2958,940,6,4,internal,cds-WP_039709330.1,cds-WP_039709329.1,cds-WP_039768213.1,cds-WP_039709328.1,1850216,1858285,cds-WP_039768213.1;tagD;cds-WP_039709330.1;cds-WP_058230503.1;cds-WP_039709329.1;cds-WP_039709328.1
NZ_LN908249.1,Protein Homology,CDS,1855512,1856654,.,-,0,ID=cds-WP_039709330.1;product='hypothetical protein',cds-WP_039709330.1,'hypothetical protein',1855512,1856654,1143,940,6,3,internal,tagD,cds-WP_058230503.1,cds-WP_039768213.1,cds-WP_039709328.1,1850216,1858285,cds-WP_039768213.1;tagD;cds-WP_039709330.1;cds-WP_058230503.1;cds-WP_039709329.1;cds-WP_039709328.1
NZ_LN908249.1,Protein Homology,CDS,1856662,1857090,.,-,0,ID=tagD;product=Glycerol-3-phosphate_cytidylyltransferase,tagD,Glycerol-3-phosphate cytidylyltransferase,1856662,1857090,429,940,6,2,internal,cds-WP_039768213.1,cds-WP_039709330.1,cds-WP_039768213.1,cds-WP_039709328.1,1850216,1858285,cds-WP_039768213.1;tagD;cds-WP_039709330.1;cds-WP_058230503.1;cds-WP_039709329.1;cds-WP_039709328.1
NZ_LN908249.1,Protein Homology,CDS,1857143,1858285,.,-,0,ID=cds-WP_039768213.1;product='hypothetical protein',cds-WP_039768213.1,'hypothetical protein',1857143,1858285,1143,940,6,1,first,,tagD,cds-WP_039768213.1,cds-WP_039709328.1,1850216,1858285,cds-WP_039768213.1;tagD;cds-WP_039709330.1;cds-WP_058230503.1;cds-WP_039709329.1;cds-WP_039709328.1
NZ_LN908249.1,Protein Homology,CDS,1858464,1859651,.,+,0,ID=cds-WP_012263298.1;product=Capsule_polysaccharide_export_protein_BexD,cds-WP_012263298.1,Capsule polysaccharide export protein BexD,1858464,1859651,1188,941,4,1,first,,cds-WP_039709597.1,cds-WP_012263298.1,cds-WP_039709333.1,1858464,1862278,cds-WP_012263298.1;cds-WP_039709597.1;cds-WP_039709332.1;cds-WP_039709333.1
NZ_LN908249.1,Protein Homology,CDS,1859677,1860834,.,+,0,ID=cds-WP_039709597.1;product=Capsule_polysaccharide_export_inner-membrane_protein_BexC,cds-WP_039709597.1,Capsule polysaccharide export inner-membrane protein BexC,1859677,1860834,1158,941,4,2,internal,cds-WP_012263298.1,cds-WP_039709332.1,cds-WP_012263298.1,cds-WP_039709333.1,1858464,1862278,cds-WP_012263298.1;cds-WP_039709597.1;cds-WP_039709332.1;cds-WP_039709333.1
NZ_LN908249.1,Protein Homology,CDS,1860834,1861631,.,+,0,ID=cds-WP_039709332.1;product=Capsule_polysaccharide_export_inner-membrane_protein_BexB,cds-WP_039709332.1,Capsule polysaccharide export inner-membrane protein BexB,1860834,1861631,798,941,4,3,internal,cds-WP_039709597.1,cds-WP_039709333.1,cds-WP_012263298.1,cds-WP_039709333.1,1858464,1862278,cds-WP_012263298.1;cds-WP_039709597.1;cds-WP_039709332.1;cds-WP_039709333.1
NZ_LN908249.1,Protein Homology,CDS,1861628,1862278,.,+,0,ID=cds-WP_039709333.1;product=ATP-binding_protein_BexA,cds-WP_039709333.1,ATP-binding protein BexA,1861628,1862278,651,941,4,4,last,cds-WP_039709332.1,,cds-WP_012263298.1,cds-WP_039709333.1,1858464,1862278,cds-WP_012263298.1;cds-WP_039709597.1;cds-WP_039709332.1;cds-WP_039709333.1
NZ_LN908249.1,Protein Homology,CDS,1862475,1863932,.,-,0,ID=modF;product=Putative_molybdenum_transport_ATP-binding_protein_ModF,modF,Putative molybdenum transport ATP-binding protein ModF,1862475,1863932,1458,942,1,1,single,,,modF,modF,1862475,1863932,modF
NZ_LN908249.1,Protein Homology,CDS,1864025,1864975,.,-,0,ID=fmt;product=Methionyl-tRNA_formyltransferase,fmt,Methionyl-tRNA formyltransferase,1864025,1864975,951,943,1,1,single,,,fmt,fmt,1864025,1864975,fmt
NZ_LN908249.1,Protein Homology,CDS,1865138,1866088,.,-,0,ID=cds-WP_039709336.1;product='hypothetical protein',cds-WP_039709336.1,'hypothetical protein',1865138,1866088,951,944,1,1,single,,,cds-WP_039709336.1,cds-WP_039709336.1,1865138,1866088,cds-WP_039709336.1
NZ_LN908249.1,Protein Homology,CDS,1866241,1866867,.,+,0,ID=cds-WP_005619629.1;product=IMPACT_family_member_HI_0722,cds-WP_005619629.1,IMPACT family member HI 0722,1866241,1866867,627,945,1,1,single,,,cds-WP_005619629.1,cds-WP_005619629.1,1866241,1866867,cds-WP_005619629.1
NZ_LN908249.1,Protein Homology,CDS,1866948,1868426,.,+,0,ID=cds-WP_005598944.1;product=Trk_system_potassium_uptake_protein_TrkH,cds-WP_005598944.1,Trk system potassium uptake protein TrkH,1866948,1868426,1479,946,2,1,first,,hemG,cds-WP_005598944.1,hemG,1866948,1868968,cds-WP_005598944.1;hemG
NZ_LN908249.1,Protein Homology,CDS,1868441,1868968,.,+,0,ID=hemG;product=Protoporphyrinogen_IX_dehydrogenase_[menaquinone],hemG,Protoporphyrinogen IX dehydrogenase [menaquinone],1868441,1868968,528,946,2,2,last,cds-WP_005598944.1,,cds-WP_005598944.1,hemG,1866948,1868968,cds-WP_005598944.1;hemG
NZ_LN908249.1,Protein Homology,CDS,1869072,1869461,.,+,0,ID=mscL;product=Large-conductance_mechanosensitive_channel,mscL,Large-conductance mechanosensitive channel,1869072,1869461,390,947,1,1,single,,,mscL,mscL,1869072,1869461,mscL
NZ_LN908249.1,Protein Homology,CDS,1869591,1870583,.,-,0,ID=lipA;product=Lipoyl_synthase,lipA,Lipoyl synthase,1869591,1870583,993,948,5,5,last,lipB,,cds-WP_005619626.1,lipA,1869591,1873653,cds-WP_005619626.1;cds-WP_005602317.1;ybeD;lipB;lipA
NZ_LN908249.1,Protein Homology,CDS,1870695,1871351,.,-,0,ID=lipB;product=Octanoyltransferase,lipB,Octanoyltransferase,1870695,1871351,657,948,5,4,internal,ybeD,lipA,cds-WP_005619626.1,lipA,1869591,1873653,cds-WP_005619626.1;cds-WP_005602317.1;ybeD;lipB;lipA
NZ_LN908249.1,Protein Homology,CDS,1871383,1871682,.,-,0,ID=ybeD;product=UPF0250_protein_HD_2015,ybeD,UPF0250 protein HD 2015,1871383,1871682,300,948,5,3,internal,cds-WP_005602317.1,lipB,cds-WP_005619626.1,lipA,1869591,1873653,cds-WP_005619626.1;cds-WP_005602317.1;ybeD;lipB;lipA
NZ_LN908249.1,Protein Homology,CDS,1871816,1872994,.,-,0,ID=cds-WP_005602317.1;product=D-alanyl-D-alanine_carboxypeptidase_DacA,cds-WP_005602317.1,D-alanyl-D-alanine carboxypeptidase DacA,1871816,1872994,1179,948,5,2,internal,cds-WP_005619626.1,ybeD,cds-WP_005619626.1,lipA,1869591,1873653,cds-WP_005619626.1;cds-WP_005602317.1;ybeD;lipB;lipA
NZ_LN908249.1,Protein Homology,CDS,1873090,1873653,.,-,0,ID=cds-WP_005619626.1;product=Probable_endolytic_peptidoglycan_transglycosylase_RlpA,cds-WP_005619626.1,Probable endolytic peptidoglycan transglycosylase RlpA,1873090,1873653,564,948,5,1,first,,cds-WP_005602317.1,cds-WP_005619626.1,lipA,1869591,1873653,cds-WP_005619626.1;cds-WP_005602317.1;ybeD;lipB;lipA
NZ_LN908249.1,Protein Homology,CDS,1873828,1874952,.,-,0,ID=rodA;product=Rod_shape-determining_protein_RodA,rodA,Rod shape-determining protein RodA,1873828,1874952,1125,949,4,4,last,mrdA,,rsfS,rodA,1873828,1877792,rsfS;rlmH;mrdA;rodA
NZ_LN908249.1,Protein Homology,CDS,1874945,1876906,.,-,0,ID=mrdA;product=Penicillin-binding_protein_2,mrdA,Penicillin-binding protein 2,1874945,1876906,1962,949,4,3,internal,rlmH,rodA,rsfS,rodA,1873828,1877792,rsfS;rlmH;mrdA;rodA
NZ_LN908249.1,Protein Homology,CDS,1876988,1877455,.,-,0,ID=rlmH;product=Ribosomal_RNA_large_subunit_methyltransferase_H,rlmH,Ribosomal RNA large subunit methyltransferase H,1876988,1877455,468,949,4,2,internal,rsfS,mrdA,rsfS,rodA,1873828,1877792,rsfS;rlmH;mrdA;rodA
NZ_LN908249.1,Protein Homology,CDS,1877478,1877792,.,-,0,ID=rsfS;product=Ribosomal_silencing_factor_RsfS,rsfS,Ribosomal silencing factor RsfS,1877478,1877792,315,949,4,1,first,,rlmH,rsfS,rodA,1873828,1877792,rsfS;rlmH;mrdA;rodA
NZ_LN908249.1,Protein Homology,CDS,1878014,1880608,.,-,0,ID=mutS;product=DNA_mismatch_repair_protein_MutS,mutS,DNA mismatch repair protein MutS,1878014,1880608,2595,950,1,1,single,,,mutS,mutS,1878014,1880608,mutS
NZ_LN908249.1,Protein Homology,CDS,1880774,1881523,.,-,0,ID=cds-WP_005602327.1;product=L-cystine_import_ATP-binding_protein_TcyC,cds-WP_005602327.1,L-cystine import ATP-binding protein TcyC,1880774,1881523,750,951,2,2,last,cds-WP_039709338.1,,cds-WP_039709338.1,cds-WP_005602327.1,1880774,1882261,cds-WP_039709338.1;cds-WP_005602327.1
NZ_LN908249.1,Protein Homology,CDS,1881545,1882261,.,-,0,ID=cds-WP_039709338.1;product=Probable_amino-acid_ABC_transporter_permease_protein_HI_0179,cds-WP_039709338.1,Probable amino-acid ABC transporter permease protein HI 0179,1881545,1882261,717,951,2,1,first,,cds-WP_005602327.1,cds-WP_039709338.1,cds-WP_005602327.1,1880774,1882261,cds-WP_039709338.1;cds-WP_005602327.1
NZ_LN908249.1,Protein Homology,CDS,1882409,1883707,.,-,0,ID=cds-WP_039709339.1;product=UPF0597_protein_APL_1605,cds-WP_039709339.1,UPF0597 protein APL 1605,1882409,1883707,1299,952,1,1,single,,,cds-WP_039709339.1,cds-WP_039709339.1,1882409,1883707,cds-WP_039709339.1
NZ_LN908249.1,Protein Homology,CDS,1883979,1884473,.,+,0,ID=cds-WP_005602335.1;product=Iron-sulfur_cluster_repair_protein_YtfE,cds-WP_005602335.1,Iron-sulfur cluster repair protein YtfE,1883979,1884473,495,953,1,1,single,,,cds-WP_005602335.1,cds-WP_005602335.1,1883979,1884473,cds-WP_005602335.1
NZ_LN908249.1,Protein Homology,CDS,1884552,1884881,.,-,0,ID=cds-WP_005619623.1;product=Quaternary_ammonium_compound-resistance_protein_QacE,cds-WP_005619623.1,Quaternary ammonium compound-resistance protein QacE,1884552,1884881,330,954,1,1,single,,,cds-WP_005619623.1,cds-WP_005619623.1,1884552,1884881,cds-WP_005619623.1
NZ_LN908249.1,Protein Homology,CDS,1884969,1885259,.,-,0,ID=cds-WP_005602339.1;product=UPF0381_protein_HI_0636,cds-WP_005602339.1,UPF0381 protein HI 0636,1884969,1885259,291,955,1,1,single,,,cds-WP_005602339.1,cds-WP_005602339.1,1884969,1885259,cds-WP_005602339.1
NZ_LN908249.1,Protein Homology,CDS,1885413,1886045,.,-,0,ID=cds-WP_005613185.1;product='hypothetical protein',cds-WP_005613185.1,'hypothetical protein',1885413,1886045,633,956,1,1,single,,,cds-WP_005613185.1,cds-WP_005613185.1,1885413,1886045,cds-WP_005613185.1
NZ_LN908249.1,Protein Homology,CDS,1886218,1886511,.,-,0,ID=cds-WP_005598989.1;product='hypothetical protein',cds-WP_005598989.1,'hypothetical protein',1886218,1886511,294,957,5,5,last,cds-WP_039709340.1,,ureE,cds-WP_005598989.1,1886218,1889422,ureE;cds-WP_162474625.1;ureG;cds-WP_039709340.1;cds-WP_005598989.1
NZ_LN908249.1,Protein Homology,CDS,1886527,1887339,.,-,0,ID=cds-WP_039709340.1;product=Urease_accessory_protein_UreD,cds-WP_039709340.1,Urease accessory protein UreD,1886527,1887339,813,957,5,4,internal,ureG,cds-WP_005598989.1,ureE,cds-WP_005598989.1,1886218,1889422,ureE;cds-WP_162474625.1;ureG;cds-WP_039709340.1;cds-WP_005598989.1
NZ_LN908249.1,Protein Homology,CDS,1887508,1888143,.,-,0,ID=ureG;product=Urease_accessory_protein_UreG,ureG,Urease accessory protein UreG,1887508,1888143,636,957,5,3,internal,cds-WP_162474625.1,cds-WP_039709340.1,ureE,cds-WP_005598989.1,1886218,1889422,ureE;cds-WP_162474625.1;ureG;cds-WP_039709340.1;cds-WP_005598989.1
NZ_LN908249.1,Protein Homology,CDS,1888164,1888847,.,-,0,ID=cds-WP_162474625.1;product=Urease_accessory_protein_UreF,cds-WP_162474625.1,Urease accessory protein UreF,1888164,1888847,684,957,5,2,internal,ureE,ureG,ureE,cds-WP_005598989.1,1886218,1889422,ureE;cds-WP_162474625.1;ureG;cds-WP_039709340.1;cds-WP_005598989.1
NZ_LN908249.1,Protein Homology,CDS,1888859,1889422,.,-,0,ID=ureE;product=Urease_accessory_protein_UreE,ureE,Urease accessory protein UreE,1888859,1889422,564,957,5,1,first,,cds-WP_162474625.1,ureE,cds-WP_005598989.1,1886218,1889422,ureE;cds-WP_162474625.1;ureG;cds-WP_039709340.1;cds-WP_005598989.1
NZ_LN908249.1,Protein Homology,CDS,1889495,1890112,.,-,0,ID=cds-WP_039709343.1;product=Uncharacterized_GST-like_protein_YibF,cds-WP_039709343.1,Uncharacterized GST-like protein YibF,1889495,1890112,618,958,1,1,single,,,cds-WP_039709343.1,cds-WP_039709343.1,1889495,1890112,cds-WP_039709343.1
NZ_LN908249.1,Protein Homology,CDS,1890236,1891954,.,-,0,ID=ureC;product=Urease_subunit_alpha,ureC,Urease subunit alpha,1890236,1891954,1719,959,8,8,last,ureB,,cds-WP_005599015.1,ureC,1890236,1896074,cds-WP_005599015.1;cbiM;cds-WP_005605608.1;cds-WP_005618092.1;cds-WP_039709345.1;ureA;ureB;ureC
NZ_LN908249.1,Protein Homology,CDS,1891965,1892270,.,-,0,ID=ureB;product=Urease_subunit_beta,ureB,Urease subunit beta,1891965,1892270,306,959,8,7,internal,ureA,ureC,cds-WP_005599015.1,ureC,1890236,1896074,cds-WP_005599015.1;cbiM;cds-WP_005605608.1;cds-WP_005618092.1;cds-WP_039709345.1;ureA;ureB;ureC
NZ_LN908249.1,Protein Homology,CDS,1892463,1892765,.,-,0,ID=ureA;product=Urease_subunit_gamma,ureA,Urease subunit gamma,1892463,1892765,303,959,8,6,internal,cds-WP_039709345.1,ureB,cds-WP_005599015.1,ureC,1890236,1896074,cds-WP_005599015.1;cbiM;cds-WP_005605608.1;cds-WP_005618092.1;cds-WP_039709345.1;ureA;ureB;ureC
NZ_LN908249.1,Protein Homology,CDS,1892837,1893739,.,-,0,ID=cds-WP_039709345.1;product=Urea_transporter_2,cds-WP_039709345.1,Urea transporter 2,1892837,1893739,903,959,8,5,internal,cds-WP_005618092.1,ureA,cds-WP_005599015.1,ureC,1890236,1896074,cds-WP_005599015.1;cbiM;cds-WP_005605608.1;cds-WP_005618092.1;cds-WP_039709345.1;ureA;ureB;ureC
NZ_LN908249.1,Protein Homology,CDS,1893776,1894405,.,-,0,ID=cds-WP_005618092.1;product=Uncharacterized_ABC_transporter_ATP-binding_protein_HI_1618,cds-WP_005618092.1,Uncharacterized ABC transporter ATP-binding protein HI 1618,1893776,1894405,630,959,8,4,internal,cds-WP_005605608.1,cds-WP_039709345.1,cds-WP_005599015.1,ureC,1890236,1896074,cds-WP_005599015.1;cbiM;cds-WP_005605608.1;cds-WP_005618092.1;cds-WP_039709345.1;ureA;ureB;ureC
NZ_LN908249.1,Protein Homology,CDS,1894428,1895045,.,-,0,ID=cds-WP_005605608.1;product='hypothetical protein',cds-WP_005605608.1,'hypothetical protein',1894428,1895045,618,959,8,3,internal,cbiM,cds-WP_005618092.1,cds-WP_005599015.1,ureC,1890236,1896074,cds-WP_005599015.1;cbiM;cds-WP_005605608.1;cds-WP_005618092.1;cds-WP_039709345.1;ureA;ureB;ureC
NZ_LN908249.1,Protein Homology,CDS,1895052,1895660,.,-,0,ID=cbiM;product=Putative_metal_transport_protein_HI_1621,cbiM,Putative metal transport protein HI 1621,1895052,1895660,609,959,8,2,internal,cds-WP_005599015.1,cds-WP_005605608.1,cds-WP_005599015.1,ureC,1890236,1896074,cds-WP_005599015.1;cbiM;cds-WP_005605608.1;cds-WP_005618092.1;cds-WP_039709345.1;ureA;ureB;ureC
NZ_LN908249.1,Protein Homology,CDS,1895661,1896074,.,-,0,ID=cds-WP_005599015.1;product=Uncharacterized_protein_HI_1622,cds-WP_005599015.1,Uncharacterized protein HI 1622,1895661,1896074,414,959,8,1,first,,cbiM,cds-WP_005599015.1,ureC,1890236,1896074,cds-WP_005599015.1;cbiM;cds-WP_005605608.1;cds-WP_005618092.1;cds-WP_039709345.1;ureA;ureB;ureC
NZ_LN908249.1,Protein Homology,CDS,1896143,1896829,.,-,0,ID=cds-WP_005599017.1;product=Uncharacterized_protein_HI_1624,cds-WP_005599017.1,Uncharacterized protein HI 1624,1896143,1896829,687,960,1,1,single,,,cds-WP_005599017.1,cds-WP_005599017.1,1896143,1896829,cds-WP_005599017.1
NZ_LN908249.1,Protein Homology,CDS,1897031,1897930,.,+,0,ID=cds-WP_005605611.1;product='hypothetical protein',cds-WP_005605611.1,'hypothetical protein',1897031,1897930,900,961,1,1,single,,,cds-WP_005605611.1,cds-WP_005605611.1,1897031,1897930,cds-WP_005605611.1
NZ_LN908249.1,Protein Homology,CDS,1898009,1898470,.,-,0,ID=cds-WP_005602360.1;product='hypothetical protein',cds-WP_005602360.1,'hypothetical protein',1898009,1898470,462,962,1,1,single,,,cds-WP_005602360.1,cds-WP_005602360.1,1898009,1898470,cds-WP_005602360.1
NZ_LN908249.1,Protein Homology,CDS,1898698,1900563,.,-,0,ID=cds-WP_039709346.1;product=Uncharacterized_transporter_YfbS,cds-WP_039709346.1,Uncharacterized transporter YfbS,1898698,1900563,1866,963,4,4,last,cds-WP_005599023.1,,cds-WP_039709347.1,cds-WP_039709346.1,1898698,1904263,cds-WP_039709347.1;cds-WP_005599024.1;cds-WP_005599023.1;cds-WP_039709346.1
NZ_LN908249.1,Protein Homology,CDS,1900624,1901148,.,-,0,ID=cds-WP_005599023.1;product='hypothetical protein',cds-WP_005599023.1,'hypothetical protein',1900624,1901148,525,963,4,3,internal,cds-WP_005599024.1,cds-WP_039709346.1,cds-WP_039709347.1,cds-WP_039709346.1,1898698,1904263,cds-WP_039709347.1;cds-WP_005599024.1;cds-WP_005599023.1;cds-WP_039709346.1
NZ_LN908249.1,Protein Homology,CDS,1901148,1902287,.,-,0,ID=cds-WP_005599024.1;product=Mannitol-1-phosphate_5-dehydrogenase,cds-WP_005599024.1,Mannitol-1-phosphate 5-dehydrogenase,1901148,1902287,1140,963,4,2,internal,cds-WP_039709347.1,cds-WP_005599023.1,cds-WP_039709347.1,cds-WP_039709346.1,1898698,1904263,cds-WP_039709347.1;cds-WP_005599024.1;cds-WP_005599023.1;cds-WP_039709346.1
NZ_LN908249.1,Protein Homology,CDS,1902374,1904263,.,-,0,ID=cds-WP_039709347.1;product=PTS_system_mannitol-specific_EIICBA_component,cds-WP_039709347.1,PTS system mannitol-specific EIICBA component,1902374,1904263,1890,963,4,1,first,,cds-WP_005599024.1,cds-WP_039709347.1,cds-WP_039709346.1,1898698,1904263,cds-WP_039709347.1;cds-WP_005599024.1;cds-WP_005599023.1;cds-WP_039709346.1
NZ_LN908249.1,Protein Homology,CDS,1904568,1906400,.,-,0,ID=glmS;product=Glutamine--fructose-6-phosphate_aminotransferase_[isomerizing],glmS,Glutamine--fructose-6-phosphate aminotransferase [isomerizing],1904568,1906400,1833,964,2,2,last,cds-WP_012263324.1,,cds-WP_012263324.1,glmS,1904568,1907282,cds-WP_012263324.1;glmS
NZ_LN908249.1,Protein Homology,CDS,1906524,1907282,.,-,0,ID=cds-WP_012263324.1;product=Glucitol_operon_repressor,cds-WP_012263324.1,Glucitol operon repressor,1906524,1907282,759,964,2,1,first,,glmS,cds-WP_012263324.1,glmS,1904568,1907282,cds-WP_012263324.1;glmS
NZ_LN908249.1,Protein Homology,CDS,1907420,1907620,.,-,0,ID=cds-WP_005599028.1;product='hypothetical protein',cds-WP_005599028.1,'hypothetical protein',1907420,1907620,201,965,1,1,single,,,cds-WP_005599028.1,cds-WP_005599028.1,1907420,1907620,cds-WP_005599028.1
NZ_LN908249.1,Protein Homology,CDS,1907719,1908711,.,-,0,ID=cds-WP_012263325.1;product=Alpha-16-glucosyltransferase,cds-WP_012263325.1,Alpha-16-glucosyltransferase,1907719,1908711,993,966,3,3,last,cds-WP_039709348.1,,rimO,cds-WP_012263325.1,1907719,1911969,rimO;cds-WP_039709348.1;cds-WP_012263325.1
NZ_LN908249.1,Protein Homology,CDS,1908760,1910622,.,-,0,ID=cds-WP_039709348.1;product=UDP-glucose:protein_N-beta-glucosyltransferase,cds-WP_039709348.1,UDP-glucose:protein N-beta-glucosyltransferase,1908760,1910622,1863,966,3,2,internal,rimO,cds-WP_012263325.1,rimO,cds-WP_012263325.1,1907719,1911969,rimO;cds-WP_039709348.1;cds-WP_012263325.1
NZ_LN908249.1,Protein Homology,CDS,1910638,1911969,.,-,0,ID=rimO;product=Ribosomal_protein_S12_methylthiotransferase_RimO,rimO,Ribosomal protein S12 methylthiotransferase RimO,1910638,1911969,1332,966,3,1,first,,cds-WP_039709348.1,rimO,cds-WP_012263325.1,1907719,1911969,rimO;cds-WP_039709348.1;cds-WP_012263325.1
NZ_LN908249.1,Protein Homology,CDS,1912142,1912840,.,-,0,ID=mtnN;product=5'-methylthioadenosine/S-adenosylhomocysteine_nucleosidase,mtnN,5'-methylthioadenosine/S-adenosylhomocysteine nucleosidase,1912142,1912840,699,967,2,2,last,cds-WP_039709350.1,,cds-WP_039709350.1,mtnN,1912142,1913547,cds-WP_039709350.1;mtnN
NZ_LN908249.1,Protein Homology,CDS,1912840,1913547,.,-,0,ID=cds-WP_039709350.1;product=Uncharacterized_protein_HI_1215,cds-WP_039709350.1,Uncharacterized protein HI 1215,1912840,1913547,708,967,2,1,first,,mtnN,cds-WP_039709350.1,mtnN,1912142,1913547,cds-WP_039709350.1;mtnN
NZ_LN908249.1,Protein Homology,CDS,1913614,1913835,.,-,0,ID=cds-WP_005599039.1;product=Protein_SlyX_homolog,cds-WP_005599039.1,Protein SlyX homolog,1913614,1913835,222,968,1,1,single,,,cds-WP_005599039.1,cds-WP_005599039.1,1913614,1913835,cds-WP_005599039.1
NZ_LN908249.1,Protein Homology,CDS,1913926,1914657,.,+,0,ID=fkpA;product=Probable_FKBP-type_peptidyl-prolyl_cis-trans_isomerase,fkpA,Probable FKBP-type peptidyl-prolyl cis-trans isomerase,1913926,1914657,732,969,1,1,single,,,fkpA,fkpA,1913926,1914657,fkpA
NZ_LN908249.1,Protein Homology,CDS,1914769,1915428,.,+,0,ID=cds-WP_005599043.1;product=Uncharacterized_protein_HI_0575,cds-WP_005599043.1,Uncharacterized protein HI 0575,1914769,1915428,660,970,4,1,first,,tusD,cds-WP_005599043.1,tusB,1914769,1916461,cds-WP_005599043.1;tusD;tusC;tusB
NZ_LN908249.1,Protein Homology,CDS,1915428,1915805,.,+,0,ID=tusD;product=Sulfurtransferase_TusD_homolog,tusD,Sulfurtransferase TusD homolog,1915428,1915805,378,970,4,2,internal,cds-WP_005599043.1,tusC,cds-WP_005599043.1,tusB,1914769,1916461,cds-WP_005599043.1;tusD;tusC;tusB
NZ_LN908249.1,Protein Homology,CDS,1915805,1916179,.,+,0,ID=tusC;product=Protein_TusC_homolog,tusC,Protein TusC homolog,1915805,1916179,375,970,4,3,internal,tusD,tusB,cds-WP_005599043.1,tusB,1914769,1916461,cds-WP_005599043.1;tusD;tusC;tusB
NZ_LN908249.1,Protein Homology,CDS,1916192,1916461,.,+,0,ID=tusB;product=Uncharacterized_protein_HI_0577,tusB,Uncharacterized protein HI 0577,1916192,1916461,270,970,4,4,last,tusC,,cds-WP_005599043.1,tusB,1914769,1916461,cds-WP_005599043.1;tusD;tusC;tusB
NZ_LN908249.1,cmsearch,rRNA,1916705,1916820,.,-,.,ID=rrf_6;product='rRNA',rrf_6,'rRNA',1916705,1916820,116,971,4,4,last,rna-MIDG2331_RS08985,,rna-MIDG2331_RS08995,rrf_6,1916705,1921869,rna-MIDG2331_RS08995;rna-MIDG2331_RS08990;rna-MIDG2331_RS08985;rrf_6
NZ_LN908249.1,cmsearch,rRNA,1916980,1919881,.,-,.,ID=rna-MIDG2331_RS08985;product='rRNA',rna-MIDG2331_RS08985,'rRNA',1916980,1919881,2902,971,4,3,internal,rna-MIDG2331_RS08990,rrf_6,rna-MIDG2331_RS08995,rrf_6,1916705,1921869,rna-MIDG2331_RS08995;rna-MIDG2331_RS08990;rna-MIDG2331_RS08985;rrf_6
NZ_LN908249.1,tRNAscan-SE,tRNA,1920100,1920175,.,-,.,ID=rna-MIDG2331_RS08990;product='tRNA',rna-MIDG2331_RS08990,'tRNA',1920100,1920175,76,971,4,2,internal,rna-MIDG2331_RS08995,rna-MIDG2331_RS08985,rna-MIDG2331_RS08995,rrf_6,1916705,1921869,rna-MIDG2331_RS08995;rna-MIDG2331_RS08990;rna-MIDG2331_RS08985;rrf_6
NZ_LN908249.1,cmsearch,rRNA,1920328,1921869,.,-,.,ID=rna-MIDG2331_RS08995;product='rRNA',rna-MIDG2331_RS08995,'rRNA',1920328,1921869,1542,971,4,1,first,,rna-MIDG2331_RS08990,rna-MIDG2331_RS08995,rrf_6,1916705,1921869,rna-MIDG2331_RS08995;rna-MIDG2331_RS08990;rna-MIDG2331_RS08985;rrf_6
NZ_LN908249.1,Protein Homology,CDS,1922342,1922761,.,-,0,ID=cds-WP_005599058.1;product=ATP_synthase_epsilon_chain,cds-WP_005599058.1,ATP synthase epsilon chain,1922342,1922761,420,972,9,9,last,atpD,,cds-WP_005602406.1,cds-WP_005599058.1,1922342,1929277,cds-WP_005602406.1;atpB;atpE;atpF;atpH;atpA;atpG;atpD;cds-WP_005599058.1
NZ_LN908249.1,Protein Homology,CDS,1922801,1924174,.,-,0,ID=atpD;product=ATP_synthase_subunit_beta,atpD,ATP synthase subunit beta,1922801,1924174,1374,972,9,8,internal,atpG,cds-WP_005599058.1,cds-WP_005602406.1,cds-WP_005599058.1,1922342,1929277,cds-WP_005602406.1;atpB;atpE;atpF;atpH;atpA;atpG;atpD;cds-WP_005599058.1
NZ_LN908249.1,Protein Homology,CDS,1924188,1925054,.,-,0,ID=atpG;product=ATP_synthase_gamma_chain,atpG,ATP synthase gamma chain,1924188,1925054,867,972,9,7,internal,atpA,atpD,cds-WP_005602406.1,cds-WP_005599058.1,1922342,1929277,cds-WP_005602406.1;atpB;atpE;atpF;atpH;atpA;atpG;atpD;cds-WP_005599058.1
NZ_LN908249.1,Protein Homology,CDS,1925077,1926618,.,-,0,ID=atpA;product=ATP_synthase_subunit_alpha,atpA,ATP synthase subunit alpha,1925077,1926618,1542,972,9,6,internal,atpH,atpG,cds-WP_005602406.1,cds-WP_005599058.1,1922342,1929277,cds-WP_005602406.1;atpB;atpE;atpF;atpH;atpA;atpG;atpD;cds-WP_005599058.1
NZ_LN908249.1,Protein Homology,CDS,1926631,1927164,.,-,0,ID=atpH;product=ATP_synthase_subunit_delta,atpH,ATP synthase subunit delta,1926631,1927164,534,972,9,5,internal,atpF,atpA,cds-WP_005602406.1,cds-WP_005599058.1,1922342,1929277,cds-WP_005602406.1;atpB;atpE;atpF;atpH;atpA;atpG;atpD;cds-WP_005599058.1
NZ_LN908249.1,Protein Homology,CDS,1927178,1927648,.,-,0,ID=atpF;product=ATP_synthase_subunit_b,atpF,ATP synthase subunit b,1927178,1927648,471,972,9,4,internal,atpE,atpH,cds-WP_005602406.1,cds-WP_005599058.1,1922342,1929277,cds-WP_005602406.1;atpB;atpE;atpF;atpH;atpA;atpG;atpD;cds-WP_005599058.1
NZ_LN908249.1,Protein Homology,CDS,1927708,1927962,.,-,0,ID=atpE;product=ATP_synthase_subunit_c,atpE,ATP synthase subunit c,1927708,1927962,255,972,9,3,internal,atpB,atpF,cds-WP_005602406.1,cds-WP_005599058.1,1922342,1929277,cds-WP_005602406.1;atpB;atpE;atpF;atpH;atpA;atpG;atpD;cds-WP_005599058.1
NZ_LN908249.1,Protein Homology,CDS,1928081,1928869,.,-,0,ID=atpB;product=ATP_synthase_subunit_a,atpB,ATP synthase subunit a,1928081,1928869,789,972,9,2,internal,cds-WP_005602406.1,atpE,cds-WP_005602406.1,cds-WP_005599058.1,1922342,1929277,cds-WP_005602406.1;atpB;atpE;atpF;atpH;atpA;atpG;atpD;cds-WP_005599058.1
NZ_LN908249.1,Protein Homology,CDS,1928894,1929277,.,-,0,ID=cds-WP_005602406.1;product='hypothetical protein',cds-WP_005602406.1,'hypothetical protein',1928894,1929277,384,972,9,1,first,,atpB,cds-WP_005602406.1,cds-WP_005599058.1,1922342,1929277,cds-WP_005602406.1;atpB;atpE;atpF;atpH;atpA;atpG;atpD;cds-WP_005599058.1
NZ_LN908249.1,Protein Homology,CDS,1929638,1930255,.,-,0,ID=rsmG;product=Ribosomal_RNA_small_subunit_methyltransferase_G,rsmG,Ribosomal RNA small subunit methyltransferase G,1929638,1930255,618,973,2,2,last,mnmG,,mnmG,rsmG,1929638,1932247,mnmG;rsmG
NZ_LN908249.1,Protein Homology,CDS,1930355,1932247,.,-,0,ID=mnmG;product=tRNA_uridine_5-carboxymethylaminomethyl_modification_enzyme_MnmG,mnmG,tRNA uridine 5-carboxymethylaminomethyl modification enzyme MnmG,1930355,1932247,1893,973,2,1,first,,rsmG,mnmG,rsmG,1929638,1932247,mnmG;rsmG
NZ_LN908249.1,Protein Homology,CDS,1932697,1933509,.,+,0,ID=cds-WP_005599082.1;product=Putative_phosphatase_HI_0003,cds-WP_005599082.1,Putative phosphatase HI 0003,1932697,1933509,813,974,1,1,single,,,cds-WP_005599082.1,cds-WP_005599082.1,1932697,1933509,cds-WP_005599082.1
NZ_LN908249.1,Protein Homology,CDS,1933559,1934341,.,-,0,ID=cds-WP_005605659.1;product=Probable_amino-acid_ABC_transporter-binding_protein_HI_1080,cds-WP_005605659.1,Probable amino-acid ABC transporter-binding protein HI 1080,1933559,1934341,783,975,1,1,single,,,cds-WP_005605659.1,cds-WP_005605659.1,1933559,1934341,cds-WP_005605659.1
NZ_LN908249.1,Protein Homology,CDS,1934553,1935029,.,-,0,ID=cds-WP_005599087.1;product=UPF0225_protein_Asuc_0343,cds-WP_005599087.1,UPF0225 protein Asuc 0343,1934553,1935029,477,976,2,2,last,cds-WP_005605663.1,,cds-WP_005605663.1,cds-WP_005599087.1,1934553,1935409,cds-WP_005605663.1;cds-WP_005599087.1
NZ_LN908249.1,Protein Homology,CDS,1935032,1935409,.,-,0,ID=cds-WP_005605663.1;product='hypothetical protein',cds-WP_005605663.1,'hypothetical protein',1935032,1935409,378,976,2,1,first,,cds-WP_005599087.1,cds-WP_005605663.1,cds-WP_005599087.1,1934553,1935409,cds-WP_005605663.1;cds-WP_005599087.1
NZ_LN908249.1,Protein Homology,CDS,1935497,1936324,.,-,0,ID=manZ;product=PTS_system_mannose-specific_EIID_component,manZ,PTS system mannose-specific EIID component,1935497,1936324,828,977,3,3,last,cds-WP_005602418.1,,cds-WP_039755312.1,manZ,1935497,1938112,cds-WP_039755312.1;cds-WP_005602418.1;manZ
NZ_LN908249.1,Protein Homology,CDS,1936335,1937129,.,-,0,ID=cds-WP_005602418.1;product=PTS_system_mannose-specific_EIIC_component,cds-WP_005602418.1,PTS system mannose-specific EIIC component,1936335,1937129,795,977,3,2,internal,cds-WP_039755312.1,manZ,cds-WP_039755312.1,manZ,1935497,1938112,cds-WP_039755312.1;cds-WP_005602418.1;manZ
NZ_LN908249.1,Protein Homology,CDS,1937144,1938112,.,-,0,ID=cds-WP_039755312.1;product=PTS_system_mannose-specific_EIIAB_component,cds-WP_039755312.1,PTS system mannose-specific EIIAB component,1937144,1938112,969,977,3,1,first,,cds-WP_005602418.1,cds-WP_039755312.1,manZ,1935497,1938112,cds-WP_039755312.1;cds-WP_005602418.1;manZ
NZ_LN908249.1,Protein Homology,CDS,1938302,1939651,.,-,0,ID=cds-WP_005618129.1;product=Inner_membrane_permease_YgbN,cds-WP_005618129.1,Inner membrane permease YgbN,1938302,1939651,1350,978,1,1,single,,,cds-WP_005618129.1,cds-WP_005618129.1,1938302,1939651,cds-WP_005618129.1
NZ_LN908249.1,Protein Homology,CDS,1939829,1940344,.,+,0,ID=cds-WP_005618131.1;product=Thermosensitive_gluconokinase,cds-WP_005618131.1,Thermosensitive gluconokinase,1939829,1940344,516,979,1,1,single,,,cds-WP_005618131.1,cds-WP_005618131.1,1939829,1940344,cds-WP_005618131.1
NZ_LN908249.1,Protein Homology,CDS,1940416,1941414,.,-,0,ID=gntR;product=HTH-type_transcriptional_regulator_GntR,gntR,HTH-type transcriptional regulator GntR,1940416,1941414,999,980,1,1,single,,,gntR,gntR,1940416,1941414,gntR
NZ_LN908249.1,Protein Homology,CDS,1941537,1942526,.,+,0,ID=cds-WP_009874978.1;product=Ribose_operon_repressor,cds-WP_009874978.1,Ribose operon repressor,1941537,1942526,990,981,6,1,first,,rbsD,cds-WP_009874978.1,rbsK,1941537,1947452,cds-WP_009874978.1;rbsD;rbsA;rbsC;rbsB;rbsK
NZ_LN908249.1,Protein Homology,CDS,1942647,1943066,.,+,0,ID=rbsD;product=D-ribose_pyranase,rbsD,D-ribose pyranase,1942647,1943066,420,981,6,2,internal,cds-WP_009874978.1,rbsA,cds-WP_009874978.1,rbsK,1941537,1947452,cds-WP_009874978.1;rbsD;rbsA;rbsC;rbsB;rbsK
NZ_LN908249.1,Protein Homology,CDS,1943079,1944560,.,+,0,ID=rbsA;product=Ribose_import_ATP-binding_protein_RbsA,rbsA,Ribose import ATP-binding protein RbsA,1943079,1944560,1482,981,6,3,internal,rbsD,rbsC,cds-WP_009874978.1,rbsK,1941537,1947452,cds-WP_009874978.1;rbsD;rbsA;rbsC;rbsB;rbsK
NZ_LN908249.1,Protein Homology,CDS,1944613,1945572,.,+,0,ID=rbsC;product=Ribose_import_permease_protein_RbsC,rbsC,Ribose import permease protein RbsC,1944613,1945572,960,981,6,4,internal,rbsA,rbsB,cds-WP_009874978.1,rbsK,1941537,1947452,cds-WP_009874978.1;rbsD;rbsA;rbsC;rbsB;rbsK
NZ_LN908249.1,Protein Homology,CDS,1945596,1946468,.,+,0,ID=rbsB;product=Ribose_import_binding_protein_RbsB,rbsB,Ribose import binding protein RbsB,1945596,1946468,873,981,6,5,internal,rbsC,rbsK,cds-WP_009874978.1,rbsK,1941537,1947452,cds-WP_009874978.1;rbsD;rbsA;rbsC;rbsB;rbsK
NZ_LN908249.1,Protein Homology,CDS,1946541,1947452,.,+,0,ID=rbsK;product=Ribokinase,rbsK,Ribokinase,1946541,1947452,912,981,6,6,last,rbsB,,cds-WP_009874978.1,rbsK,1941537,1947452,cds-WP_009874978.1;rbsD;rbsA;rbsC;rbsB;rbsK
NZ_LN908249.1,Protein Homology,CDS,1947687,1950104,.,+,0,ID=cds-WP_039709363.1;product=Dimethyl_sulfoxide_reductase_DmsA,cds-WP_039709363.1,Dimethyl sulfoxide reductase DmsA,1947687,1950104,2418,982,5,1,first,,cds-WP_005602440.1,cds-WP_039709363.1,napF_2,1947687,1952749,cds-WP_039709363.1;cds-WP_005602440.1;cds-WP_039709364.1;dmsD;napF_2
NZ_LN908249.1,Protein Homology,CDS,1950114,1950731,.,+,0,ID=cds-WP_005602440.1;product=Anaerobic_dimethyl_sulfoxide_reductase_chain_B,cds-WP_005602440.1,Anaerobic dimethyl sulfoxide reductase chain B,1950114,1950731,618,982,5,2,internal,cds-WP_039709363.1,cds-WP_039709364.1,cds-WP_039709363.1,napF_2,1947687,1952749,cds-WP_039709363.1;cds-WP_005602440.1;cds-WP_039709364.1;dmsD;napF_2
NZ_LN908249.1,Protein Homology,CDS,1950733,1951566,.,+,0,ID=cds-WP_039709364.1;product=Anaerobic_dimethyl_sulfoxide_reductase_chain_C,cds-WP_039709364.1,Anaerobic dimethyl sulfoxide reductase chain C,1950733,1951566,834,982,5,3,internal,cds-WP_005602440.1,dmsD,cds-WP_039709363.1,napF_2,1947687,1952749,cds-WP_039709363.1;cds-WP_005602440.1;cds-WP_039709364.1;dmsD;napF_2
NZ_LN908249.1,Protein Homology,CDS,1951622,1952227,.,+,0,ID=dmsD;product=Probable_Tat_proofreading_chaperone_DmsD,dmsD,Probable Tat proofreading chaperone DmsD,1951622,1952227,606,982,5,4,internal,cds-WP_039709364.1,napF_2,cds-WP_039709363.1,napF_2,1947687,1952749,cds-WP_039709363.1;cds-WP_005602440.1;cds-WP_039709364.1;dmsD;napF_2
NZ_LN908249.1,Protein Homology,CDS,1952231,1952749,.,+,0,ID=napF_2;product=Uncharacterized_protein_HI_1043,napF_2,Uncharacterized protein HI 1043,1952231,1952749,519,982,5,5,last,dmsD,,cds-WP_039709363.1,napF_2,1947687,1952749,cds-WP_039709363.1;cds-WP_005602440.1;cds-WP_039709364.1;dmsD;napF_2
NZ_LN908249.1,Protein Homology,CDS,1952746,1953375,.,-,0,ID=cds-WP_039709367.1;product='hypothetical protein',cds-WP_039709367.1,'hypothetical protein',1952746,1953375,630,983,1,1,single,,,cds-WP_039709367.1,cds-WP_039709367.1,1952746,1953375,cds-WP_039709367.1
NZ_LN908249.1,Protein Homology,CDS,1953655,1954146,.,+,0,ID=cds-WP_039709368.1;product='hypothetical protein',cds-WP_039709368.1,'hypothetical protein',1953655,1954146,492,984,2,1,first,,cds-MIDG2331_RS11715,cds-WP_039709368.1,cds-MIDG2331_RS11715,1953655,1954673,cds-WP_039709368.1;cds-MIDG2331_RS11715
NZ_LN908249.1,Protein Homology,CDS,1954215,1954673,.,+,0,ID=cds-MIDG2331_RS11715;product='hypothetical protein',cds-MIDG2331_RS11715,'hypothetical protein',1954215,1954673,459,984,2,2,last,cds-WP_039709368.1,,cds-WP_039709368.1,cds-MIDG2331_RS11715,1953655,1954673,cds-WP_039709368.1;cds-MIDG2331_RS11715
NZ_LN908249.1,Protein Homology,CDS,1954829,1955470,.,-,0,ID=cds-WP_005599134.1;product='hypothetical protein',cds-WP_005599134.1,'hypothetical protein',1954829,1955470,642,985,2,2,last,purL,,purL,cds-WP_005599134.1,1954829,1959423,purL;cds-WP_005599134.1
NZ_LN908249.1,Protein Homology,CDS,1955527,1959423,.,-,0,ID=purL;product=Phosphoribosylformylglycinamidine_synthase,purL,Phosphoribosylformylglycinamidine synthase,1955527,1959423,3897,985,2,1,first,,cds-WP_005599134.1,purL,cds-WP_005599134.1,1954829,1959423,purL;cds-WP_005599134.1
NZ_LN908249.1,Protein Homology,CDS,1959650,1960396,.,+,0,ID=cds-WP_005602463.1;product=L-fucose_operon_activator,cds-WP_005602463.1,L-fucose operon activator,1959650,1960396,747,986,1,1,single,,,cds-WP_005602463.1,cds-WP_005602463.1,1959650,1960396,cds-WP_005602463.1
NZ_LN908249.1,Protein Homology,CDS,1960618,1962384,.,+,0,ID=fucI;product=L-fucose_isomerase,fucI,L-fucose isomerase,1960618,1962384,1767,987,6,1,first,,fucK,fucI,fucO,1960618,1967779,fucI;fucK;fucU;cds-WP_005609108.1;fucP;fucO
NZ_LN908249.1,Protein Homology,CDS,1962461,1963894,.,+,0,ID=fucK;product=L-fuculokinase,fucK,L-fuculokinase,1962461,1963894,1434,987,6,2,internal,fucI,fucU,fucI,fucO,1960618,1967779,fucI;fucK;fucU;cds-WP_005609108.1;fucP;fucO
NZ_LN908249.1,Protein Homology,CDS,1964029,1964463,.,+,0,ID=fucU;product=L-fucose_mutarotase,fucU,L-fucose mutarotase,1964029,1964463,435,987,6,3,internal,fucK,cds-WP_005609108.1,fucI,fucO,1960618,1967779,fucI;fucK;fucU;cds-WP_005609108.1;fucP;fucO
NZ_LN908249.1,Protein Homology,CDS,1964514,1965164,.,+,0,ID=cds-WP_005609108.1;product=L-fuculose_phosphate_aldolase,cds-WP_005609108.1,L-fuculose phosphate aldolase,1964514,1965164,651,987,6,4,internal,fucU,fucP,fucI,fucO,1960618,1967779,fucI;fucK;fucU;cds-WP_005609108.1;fucP;fucO
NZ_LN908249.1,Protein Homology,CDS,1965219,1966508,.,+,0,ID=fucP;product=L-fucose_permease,fucP,L-fucose permease,1965219,1966508,1290,987,6,5,internal,cds-WP_005609108.1,fucO,fucI,fucO,1960618,1967779,fucI;fucK;fucU;cds-WP_005609108.1;fucP;fucO
NZ_LN908249.1,Protein Homology,CDS,1966628,1967779,.,+,0,ID=fucO;product=Lactaldehyde_reductase,fucO,Lactaldehyde reductase,1966628,1967779,1152,987,6,6,last,fucP,,fucI,fucO,1960618,1967779,fucI;fucK;fucU;cds-WP_005609108.1;fucP;fucO
NZ_LN908249.1,Protein Homology,CDS,1967981,1968622,.,+,0,ID=cds-WP_039709370.1;product=Inner_membrane_protein_YagU,cds-WP_039709370.1,Inner membrane protein YagU,1967981,1968622,642,988,1,1,single,,,cds-WP_039709370.1,cds-WP_039709370.1,1967981,1968622,cds-WP_039709370.1
NZ_LN908249.1,Protein Homology,CDS,1968824,1969483,.,+,0,ID=cds-WP_039709371.1;product=Nopaline_transport_system_permease_protein_NocM,cds-WP_039709371.1,Nopaline transport system permease protein NocM,1968824,1969483,660,989,4,1,first,,cds-WP_039709372.1,cds-WP_039709371.1,cds-WP_039709381.1,1968824,1971770,cds-WP_039709371.1;cds-WP_039709372.1;cds-MIDG2331_RS11525;cds-WP_039709381.1
NZ_LN908249.1,Protein Homology,CDS,1969473,1970141,.,+,0,ID=cds-WP_039709372.1;product=Probable_amino-acid_ABC_transporter_permease_protein_YckA,cds-WP_039709372.1,Probable amino-acid ABC transporter permease protein YckA,1969473,1970141,669,989,4,2,internal,cds-WP_039709371.1,cds-MIDG2331_RS11525,cds-WP_039709371.1,cds-WP_039709381.1,1968824,1971770,cds-WP_039709371.1;cds-WP_039709372.1;cds-MIDG2331_RS11525;cds-WP_039709381.1
NZ_LN908249.1,Protein Homology,CDS,1970142,1970870,.,+,0,ID=cds-MIDG2331_RS11525;product=Glutamate/aspartate_import_ATP-binding_protein_GltL,cds-MIDG2331_RS11525,Glutamate/aspartate import ATP-binding protein GltL,1970142,1970870,729,989,4,3,internal,cds-WP_039709372.1,cds-WP_039709381.1,cds-WP_039709371.1,cds-WP_039709381.1,1968824,1971770,cds-WP_039709371.1;cds-WP_039709372.1;cds-MIDG2331_RS11525;cds-WP_039709381.1
NZ_LN908249.1,Protein Homology,CDS,1970934,1971770,.,+,0,ID=cds-WP_039709381.1;product=ABC_transporter_glutamine-binding_protein_GlnH,cds-WP_039709381.1,ABC transporter glutamine-binding protein GlnH,1970934,1971770,837,989,4,4,last,cds-MIDG2331_RS11525,,cds-WP_039709371.1,cds-WP_039709381.1,1968824,1971770,cds-WP_039709371.1;cds-WP_039709372.1;cds-MIDG2331_RS11525;cds-WP_039709381.1
NZ_LN908249.1,Protein Homology,CDS,1971903,1973972,.,+,0,ID=cds-WP_039709373.1;product=Capsule_polysaccharide_modification_protein_LipA,cds-WP_039709373.1,Capsule polysaccharide modification protein LipA,1971903,1973972,2070,990,2,1,first,,cds-WP_005610771.1,cds-WP_039709373.1,cds-WP_005610771.1,1971903,1975215,cds-WP_039709373.1;cds-WP_005610771.1
NZ_LN908249.1,Protein Homology,CDS,1973995,1975215,.,+,0,ID=cds-WP_005610771.1;product=Capsule_polysaccharide_modification_protein_LipB,cds-WP_005610771.1,Capsule polysaccharide modification protein LipB,1973995,1975215,1221,990,2,2,last,cds-WP_039709373.1,,cds-WP_039709373.1,cds-WP_005610771.1,1971903,1975215,cds-WP_039709373.1;cds-WP_005610771.1
NZ_LN908249.1,Protein Homology,CDS,1975284,1976246,.,-,0,ID=cds-WP_005599168.1;product='hypothetical protein',cds-WP_005599168.1,'hypothetical protein',1975284,1976246,963,991,1,1,single,,,cds-WP_005599168.1,cds-WP_005599168.1,1975284,1976246,cds-WP_005599168.1
NZ_LN908249.1,Protein Homology,CDS,1976407,1977087,.,-,0,ID=cds-WP_005602494.1;product=Probable_3-keto-L-gulonate-6-phosphate_decarboxylase,cds-WP_005602494.1,Probable 3-keto-L-gulonate-6-phosphate decarboxylase,1976407,1977087,681,992,3,3,last,cds-WP_005602496.1,,cds-WP_039709374.1,cds-WP_005602494.1,1976407,1979507,cds-WP_039709374.1;cds-WP_005602496.1;cds-WP_005602494.1
NZ_LN908249.1,Protein Homology,CDS,1977158,1977625,.,-,0,ID=cds-WP_005602496.1;product=Ascorbate-specific_PTS_system_EIIA_component,cds-WP_005602496.1,Ascorbate-specific PTS system EIIA component,1977158,1977625,468,992,3,2,internal,cds-WP_039709374.1,cds-WP_005602494.1,cds-WP_039709374.1,cds-WP_005602494.1,1976407,1979507,cds-WP_039709374.1;cds-WP_005602496.1;cds-WP_005602494.1
NZ_LN908249.1,Protein Homology,CDS,1977702,1979507,.,-,0,ID=cds-WP_039709374.1;product=Ascorbate-specific_PTS_system_EIIC_component,cds-WP_039709374.1,Ascorbate-specific PTS system EIIC component,1977702,1979507,1806,992,3,1,first,,cds-WP_005602496.1,cds-WP_039709374.1,cds-WP_005602494.1,1976407,1979507,cds-WP_039709374.1;cds-WP_005602496.1;cds-WP_005602494.1
NZ_LN908249.1,Protein Homology,CDS,1979981,1981072,.,+,0,ID=ulaG;product=Probable_L-ascorbate-6-phosphate_lactonase_UlaG,ulaG,Probable L-ascorbate-6-phosphate lactonase UlaG,1979981,1981072,1092,993,4,1,first,,ulaR,ulaG,araD,1979981,1983573,ulaG;ulaR;cds-WP_012263356.1;araD
NZ_LN908249.1,Protein Homology,CDS,1981174,1981920,.,+,0,ID=ulaR;product=HTH-type_transcriptional_regulator_UlaR,ulaR,HTH-type transcriptional regulator UlaR,1981174,1981920,747,993,4,2,internal,ulaG,cds-WP_012263356.1,ulaG,araD,1979981,1983573,ulaG;ulaR;cds-WP_012263356.1;araD
NZ_LN908249.1,Protein Homology,CDS,1982006,1982866,.,+,0,ID=cds-WP_012263356.1;product=Putative_L-ribulose-5-phosphate_3-epimerase_SgbU,cds-WP_012263356.1,Putative L-ribulose-5-phosphate 3-epimerase SgbU,1982006,1982866,861,993,4,3,internal,ulaR,araD,ulaG,araD,1979981,1983573,ulaG;ulaR;cds-WP_012263356.1;araD
NZ_LN908249.1,Protein Homology,CDS,1982860,1983573,.,+,0,ID=araD;product=Probable_sugar_isomerase_SgbE,araD,Probable sugar isomerase SgbE,1982860,1983573,714,993,4,4,last,cds-WP_012263356.1,,ulaG,araD,1979981,1983573,ulaG;ulaR;cds-WP_012263356.1;araD
NZ_LN908249.1,Protein Homology,CDS,1983725,1984354,.,-,0,ID=cds-WP_005613287.1;product=FKBP-type_22_kDa_peptidyl-prolyl_cis-trans_isomerase,cds-WP_005613287.1,FKBP-type 22 kDa peptidyl-prolyl cis-trans isomerase,1983725,1984354,630,994,1,1,single,,,cds-WP_005613287.1,cds-WP_005613287.1,1983725,1984354,cds-WP_005613287.1
NZ_LN908249.1,Protein Homology,CDS,1984681,1985410,.,+,0,ID=cds-MIDG2331_RS09300;product='hypothetical protein',cds-MIDG2331_RS09300,'hypothetical protein',1984681,1985410,730,995,1,1,single,,,cds-MIDG2331_RS09300,cds-MIDG2331_RS09300,1984681,1985410,cds-MIDG2331_RS09300
NZ_LN908249.1,Protein Homology,CDS,1985534,1985722,.,-,0,ID=cds-WP_005599189.1;product='hypothetical protein',cds-WP_005599189.1,'hypothetical protein',1985534,1985722,189,996,1,1,single,,,cds-WP_005599189.1,cds-WP_005599189.1,1985534,1985722,cds-WP_005599189.1
NZ_LN908249.1,Protein Homology,CDS,1985756,1986190,.,+,0,ID=cds-WP_005599190.1;product='hypothetical protein',cds-WP_005599190.1,'hypothetical protein',1985756,1986190,435,997,1,1,single,,,cds-WP_005599190.1,cds-WP_005599190.1,1985756,1986190,cds-WP_005599190.1
NZ_LN908249.1,Protein Homology,CDS,1986337,1986600,.,+,0,ID=cds-WP_427833029.1;product='hypothetical protein',cds-WP_427833029.1,'hypothetical protein',1986337,1986600,264,998,2,1,first,,cds-WP_462675109.1,cds-WP_427833029.1,cds-WP_462675109.1,1986337,1987743,cds-WP_427833029.1;cds-WP_462675109.1
NZ_LN908249.1,Protein Homology,CDS,1986616,1987743,.,+,0,ID=cds-WP_462675109.1;product=TPR_repeat-containing_protein_NMB0313,cds-WP_462675109.1,TPR repeat-containing protein NMB0313,1986616,1987743,1128,998,2,2,last,cds-WP_427833029.1,,cds-WP_427833029.1,cds-WP_462675109.1,1986337,1987743,cds-WP_427833029.1;cds-WP_462675109.1
NZ_LN908249.1,Protein Homology,CDS,1987803,1988729,.,-,0,ID=rfaD;product=ADP-L-glycero-D-manno-heptose-6-epimerase,rfaD,ADP-L-glycero-D-manno-heptose-6-epimerase,1987803,1988729,927,999,1,1,single,,,rfaD,rfaD,1987803,1988729,rfaD
NZ_LN908249.1,Protein Homology,CDS,1988869,1989381,.,-,0,ID=def;product=Peptide_deformylase,def,Peptide deformylase,1988869,1989381,513,1000,1,1,single,,,def,def,1988869,1989381,def
NZ_LN908249.1,Protein Homology,CDS,1989567,1990721,.,+,0,ID=dprA;product=DNA-processing_protein_A,dprA,DNA-processing protein A,1989567,1990721,1155,1001,1,1,single,,,dprA,dprA,1989567,1990721,dprA
NZ_LN908249.1,Protein Homology,CDS,1990765,1992771,.,-,0,ID=cds-WP_039709377.1;product=Putative_oligopeptide_transporter_HI_0561,cds-WP_039709377.1,Putative oligopeptide transporter HI 0561,1990765,1992771,2007,1002,1,1,single,,,cds-WP_039709377.1,cds-WP_039709377.1,1990765,1992771,cds-WP_039709377.1
NZ_LN908249.1,Protein Homology,CDS,1992993,1994348,.,-,0,ID=cds-WP_005599204.1;product=Ascorbate-specific_PTS_system_EIIC_component,cds-WP_005599204.1,Ascorbate-specific PTS system EIIC component,1992993,1994348,1356,1003,2,2,last,cds-WP_005599206.1,,cds-WP_005599206.1,cds-WP_005599204.1,1992993,1994629,cds-WP_005599206.1;cds-WP_005599204.1
NZ_LN908249.1,Protein Homology,CDS,1994357,1994629,.,-,0,ID=cds-WP_005599206.1;product=Ascorbate-specific_PTS_system_EIIB_component,cds-WP_005599206.1,Ascorbate-specific PTS system EIIB component,1994357,1994629,273,1003,2,1,first,,cds-WP_005599204.1,cds-WP_005599206.1,cds-WP_005599204.1,1992993,1994629,cds-WP_005599206.1;cds-WP_005599204.1
NZ_LN908249.1,Protein Homology,CDS,1994932,1995345,.,+,0,ID=secE;product=Protein_translocase_subunit_SecE,secE,Protein translocase subunit SecE,1994932,1995345,414,1004,6,1,first,,nusG,secE,rplL,1994932,1998529,secE;nusG;rplK;rplA;rplJ;rplL
NZ_LN908249.1,Protein Homology,CDS,1995347,1995910,.,+,0,ID=nusG;product=Transcription_termination/antitermination_protein_NusG,nusG,Transcription termination/antitermination protein NusG,1995347,1995910,564,1004,6,2,internal,secE,rplK,secE,rplL,1994932,1998529,secE;nusG;rplK;rplA;rplJ;rplL
NZ_LN908249.1,Protein Homology,CDS,1996198,1996626,.,+,0,ID=rplK;product=50S_ribosomal_protein_L11,rplK,50S ribosomal protein L11,1996198,1996626,429,1004,6,3,internal,nusG,rplA,secE,rplL,1994932,1998529,secE;nusG;rplK;rplA;rplJ;rplL
NZ_LN908249.1,Protein Homology,CDS,1996631,1997320,.,+,0,ID=rplA;product=50S_ribosomal_protein_L1,rplA,50S ribosomal protein L1,1996631,1997320,690,1004,6,4,internal,rplK,rplJ,secE,rplL,1994932,1998529,secE;nusG;rplK;rplA;rplJ;rplL
NZ_LN908249.1,Protein Homology,CDS,1997609,1998100,.,+,0,ID=rplJ;product=50S_ribosomal_protein_L10,rplJ,50S ribosomal protein L10,1997609,1998100,492,1004,6,5,internal,rplA,rplL,secE,rplL,1994932,1998529,secE;nusG;rplK;rplA;rplJ;rplL
NZ_LN908249.1,Protein Homology,CDS,1998161,1998529,.,+,0,ID=rplL;product=50S_ribosomal_protein_L7/L12,rplL,50S ribosomal protein L7/L12,1998161,1998529,369,1004,6,6,last,rplJ,,secE,rplL,1994932,1998529,secE;nusG;rplK;rplA;rplJ;rplL
NZ_LN908249.1,Protein Homology,CDS,1998693,1998965,.,+,0,ID=cds-WP_005599215.1;product='hypothetical protein',cds-WP_005599215.1,'hypothetical protein',1998693,1998965,273,1005,2,1,first,,cds-WP_039709382.1,cds-WP_005599215.1,cds-WP_039709382.1,1998693,2000226,cds-WP_005599215.1;cds-WP_039709382.1
NZ_LN908249.1,Protein Homology,CDS,1998970,2000226,.,+,0,ID=cds-WP_039709382.1;product='hypothetical protein',cds-WP_039709382.1,'hypothetical protein',1998970,2000226,1257,1005,2,2,last,cds-WP_005599215.1,,cds-WP_005599215.1,cds-WP_039709382.1,1998693,2000226,cds-WP_005599215.1;cds-WP_039709382.1
NZ_LN908249.1,Protein Homology,CDS,2000385,2000603,.,+,0,ID=cds-WP_039709378.1;product='hypothetical protein',cds-WP_039709378.1,'hypothetical protein',2000385,2000603,219,1006,2,1,first,,cds-WP_005602529.1,cds-WP_039709378.1,cds-WP_005602529.1,2000385,2001153,cds-WP_039709378.1;cds-WP_005602529.1
NZ_LN908249.1,Protein Homology,CDS,2000662,2001153,.,+,0,ID=cds-WP_005602529.1;product='hypothetical protein',cds-WP_005602529.1,'hypothetical protein',2000662,2001153,492,1006,2,2,last,cds-WP_039709378.1,,cds-WP_039709378.1,cds-WP_005602529.1,2000385,2001153,cds-WP_039709378.1;cds-WP_005602529.1
NZ_LN908249.1,Protein Homology,CDS,2001228,2001542,.,+,0,ID=cds-WP_005602530.1;product='hypothetical protein',cds-WP_005602530.1,'hypothetical protein',2001228,2001542,315,1007,2,1,first,,cds-WP_171823680.1,cds-WP_005602530.1,cds-WP_171823680.1,2001228,2001731,cds-WP_005602530.1;cds-WP_171823680.1
NZ_LN908249.1,GeneMarkS-2+,CDS,2001558,2001731,.,+,0,ID=cds-WP_171823680.1;product='hypothetical protein',cds-WP_171823680.1,'hypothetical protein',2001558,2001731,174,1007,2,2,last,cds-WP_005602530.1,,cds-WP_005602530.1,cds-WP_171823680.1,2001228,2001731,cds-WP_005602530.1;cds-WP_171823680.1
NZ_LN908249.1,Protein Homology,CDS,2001806,2002729,.,+,0,ID=cds-WP_420000839.1;product='hypothetical protein',cds-WP_420000839.1,'hypothetical protein',2001806,2002729,924,1008,1,1,single,,,cds-WP_420000839.1,cds-WP_420000839.1,2001806,2002729,cds-WP_420000839.1
NZ_LN908249.1,GeneMarkS-2+,CDS,2002835,2003449,.,+,0,ID=cds-WP_231944213.1;product='hypothetical protein',cds-WP_231944213.1,'hypothetical protein',2002835,2003449,615,1009,1,1,single,,,cds-WP_231944213.1,cds-WP_231944213.1,2002835,2003449,cds-WP_231944213.1
NZ_LN908249.1,Protein Homology,CDS,2003804,2007832,.,+,0,ID=rpoB;product=DNA-directed_RNA_polymerase_subunit_beta,rpoB,DNA-directed RNA polymerase subunit beta,2003804,2007832,4029,1010,2,1,first,,rpoC,rpoB,rpoC,2003804,2012229,rpoB;rpoC
NZ_LN908249.1,Protein Homology,CDS,2007958,2012229,.,+,0,ID=rpoC;product=DNA-directed_RNA_polymerase_subunit_beta',rpoC,DNA-directed RNA polymerase subunit beta',2007958,2012229,4272,1010,2,2,last,rpoB,,rpoB,rpoC,2003804,2012229,rpoB;rpoC
NZ_LN908249.1,Protein Homology,CDS,2012302,2013933,.,+,0,ID=cds-WP_005613299.1;product='hypothetical protein',cds-WP_005613299.1,'hypothetical protein',2012302,2013933,1632,1011,1,1,single,,,cds-WP_005613299.1,cds-WP_005613299.1,2012302,2013933,cds-WP_005613299.1
NZ_LN908249.1,Protein Homology,CDS,2014205,2014345,.,-,0,ID=cds-WP_162835170.1;product='hypothetical protein',cds-WP_162835170.1,'hypothetical protein',2014205,2014345,141,1012,1,1,single,,,cds-WP_162835170.1,cds-WP_162835170.1,2014205,2014345,cds-WP_162835170.1
NZ_LN908249.1,Protein Homology,CDS,2014453,2014683,.,+,0,ID=vapB;product=Putative_antitoxin_VapB2,vapB,Putative antitoxin VapB2,2014453,2014683,231,1013,2,1,first,,vapC,vapB,vapC,2014453,2015081,vapB;vapC
NZ_LN908249.1,Protein Homology,CDS,2014683,2015081,.,+,0,ID=vapC;product=Ribonuclease_VapC2,vapC,Ribonuclease VapC2,2014683,2015081,399,1013,2,2,last,vapB,,vapB,vapC,2014453,2015081,vapB;vapC
NZ_LN908249.1,Protein Homology,CDS,2015216,2015632,.,-,0,ID=cds-WP_005609158.1;product='hypothetical protein',cds-WP_005609158.1,'hypothetical protein',2015216,2015632,417,1014,1,1,single,,,cds-WP_005609158.1,cds-WP_005609158.1,2015216,2015632,cds-WP_005609158.1
NZ_LN908249.1,Protein Homology,CDS,2015879,2016529,.,+,0,ID=cds-WP_039709386.1;product=Uncharacterized_protein_MJ0754,cds-WP_039709386.1,Uncharacterized protein MJ0754,2015879,2016529,651,1015,1,1,single,,,cds-WP_039709386.1,cds-WP_039709386.1,2015879,2016529,cds-WP_039709386.1
NZ_LN908249.1,Protein Homology,CDS,2016604,2017263,.,-,0,ID=cds-WP_039709387.1;product='hypothetical protein',cds-WP_039709387.1,'hypothetical protein',2016604,2017263,660,1016,1,1,single,,,cds-WP_039709387.1,cds-WP_039709387.1,2016604,2017263,cds-WP_039709387.1
NZ_LN908249.1,GeneMarkS-2+,CDS,2017509,2017670,.,-,0,ID=cds-WP_160260668.1;product='hypothetical protein',cds-WP_160260668.1,'hypothetical protein',2017509,2017670,162,1017,2,2,last,cds-WP_039709388.1,,cds-WP_039709388.1,cds-WP_160260668.1,2017509,2018334,cds-WP_039709388.1;cds-WP_160260668.1
NZ_LN908249.1,Protein Homology,CDS,2017663,2018334,.,-,0,ID=cds-WP_039709388.1;product='hypothetical protein',cds-WP_039709388.1,'hypothetical protein',2017663,2018334,672,1017,2,1,first,,cds-WP_160260668.1,cds-WP_039709388.1,cds-WP_160260668.1,2017509,2018334,cds-WP_039709388.1;cds-WP_160260668.1
NZ_LN908249.1,Protein Homology,CDS,2018406,2019728,.,-,0,ID=hslU;product=ATP-dependent_protease_ATPase_subunit_HslU,hslU,ATP-dependent protease ATPase subunit HslU,2018406,2019728,1323,1018,2,2,last,hslV,,hslV,hslU,2018406,2020515,hslV;hslU
NZ_LN908249.1,Protein Homology,CDS,2019994,2020515,.,-,0,ID=hslV;product=ATP-dependent_protease_subunit_HslV,hslV,ATP-dependent protease subunit HslV,2019994,2020515,522,1018,2,1,first,,hslU,hslV,hslU,2018406,2020515,hslV;hslU
NZ_LN908249.1,Protein Homology,CDS,2020593,2021306,.,-,0,ID=sfsA;product=Sugar_fermentation_stimulation_protein_homolog,sfsA,Sugar fermentation stimulation protein homolog,2020593,2021306,714,1019,1,1,single,,,sfsA,sfsA,2020593,2021306,sfsA
NZ_LN908249.1,Protein Homology,CDS,2021612,2022004,.,-,0,ID=gloA2;product=Uncharacterized_protein_YaeR,gloA2,Uncharacterized protein YaeR,2021612,2022004,393,1020,1,1,single,,,gloA2,gloA2,2021612,2022004,gloA2
NZ_LN908249.1,Protein Homology,CDS,2022102,2023247,.,+,0,ID=mutY;product=Adenine_DNA_glycosylase,mutY,Adenine DNA glycosylase,2022102,2023247,1146,1021,3,1,first,,cds-WP_005599252.1,mutY,mltC,2022102,2024641,mutY;cds-WP_005599252.1;mltC
NZ_LN908249.1,Protein Homology,CDS,2023251,2023526,.,+,0,ID=cds-WP_005599252.1;product=Probable_Fe(2+)-trafficking_protein,cds-WP_005599252.1,Probable Fe(2+)-trafficking protein,2023251,2023526,276,1021,3,2,internal,mutY,mltC,mutY,mltC,2022102,2024641,mutY;cds-WP_005599252.1;mltC
NZ_LN908249.1,Protein Homology,CDS,2023544,2024641,.,+,0,ID=mltC;product=Membrane-bound_lytic_murein_transglycosylase_C,mltC,Membrane-bound lytic murein transglycosylase C,2023544,2024641,1098,1021,3,3,last,cds-WP_005599252.1,,mutY,mltC,2022102,2024641,mutY;cds-WP_005599252.1;mltC
NZ_LN908249.1,tRNAscan-SE,tRNA,2024766,2024841,.,+,.,ID=rna-MIDG2331_RS09500;product='tRNA',rna-MIDG2331_RS09500,'tRNA',2024766,2024841,76,1022,4,1,first,,rna-MIDG2331_RS09505,rna-MIDG2331_RS09500,rna-MIDG2331_RS09515,2024766,2025224,rna-MIDG2331_RS09500;rna-MIDG2331_RS09505;rna-MIDG2331_RS09510;rna-MIDG2331_RS09515
NZ_LN908249.1,tRNAscan-SE,tRNA,2024847,2024922,.,+,.,ID=rna-MIDG2331_RS09505;product='tRNA',rna-MIDG2331_RS09505,'tRNA',2024847,2024922,76,1022,4,2,internal,rna-MIDG2331_RS09500,rna-MIDG2331_RS09510,rna-MIDG2331_RS09500,rna-MIDG2331_RS09515,2024766,2025224,rna-MIDG2331_RS09500;rna-MIDG2331_RS09505;rna-MIDG2331_RS09510;rna-MIDG2331_RS09515
NZ_LN908249.1,tRNAscan-SE,tRNA,2025055,2025130,.,+,.,ID=rna-MIDG2331_RS09510;product='tRNA',rna-MIDG2331_RS09510,'tRNA',2025055,2025130,76,1022,4,3,internal,rna-MIDG2331_RS09505,rna-MIDG2331_RS09515,rna-MIDG2331_RS09500,rna-MIDG2331_RS09515,2024766,2025224,rna-MIDG2331_RS09500;rna-MIDG2331_RS09505;rna-MIDG2331_RS09510;rna-MIDG2331_RS09515
NZ_LN908249.1,tRNAscan-SE,tRNA,2025149,2025224,.,+,.,ID=rna-MIDG2331_RS09515;product='tRNA',rna-MIDG2331_RS09515,'tRNA',2025149,2025224,76,1022,4,4,last,rna-MIDG2331_RS09510,,rna-MIDG2331_RS09500,rna-MIDG2331_RS09515,2024766,2025224,rna-MIDG2331_RS09500;rna-MIDG2331_RS09505;rna-MIDG2331_RS09510;rna-MIDG2331_RS09515
NZ_LN908249.1,Protein Homology,CDS,2025334,2026169,.,+,0,ID=cds-MIDG2331_RS11370;product='hypothetical protein',cds-MIDG2331_RS11370,'hypothetical protein',2025334,2026169,836,1023,4,1,first,,cds-WP_005619377.1,cds-MIDG2331_RS11370,cds-WP_039709393.1,2025334,2027742,cds-MIDG2331_RS11370;cds-WP_005619377.1;cds-WP_005620157.1;cds-WP_039709393.1
NZ_LN908249.1,Protein Homology,CDS,2026166,2026486,.,+,0,ID=cds-WP_005619377.1;product=Replicative_DNA_helicase,cds-WP_005619377.1,Replicative DNA helicase,2026166,2026486,321,1023,4,2,internal,cds-MIDG2331_RS11370,cds-WP_005620157.1,cds-MIDG2331_RS11370,cds-WP_039709393.1,2025334,2027742,cds-MIDG2331_RS11370;cds-WP_005619377.1;cds-WP_005620157.1;cds-WP_039709393.1
NZ_LN908249.1,Protein Homology,CDS,2026470,2026826,.,+,0,ID=cds-WP_005620157.1;product='hypothetical protein',cds-WP_005620157.1,'hypothetical protein',2026470,2026826,357,1023,4,3,internal,cds-WP_005619377.1,cds-WP_039709393.1,cds-MIDG2331_RS11370,cds-WP_039709393.1,2025334,2027742,cds-MIDG2331_RS11370;cds-WP_005619377.1;cds-WP_005620157.1;cds-WP_039709393.1
NZ_LN908249.1,Protein Homology,CDS,2026852,2027742,.,+,0,ID=cds-WP_039709393.1;product=Putative_tyrosine_recombinase_XerC,cds-WP_039709393.1,Putative tyrosine recombinase XerC,2026852,2027742,891,1023,4,4,last,cds-WP_005620157.1,,cds-MIDG2331_RS11370,cds-WP_039709393.1,2025334,2027742,cds-MIDG2331_RS11370;cds-WP_005619377.1;cds-WP_005620157.1;cds-WP_039709393.1
NZ_LN908249.1,Protein Homology,CDS,2028281,2028547,.,+,0,ID=cds-WP_162029584.1;product='hypothetical protein',cds-WP_162029584.1,'hypothetical protein',2028281,2028547,267,1024,2,1,first,,cds-WP_039709394.1,cds-WP_162029584.1,cds-WP_039709394.1,2028281,2029706,cds-WP_162029584.1;cds-WP_039709394.1
NZ_LN908249.1,Protein Homology,CDS,2028519,2029706,.,+,0,ID=cds-WP_039709394.1;product=Bifunctional_lysine-specific_demethylase_and_histidyl-hydroxylase_NO66,cds-WP_039709394.1,Bifunctional lysine-specific demethylase and histidyl-hydroxylase NO66,2028519,2029706,1188,1024,2,2,last,cds-WP_162029584.1,,cds-WP_162029584.1,cds-WP_039709394.1,2028281,2029706,cds-WP_162029584.1;cds-WP_039709394.1
NZ_LN908249.1,Protein Homology,CDS,2030294,2031229,.,-,0,ID=cds-WP_005609171.1;product='hypothetical protein',cds-WP_005609171.1,'hypothetical protein',2030294,2031229,936,1025,1,1,single,,,cds-WP_005609171.1,cds-WP_005609171.1,2030294,2031229,cds-WP_005609171.1
NZ_LN908249.1,Protein Homology,CDS,2031422,2033503,.,-,0,ID=cds-WP_039709671.1;product=Probable_microcin-H47_secretion/processing_ATP-binding_protein_MchF,cds-WP_039709671.1,Probable microcin-H47 secretion/processing ATP-binding protein MchF,2031422,2033503,2082,1026,2,2,last,cds-WP_005602577.1,,cds-WP_005602577.1,cds-WP_039709671.1,2031422,2034449,cds-WP_005602577.1;cds-WP_039709671.1
NZ_LN908249.1,Protein Homology,CDS,2033493,2034449,.,-,0,ID=cds-WP_005602577.1;product=Microcin_H47_secretion_protein_MchE,cds-WP_005602577.1,Microcin H47 secretion protein MchE,2033493,2034449,957,1026,2,1,first,,cds-WP_039709671.1,cds-WP_005602577.1,cds-WP_039709671.1,2031422,2034449,cds-WP_005602577.1;cds-WP_039709671.1
NZ_LN908249.1,Protein Homology,CDS,2034549,2034713,.,+,0,ID=cds-WP_005602578.1;product='hypothetical protein',cds-WP_005602578.1,'hypothetical protein',2034549,2034713,165,1027,1,1,single,,,cds-WP_005602578.1,cds-WP_005602578.1,2034549,2034713,cds-WP_005602578.1
NZ_LN908249.1,tRNAscan-SE,tRNA,2035483,2035558,.,+,.,ID=rna-MIDG2331_RS09580;product='tRNA',rna-MIDG2331_RS09580,'tRNA',2035483,2035558,76,1028,1,1,single,,,rna-MIDG2331_RS09580,rna-MIDG2331_RS09580,2035483,2035558,rna-MIDG2331_RS09580
NZ_LN908249.1,Protein Homology,CDS,2035981,2037372,.,+,0,ID=ffh;product=Signal_recognition_particle_protein,ffh,Signal recognition particle protein,2035981,2037372,1392,1029,1,1,single,,,ffh,ffh,2035981,2037372,ffh
NZ_LN908249.1,Protein Homology,CDS,2037527,2039191,.,-,0,ID=cds-WP_039709396.1;product=Trifunctional_nucleotide_phosphoesterase_protein_YfkN,cds-WP_039709396.1,Trifunctional nucleotide phosphoesterase protein YfkN,2037527,2039191,1665,1030,1,1,single,,,cds-WP_039709396.1,cds-WP_039709396.1,2037527,2039191,cds-WP_039709396.1
NZ_LN908249.1,Protein Homology,CDS,2039383,2040549,.,-,0,ID=cds-WP_039709397.1;product=2-octaprenyl-3-methyl-6-methoxy-14-benzoquinol_hydroxylase,cds-WP_039709397.1,2-octaprenyl-3-methyl-6-methoxy-14-benzoquinol hydroxylase,2039383,2040549,1167,1031,1,1,single,,,cds-WP_039709397.1,cds-WP_039709397.1,2039383,2040549,cds-WP_039709397.1
NZ_LN908249.1,Protein Homology,CDS,2040755,2042281,.,+,0,ID=cds-WP_058230505.1;product=Competence_protein_ComM,cds-WP_058230505.1,Competence protein ComM,2040755,2042281,1527,1032,1,1,single,,,cds-WP_058230505.1,cds-WP_058230505.1,2040755,2042281,cds-WP_058230505.1
NZ_LN908249.1,Protein Homology,CDS,2042404,2043498,.,+,0,ID=cds-WP_005609185.1;product=Outer_membrane_lipoprotein_A,cds-WP_005609185.1,Outer membrane lipoprotein A,2042404,2043498,1095,1033,1,1,single,,,cds-WP_005609185.1,cds-WP_005609185.1,2042404,2043498,cds-WP_005609185.1
NZ_LN908249.1,Protein Homology,CDS,2043549,2044313,.,-,0,ID=menH;product=Putative_2-succinyl-6-hydroxy-24-cyclohexadiene-1-carboxylate_synthase,menH,Putative 2-succinyl-6-hydroxy-24-cyclohexadiene-1-carboxylate synthase,2043549,2044313,765,1034,2,2,last,menD,,menD,menH,2043549,2046019,menD;menH
NZ_LN908249.1,Protein Homology,CDS,2044313,2046019,.,-,0,ID=menD;product=2-succinyl-5-enolpyruvyl-6-hydroxy-3-cyclohexene-1-carboxylate_synthase,menD,2-succinyl-5-enolpyruvyl-6-hydroxy-3-cyclohexene-1-carboxylate synthase,2044313,2046019,1707,1034,2,1,first,,menH,menD,menH,2043549,2046019,menD;menH
NZ_LN908249.1,Protein Homology,CDS,2046272,2046865,.,+,0,ID=cds-WP_005609191.1;product=N-acylneuraminate_cytidylyltransferase,cds-WP_005609191.1,N-acylneuraminate cytidylyltransferase,2046272,2046865,594,1035,6,1,first,,cds-WP_005599263.1,cds-WP_005609191.1,nagA,2046272,2051423,cds-WP_005609191.1;cds-WP_005599263.1;cds-WP_005599264.1;nanA;nagB;nagA
NZ_LN908249.1,Protein Homology,CDS,2046903,2047592,.,+,0,ID=cds-WP_005599263.1;product=Putative_N-acetylmannosamine-6-phosphate_2-epimerase,cds-WP_005599263.1,Putative N-acetylmannosamine-6-phosphate 2-epimerase,2046903,2047592,690,1035,6,2,internal,cds-WP_005609191.1,cds-WP_005599264.1,cds-WP_005609191.1,nagA,2046272,2051423,cds-WP_005609191.1;cds-WP_005599263.1;cds-WP_005599264.1;nanA;nagB;nagA
NZ_LN908249.1,Protein Homology,CDS,2047602,2048474,.,+,0,ID=cds-WP_005599264.1;product=N-acetylmannosamine_kinase,cds-WP_005599264.1,N-acetylmannosamine kinase,2047602,2048474,873,1035,6,3,internal,cds-WP_005599263.1,nanA,cds-WP_005609191.1,nagA,2046272,2051423,cds-WP_005609191.1;cds-WP_005599263.1;cds-WP_005599264.1;nanA;nagB;nagA
NZ_LN908249.1,Protein Homology,CDS,2048495,2049373,.,+,0,ID=nanA;product=N-acetylneuraminate_lyase,nanA,N-acetylneuraminate lyase,2048495,2049373,879,1035,6,4,internal,cds-WP_005599264.1,nagB,cds-WP_005609191.1,nagA,2046272,2051423,cds-WP_005609191.1;cds-WP_005599263.1;cds-WP_005599264.1;nanA;nagB;nagA
NZ_LN908249.1,Protein Homology,CDS,2049423,2050226,.,+,0,ID=nagB;product=Glucosamine-6-phosphate_deaminase,nagB,Glucosamine-6-phosphate deaminase,2049423,2050226,804,1035,6,5,internal,nanA,nagA,cds-WP_005609191.1,nagA,2046272,2051423,cds-WP_005609191.1;cds-WP_005599263.1;cds-WP_005599264.1;nanA;nagB;nagA
NZ_LN908249.1,Protein Homology,CDS,2050278,2051423,.,+,0,ID=nagA;product=N-acetylglucosamine-6-phosphate_deacetylase,nagA,N-acetylglucosamine-6-phosphate deacetylase,2050278,2051423,1146,1035,6,6,last,nagB,,cds-WP_005609191.1,nagA,2046272,2051423,cds-WP_005609191.1;cds-WP_005599263.1;cds-WP_005599264.1;nanA;nagB;nagA
NZ_LN908249.1,Protein Homology,CDS,2051573,2052967,.,-,0,ID=fumC;product=Fumarate_hydratase_class_II,fumC,Fumarate hydratase class II,2051573,2052967,1395,1036,1,1,single,,,fumC,fumC,2051573,2052967,fumC
NZ_LN908249.1,Protein Homology,CDS,2053122,2053778,.,-,0,ID=cds-WP_005609196.1;product=DNA_transformation_protein_TfoX2,cds-WP_005609196.1,DNA transformation protein TfoX2,2053122,2053778,657,1037,1,1,single,,,cds-WP_005609196.1,cds-WP_005609196.1,2053122,2053778,cds-WP_005609196.1
NZ_LN908249.1,Protein Homology,CDS,2054186,2054497,.,+,0,ID=rpsJ;product=30S_ribosomal_protein_S10,rpsJ,30S ribosomal protein S10,2054186,2054497,312,1038,32,1,first,,rplC,rpsJ,rplS,2054186,2070174,rpsJ;rplC;rplD;rplW;rplB;rpsS;rplV;rpsC;rplP;rpmC;rpsQ;rplN;rplX;rplE;rpsN;rpsH;rplF;rplR;rpsE;rpmD;rplO;secY;rpmJ;rpsM;rpsK;rpsD;cds-WP_005619415.1;rplQ;rpsP;rimM;trmD;rplS
NZ_LN908249.1,Protein Homology,CDS,2054523,2055149,.,+,0,ID=rplC;product=50S_ribosomal_protein_L3,rplC,50S ribosomal protein L3,2054523,2055149,627,1038,32,2,internal,rpsJ,rplD,rpsJ,rplS,2054186,2070174,rpsJ;rplC;rplD;rplW;rplB;rpsS;rplV;rpsC;rplP;rpmC;rpsQ;rplN;rplX;rplE;rpsN;rpsH;rplF;rplR;rpsE;rpmD;rplO;secY;rpmJ;rpsM;rpsK;rpsD;cds-WP_005619415.1;rplQ;rpsP;rimM;trmD;rplS
NZ_LN908249.1,Protein Homology,CDS,2055165,2055767,.,+,0,ID=rplD;product=50S_ribosomal_protein_L4,rplD,50S ribosomal protein L4,2055165,2055767,603,1038,32,3,internal,rplC,rplW,rpsJ,rplS,2054186,2070174,rpsJ;rplC;rplD;rplW;rplB;rpsS;rplV;rpsC;rplP;rpmC;rpsQ;rplN;rplX;rplE;rpsN;rpsH;rplF;rplR;rpsE;rpmD;rplO;secY;rpmJ;rpsM;rpsK;rpsD;cds-WP_005619415.1;rplQ;rpsP;rimM;trmD;rplS
NZ_LN908249.1,Protein Homology,CDS,2055764,2056069,.,+,0,ID=rplW;product=50S_ribosomal_protein_L23,rplW,50S ribosomal protein L23,2055764,2056069,306,1038,32,4,internal,rplD,rplB,rpsJ,rplS,2054186,2070174,rpsJ;rplC;rplD;rplW;rplB;rpsS;rplV;rpsC;rplP;rpmC;rpsQ;rplN;rplX;rplE;rpsN;rpsH;rplF;rplR;rpsE;rpmD;rplO;secY;rpmJ;rpsM;rpsK;rpsD;cds-WP_005619415.1;rplQ;rpsP;rimM;trmD;rplS
NZ_LN908249.1,Protein Homology,CDS,2056090,2056911,.,+,0,ID=rplB;product=50S_ribosomal_protein_L2,rplB,50S ribosomal protein L2,2056090,2056911,822,1038,32,5,internal,rplW,rpsS,rpsJ,rplS,2054186,2070174,rpsJ;rplC;rplD;rplW;rplB;rpsS;rplV;rpsC;rplP;rpmC;rpsQ;rplN;rplX;rplE;rpsN;rpsH;rplF;rplR;rpsE;rpmD;rplO;secY;rpmJ;rpsM;rpsK;rpsD;cds-WP_005619415.1;rplQ;rpsP;rimM;trmD;rplS
NZ_LN908249.1,Protein Homology,CDS,2056939,2057214,.,+,0,ID=rpsS;product=30S_ribosomal_protein_S19,rpsS,30S ribosomal protein S19,2056939,2057214,276,1038,32,6,internal,rplB,rplV,rpsJ,rplS,2054186,2070174,rpsJ;rplC;rplD;rplW;rplB;rpsS;rplV;rpsC;rplP;rpmC;rpsQ;rplN;rplX;rplE;rpsN;rpsH;rplF;rplR;rpsE;rpmD;rplO;secY;rpmJ;rpsM;rpsK;rpsD;cds-WP_005619415.1;rplQ;rpsP;rimM;trmD;rplS
NZ_LN908249.1,Protein Homology,CDS,2057225,2057557,.,+,0,ID=rplV;product=50S_ribosomal_protein_L22,rplV,50S ribosomal protein L22,2057225,2057557,333,1038,32,7,internal,rpsS,rpsC,rpsJ,rplS,2054186,2070174,rpsJ;rplC;rplD;rplW;rplB;rpsS;rplV;rpsC;rplP;rpmC;rpsQ;rplN;rplX;rplE;rpsN;rpsH;rplF;rplR;rpsE;rpmD;rplO;secY;rpmJ;rpsM;rpsK;rpsD;cds-WP_005619415.1;rplQ;rpsP;rimM;trmD;rplS
NZ_LN908249.1,Protein Homology,CDS,2057576,2058283,.,+,0,ID=rpsC;product=30S_ribosomal_protein_S3,rpsC,30S ribosomal protein S3,2057576,2058283,708,1038,32,8,internal,rplV,rplP,rpsJ,rplS,2054186,2070174,rpsJ;rplC;rplD;rplW;rplB;rpsS;rplV;rpsC;rplP;rpmC;rpsQ;rplN;rplX;rplE;rpsN;rpsH;rplF;rplR;rpsE;rpmD;rplO;secY;rpmJ;rpsM;rpsK;rpsD;cds-WP_005619415.1;rplQ;rpsP;rimM;trmD;rplS
NZ_LN908249.1,Protein Homology,CDS,2058297,2058707,.,+,0,ID=rplP;product=50S_ribosomal_protein_L16,rplP,50S ribosomal protein L16,2058297,2058707,411,1038,32,9,internal,rpsC,rpmC,rpsJ,rplS,2054186,2070174,rpsJ;rplC;rplD;rplW;rplB;rpsS;rplV;rpsC;rplP;rpmC;rpsQ;rplN;rplX;rplE;rpsN;rpsH;rplF;rplR;rpsE;rpmD;rplO;secY;rpmJ;rpsM;rpsK;rpsD;cds-WP_005619415.1;rplQ;rpsP;rimM;trmD;rplS
NZ_LN908249.1,Protein Homology,CDS,2058707,2058898,.,+,0,ID=rpmC;product=50S_ribosomal_protein_L29,rpmC,50S ribosomal protein L29,2058707,2058898,192,1038,32,10,internal,rplP,rpsQ,rpsJ,rplS,2054186,2070174,rpsJ;rplC;rplD;rplW;rplB;rpsS;rplV;rpsC;rplP;rpmC;rpsQ;rplN;rplX;rplE;rpsN;rpsH;rplF;rplR;rpsE;rpmD;rplO;secY;rpmJ;rpsM;rpsK;rpsD;cds-WP_005619415.1;rplQ;rpsP;rimM;trmD;rplS
NZ_LN908249.1,Protein Homology,CDS,2058898,2059152,.,+,0,ID=rpsQ;product=30S_ribosomal_protein_S17,rpsQ,30S ribosomal protein S17,2058898,2059152,255,1038,32,11,internal,rpmC,rplN,rpsJ,rplS,2054186,2070174,rpsJ;rplC;rplD;rplW;rplB;rpsS;rplV;rpsC;rplP;rpmC;rpsQ;rplN;rplX;rplE;rpsN;rpsH;rplF;rplR;rpsE;rpmD;rplO;secY;rpmJ;rpsM;rpsK;rpsD;cds-WP_005619415.1;rplQ;rpsP;rimM;trmD;rplS
NZ_LN908249.1,Protein Homology,CDS,2059392,2059763,.,+,0,ID=rplN;product=50S_ribosomal_protein_L14,rplN,50S ribosomal protein L14,2059392,2059763,372,1038,32,12,internal,rpsQ,rplX,rpsJ,rplS,2054186,2070174,rpsJ;rplC;rplD;rplW;rplB;rpsS;rplV;rpsC;rplP;rpmC;rpsQ;rplN;rplX;rplE;rpsN;rpsH;rplF;rplR;rpsE;rpmD;rplO;secY;rpmJ;rpsM;rpsK;rpsD;cds-WP_005619415.1;rplQ;rpsP;rimM;trmD;rplS
NZ_LN908249.1,Protein Homology,CDS,2059774,2060085,.,+,0,ID=rplX;product=50S_ribosomal_protein_L24,rplX,50S ribosomal protein L24,2059774,2060085,312,1038,32,13,internal,rplN,rplE,rpsJ,rplS,2054186,2070174,rpsJ;rplC;rplD;rplW;rplB;rpsS;rplV;rpsC;rplP;rpmC;rpsQ;rplN;rplX;rplE;rpsN;rpsH;rplF;rplR;rpsE;rpmD;rplO;secY;rpmJ;rpsM;rpsK;rpsD;cds-WP_005619415.1;rplQ;rpsP;rimM;trmD;rplS
NZ_LN908249.1,Protein Homology,CDS,2060103,2060642,.,+,0,ID=rplE;product=50S_ribosomal_protein_L5,rplE,50S ribosomal protein L5,2060103,2060642,540,1038,32,14,internal,rplX,rpsN,rpsJ,rplS,2054186,2070174,rpsJ;rplC;rplD;rplW;rplB;rpsS;rplV;rpsC;rplP;rpmC;rpsQ;rplN;rplX;rplE;rpsN;rpsH;rplF;rplR;rpsE;rpmD;rplO;secY;rpmJ;rpsM;rpsK;rpsD;cds-WP_005619415.1;rplQ;rpsP;rimM;trmD;rplS
NZ_LN908249.1,Protein Homology,CDS,2060654,2060959,.,+,0,ID=rpsN;product=30S_ribosomal_protein_S14,rpsN,30S ribosomal protein S14,2060654,2060959,306,1038,32,15,internal,rplE,rpsH,rpsJ,rplS,2054186,2070174,rpsJ;rplC;rplD;rplW;rplB;rpsS;rplV;rpsC;rplP;rpmC;rpsQ;rplN;rplX;rplE;rpsN;rpsH;rplF;rplR;rpsE;rpmD;rplO;secY;rpmJ;rpsM;rpsK;rpsD;cds-WP_005619415.1;rplQ;rpsP;rimM;trmD;rplS
NZ_LN908249.1,Protein Homology,CDS,2060996,2061388,.,+,0,ID=rpsH;product=30S_ribosomal_protein_S8,rpsH,30S ribosomal protein S8,2060996,2061388,393,1038,32,16,internal,rpsN,rplF,rpsJ,rplS,2054186,2070174,rpsJ;rplC;rplD;rplW;rplB;rpsS;rplV;rpsC;rplP;rpmC;rpsQ;rplN;rplX;rplE;rpsN;rpsH;rplF;rplR;rpsE;rpmD;rplO;secY;rpmJ;rpsM;rpsK;rpsD;cds-WP_005619415.1;rplQ;rpsP;rimM;trmD;rplS
NZ_LN908249.1,Protein Homology,CDS,2061405,2061938,.,+,0,ID=rplF;product=50S_ribosomal_protein_L6,rplF,50S ribosomal protein L6,2061405,2061938,534,1038,32,17,internal,rpsH,rplR,rpsJ,rplS,2054186,2070174,rpsJ;rplC;rplD;rplW;rplB;rpsS;rplV;rpsC;rplP;rpmC;rpsQ;rplN;rplX;rplE;rpsN;rpsH;rplF;rplR;rpsE;rpmD;rplO;secY;rpmJ;rpsM;rpsK;rpsD;cds-WP_005619415.1;rplQ;rpsP;rimM;trmD;rplS
NZ_LN908249.1,Protein Homology,CDS,2061953,2062306,.,+,0,ID=rplR;product=50S_ribosomal_protein_L18,rplR,50S ribosomal protein L18,2061953,2062306,354,1038,32,18,internal,rplF,rpsE,rpsJ,rplS,2054186,2070174,rpsJ;rplC;rplD;rplW;rplB;rpsS;rplV;rpsC;rplP;rpmC;rpsQ;rplN;rplX;rplE;rpsN;rpsH;rplF;rplR;rpsE;rpmD;rplO;secY;rpmJ;rpsM;rpsK;rpsD;cds-WP_005619415.1;rplQ;rpsP;rimM;trmD;rplS
NZ_LN908249.1,Protein Homology,CDS,2062321,2062821,.,+,0,ID=rpsE;product=30S_ribosomal_protein_S5,rpsE,30S ribosomal protein S5,2062321,2062821,501,1038,32,19,internal,rplR,rpmD,rpsJ,rplS,2054186,2070174,rpsJ;rplC;rplD;rplW;rplB;rpsS;rplV;rpsC;rplP;rpmC;rpsQ;rplN;rplX;rplE;rpsN;rpsH;rplF;rplR;rpsE;rpmD;rplO;secY;rpmJ;rpsM;rpsK;rpsD;cds-WP_005619415.1;rplQ;rpsP;rimM;trmD;rplS
NZ_LN908249.1,Protein Homology,CDS,2062828,2063007,.,+,0,ID=rpmD;product=50S_ribosomal_protein_L30,rpmD,50S ribosomal protein L30,2062828,2063007,180,1038,32,20,internal,rpsE,rplO,rpsJ,rplS,2054186,2070174,rpsJ;rplC;rplD;rplW;rplB;rpsS;rplV;rpsC;rplP;rpmC;rpsQ;rplN;rplX;rplE;rpsN;rpsH;rplF;rplR;rpsE;rpmD;rplO;secY;rpmJ;rpsM;rpsK;rpsD;cds-WP_005619415.1;rplQ;rpsP;rimM;trmD;rplS
NZ_LN908249.1,Protein Homology,CDS,2063012,2063446,.,+,0,ID=rplO;product=50S_ribosomal_protein_L15,rplO,50S ribosomal protein L15,2063012,2063446,435,1038,32,21,internal,rpmD,secY,rpsJ,rplS,2054186,2070174,rpsJ;rplC;rplD;rplW;rplB;rpsS;rplV;rpsC;rplP;rpmC;rpsQ;rplN;rplX;rplE;rpsN;rpsH;rplF;rplR;rpsE;rpmD;rplO;secY;rpmJ;rpsM;rpsK;rpsD;cds-WP_005619415.1;rplQ;rpsP;rimM;trmD;rplS
NZ_LN908249.1,Protein Homology,CDS,2063450,2064772,.,+,0,ID=secY;product=Protein_translocase_subunit_SecY,secY,Protein translocase subunit SecY,2063450,2064772,1323,1038,32,22,internal,rplO,rpmJ,rpsJ,rplS,2054186,2070174,rpsJ;rplC;rplD;rplW;rplB;rpsS;rplV;rpsC;rplP;rpmC;rpsQ;rplN;rplX;rplE;rpsN;rpsH;rplF;rplR;rpsE;rpmD;rplO;secY;rpmJ;rpsM;rpsK;rpsD;cds-WP_005619415.1;rplQ;rpsP;rimM;trmD;rplS
NZ_LN908249.1,Protein Homology,CDS,2064798,2064911,.,+,0,ID=rpmJ;product=50S_ribosomal_protein_L36_1,rpmJ,50S ribosomal protein L36 1,2064798,2064911,114,1038,32,23,internal,secY,rpsM,rpsJ,rplS,2054186,2070174,rpsJ;rplC;rplD;rplW;rplB;rpsS;rplV;rpsC;rplP;rpmC;rpsQ;rplN;rplX;rplE;rpsN;rpsH;rplF;rplR;rpsE;rpmD;rplO;secY;rpmJ;rpsM;rpsK;rpsD;cds-WP_005619415.1;rplQ;rpsP;rimM;trmD;rplS
NZ_LN908249.1,Protein Homology,CDS,2065048,2065404,.,+,0,ID=rpsM;product=30S_ribosomal_protein_S13,rpsM,30S ribosomal protein S13,2065048,2065404,357,1038,32,24,internal,rpmJ,rpsK,rpsJ,rplS,2054186,2070174,rpsJ;rplC;rplD;rplW;rplB;rpsS;rplV;rpsC;rplP;rpmC;rpsQ;rplN;rplX;rplE;rpsN;rpsH;rplF;rplR;rpsE;rpmD;rplO;secY;rpmJ;rpsM;rpsK;rpsD;cds-WP_005619415.1;rplQ;rpsP;rimM;trmD;rplS
NZ_LN908249.1,Protein Homology,CDS,2065421,2065810,.,+,0,ID=rpsK;product=30S_ribosomal_protein_S11,rpsK,30S ribosomal protein S11,2065421,2065810,390,1038,32,25,internal,rpsM,rpsD,rpsJ,rplS,2054186,2070174,rpsJ;rplC;rplD;rplW;rplB;rpsS;rplV;rpsC;rplP;rpmC;rpsQ;rplN;rplX;rplE;rpsN;rpsH;rplF;rplR;rpsE;rpmD;rplO;secY;rpmJ;rpsM;rpsK;rpsD;cds-WP_005619415.1;rplQ;rpsP;rimM;trmD;rplS
NZ_LN908249.1,Protein Homology,CDS,2065839,2066465,.,+,0,ID=rpsD;product=30S_ribosomal_protein_S4,rpsD,30S ribosomal protein S4,2065839,2066465,627,1038,32,26,internal,rpsK,cds-WP_005619415.1,rpsJ,rplS,2054186,2070174,rpsJ;rplC;rplD;rplW;rplB;rpsS;rplV;rpsC;rplP;rpmC;rpsQ;rplN;rplX;rplE;rpsN;rpsH;rplF;rplR;rpsE;rpmD;rplO;secY;rpmJ;rpsM;rpsK;rpsD;cds-WP_005619415.1;rplQ;rpsP;rimM;trmD;rplS
NZ_LN908249.1,Protein Homology,CDS,2066531,2067520,.,+,0,ID=cds-WP_005619415.1;product=DNA-directed_RNA_polymerase_subunit_alpha,cds-WP_005619415.1,DNA-directed RNA polymerase subunit alpha,2066531,2067520,990,1038,32,27,internal,rpsD,rplQ,rpsJ,rplS,2054186,2070174,rpsJ;rplC;rplD;rplW;rplB;rpsS;rplV;rpsC;rplP;rpmC;rpsQ;rplN;rplX;rplE;rpsN;rpsH;rplF;rplR;rpsE;rpmD;rplO;secY;rpmJ;rpsM;rpsK;rpsD;cds-WP_005619415.1;rplQ;rpsP;rimM;trmD;rplS
NZ_LN908249.1,Protein Homology,CDS,2067556,2067939,.,+,0,ID=rplQ;product=50S_ribosomal_protein_L17,rplQ,50S ribosomal protein L17,2067556,2067939,384,1038,32,28,internal,cds-WP_005619415.1,rpsP,rpsJ,rplS,2054186,2070174,rpsJ;rplC;rplD;rplW;rplB;rpsS;rplV;rpsC;rplP;rpmC;rpsQ;rplN;rplX;rplE;rpsN;rpsH;rplF;rplR;rpsE;rpmD;rplO;secY;rpmJ;rpsM;rpsK;rpsD;cds-WP_005619415.1;rplQ;rpsP;rimM;trmD;rplS
NZ_LN908249.1,Protein Homology,CDS,2068176,2068424,.,+,0,ID=rpsP;product=30S_ribosomal_protein_S16,rpsP,30S ribosomal protein S16,2068176,2068424,249,1038,32,29,internal,rplQ,rimM,rpsJ,rplS,2054186,2070174,rpsJ;rplC;rplD;rplW;rplB;rpsS;rplV;rpsC;rplP;rpmC;rpsQ;rplN;rplX;rplE;rpsN;rpsH;rplF;rplR;rpsE;rpmD;rplO;secY;rpmJ;rpsM;rpsK;rpsD;cds-WP_005619415.1;rplQ;rpsP;rimM;trmD;rplS
NZ_LN908249.1,Protein Homology,CDS,2068458,2068985,.,+,0,ID=rimM;product=Ribosome_maturation_factor_RimM,rimM,Ribosome maturation factor RimM,2068458,2068985,528,1038,32,30,internal,rpsP,trmD,rpsJ,rplS,2054186,2070174,rpsJ;rplC;rplD;rplW;rplB;rpsS;rplV;rpsC;rplP;rpmC;rpsQ;rplN;rplX;rplE;rpsN;rpsH;rplF;rplR;rpsE;rpmD;rplO;secY;rpmJ;rpsM;rpsK;rpsD;cds-WP_005619415.1;rplQ;rpsP;rimM;trmD;rplS
NZ_LN908249.1,Protein Homology,CDS,2069043,2069798,.,+,0,ID=trmD;product=tRNA_(guanine-N(1)-)-methyltransferase,trmD,tRNA (guanine-N(1)-)-methyltransferase,2069043,2069798,756,1038,32,31,internal,rimM,rplS,rpsJ,rplS,2054186,2070174,rpsJ;rplC;rplD;rplW;rplB;rpsS;rplV;rpsC;rplP;rpmC;rpsQ;rplN;rplX;rplE;rpsN;rpsH;rplF;rplR;rpsE;rpmD;rplO;secY;rpmJ;rpsM;rpsK;rpsD;cds-WP_005619415.1;rplQ;rpsP;rimM;trmD;rplS
NZ_LN908249.1,Protein Homology,CDS,2069824,2070174,.,+,0,ID=rplS;product=50S_ribosomal_protein_L19,rplS,50S ribosomal protein L19,2069824,2070174,351,1038,32,32,last,trmD,,rpsJ,rplS,2054186,2070174,rpsJ;rplC;rplD;rplW;rplB;rpsS;rplV;rpsC;rplP;rpmC;rpsQ;rplN;rplX;rplE;rpsN;rpsH;rplF;rplR;rpsE;rpmD;rplO;secY;rpmJ;rpsM;rpsK;rpsD;cds-WP_005619415.1;rplQ;rpsP;rimM;trmD;rplS
NZ_LN908249.1,Protein Homology,CDS,2070344,2071537,.,-,0,ID=cds-WP_009875146.1;product=Probable_ribosomal_oxygenase_HI_0396,cds-WP_009875146.1,Probable ribosomal oxygenase HI 0396,2070344,2071537,1194,1039,1,1,single,,,cds-WP_009875146.1,cds-WP_009875146.1,2070344,2071537,cds-WP_009875146.1
NZ_LN908249.1,Protein Homology,CDS,2071753,2072868,.,+,0,ID=cds-WP_039709673.1;product=Vitamin_B12-binding_protein,cds-WP_039709673.1,Vitamin B12-binding protein,2071753,2072868,1116,1040,6,1,first,,cds-WP_039709399.1,cds-WP_039709673.1,cds-WP_039768265.1,2071753,2077145,cds-WP_039709673.1;cds-WP_039709399.1;cds-WP_039709400.1;cds-WP_005618265.1;cds-WP_039709401.1;cds-WP_039768265.1
NZ_LN908249.1,Protein Homology,CDS,2072871,2073908,.,+,0,ID=cds-WP_039709399.1;product=Putative_ABC_transporter_permease_protein_MJ0087,cds-WP_039709399.1,Putative ABC transporter permease protein MJ0087,2072871,2073908,1038,1040,6,2,internal,cds-WP_039709673.1,cds-WP_039709400.1,cds-WP_039709673.1,cds-WP_039768265.1,2071753,2077145,cds-WP_039709673.1;cds-WP_039709399.1;cds-WP_039709400.1;cds-WP_005618265.1;cds-WP_039709401.1;cds-WP_039768265.1
NZ_LN908249.1,Protein Homology,CDS,2073924,2074691,.,+,0,ID=cds-WP_039709400.1;product=Hemin_import_ATP-binding_protein_HmuV,cds-WP_039709400.1,Hemin import ATP-binding protein HmuV,2073924,2074691,768,1040,6,3,internal,cds-WP_039709399.1,cds-WP_005618265.1,cds-WP_039709673.1,cds-WP_039768265.1,2071753,2077145,cds-WP_039709673.1;cds-WP_039709399.1;cds-WP_039709400.1;cds-WP_005618265.1;cds-WP_039709401.1;cds-WP_039768265.1
NZ_LN908249.1,Protein Homology,CDS,2074701,2075132,.,+,0,ID=cds-WP_005618265.1;product=Pseudoazurin,cds-WP_005618265.1,Pseudoazurin,2074701,2075132,432,1040,6,4,internal,cds-WP_039709400.1,cds-WP_039709401.1,cds-WP_039709673.1,cds-WP_039768265.1,2071753,2077145,cds-WP_039709673.1;cds-WP_039709399.1;cds-WP_039709400.1;cds-WP_005618265.1;cds-WP_039709401.1;cds-WP_039768265.1
NZ_LN908249.1,Protein Homology,CDS,2075141,2076247,.,+,0,ID=cds-WP_039709401.1;product=Uncharacterized_lipoprotein_MJ0085,cds-WP_039709401.1,Uncharacterized lipoprotein MJ0085,2075141,2076247,1107,1040,6,5,internal,cds-WP_005618265.1,cds-WP_039768265.1,cds-WP_039709673.1,cds-WP_039768265.1,2071753,2077145,cds-WP_039709673.1;cds-WP_039709399.1;cds-WP_039709400.1;cds-WP_005618265.1;cds-WP_039709401.1;cds-WP_039768265.1
NZ_LN908249.1,Protein Homology,CDS,2076306,2077145,.,+,0,ID=cds-WP_039768265.1;product=Cycloserine_biosynthesis_protein_DcsG,cds-WP_039768265.1,Cycloserine biosynthesis protein DcsG,2076306,2077145,840,1040,6,6,last,cds-WP_039709401.1,,cds-WP_039709673.1,cds-WP_039768265.1,2071753,2077145,cds-WP_039709673.1;cds-WP_039709399.1;cds-WP_039709400.1;cds-WP_005618265.1;cds-WP_039709401.1;cds-WP_039768265.1
NZ_LN908249.1,Protein Homology,CDS,2077199,2077798,.,-,0,ID=torD;product=Chaperone_protein_TorD,torD,Chaperone protein TorD,2077199,2077798,600,1041,3,3,last,torA_2,,cds-WP_005609230.1,torD,2077199,2080911,cds-WP_005609230.1;torA_2;torD
NZ_LN908249.1,Protein Homology,CDS,2077798,2080281,.,-,0,ID=torA_2;product=Trimethylamine-N-oxide_reductase,torA_2,Trimethylamine-N-oxide reductase,2077798,2080281,2484,1041,3,2,internal,cds-WP_005609230.1,torD,cds-WP_005609230.1,torD,2077199,2080911,cds-WP_005609230.1;torA_2;torD
NZ_LN908249.1,Protein Homology,CDS,2080291,2080911,.,-,0,ID=cds-WP_005609230.1;product=Cytochrome_c-type_protein_TorC,cds-WP_005609230.1,Cytochrome c-type protein TorC,2080291,2080911,621,1041,3,1,first,,torA_2,cds-WP_005609230.1,torD,2077199,2080911,cds-WP_005609230.1;torA_2;torD
NZ_LN908249.1,Protein Homology,CDS,2081105,2082019,.,+,0,ID=glyQ;product=Glycine--tRNA_ligase_alpha_subunit,glyQ,Glycine--tRNA ligase alpha subunit,2081105,2082019,915,1042,1,1,single,,,glyQ,glyQ,2081105,2082019,glyQ
NZ_LN908249.1,Protein Homology,CDS,2082074,2082445,.,+,0,ID=cds-WP_005609232.1;product=Uncharacterized_protein_HI_0925,cds-WP_005609232.1,Uncharacterized protein HI 0925,2082074,2082445,372,1043,1,1,single,,,cds-WP_005609232.1,cds-WP_005609232.1,2082074,2082445,cds-WP_005609232.1
NZ_LN908249.1,Protein Homology,CDS,2082918,2083322,.,+,0,ID=cds-WP_012263394.1;product='hypothetical protein',cds-WP_012263394.1,'hypothetical protein',2082918,2083322,405,1044,2,1,first,,glyS,cds-WP_012263394.1,glyS,2082918,2085426,cds-WP_012263394.1;glyS
NZ_LN908249.1,Protein Homology,CDS,2083360,2085426,.,+,0,ID=glyS;product=Glycine--tRNA_ligase_beta_subunit,glyS,Glycine--tRNA ligase beta subunit,2083360,2085426,2067,1044,2,2,last,cds-WP_012263394.1,,cds-WP_012263394.1,glyS,2082918,2085426,cds-WP_012263394.1;glyS
NZ_LN908249.1,Protein Homology,CDS,2085560,2086327,.,+,0,ID=cds-WP_012478590.1;product=Malonyl-[acyl-carrier_protein]_O-methyltransferase,cds-WP_012478590.1,Malonyl-[acyl-carrier protein] O-methyltransferase,2085560,2086327,768,1045,1,1,single,,,cds-WP_012478590.1,cds-WP_012478590.1,2085560,2086327,cds-WP_012478590.1
NZ_LN908249.1,Protein Homology,CDS,2086467,2086757,.,+,0,ID=cds-WP_039709674.1;product=Uncharacterized_protein_HI_0234,cds-WP_039709674.1,Uncharacterized protein HI 0234,2086467,2086757,291,1046,1,1,single,,,cds-WP_039709674.1,cds-WP_039709674.1,2086467,2086757,cds-WP_039709674.1
NZ_LN908249.1,Protein Homology,CDS,2086848,2087768,.,+,0,ID=xerC;product=Tyrosine_recombinase_XerC,xerC,Tyrosine recombinase XerC,2086848,2087768,921,1047,1,1,single,,,xerC,xerC,2086848,2087768,xerC
NZ_LN908249.1,Protein Homology,CDS,2087772,2088161,.,-,0,ID=cds-WP_005599373.1;product=Inner_membrane_protein_YbaN,cds-WP_005599373.1,Inner membrane protein YbaN,2087772,2088161,390,1048,1,1,single,,,cds-WP_005599373.1,cds-WP_005599373.1,2087772,2088161,cds-WP_005599373.1
NZ_LN908249.1,Protein Homology,CDS,2088225,2089016,.,-,0,ID=cds-WP_005602658.1;product=Uncharacterized_glycosyltransferase_alr2836,cds-WP_005602658.1,Uncharacterized glycosyltransferase alr2836,2088225,2089016,792,1049,2,2,last,lpxH,,lpxH,cds-WP_005602658.1,2088225,2089711,lpxH;cds-WP_005602658.1
NZ_LN908249.1,Protein Homology,CDS,2089013,2089711,.,-,0,ID=lpxH;product=UDP-23-diacylglucosamine_hydrolase,lpxH,UDP-23-diacylglucosamine hydrolase,2089013,2089711,699,1049,2,1,first,,cds-WP_005602658.1,lpxH,cds-WP_005602658.1,2088225,2089711,lpxH;cds-WP_005602658.1
NZ_LN908249.1,Protein Homology,CDS,2089777,2090301,.,-,0,ID=cds-WP_005599386.1;product=Uncharacterized_protein_HI_0453,cds-WP_005599386.1,Uncharacterized protein HI 0453,2089777,2090301,525,1050,2,2,last,cds-WP_005599387.1,,cds-WP_005599387.1,cds-WP_005599386.1,2089777,2091124,cds-WP_005599387.1;cds-WP_005599386.1
NZ_LN908249.1,Protein Homology,CDS,2090336,2091124,.,-,0,ID=cds-WP_005599387.1;product=Uncharacterized_metal-dependent_hydrolase_HI_0454,cds-WP_005599387.1,Uncharacterized metal-dependent hydrolase HI 0454,2090336,2091124,789,1050,2,1,first,,cds-WP_005599386.1,cds-WP_005599387.1,cds-WP_005599386.1,2089777,2091124,cds-WP_005599387.1;cds-WP_005599386.1
NZ_LN908249.1,Protein Homology,CDS,2091872,2092759,.,+,0,ID=cds-WP_420000845.1-2;product='hypothetical protein',cds-WP_420000845.1-2,'hypothetical protein',2091872,2092759,888,1051,1,1,single,,,cds-WP_420000845.1-2,cds-WP_420000845.1-2,2091872,2092759,cds-WP_420000845.1-2
NZ_LN908249.1,Protein Homology,CDS,2092871,2094811,.,-,0,ID=cds-WP_005616192.1;product=Macrolide_export_ATP-binding/permease_protein_MacB,cds-WP_005616192.1,Macrolide export ATP-binding/permease protein MacB,2092871,2094811,1941,1052,2,2,last,cds-WP_005599392.1,,cds-WP_005599392.1,cds-WP_005616192.1,2092871,2095974,cds-WP_005599392.1;cds-WP_005616192.1
NZ_LN908249.1,Protein Homology,CDS,2094811,2095974,.,-,0,ID=cds-WP_005599392.1;product=Macrolide_export_protein_MacA,cds-WP_005599392.1,Macrolide export protein MacA,2094811,2095974,1164,1052,2,1,first,,cds-WP_005616192.1,cds-WP_005599392.1,cds-WP_005616192.1,2092871,2095974,cds-WP_005599392.1;cds-WP_005616192.1
NZ_LN908249.1,Protein Homology,CDS,2096107,2096883,.,-,0,ID=cds-WP_005616194.1;product=24_kDa_outer_membrane_protein,cds-WP_005616194.1,24 kDa outer membrane protein,2096107,2096883,777,1053,1,1,single,,,cds-WP_005616194.1,cds-WP_005616194.1,2096107,2096883,cds-WP_005616194.1
NZ_LN908249.1,Protein Homology,CDS,2097237,2098220,.,-,0,ID=cds-WP_012263399.1;product=DNA_polymerase_III_subunit_delta',cds-WP_012263399.1,DNA polymerase III subunit delta',2097237,2098220,984,1054,3,3,last,tmk,,mltG,cds-WP_012263399.1,2097237,2099887,mltG;tmk;cds-WP_012263399.1
NZ_LN908249.1,Protein Homology,CDS,2098223,2098849,.,-,0,ID=tmk;product=Thymidylate_kinase,tmk,Thymidylate kinase,2098223,2098849,627,1054,3,2,internal,mltG,cds-WP_012263399.1,mltG,cds-WP_012263399.1,2097237,2099887,mltG;tmk;cds-WP_012263399.1
NZ_LN908249.1,Protein Homology,CDS,2098853,2099887,.,-,0,ID=mltG;product=Endolytic_murein_transglycosylase,mltG,Endolytic murein transglycosylase,2098853,2099887,1035,1054,3,1,first,,tmk,mltG,cds-WP_012263399.1,2097237,2099887,mltG;tmk;cds-WP_012263399.1
NZ_LN908249.1,tRNAscan-SE,tRNA,2100007,2100082,.,-,.,ID=rna-MIDG2331_RS09965;product='tRNA',rna-MIDG2331_RS09965,'tRNA',2100007,2100082,76,1055,3,3,last,rna-MIDG2331_RS09970,,rna-MIDG2331_RS09975,rna-MIDG2331_RS09965,2100007,2100291,rna-MIDG2331_RS09975;rna-MIDG2331_RS09970;rna-MIDG2331_RS09965
NZ_LN908249.1,tRNAscan-SE,tRNA,2100117,2100192,.,-,.,ID=rna-MIDG2331_RS09970;product='tRNA',rna-MIDG2331_RS09970,'tRNA',2100117,2100192,76,1055,3,2,internal,rna-MIDG2331_RS09975,rna-MIDG2331_RS09965,rna-MIDG2331_RS09975,rna-MIDG2331_RS09965,2100007,2100291,rna-MIDG2331_RS09975;rna-MIDG2331_RS09970;rna-MIDG2331_RS09965
NZ_LN908249.1,tRNAscan-SE,tRNA,2100216,2100291,.,-,.,ID=rna-MIDG2331_RS09975;product='tRNA',rna-MIDG2331_RS09975,'tRNA',2100216,2100291,76,1055,3,1,first,,rna-MIDG2331_RS09970,rna-MIDG2331_RS09975,rna-MIDG2331_RS09965,2100007,2100291,rna-MIDG2331_RS09975;rna-MIDG2331_RS09970;rna-MIDG2331_RS09965
NZ_LN908249.1,Protein Homology,CDS,2100486,2100719,.,-,0,ID=acpP;product=Acyl_carrier_protein,acpP,Acyl carrier protein,2100486,2100719,234,1056,1,1,single,,,acpP,acpP,2100486,2100719,acpP
NZ_LN908249.1,Protein Homology,CDS,2100983,2101657,.,-,0,ID=rpe;product=Ribulose-phosphate_3-epimerase,rpe,Ribulose-phosphate 3-epimerase,2100983,2101657,675,1057,1,1,single,,,rpe,rpe,2100983,2101657,rpe
NZ_LN908249.1,Protein Homology,CDS,2101879,2102148,.,+,0,ID=cds-WP_005599422.1;product=50S_ribosomal_protein_L31_type_B,cds-WP_005599422.1,50S ribosomal protein L31 type B,2101879,2102148,270,1058,2,1,first,,ykgO,cds-WP_005599422.1,ykgO,2101879,2102287,cds-WP_005599422.1;ykgO
NZ_LN908249.1,Protein Homology,CDS,2102162,2102287,.,+,0,ID=ykgO;product=50S_ribosomal_protein_L36_2,ykgO,50S ribosomal protein L36 2,2102162,2102287,126,1058,2,2,last,cds-WP_005599422.1,,cds-WP_005599422.1,ykgO,2101879,2102287,cds-WP_005599422.1;ykgO
NZ_LN908249.1,Protein Homology,CDS,2102392,2104794,.,-,0,ID=mrcB;product=Penicillin-binding_protein_1B,mrcB,Penicillin-binding protein 1B,2102392,2104794,2403,1059,1,1,single,,,mrcB,mrcB,2102392,2104794,mrcB
NZ_LN908249.1,Protein Homology,CDS,2104873,2105730,.,-,0,ID=menB;product=14-dihydroxy-2-naphthoyl-CoA_synthase,menB,14-dihydroxy-2-naphthoyl-CoA synthase,2104873,2105730,858,1060,1,1,single,,,menB,menB,2104873,2105730,menB
NZ_LN908249.1,Protein Homology,CDS,2105865,2107571,.,-,0,ID=cds-WP_005609259.1;product=Guanosine-3'5'-bis(diphosphate)_3'-pyrophosphohydrolase,cds-WP_005609259.1,Guanosine-3'5'-bis(diphosphate) 3'-pyrophosphohydrolase,2105865,2107571,1707,1061,3,3,last,rpoZ,,recG,cds-WP_005609259.1,2105865,2110156,recG;rpoZ;cds-WP_005609259.1
NZ_LN908249.1,Protein Homology,CDS,2107667,2107948,.,-,0,ID=rpoZ;product=DNA-directed_RNA_polymerase_subunit_omega,rpoZ,DNA-directed RNA polymerase subunit omega,2107667,2107948,282,1061,3,2,internal,recG,cds-WP_005609259.1,recG,cds-WP_005609259.1,2105865,2110156,recG;rpoZ;cds-WP_005609259.1
NZ_LN908249.1,Protein Homology,CDS,2108075,2110156,.,-,0,ID=recG;product=ATP-dependent_DNA_helicase_RecG,recG,ATP-dependent DNA helicase RecG,2108075,2110156,2082,1061,3,1,first,,rpoZ,recG,cds-WP_005609259.1,2105865,2110156,recG;rpoZ;cds-WP_005609259.1
NZ_LN908249.1,Protein Homology,CDS,2110280,2110708,.,-,0,ID=cds-WP_039709408.1;product=Toxin_FitB,cds-WP_039709408.1,Toxin FitB,2110280,2110708,429,1062,2,2,last,cds-WP_005599447.1,,cds-WP_005599447.1,cds-WP_039709408.1,2110280,2110995,cds-WP_005599447.1;cds-WP_039709408.1
NZ_LN908249.1,Protein Homology,CDS,2110708,2110995,.,-,0,ID=cds-WP_005599447.1;product='hypothetical protein',cds-WP_005599447.1,'hypothetical protein',2110708,2110995,288,1062,2,1,first,,cds-WP_039709408.1,cds-WP_005599447.1,cds-WP_039709408.1,2110280,2110995,cds-WP_005599447.1;cds-WP_039709408.1
NZ_LN908249.1,Protein Homology,CDS,2111201,2112916,.,+,0,ID=proS;product=Proline--tRNA_ligase,proS,Proline--tRNA ligase,2111201,2112916,1716,1063,1,1,single,,,proS,proS,2111201,2112916,proS
NZ_LN908249.1,Protein Homology,CDS,2112982,2113170,.,-,0,ID=cds-WP_005602684.1;product='hypothetical protein',cds-WP_005602684.1,'hypothetical protein',2112982,2113170,189,1064,2,2,last,cds-WP_005606496.1,,cds-WP_005606496.1,cds-WP_005602684.1,2112982,2113754,cds-WP_005606496.1;cds-WP_005602684.1
NZ_LN908249.1,Protein Homology,CDS,2113173,2113754,.,-,0,ID=cds-WP_005606496.1;product=Probable_RNA_polymerase_sigma_factor_HI_1459,cds-WP_005606496.1,Probable RNA polymerase sigma factor HI 1459,2113173,2113754,582,1064,2,1,first,,cds-WP_005602684.1,cds-WP_005606496.1,cds-WP_005602684.1,2112982,2113754,cds-WP_005606496.1;cds-WP_005602684.1
NZ_LN908249.1,Protein Homology,CDS,2113843,2114799,.,+,0,ID=msrP;product=Protein-methionine-sulfoxide_reductase_catalytic_subunit_MsrP,msrP,Protein-methionine-sulfoxide reductase catalytic subunit MsrP,2113843,2114799,957,1065,2,1,first,,cds-WP_005599453.1,msrP,cds-WP_005599453.1,2113843,2115392,msrP;cds-WP_005599453.1
NZ_LN908249.1,Protein Homology,CDS,2114799,2115392,.,+,0,ID=cds-WP_005599453.1;product=Protein-methionine-sulfoxide_reductase_heme-binding_subunit_MsrQ,cds-WP_005599453.1,Protein-methionine-sulfoxide reductase heme-binding subunit MsrQ,2114799,2115392,594,1065,2,2,last,msrP,,msrP,cds-WP_005599453.1,2113843,2115392,msrP;cds-WP_005599453.1
NZ_LN908249.1,Protein Homology,CDS,2115503,2116453,.,-,0,ID=rpoH;product=RNA_polymerase_sigma_factor_RpoH,rpoH,RNA polymerase sigma factor RpoH,2115503,2116453,951,1066,1,1,single,,,rpoH,rpoH,2115503,2116453,rpoH
NZ_LN908249.1,Protein Homology,CDS,2116602,2117939,.,-,0,ID=cds-WP_039709676.1;product=Phosphoglycerate_transporter_protein,cds-WP_039709676.1,Phosphoglycerate transporter protein,2116602,2117939,1338,1067,1,1,single,,,cds-WP_039709676.1,cds-WP_039709676.1,2116602,2117939,cds-WP_039709676.1
NZ_LN908249.1,Protein Homology,CDS,2118514,2119026,.,+,0,ID=cds-WP_005602690.1;product='hypothetical protein',cds-WP_005602690.1,'hypothetical protein',2118514,2119026,513,1068,2,1,first,,cds-WP_005620646.1,cds-WP_005602690.1,cds-WP_005620646.1,2118514,2119496,cds-WP_005602690.1;cds-WP_005620646.1
NZ_LN908249.1,Protein Homology,CDS,2119029,2119496,.,+,0,ID=cds-WP_005620646.1;product='hypothetical protein',cds-WP_005620646.1,'hypothetical protein',2119029,2119496,468,1068,2,2,last,cds-WP_005602690.1,,cds-WP_005602690.1,cds-WP_005620646.1,2118514,2119496,cds-WP_005602690.1;cds-WP_005620646.1
NZ_LN908249.1,Protein Homology,CDS,2119539,2120531,.,-,0,ID=asnA;product=Aspartate--ammonia_ligase,asnA,Aspartate--ammonia ligase,2119539,2120531,993,1069,1,1,single,,,asnA,asnA,2119539,2120531,asnA
NZ_LN908249.1,Protein Homology,CDS,2120713,2121174,.,+,0,ID=asnC;product=Regulatory_protein_AsnC,asnC,Regulatory protein AsnC,2120713,2121174,462,1070,1,1,single,,,asnC,asnC,2120713,2121174,asnC
NZ_LN908249.1,Protein Homology,CDS,2121363,2122127,.,+,0,ID=udp;product=Uridine_phosphorylase,udp,Uridine phosphorylase,2121363,2122127,765,1071,1,1,single,,,udp,udp,2121363,2122127,udp
NZ_LN908249.1,Protein Homology,CDS,2122191,2122685,.,+,0,ID=cds-WP_005602696.1;product=Chorismate_pyruvate-lyase,cds-WP_005602696.1,Chorismate pyruvate-lyase,2122191,2122685,495,1072,1,1,single,,,cds-WP_005602696.1,cds-WP_005602696.1,2122191,2122685,cds-WP_005602696.1
NZ_LN908249.1,Protein Homology,CDS,2122757,2123560,.,+,0,ID=murI;product=Glutamate_racemase,murI,Glutamate racemase,2122757,2123560,804,1073,1,1,single,,,murI,murI,2122757,2123560,murI
NZ_LN908249.1,cmsearch,rRNA,2123927,2125468,.,+,.,ID=rna-MIDG2331_RS10105;product='rRNA',rna-MIDG2331_RS10105,'rRNA',2123927,2125468,1542,1074,5,1,first,,rna-MIDG2331_RS10110,rna-MIDG2331_RS10105,rrf_7,2123927,2129197,rna-MIDG2331_RS10105;rna-MIDG2331_RS10110;rna-MIDG2331_RS10115;rna-MIDG2331_RS10120;rrf_7
NZ_LN908249.1,tRNAscan-SE,tRNA,2125551,2125627,.,+,.,ID=rna-MIDG2331_RS10110;product='tRNA',rna-MIDG2331_RS10110,'tRNA',2125551,2125627,77,1074,5,2,internal,rna-MIDG2331_RS10105,rna-MIDG2331_RS10115,rna-MIDG2331_RS10105,rrf_7,2123927,2129197,rna-MIDG2331_RS10105;rna-MIDG2331_RS10110;rna-MIDG2331_RS10115;rna-MIDG2331_RS10120;rrf_7
NZ_LN908249.1,tRNAscan-SE,tRNA,2125679,2125754,.,+,.,ID=rna-MIDG2331_RS10115;product='tRNA',rna-MIDG2331_RS10115,'tRNA',2125679,2125754,76,1074,5,3,internal,rna-MIDG2331_RS10110,rna-MIDG2331_RS10120,rna-MIDG2331_RS10105,rrf_7,2123927,2129197,rna-MIDG2331_RS10105;rna-MIDG2331_RS10110;rna-MIDG2331_RS10115;rna-MIDG2331_RS10120;rrf_7
NZ_LN908249.1,cmsearch,rRNA,2126021,2128922,.,+,.,ID=rna-MIDG2331_RS10120;product='rRNA',rna-MIDG2331_RS10120,'rRNA',2126021,2128922,2902,1074,5,4,internal,rna-MIDG2331_RS10115,rrf_7,rna-MIDG2331_RS10105,rrf_7,2123927,2129197,rna-MIDG2331_RS10105;rna-MIDG2331_RS10110;rna-MIDG2331_RS10115;rna-MIDG2331_RS10120;rrf_7
NZ_LN908249.1,cmsearch,rRNA,2129082,2129197,.,+,.,ID=rrf_7;product='rRNA',rrf_7,'rRNA',2129082,2129197,116,1074,5,5,last,rna-MIDG2331_RS10120,,rna-MIDG2331_RS10105,rrf_7,2123927,2129197,rna-MIDG2331_RS10105;rna-MIDG2331_RS10110;rna-MIDG2331_RS10115;rna-MIDG2331_RS10120;rrf_7
NZ_LN908249.1,Protein Homology,CDS,2129737,2131503,.,-,0,ID=cysI;product=Sulfite_reductase_[NADPH]_hemoprotein_beta-component,cysI,Sulfite reductase [NADPH] hemoprotein beta-component,2129737,2131503,1767,1075,6,6,last,cds-WP_012263412.1,,cysG,cysI,2129737,2138176,cysG;cds-WP_039709412.1;cysD;cds-WP_039709411.1;cds-WP_012263412.1;cysI
NZ_LN908249.1,Protein Homology,CDS,2131531,2133342,.,-,0,ID=cds-WP_012263412.1;product=Sulfite_reductase_[NADPH]_flavoprotein_alpha-component,cds-WP_012263412.1,Sulfite reductase [NADPH] flavoprotein alpha-component,2131531,2133342,1812,1075,6,5,internal,cds-WP_039709411.1,cysI,cysG,cysI,2129737,2138176,cysG;cds-WP_039709412.1;cysD;cds-WP_039709411.1;cds-WP_012263412.1;cysI
NZ_LN908249.1,Protein Homology,CDS,2133643,2134935,.,-,0,ID=cds-WP_039709411.1;product=Bifunctional_enzyme_CysN/CysC,cds-WP_039709411.1,Bifunctional enzyme CysN/CysC,2133643,2134935,1293,1075,6,4,internal,cysD,cds-WP_012263412.1,cysG,cysI,2129737,2138176,cysG;cds-WP_039709412.1;cysD;cds-WP_039709411.1;cds-WP_012263412.1;cysI
NZ_LN908249.1,Protein Homology,CDS,2135027,2135953,.,-,0,ID=cysD;product=Sulfate_adenylyltransferase_subunit_2,cysD,Sulfate adenylyltransferase subunit 2,2135027,2135953,927,1075,6,3,internal,cds-WP_039709412.1,cds-WP_039709411.1,cysG,cysI,2129737,2138176,cysG;cds-WP_039709412.1;cysD;cds-WP_039709411.1;cds-WP_012263412.1;cysI
NZ_LN908249.1,Protein Homology,CDS,2135968,2136702,.,-,0,ID=cds-WP_039709412.1;product=Phosphoadenosine_phosphosulfate_reductase,cds-WP_039709412.1,Phosphoadenosine phosphosulfate reductase,2135968,2136702,735,1075,6,2,internal,cysG,cysD,cysG,cysI,2129737,2138176,cysG;cds-WP_039709412.1;cysD;cds-WP_039709411.1;cds-WP_012263412.1;cysI
NZ_LN908249.1,Protein Homology,CDS,2136716,2138176,.,-,0,ID=cysG;product=Siroheme_synthase,cysG,Siroheme synthase,2136716,2138176,1461,1075,6,1,first,,cds-WP_039709412.1,cysG,cysI,2129737,2138176,cysG;cds-WP_039709412.1;cysD;cds-WP_039709411.1;cds-WP_012263412.1;cysI
NZ_LN908249.1,Protein Homology,CDS,2138451,2139456,.,+,0,ID=cds-MIDG2331_RS10160;product=Sulfate-binding_protein,cds-MIDG2331_RS10160,Sulfate-binding protein,2138451,2139456,1006,1076,4,1,first,,cysT,cds-MIDG2331_RS10160,cds-WP_039709416.1,2138451,2142201,cds-MIDG2331_RS10160;cysT;cysW;cds-WP_039709416.1
NZ_LN908249.1,Protein Homology,CDS,2139475,2140287,.,+,0,ID=cysT;product=Sulfate_transport_system_permease_protein_CysT,cysT,Sulfate transport system permease protein CysT,2139475,2140287,813,1076,4,2,internal,cds-MIDG2331_RS10160,cysW,cds-MIDG2331_RS10160,cds-WP_039709416.1,2138451,2142201,cds-MIDG2331_RS10160;cysT;cysW;cds-WP_039709416.1
NZ_LN908249.1,Protein Homology,CDS,2140306,2141121,.,+,0,ID=cysW;product=Sulfate_transport_system_permease_protein_CysW,cysW,Sulfate transport system permease protein CysW,2140306,2141121,816,1076,4,3,internal,cysT,cds-WP_039709416.1,cds-MIDG2331_RS10160,cds-WP_039709416.1,2138451,2142201,cds-MIDG2331_RS10160;cysT;cysW;cds-WP_039709416.1
NZ_LN908249.1,Protein Homology,CDS,2141131,2142201,.,+,0,ID=cds-WP_039709416.1;product=Sulfate/thiosulfate_import_ATP-binding_protein_CysA,cds-WP_039709416.1,Sulfate/thiosulfate import ATP-binding protein CysA,2141131,2142201,1071,1076,4,4,last,cysW,,cds-MIDG2331_RS10160,cds-WP_039709416.1,2138451,2142201,cds-MIDG2331_RS10160;cysT;cysW;cds-WP_039709416.1
NZ_LN908249.1,Protein Homology,CDS,2142290,2143435,.,-,0,ID=lldD;product=L-lactate_dehydrogenase,lldD,L-lactate dehydrogenase,2142290,2143435,1146,1077,3,3,last,cds-WP_005599499.1,,murB,lldD,2142290,2145426,murB;cds-WP_005599499.1;lldD
NZ_LN908249.1,Protein Homology,CDS,2143619,2144383,.,-,0,ID=cds-WP_005599499.1;product=Bifunctional_ligase/repressor_BirA,cds-WP_005599499.1,Bifunctional ligase/repressor BirA,2143619,2144383,765,1077,3,2,internal,murB,lldD,murB,lldD,2142290,2145426,murB;cds-WP_005599499.1;lldD
NZ_LN908249.1,Protein Homology,CDS,2144392,2145426,.,-,0,ID=murB;product=UDP-N-acetylenolpyruvoylglucosamine_reductase,murB,UDP-N-acetylenolpyruvoylglucosamine reductase,2144392,2145426,1035,1077,3,1,first,,cds-WP_005599499.1,murB,lldD,2142290,2145426,murB;cds-WP_005599499.1;lldD
NZ_LN908249.1,Protein Homology,CDS,2145576,2146670,.,-,0,ID=ompA_2;product=Outer_membrane_protein_P5,ompA_2,Outer membrane protein P5,2145576,2146670,1095,1078,1,1,single,,,ompA_2,ompA_2,2145576,2146670,ompA_2
NZ_LN908249.1,Protein Homology,CDS,2147059,2148540,.,-,0,ID=ilvC;product=Ketol-acid_reductoisomerase_(NADP(+)),ilvC,Ketol-acid reductoisomerase (NADP(+)),2147059,2148540,1482,1079,1,1,single,,,ilvC,ilvC,2147059,2148540,ilvC
NZ_LN908249.1,Protein Homology,CDS,2148776,2150017,.,+,0,ID=cds-WP_005619054.1;product=Uncharacterized_protein_HI_1671,cds-WP_005619054.1,Uncharacterized protein HI 1671,2148776,2150017,1242,1080,1,1,single,,,cds-WP_005619054.1,cds-WP_005619054.1,2148776,2150017,cds-WP_005619054.1
NZ_LN908249.1,Protein Homology,CDS,2150194,2151294,.,+,0,ID=cds-WP_005602734.1;product=Uncharacterized_protein_HI_1048,cds-WP_005602734.1,Uncharacterized protein HI 1048,2150194,2151294,1101,1081,3,1,first,,cds-WP_005599511.1,cds-WP_005602734.1,cds-WP_009874945.1,2150194,2151930,cds-WP_005602734.1;cds-WP_005599511.1;cds-WP_009874945.1
NZ_LN908249.1,Protein Homology,CDS,2151266,2151619,.,+,0,ID=cds-WP_005599511.1;product=Uncharacterized_protein_HI_1049,cds-WP_005599511.1,Uncharacterized protein HI 1049,2151266,2151619,354,1081,3,2,internal,cds-WP_005602734.1,cds-WP_009874945.1,cds-WP_005602734.1,cds-WP_009874945.1,2150194,2151930,cds-WP_005602734.1;cds-WP_005599511.1;cds-WP_009874945.1
NZ_LN908249.1,Protein Homology,CDS,2151616,2151930,.,+,0,ID=cds-WP_009874945.1;product=Uncharacterized_protein_HI_1050,cds-WP_009874945.1,Uncharacterized protein HI 1050,2151616,2151930,315,1081,3,3,last,cds-WP_005599511.1,,cds-WP_005602734.1,cds-WP_009874945.1,2150194,2151930,cds-WP_005602734.1;cds-WP_005599511.1;cds-WP_009874945.1
NZ_LN908249.1,Protein Homology,CDS,2152158,2153342,.,-,0,ID=cds-WP_039709677.1;product=Long-chain-alcohol_dehydrogenase_2,cds-WP_039709677.1,Long-chain-alcohol dehydrogenase 2,2152158,2153342,1185,1082,1,1,single,,,cds-WP_039709677.1,cds-WP_039709677.1,2152158,2153342,cds-WP_039709677.1
NZ_LN908249.1,Protein Homology,CDS,2153458,2154360,.,+,0,ID=cds-WP_039709419.1;product=HTH-type_transcriptional_activator_AmpR,cds-WP_039709419.1,HTH-type transcriptional activator AmpR,2153458,2154360,903,1083,1,1,single,,,cds-WP_039709419.1,cds-WP_039709419.1,2153458,2154360,cds-WP_039709419.1
NZ_LN908249.1,Protein Homology,CDS,2154564,2155388,.,+,0,ID=dapD;product=2345-tetrahydropyridine-26-dicarboxylate_N-succinyltransferase,dapD,2345-tetrahydropyridine-26-dicarboxylate N-succinyltransferase,2154564,2155388,825,1084,3,1,first,,aroQ,dapD,cds-WP_005609325.1,2154564,2156698,dapD;aroQ;cds-WP_005609325.1
NZ_LN908249.1,Protein Homology,CDS,2155453,2155917,.,+,0,ID=aroQ;product=3-dehydroquinate_dehydratase,aroQ,3-dehydroquinate dehydratase,2155453,2155917,465,1084,3,2,internal,dapD,cds-WP_005609325.1,dapD,cds-WP_005609325.1,2154564,2156698,dapD;aroQ;cds-WP_005609325.1
NZ_LN908249.1,Protein Homology,CDS,2155910,2156698,.,+,0,ID=cds-WP_005609325.1;product=Uncharacterized_glycosyltransferase_in_aroQ_3'region,cds-WP_005609325.1,Uncharacterized glycosyltransferase in aroQ 3'region,2155910,2156698,789,1084,3,3,last,aroQ,,dapD,cds-WP_005609325.1,2154564,2156698,dapD;aroQ;cds-WP_005609325.1
NZ_LN908249.1,Protein Homology,CDS,2156869,2157330,.,+,0,ID=accB;product=Biotin_carboxyl_carrier_protein_of_acetyl-CoA_carboxylase,accB,Biotin carboxyl carrier protein of acetyl-CoA carboxylase,2156869,2157330,462,1085,2,1,first,,accC,accB,accC,2156869,2158829,accB;accC
NZ_LN908249.1,Protein Homology,CDS,2157486,2158829,.,+,0,ID=accC;product=Biotin_carboxylase,accC,Biotin carboxylase,2157486,2158829,1344,1085,2,2,last,accB,,accB,accC,2156869,2158829,accB;accC
NZ_LN908249.1,Protein Homology,CDS,2158872,2159963,.,-,0,ID=mobA;product=Molybdopterin-guanine_dinucleotide_biosynthesis_adapter_protein,mobA,Molybdopterin-guanine dinucleotide biosynthesis adapter protein,2158872,2159963,1092,1086,1,1,single,,,mobA,mobA,2158872,2159963,mobA
NZ_LN908249.1,Protein Homology,CDS,2160050,2160319,.,+,0,ID=cds-WP_005599524.1;product=Uncharacterized_protein_HI_0845,cds-WP_005599524.1,Uncharacterized protein HI 0845,2160050,2160319,270,1087,2,1,first,,dsbA,cds-WP_005599524.1,dsbA,2160050,2161001,cds-WP_005599524.1;dsbA
NZ_LN908249.1,Protein Homology,CDS,2160363,2161001,.,+,0,ID=dsbA;product=Thiol:disulfide_interchange_protein_DsbA,dsbA,Thiol:disulfide interchange protein DsbA,2160363,2161001,639,1087,2,2,last,cds-WP_005599524.1,,cds-WP_005599524.1,dsbA,2160050,2161001,cds-WP_005599524.1;dsbA
NZ_LN908249.1,GeneMarkS-2+,CDS,2161093,2161359,.,-,0,ID=cds-WP_414826699.1;product='hypothetical protein',cds-WP_414826699.1,'hypothetical protein',2161093,2161359,267,1088,1,1,single,,,cds-WP_414826699.1,cds-WP_414826699.1,2161093,2161359,cds-WP_414826699.1
NZ_LN908249.1,GeneMarkS-2+,CDS,2161472,2161597,.,-,0,ID=cds-WP_005613436.1;product='hypothetical protein',cds-WP_005613436.1,'hypothetical protein',2161472,2161597,126,1089,1,1,single,,,cds-WP_005613436.1,cds-WP_005613436.1,2161472,2161597,cds-WP_005613436.1
NZ_LN908249.1,Protein Homology,CDS,2161781,2162704,.,-,0,ID=ftsN;product=Uncharacterized_protein_HI_0896,ftsN,Uncharacterized protein HI 0896,2161781,2162704,924,1090,1,1,single,,,ftsN,ftsN,2161781,2162704,ftsN
NZ_LN908249.1,Protein Homology,CDS,2162816,2163571,.,-,0,ID=cds-WP_005602753.1;product=Ribosomal_RNA_small_subunit_methyltransferase_J,cds-WP_005602753.1,Ribosomal RNA small subunit methyltransferase J,2162816,2163571,756,1091,4,4,last,cds-WP_005605936.1,,cds-WP_005619049.1,cds-WP_005602753.1,2162816,2165782,cds-WP_005619049.1;dapE;cds-WP_005605936.1;cds-WP_005602753.1
NZ_LN908249.1,Protein Homology,CDS,2163589,2164257,.,-,0,ID=cds-WP_005605936.1;product=Uncharacterized_protein_HI_0100,cds-WP_005605936.1,Uncharacterized protein HI 0100,2163589,2164257,669,1091,4,3,internal,dapE,cds-WP_005602753.1,cds-WP_005619049.1,cds-WP_005602753.1,2162816,2165782,cds-WP_005619049.1;dapE;cds-WP_005605936.1;cds-WP_005602753.1
NZ_LN908249.1,Protein Homology,CDS,2164276,2165409,.,-,0,ID=dapE;product=Succinyl-diaminopimelate_desuccinylase,dapE,Succinyl-diaminopimelate desuccinylase,2164276,2165409,1134,1091,4,2,internal,cds-WP_005619049.1,cds-WP_005605936.1,cds-WP_005619049.1,cds-WP_005602753.1,2162816,2165782,cds-WP_005619049.1;dapE;cds-WP_005605936.1;cds-WP_005602753.1
NZ_LN908249.1,Protein Homology,CDS,2165432,2165782,.,-,0,ID=cds-WP_005619049.1;product=Uncharacterized_protein_HI_0103,cds-WP_005619049.1,Uncharacterized protein HI 0103,2165432,2165782,351,1091,4,1,first,,dapE,cds-WP_005619049.1,cds-WP_005602753.1,2162816,2165782,cds-WP_005619049.1;dapE;cds-WP_005605936.1;cds-WP_005602753.1
NZ_LN908249.1,Protein Homology,CDS,2165990,2166700,.,+,0,ID=cds-WP_005602759.1;product='hypothetical protein',cds-WP_005602759.1,'hypothetical protein',2165990,2166700,711,1092,1,1,single,,,cds-WP_005602759.1,cds-WP_005602759.1,2165990,2166700,cds-WP_005602759.1
NZ_LN908249.1,Protein Homology,CDS,2166751,2167596,.,-,0,ID=folP;product=Dihydropteroate_synthase,folP,Dihydropteroate synthase,2166751,2167596,846,1093,2,2,last,rluC,,rluC,folP,2166751,2168623,rluC;folP
NZ_LN908249.1,Protein Homology,CDS,2167658,2168623,.,-,0,ID=rluC;product=Ribosomal_large_subunit_pseudouridine_synthase_C,rluC,Ribosomal large subunit pseudouridine synthase C,2167658,2168623,966,1093,2,1,first,,folP,rluC,folP,2166751,2168623,rluC;folP
NZ_LN908249.1,Protein Homology,CDS,2169016,2171334,.,+,0,ID=cds-WP_231944223.1;product=Uncharacterized_protein_HI_1369,cds-WP_231944223.1,Uncharacterized protein HI 1369,2169016,2171334,2319,1094,1,1,single,,,cds-WP_231944223.1,cds-WP_231944223.1,2169016,2171334,cds-WP_231944223.1
NZ_LN908249.1,Protein Homology,CDS,2171490,2172401,.,+,0,ID=cds-WP_005605950.1;product=Uncharacterized_MscS_family_protein_slr0639,cds-WP_005605950.1,Uncharacterized MscS family protein slr0639,2171490,2172401,912,1095,1,1,single,,,cds-WP_005605950.1,cds-WP_005605950.1,2171490,2172401,cds-WP_005605950.1
NZ_LN908249.1,Protein Homology,CDS,2172597,2173775,.,+,0,ID=cds-WP_039709423.1;product=Carbamoyl-phosphate_synthase_large_chain_chloroplastic,cds-WP_039709423.1,Carbamoyl-phosphate synthase large chain chloroplastic,2172597,2173775,1179,1096,2,1,first,,cds-WP_039709424.1,cds-WP_039709423.1,cds-WP_039709424.1,2172597,2174539,cds-WP_039709423.1;cds-WP_039709424.1
NZ_LN908249.1,Protein Homology,CDS,2173787,2174539,.,+,0,ID=cds-WP_039709424.1;product='hypothetical protein',cds-WP_039709424.1,'hypothetical protein',2173787,2174539,753,1096,2,2,last,cds-WP_039709423.1,,cds-WP_039709423.1,cds-WP_039709424.1,2172597,2174539,cds-WP_039709423.1;cds-WP_039709424.1
NZ_LN908249.1,Protein Homology,CDS,2174607,2177555,.,-,0,ID=ptrA;product=Protease_3,ptrA,Protease 3,2174607,2177555,2949,1097,2,2,last,recC,,recC,ptrA,2174607,2180908,recC;ptrA
NZ_LN908249.1,Protein Homology,CDS,2177564,2180908,.,-,0,ID=recC;product=RecBCD_enzyme_subunit_RecC,recC,RecBCD enzyme subunit RecC,2177564,2180908,3345,1097,2,1,first,,ptrA,recC,ptrA,2174607,2180908,recC;ptrA
NZ_LN908249.1,Protein Homology,CDS,2181013,2181309,.,-,0,ID=cds-WP_005605960.1;product=Uncharacterized_protein_HI_0941,cds-WP_005605960.1,Uncharacterized protein HI 0941,2181013,2181309,297,1098,4,4,last,cds-WP_005599575.1,,cds-WP_005599579.1,cds-WP_005605960.1,2181013,2183153,cds-WP_005599579.1;cds-WP_005609356.1;cds-WP_005599575.1;cds-WP_005605960.1
NZ_LN908249.1,Protein Homology,CDS,2181299,2181955,.,-,0,ID=cds-WP_005599575.1;product='hypothetical protein',cds-WP_005599575.1,'hypothetical protein',2181299,2181955,657,1098,4,3,internal,cds-WP_005609356.1,cds-WP_005605960.1,cds-WP_005599579.1,cds-WP_005605960.1,2181013,2183153,cds-WP_005599579.1;cds-WP_005609356.1;cds-WP_005599575.1;cds-WP_005605960.1
NZ_LN908249.1,Protein Homology,CDS,2181965,2182597,.,-,0,ID=cds-WP_005609356.1;product=Uncharacterized_protein_HI_0939,cds-WP_005609356.1,Uncharacterized protein HI 0939,2181965,2182597,633,1098,4,2,internal,cds-WP_005599579.1,cds-WP_005599575.1,cds-WP_005599579.1,cds-WP_005605960.1,2181013,2183153,cds-WP_005599579.1;cds-WP_005609356.1;cds-WP_005599575.1;cds-WP_005605960.1
NZ_LN908249.1,Protein Homology,CDS,2182623,2183153,.,-,0,ID=cds-WP_005599579.1;product='hypothetical protein',cds-WP_005599579.1,'hypothetical protein',2182623,2183153,531,1098,4,1,first,,cds-WP_005609356.1,cds-WP_005599579.1,cds-WP_005605960.1,2181013,2183153,cds-WP_005599579.1;cds-WP_005609356.1;cds-WP_005599575.1;cds-WP_005605960.1
NZ_LN908249.1,Protein Homology,CDS,2183241,2183771,.,-,0,ID=fabA;product=3-hydroxydecanoyl-[acyl-carrier-protein]_dehydratase,fabA,3-hydroxydecanoyl-[acyl-carrier-protein] dehydratase,2183241,2183771,531,1099,2,2,last,cds-WP_039709678.1,,cds-WP_039709678.1,fabA,2183241,2185519,cds-WP_039709678.1;fabA
NZ_LN908249.1,Protein Homology,CDS,2183882,2185519,.,-,0,ID=cds-WP_039709678.1;product=Putative_Lon_protease_homolog,cds-WP_039709678.1,Putative Lon protease homolog,2183882,2185519,1638,1099,2,1,first,,fabA,cds-WP_039709678.1,fabA,2183241,2185519,cds-WP_039709678.1;fabA
NZ_LN908249.1,Protein Homology,CDS,2185604,2186050,.,+,0,ID=matP;product=Macrodomain_Ter_protein,matP,Macrodomain Ter protein,2185604,2186050,447,1100,1,1,single,,,matP,matP,2185604,2186050,matP
NZ_LN908249.1,Protein Homology,CDS,2186122,2187150,.,-,0,ID=trpS;product=Tryptophan--tRNA_ligase,trpS,Tryptophan--tRNA ligase,2186122,2187150,1029,1101,2,2,last,cds-WP_039709429.1,,cds-WP_039709429.1,trpS,2186122,2187955,cds-WP_039709429.1;trpS
NZ_LN908249.1,Protein Homology,CDS,2187290,2187955,.,-,0,ID=cds-WP_039709429.1;product=Phosphoglycolate_phosphatase,cds-WP_039709429.1,Phosphoglycolate phosphatase,2187290,2187955,666,1101,2,1,first,,trpS,cds-WP_039709429.1,trpS,2186122,2187955,cds-WP_039709429.1;trpS
NZ_LN908249.1,Protein Homology,CDS,2188125,2188298,.,-,0,ID=cds-WP_005618340.1;product='hypothetical protein',cds-WP_005618340.1,'hypothetical protein',2188125,2188298,174,1102,1,1,single,,,cds-WP_005618340.1,cds-WP_005618340.1,2188125,2188298,cds-WP_005618340.1
NZ_LN908249.1,Protein Homology,CDS,2188514,2189308,.,-,0,ID=lgt;product=Prolipoprotein_diacylglyceryl_transferase,lgt,Prolipoprotein diacylglyceryl transferase,2188514,2189308,795,1103,3,3,last,cds-WP_005616280.1,,rppH,lgt,2188514,2190769,rppH;cds-WP_005616280.1;lgt
NZ_LN908249.1,Protein Homology,CDS,2189361,2190152,.,-,0,ID=cds-WP_005616280.1;product=UPF0721_transmembrane_protein_HI_0902,cds-WP_005616280.1,UPF0721 transmembrane protein HI 0902,2189361,2190152,792,1103,3,2,internal,rppH,lgt,rppH,lgt,2188514,2190769,rppH;cds-WP_005616280.1;lgt
NZ_LN908249.1,Protein Homology,CDS,2190149,2190769,.,-,0,ID=rppH;product=RNA_pyrophosphohydrolase,rppH,RNA pyrophosphohydrolase,2190149,2190769,621,1103,3,1,first,,cds-WP_005616280.1,rppH,lgt,2188514,2190769,rppH;cds-WP_005616280.1;lgt
NZ_LN908249.1,Protein Homology,CDS,2191315,2192082,.,-,0,ID=cds-WP_005618342.1;product=Metalloendopeptidase_OMA1_mitochondrial,cds-WP_005618342.1,Metalloendopeptidase OMA1 mitochondrial,2191315,2192082,768,1104,1,1,single,,,cds-WP_005618342.1,cds-WP_005618342.1,2191315,2192082,cds-WP_005618342.1
NZ_LN908249.1,Protein Homology,CDS,2192178,2192705,.,-,0,ID=ppa;product=Inorganic_pyrophosphatase,ppa,Inorganic pyrophosphatase,2192178,2192705,528,1105,1,1,single,,,ppa,ppa,2192178,2192705,ppa
NZ_LN908249.1,Protein Homology,CDS,2192779,2193489,.,+,0,ID=cds-WP_005618344.1;product=tRNA1(Val)_(adenine(37)-N6)-methyltransferase,cds-WP_005618344.1,tRNA1(Val) (adenine(37)-N6)-methyltransferase,2192779,2193489,711,1106,1,1,single,,,cds-WP_005618344.1,cds-WP_005618344.1,2192779,2193489,cds-WP_005618344.1
NZ_LN908249.1,Protein Homology,CDS,2193536,2194033,.,-,0,ID=rraA;product=Regulator_of_ribonuclease_activity_A,rraA,Regulator of ribonuclease activity A,2193536,2194033,498,1107,1,1,single,,,rraA,rraA,2193536,2194033,rraA
NZ_LN908249.1,Protein Homology,CDS,2194252,2195046,.,+,0,ID=cds-WP_005602786.1;product=Uncharacterized_transporter_YrhG,cds-WP_005602786.1,Uncharacterized transporter YrhG,2194252,2195046,795,1108,1,1,single,,,cds-WP_005602786.1,cds-WP_005602786.1,2194252,2195046,cds-WP_005602786.1
NZ_LN908249.1,Protein Homology,CDS,2195217,2196041,.,+,0,ID=cds-WP_011848676.1;product='hypothetical protein',cds-WP_011848676.1,'hypothetical protein',2195217,2196041,825,1109,1,1,single,,,cds-WP_011848676.1,cds-WP_011848676.1,2195217,2196041,cds-WP_011848676.1
NZ_LN908249.1,Protein Homology,CDS,2197070,2197523,.,-,0,ID=cds-WP_144435026.1;product=Uncharacterized_protein_HI_1720,cds-WP_144435026.1,Uncharacterized protein HI 1720,2197070,2197523,454,1110,2,1,first,,cds-WP_144435026.1_2,cds-WP_144435026.1,cds-WP_144435026.1_2,2196190,2197523,cds-WP_144435026.1;cds-WP_144435026.1_2
NZ_LN908249.1,Protein Homology,CDS,2196190,2197070,.,-,2,ID=cds-WP_144435026.1_2;product='hypothetical protein',cds-WP_144435026.1_2,'hypothetical protein',2196190,2197070,881,1110,2,2,last,cds-WP_144435026.1,,cds-WP_144435026.1,cds-WP_144435026.1_2,2196190,2197523,cds-WP_144435026.1;cds-WP_144435026.1_2
NZ_LN908249.1,Protein Homology,CDS,2197516,2198505,.,-,0,ID=cds-WP_462675110.1;product='hypothetical protein',cds-WP_462675110.1,'hypothetical protein',2197516,2198505,990,1111,1,1,single,,,cds-WP_462675110.1,cds-WP_462675110.1,2197516,2198505,cds-WP_462675110.1
NZ_LN908249.1,Protein Homology,CDS,2198629,2199771,.,-,0,ID=dnaJ;product=Chaperone_protein_DnaJ,dnaJ,Chaperone protein DnaJ,2198629,2199771,1143,1112,2,2,last,dnaK,,dnaK,dnaJ,2198629,2201899,dnaK;dnaJ
NZ_LN908249.1,Protein Homology,CDS,2200001,2201899,.,-,0,ID=dnaK;product=Chaperone_protein_DnaK,dnaK,Chaperone protein DnaK,2200001,2201899,1899,1112,2,1,first,,dnaJ,dnaK,dnaJ,2198629,2201899,dnaK;dnaJ
NZ_LN908249.1,Protein Homology,CDS,2202174,2203619,.,-,0,ID=xylB;product=Xylulose_kinase,xylB,Xylulose kinase,2202174,2203619,1446,1113,2,2,last,xylA,,xylA,xylB,2202174,2205136,xylA;xylB
NZ_LN908249.1,Protein Homology,CDS,2203817,2205136,.,-,0,ID=xylA;product=Xylose_isomerase,xylA,Xylose isomerase,2203817,2205136,1320,1113,2,1,first,,xylB,xylA,xylB,2202174,2205136,xylA;xylB
NZ_LN908249.1,Protein Homology,CDS,2205390,2206388,.,+,0,ID=xylF;product=D-xylose-binding_periplasmic_protein,xylF,D-xylose-binding periplasmic protein,2205390,2206388,999,1114,3,1,first,,xylG,xylF,cds-WP_039709433.1,2205390,2209097,xylF;xylG;cds-WP_039709433.1
NZ_LN908249.1,Protein Homology,CDS,2206452,2207966,.,+,0,ID=xylG;product=Xylose_import_ATP-binding_protein_XylG,xylG,Xylose import ATP-binding protein XylG,2206452,2207966,1515,1114,3,2,internal,xylF,cds-WP_039709433.1,xylF,cds-WP_039709433.1,2205390,2209097,xylF;xylG;cds-WP_039709433.1
NZ_LN908249.1,Protein Homology,CDS,2207970,2209097,.,+,0,ID=cds-WP_039709433.1;product=Xylose_transport_system_permease_protein_XylH,cds-WP_039709433.1,Xylose transport system permease protein XylH,2207970,2209097,1128,1114,3,3,last,xylG,,xylF,cds-WP_039709433.1,2205390,2209097,xylF;xylG;cds-WP_039709433.1
NZ_LN908249.1,Protein Homology,CDS,2209222,2210403,.,+,0,ID=cds-WP_005602801.1;product=Xylose_operon_regulatory_protein,cds-WP_005602801.1,Xylose operon regulatory protein,2209222,2210403,1182,1115,2,1,first,,cds-WP_039709680.1,cds-WP_005602801.1,cds-WP_039709680.1,2209222,2212435,cds-WP_005602801.1;cds-WP_039709680.1
NZ_LN908249.1,Protein Homology,CDS,2210408,2212435,.,+,0,ID=cds-WP_039709680.1;product=Neutral_endopeptidase,cds-WP_039709680.1,Neutral endopeptidase,2210408,2212435,2028,1115,2,2,last,cds-WP_005602801.1,,cds-WP_005602801.1,cds-WP_039709680.1,2209222,2212435,cds-WP_005602801.1;cds-WP_039709680.1
NZ_LN908249.1,Protein Homology,CDS,2212510,2212737,.,+,0,ID=cds-WP_005599649.1;product=Uncharacterized_protein_HI_1126,cds-WP_005599649.1,Uncharacterized protein HI 1126,2212510,2212737,228,1116,1,1,single,,,cds-WP_005599649.1,cds-WP_005599649.1,2212510,2212737,cds-WP_005599649.1
NZ_LN908249.1,Protein Homology,CDS,2212806,2214230,.,-,0,ID=panF;product=Sodium/pantothenate_symporter,panF,Sodium/pantothenate symporter,2212806,2214230,1425,1117,3,3,last,cds-WP_039197920.1,,metJ,panF,2212806,2214833,metJ;cds-WP_039197920.1;panF
NZ_LN908249.1,Protein Homology,CDS,2214223,2214462,.,-,0,ID=cds-WP_039197920.1;product=Uncharacterized_membrane_protein_YhdT,cds-WP_039197920.1,Uncharacterized membrane protein YhdT,2214223,2214462,240,1117,3,2,internal,metJ,panF,metJ,panF,2212806,2214833,metJ;cds-WP_039197920.1;panF
NZ_LN908249.1,Protein Homology,CDS,2214516,2214833,.,-,0,ID=metJ;product=Met_repressor,metJ,Met repressor,2214516,2214833,318,1117,3,1,first,,cds-WP_039197920.1,metJ,panF,2212806,2214833,metJ;cds-WP_039197920.1;panF
NZ_LN908249.1,Protein Homology,CDS,2215001,2215750,.,+,0,ID=cds-WP_039709434.1;product=Probable_phospholipid-binding_lipoprotein_MlaA,cds-WP_039709434.1,Probable phospholipid-binding lipoprotein MlaA,2215001,2215750,750,1118,1,1,single,,,cds-WP_039709434.1,cds-WP_039709434.1,2215001,2215750,cds-WP_039709434.1
NZ_LN908249.1,Protein Homology,CDS,2215825,2216634,.,+,0,ID=cds-WP_039709435.1;product=Putative_glucose-6-phosphate_1-epimerase,cds-WP_039709435.1,Putative glucose-6-phosphate 1-epimerase,2215825,2216634,810,1119,1,1,single,,,cds-WP_039709435.1,cds-WP_039709435.1,2215825,2216634,cds-WP_039709435.1
NZ_LN908249.1,Protein Homology,CDS,2216745,2218712,.,+,0,ID=cds-WP_058230508.1;product='hypothetical protein',cds-WP_058230508.1,'hypothetical protein',2216745,2218712,1968,1120,1,1,single,,,cds-WP_058230508.1,cds-WP_058230508.1,2216745,2218712,cds-WP_058230508.1
NZ_LN908249.1,Protein Homology,CDS,2219484,2221958,.,+,0,ID=pgaA;product='hypothetical protein',pgaA,'hypothetical protein',2219484,2221958,2475,1121,4,1,first,,pgaB,pgaA,cds-WP_005599669.1,2219484,2225275,pgaA;pgaB;pgaC;cds-WP_005599669.1
NZ_LN908249.1,Protein Homology,CDS,2221973,2223745,.,+,0,ID=pgaB;product=Poly-beta-16-N-acetyl-D-glucosamine_N-deacetylase,pgaB,Poly-beta-16-N-acetyl-D-glucosamine N-deacetylase,2221973,2223745,1773,1121,4,2,internal,pgaA,pgaC,pgaA,cds-WP_005599669.1,2219484,2225275,pgaA;pgaB;pgaC;cds-WP_005599669.1
NZ_LN908249.1,Protein Homology,CDS,2223754,2224989,.,+,0,ID=pgaC;product=Poly-beta-16-N-acetyl-D-glucosamine_synthase,pgaC,Poly-beta-16-N-acetyl-D-glucosamine synthase,2223754,2224989,1236,1121,4,3,internal,pgaB,cds-WP_005599669.1,pgaA,cds-WP_005599669.1,2219484,2225275,pgaA;pgaB;pgaC;cds-WP_005599669.1
NZ_LN908249.1,Protein Homology,CDS,2224991,2225275,.,+,0,ID=cds-WP_005599669.1;product='hypothetical protein',cds-WP_005599669.1,'hypothetical protein',2224991,2225275,285,1121,4,4,last,pgaC,,pgaA,cds-WP_005599669.1,2219484,2225275,pgaA;pgaB;pgaC;cds-WP_005599669.1
NZ_LN908249.1,Protein Homology,CDS,2225379,2226149,.,-,0,ID=tpiA;product=Triosephosphate_isomerase,tpiA,Triosephosphate isomerase,2225379,2226149,771,1122,1,1,single,,,tpiA,tpiA,2225379,2226149,tpiA
NZ_LN908249.1,Protein Homology,CDS,2226424,2227437,.,+,0,ID=truD;product=tRNA_pseudouridine_synthase_D,truD,tRNA pseudouridine synthase D,2226424,2227437,1014,1123,4,1,first,,surE,truD,cds-WP_005599678.1,2226424,2229372,truD;surE;cds-WP_005602815.1;cds-WP_005599678.1
NZ_LN908249.1,Protein Homology,CDS,2227437,2228201,.,+,0,ID=surE;product=5'-nucleotidase_SurE,surE,5'-nucleotidase SurE,2227437,2228201,765,1123,4,2,internal,truD,cds-WP_005602815.1,truD,cds-WP_005599678.1,2226424,2229372,truD;surE;cds-WP_005602815.1;cds-WP_005599678.1
NZ_LN908249.1,Protein Homology,CDS,2228201,2228785,.,+,0,ID=cds-WP_005602815.1;product=Uncharacterized_protein_HI_0703,cds-WP_005602815.1,Uncharacterized protein HI 0703,2228201,2228785,585,1123,4,3,internal,surE,cds-WP_005599678.1,truD,cds-WP_005599678.1,2226424,2229372,truD;surE;cds-WP_005602815.1;cds-WP_005599678.1
NZ_LN908249.1,Protein Homology,CDS,2228791,2229372,.,+,0,ID=cds-WP_005599678.1;product=Outer_membrane_antigenic_lipoprotein_B,cds-WP_005599678.1,Outer membrane antigenic lipoprotein B,2228791,2229372,582,1123,4,4,last,cds-WP_005602815.1,,truD,cds-WP_005599678.1,2226424,2229372,truD;surE;cds-WP_005602815.1;cds-WP_005599678.1
NZ_LN908249.1,Protein Homology,CDS,2229458,2229655,.,+,0,ID=cds-WP_005599679.1;product='hypothetical protein',cds-WP_005599679.1,'hypothetical protein',2229458,2229655,198,1124,2,1,first,,cds-WP_005618375.1,cds-WP_005599679.1,cds-WP_005618375.1,2229458,2230927,cds-WP_005599679.1;cds-WP_005618375.1
NZ_LN908249.1,Protein Homology,CDS,2229689,2230927,.,+,0,ID=cds-WP_005618375.1;product=Outer_membrane_antigenic_lipoprotein_B,cds-WP_005618375.1,Outer membrane antigenic lipoprotein B,2229689,2230927,1239,1124,2,2,last,cds-WP_005599679.1,,cds-WP_005599679.1,cds-WP_005618375.1,2229458,2230927,cds-WP_005599679.1;cds-WP_005618375.1
NZ_LN908249.1,Protein Homology,CDS,2231016,2231579,.,+,0,ID=cds-WP_039709438.1;product=DNA-3-methyladenine_glycosylase,cds-WP_039709438.1,DNA-3-methyladenine glycosylase,2231016,2231579,564,1125,1,1,single,,,cds-WP_039709438.1,cds-WP_039709438.1,2231016,2231579,cds-WP_039709438.1
NZ_LN908249.1,Protein Homology,CDS,2231631,2232759,.,-,0,ID=cds-MIDG2331_RS11745;product='hypothetical protein',cds-MIDG2331_RS11745,'hypothetical protein',2231631,2232759,1129,1126,3,3,last,cds-WP_005602825.1,,cds-WP_005616320.1,cds-MIDG2331_RS11745,2231631,2233872,cds-WP_005616320.1;cds-WP_005602825.1;cds-MIDG2331_RS11745
NZ_LN908249.1,Protein Homology,CDS,2232773,2233237,.,-,0,ID=cds-WP_005602825.1;product=Inner_membrane_protein_YjiG,cds-WP_005602825.1,Inner membrane protein YjiG,2232773,2233237,465,1126,3,2,internal,cds-WP_005616320.1,cds-MIDG2331_RS11745,cds-WP_005616320.1,cds-MIDG2331_RS11745,2231631,2233872,cds-WP_005616320.1;cds-WP_005602825.1;cds-MIDG2331_RS11745
NZ_LN908249.1,Protein Homology,CDS,2233234,2233872,.,-,0,ID=cds-WP_005616320.1;product=Uncharacterized_protein_YjiH,cds-WP_005616320.1,Uncharacterized protein YjiH,2233234,2233872,639,1126,3,1,first,,cds-WP_005602825.1,cds-WP_005616320.1,cds-MIDG2331_RS11745,2231631,2233872,cds-WP_005616320.1;cds-WP_005602825.1;cds-MIDG2331_RS11745
NZ_LN908249.1,Protein Homology,CDS,2234050,2235009,.,-,0,ID=hemH;product=Ferrochelatase,hemH,Ferrochelatase,2234050,2235009,960,1127,1,1,single,,,hemH,hemH,2234050,2235009,hemH
NZ_LN908249.1,Protein Homology,CDS,2235285,2235419,.,+,0,ID=rpmH;product=50S_ribosomal_protein_L34,rpmH,50S ribosomal protein L34,2235285,2235419,135,1128,3,1,first,,rnpA,rpmH,yidD,2235285,2236080,rpmH;rnpA;yidD
NZ_LN908249.1,Protein Homology,CDS,2235452,2235817,.,+,0,ID=rnpA;product=Ribonuclease_P_protein_component,rnpA,Ribonuclease P protein component,2235452,2235817,366,1128,3,2,internal,rpmH,yidD,rpmH,yidD,2235285,2236080,rpmH;rnpA;yidD
NZ_LN908249.1,Protein Homology,CDS,2235775,2236080,.,+,0,ID=yidD;product=Putative_membrane_protein_insertion_efficiency_factor,yidD,Putative membrane protein insertion efficiency factor,2235775,2236080,306,1128,3,3,last,rnpA,,rpmH,yidD,2235285,2236080,rpmH;rnpA;yidD
NZ_LN908249.1,Protein Homology,CDS,2236131,2237546,.,-,0,ID=glnA;product=Glutamine_synthetase,glnA,Glutamine synthetase,2236131,2237546,1416,1129,1,1,single,,,glnA,glnA,2236131,2237546,glnA
NZ_LN908249.1,Protein Homology,CDS,2237904,2238731,.,-,0,ID=cpdA;product=3'5'-cyclic_adenosine_monophosphate_phosphodiesterase_CpdA,cpdA,3'5'-cyclic adenosine monophosphate phosphodiesterase CpdA,2237904,2238731,828,1130,5,5,last,nudF,,cds-WP_005599716.1,cpdA,2237904,2241199,cds-WP_005599716.1;cds-WP_005613474.1;psiE_2;nudF;cpdA
NZ_LN908249.1,Protein Homology,CDS,2238938,2239561,.,-,0,ID=nudF;product=ADP-ribose_pyrophosphatase,nudF,ADP-ribose pyrophosphatase,2238938,2239561,624,1130,5,4,internal,psiE_2,cpdA,cds-WP_005599716.1,cpdA,2237904,2241199,cds-WP_005599716.1;cds-WP_005613474.1;psiE_2;nudF;cpdA
NZ_LN908249.1,Protein Homology,CDS,2239571,2239990,.,-,0,ID=psiE_2;product=Protein_PsiE_homolog,psiE_2,Protein PsiE homolog,2239571,2239990,420,1130,5,3,internal,cds-WP_005613474.1,nudF,cds-WP_005599716.1,cpdA,2237904,2241199,cds-WP_005599716.1;cds-WP_005613474.1;psiE_2;nudF;cpdA
NZ_LN908249.1,Protein Homology,CDS,2239983,2240711,.,-,0,ID=cds-WP_005613474.1;product=Putative_4'-phosphopantetheinyl_transferase_PM0116,cds-WP_005613474.1,Putative 4'-phosphopantetheinyl transferase PM0116,2239983,2240711,729,1130,5,2,internal,cds-WP_005599716.1,psiE_2,cds-WP_005599716.1,cpdA,2237904,2241199,cds-WP_005599716.1;cds-WP_005613474.1;psiE_2;nudF;cpdA
NZ_LN908249.1,Protein Homology,CDS,2240771,2241199,.,-,0,ID=cds-WP_005599716.1;product=Uncharacterized_transporter_in_cobO_3'region,cds-WP_005599716.1,Uncharacterized transporter in cobO 3'region,2240771,2241199,429,1130,5,1,first,,cds-WP_005613474.1,cds-WP_005599716.1,cpdA,2237904,2241199,cds-WP_005599716.1;cds-WP_005613474.1;psiE_2;nudF;cpdA
NZ_LN908249.1,Protein Homology,CDS,2241377,2242561,.,+,0,ID=nhaA;product=Na(+)/H(+)_antiporter_NhaA,nhaA,Na(+)/H(+) antiporter NhaA,2241377,2242561,1185,1131,1,1,single,,,nhaA,nhaA,2241377,2242561,nhaA
NZ_LN908249.1,Protein Homology,CDS,2242704,2243192,.,+,0,ID=cds-WP_005618600.1;product='hypothetical protein',cds-WP_005618600.1,'hypothetical protein',2242704,2243192,489,1132,1,1,single,,,cds-WP_005618600.1,cds-WP_005618600.1,2242704,2243192,cds-WP_005618600.1
NZ_LN908249.1,Protein Homology,CDS,2243228,2243662,.,-,0,ID=dtd;product=D-aminoacyl-tRNA_deacylase,dtd,D-aminoacyl-tRNA deacylase,2243228,2243662,435,1133,3,3,last,cds-WP_026042279.1,,proA,dtd,2243228,2245745,proA;cds-WP_026042279.1;dtd
NZ_LN908249.1,Protein Homology,CDS,2243659,2244489,.,-,0,ID=cds-WP_026042279.1;product=UPF0761_membrane_protein_APL_1950,cds-WP_026042279.1,UPF0761 membrane protein APL 1950,2243659,2244489,831,1133,3,2,internal,proA,dtd,proA,dtd,2243228,2245745,proA;cds-WP_026042279.1;dtd
NZ_LN908249.1,Protein Homology,CDS,2244507,2245745,.,-,0,ID=proA;product=Gamma-glutamyl_phosphate_reductase,proA,Gamma-glutamyl phosphate reductase,2244507,2245745,1239,1133,3,1,first,,cds-WP_026042279.1,proA,dtd,2243228,2245745,proA;cds-WP_026042279.1;dtd
NZ_LN908249.1,Protein Homology,CDS,2245946,2246125,.,+,0,ID=cds-WP_012263463.1;product='hypothetical protein',cds-WP_012263463.1,'hypothetical protein',2245946,2246125,180,1134,3,1,first,,cds-WP_231944224.1,cds-WP_012263463.1,cds-WP_039709440.1,2245946,2246890,cds-WP_012263463.1;cds-WP_231944224.1;cds-WP_039709440.1
NZ_LN908249.1,Protein Homology,CDS,2246125,2246301,.,+,0,ID=cds-WP_231944224.1;product=Hemoglobin_and_hemoglobin-haptoglobin-binding_protein_A,cds-WP_231944224.1,Hemoglobin and hemoglobin-haptoglobin-binding protein A,2246125,2246301,177,1134,3,2,internal,cds-WP_012263463.1,cds-WP_039709440.1,cds-WP_012263463.1,cds-WP_039709440.1,2245946,2246890,cds-WP_012263463.1;cds-WP_231944224.1;cds-WP_039709440.1
NZ_LN908249.1,Protein Homology,CDS,2246258,2246890,.,+,0,ID=cds-WP_039709440.1;product=Probable_hemoglobin_and_hemoglobin-haptoglobin-binding_protein_4,cds-WP_039709440.1,Probable hemoglobin and hemoglobin-haptoglobin-binding protein 4,2246258,2246890,633,1134,3,3,last,cds-WP_231944224.1,,cds-WP_012263463.1,cds-WP_039709440.1,2245946,2246890,cds-WP_012263463.1;cds-WP_231944224.1;cds-WP_039709440.1
NZ_LN908249.1,Protein Homology,CDS,2246984,2247358,.,+,0,ID=cds-WP_150112301.1;product='hypothetical protein',cds-WP_150112301.1,'hypothetical protein',2246984,2247358,375,1135,2,1,first,,cds-WP_160264720.1,cds-WP_150112301.1,cds-WP_160264720.1,2246984,2248242,cds-WP_150112301.1;cds-WP_160264720.1
NZ_LN908249.1,Protein Homology,CDS,2247346,2248242,.,+,0,ID=cds-WP_160264720.1;product=Hemoglobin_and_hemoglobin-haptoglobin-binding_protein,cds-WP_160264720.1,Hemoglobin and hemoglobin-haptoglobin-binding protein,2247346,2248242,897,1135,2,2,last,cds-WP_150112301.1,,cds-WP_150112301.1,cds-WP_160264720.1,2246984,2248242,cds-WP_150112301.1;cds-WP_160264720.1
NZ_LN908249.1,Protein Homology,CDS,2248496,2249350,.,-,0,ID=cds-WP_039709441.1;product='hypothetical protein',cds-WP_039709441.1,'hypothetical protein',2248496,2249350,855,1136,1,1,single,,,cds-WP_039709441.1,cds-WP_039709441.1,2248496,2249350,cds-WP_039709441.1
NZ_LN908249.1,Protein Homology,CDS,2249470,2250714,.,-,0,ID=cds-WP_005599732.1;product=Uncharacterized_protein_HI_0973,cds-WP_005599732.1,Uncharacterized protein HI 0973,2249470,2250714,1245,1137,1,1,single,,,cds-WP_005599732.1,cds-WP_005599732.1,2249470,2250714,cds-WP_005599732.1
NZ_LN908249.1,Protein Homology,CDS,2251028,2252896,.,+,0,ID=mutL;product=DNA_mismatch_repair_protein_MutL,mutL,DNA mismatch repair protein MutL,2251028,2252896,1869,1138,1,1,single,,,mutL,mutL,2251028,2252896,mutL
NZ_LN908249.1,Protein Homology,CDS,2253096,2254145,.,+,0,ID=adhP;product=Alcohol_dehydrogenase_1,adhP,Alcohol dehydrogenase 1,2253096,2254145,1050,1139,1,1,single,,,adhP,adhP,2253096,2254145,adhP
NZ_LN908249.1,Protein Homology,CDS,2254277,2255221,.,+,0,ID=miaA;product=tRNA_dimethylallyltransferase,miaA,tRNA dimethylallyltransferase,2254277,2255221,945,1140,3,1,first,,hfq,miaA,hflX,2254277,2256969,miaA;hfq;hflX
NZ_LN908249.1,Protein Homology,CDS,2255286,2255564,.,+,0,ID=hfq;product=RNA-binding_protein_Hfq,hfq,RNA-binding protein Hfq,2255286,2255564,279,1140,3,2,internal,miaA,hflX,miaA,hflX,2254277,2256969,miaA;hfq;hflX
NZ_LN908249.1,Protein Homology,CDS,2255602,2256969,.,+,0,ID=hflX;product=GTPase_HflX,hflX,GTPase HflX,2255602,2256969,1368,1140,3,3,last,hfq,,miaA,hflX,2254277,2256969,miaA;hfq;hflX
NZ_LN908249.1,Protein Homology,CDS,2257005,2257565,.,-,0,ID=cds-WP_039709442.1;product=Putative_cytokinin_riboside_5'-monophosphate_phosphoribohydrolase,cds-WP_039709442.1,Putative cytokinin riboside 5'-monophosphate phosphoribohydrolase,2257005,2257565,561,1141,1,1,single,,,cds-WP_039709442.1,cds-WP_039709442.1,2257005,2257565,cds-WP_039709442.1
NZ_LN908249.1,Protein Homology,CDS,2257628,2257951,.,+,0,ID=cds-WP_005602867.1;product=Uncharacterized_protein_YvdC,cds-WP_005602867.1,Uncharacterized protein YvdC,2257628,2257951,324,1142,1,1,single,,,cds-WP_005602867.1,cds-WP_005602867.1,2257628,2257951,cds-WP_005602867.1
NZ_LN908249.1,Protein Homology,CDS,2258000,2258674,.,-,0,ID=crp;product=cAMP-activated_global_transcriptional_regulator_CRP,crp,cAMP-activated global transcriptional regulator CRP,2258000,2258674,675,1143,1,1,single,,,crp,crp,2258000,2258674,crp
NZ_LN908249.1,Protein Homology,CDS,2258752,2258970,.,-,0,ID=cds-WP_005599748.1;product=UPF0270_protein_PM1156,cds-WP_005599748.1,UPF0270 protein PM1156,2258752,2258970,219,1144,2,2,last,slmA,,slmA,cds-WP_005599748.1,2258752,2259584,slmA;cds-WP_005599748.1
NZ_LN908249.1,Protein Homology,CDS,2258976,2259584,.,-,0,ID=slmA;product=Nucleoid_occlusion_factor_SlmA,slmA,Nucleoid occlusion factor SlmA,2258976,2259584,609,1144,2,1,first,,cds-WP_005599748.1,slmA,cds-WP_005599748.1,2258752,2259584,slmA;cds-WP_005599748.1
NZ_LN908249.1,Protein Homology,CDS,2259690,2260145,.,-,0,ID=dut;product=Deoxyuridine_5'-triphosphate_nucleotidohydrolase,dut,Deoxyuridine 5'-triphosphate nucleotidohydrolase,2259690,2260145,456,1145,2,2,last,coaBC,,coaBC,dut,2259690,2261359,coaBC;dut
NZ_LN908249.1,Protein Homology,CDS,2260154,2261359,.,-,0,ID=coaBC;product=Coenzyme_A_biosynthesis_bifunctional_protein_CoaBC,coaBC,Coenzyme A biosynthesis bifunctional protein CoaBC,2260154,2261359,1206,1145,2,1,first,,dut,coaBC,dut,2259690,2261359,coaBC;dut
NZ_LN908249.1,Protein Homology,CDS,2261567,2262229,.,+,0,ID=radC_2;product=UPF0758_protein_APL_1970,radC_2,UPF0758 protein APL 1970,2261567,2262229,663,1146,3,1,first,,rpmB,radC_2,rpmG,2261567,2262816,radC_2;rpmB;rpmG
NZ_LN908249.1,Protein Homology,CDS,2262398,2262634,.,+,0,ID=rpmB;product=50S_ribosomal_protein_L28,rpmB,50S ribosomal protein L28,2262398,2262634,237,1146,3,2,internal,radC_2,rpmG,radC_2,rpmG,2261567,2262816,radC_2;rpmB;rpmG
NZ_LN908249.1,Protein Homology,CDS,2262646,2262816,.,+,0,ID=rpmG;product=50S_ribosomal_protein_L33,rpmG,50S ribosomal protein L33,2262646,2262816,171,1146,3,3,last,rpmB,,radC_2,rpmG,2261567,2262816,radC_2;rpmB;rpmG
NZ_LN908249.1,Protein Homology,CDS,2263181,2263741,.,+,0,ID=cds-WP_005599767.1;product='hypothetical protein',cds-WP_005599767.1,'hypothetical protein',2263181,2263741,561,1147,1,1,single,,,cds-WP_005599767.1,cds-WP_005599767.1,2263181,2263741,cds-WP_005599767.1
NZ_LN908249.1,Protein Homology,CDS,2264022,2265386,.,+,0,ID=cds-WP_005599768.1;product=Diaminobutyrate--2-oxoglutarate_aminotransferase,cds-WP_005599768.1,Diaminobutyrate--2-oxoglutarate aminotransferase,2264022,2265386,1365,1148,2,1,first,,ddc,cds-WP_005599768.1,ddc,2264022,2267050,cds-WP_005599768.1;ddc
NZ_LN908249.1,Protein Homology,CDS,2265515,2267050,.,+,0,ID=ddc;product=L-24-diaminobutyrate_decarboxylase,ddc,L-24-diaminobutyrate decarboxylase,2265515,2267050,1536,1148,2,2,last,cds-WP_005599768.1,,cds-WP_005599768.1,ddc,2264022,2267050,cds-WP_005599768.1;ddc
NZ_LN908249.1,Protein Homology,CDS,2267109,2267378,.,-,0,ID=yedF;product=UPF0033_protein_YedF,yedF,UPF0033 protein YedF,2267109,2267378,270,1149,2,2,last,yedE,,yedE,yedF,2267109,2268616,yedE;yedF
NZ_LN908249.1,Protein Homology,CDS,2267396,2268616,.,-,0,ID=yedE;product=UPF0394_inner_membrane_protein_YedE,yedE,UPF0394 inner membrane protein YedE,2267396,2268616,1221,1149,2,1,first,,yedF,yedE,yedF,2267109,2268616,yedE;yedF
NZ_LN908249.1,Protein Homology,CDS,2268911,2269243,.,+,0,ID=cds-WP_005599777.1;product=UPF0438_protein_HI_0847,cds-WP_005599777.1,UPF0438 protein HI 0847,2268911,2269243,333,1150,1,1,single,,,cds-WP_005599777.1,cds-WP_005599777.1,2268911,2269243,cds-WP_005599777.1
NZ_LN908249.1,Protein Homology,CDS,2269394,2270500,.,+,0,ID=trmA;product=tRNA/tmRNA_(uracil-C(5))-methyltransferase,trmA,tRNA/tmRNA (uracil-C(5))-methyltransferase,2269394,2270500,1107,1151,1,1,single,,,trmA,trmA,2269394,2270500,trmA
NZ_LN908249.1,tRNAscan-SE,tRNA,2270606,2270695,.,+,.,ID=rna-MIDG2331_RS10825;product='tRNA',rna-MIDG2331_RS10825,'tRNA',2270606,2270695,90,1152,2,1,first,,rna-MIDG2331_RS10830,rna-MIDG2331_RS10825,rna-MIDG2331_RS10830,2270606,2270868,rna-MIDG2331_RS10825;rna-MIDG2331_RS10830
NZ_LN908249.1,tRNAscan-SE,tRNA,2270779,2270868,.,+,.,ID=rna-MIDG2331_RS10830;product='tRNA',rna-MIDG2331_RS10830,'tRNA',2270779,2270868,90,1152,2,2,last,rna-MIDG2331_RS10825,,rna-MIDG2331_RS10825,rna-MIDG2331_RS10830,2270606,2270868,rna-MIDG2331_RS10825;rna-MIDG2331_RS10830
NZ_LN908249.1,Protein Homology,CDS,2271000,2271953,.,-,0,ID=corA;product=Magnesium_transport_protein_CorA,corA,Magnesium transport protein CorA,2271000,2271953,954,1153,1,1,single,,,corA,corA,2271000,2271953,corA
NZ_LN908249.1,Protein Homology,CDS,2272254,2273030,.,+,0,ID=ubiE;product=Ubiquinone/menaquinone_biosynthesis_C-methyltransferase_UbiE,ubiE,Ubiquinone/menaquinone biosynthesis C-methyltransferase UbiE,2272254,2273030,777,1154,7,1,first,,cds-WP_005602895.1,ubiE,hemB,2272254,2278047,ubiE;cds-WP_005602895.1;ubiB;tatA;tatB;tatC;hemB
NZ_LN908249.1,Protein Homology,CDS,2273056,2273688,.,+,0,ID=cds-WP_005602895.1;product=Ubiquinone_biosynthesis_protein_UbiJ,cds-WP_005602895.1,Ubiquinone biosynthesis protein UbiJ,2273056,2273688,633,1154,7,2,internal,ubiE,ubiB,ubiE,hemB,2272254,2278047,ubiE;cds-WP_005602895.1;ubiB;tatA;tatB;tatC;hemB
NZ_LN908249.1,Protein Homology,CDS,2273685,2275319,.,+,0,ID=ubiB;product=Probable_protein_kinase_UbiB,ubiB,Probable protein kinase UbiB,2273685,2275319,1635,1154,7,3,internal,cds-WP_005602895.1,tatA,ubiE,hemB,2272254,2278047,ubiE;cds-WP_005602895.1;ubiB;tatA;tatB;tatC;hemB
NZ_LN908249.1,Protein Homology,CDS,2275411,2275641,.,+,0,ID=tatA;product=Sec-independent_protein_translocase_protein_TatA,tatA,Sec-independent protein translocase protein TatA,2275411,2275641,231,1154,7,4,internal,ubiB,tatB,ubiE,hemB,2272254,2278047,ubiE;cds-WP_005602895.1;ubiB;tatA;tatB;tatC;hemB
NZ_LN908249.1,Protein Homology,CDS,2275645,2276232,.,+,0,ID=tatB;product=Sec-independent_protein_translocase_protein_TatB,tatB,Sec-independent protein translocase protein TatB,2275645,2276232,588,1154,7,5,internal,tatA,tatC,ubiE,hemB,2272254,2278047,ubiE;cds-WP_005602895.1;ubiB;tatA;tatB;tatC;hemB
NZ_LN908249.1,Protein Homology,CDS,2276222,2276968,.,+,0,ID=tatC;product=Sec-independent_protein_translocase_protein_TatC,tatC,Sec-independent protein translocase protein TatC,2276222,2276968,747,1154,7,6,internal,tatB,hemB,ubiE,hemB,2272254,2278047,ubiE;cds-WP_005602895.1;ubiB;tatA;tatB;tatC;hemB
NZ_LN908249.1,Protein Homology,CDS,2277028,2278047,.,+,0,ID=hemB;product=Delta-aminolevulinic_acid_dehydratase,hemB,Delta-aminolevulinic acid dehydratase,2277028,2278047,1020,1154,7,7,last,tatC,,ubiE,hemB,2272254,2278047,ubiE;cds-WP_005602895.1;ubiB;tatA;tatB;tatC;hemB
NZ_LN908249.1,Protein Homology,CDS,2278134,2278496,.,+,0,ID=cds-WP_005618620.1;product='hypothetical protein',cds-WP_005618620.1,'hypothetical protein',2278134,2278496,363,1155,1,1,single,,,cds-WP_005618620.1,cds-WP_005618620.1,2278134,2278496,cds-WP_005618620.1
NZ_LN908249.1,Protein Homology,CDS,2278547,2279368,.,-,0,ID=mutM;product=Formamidopyrimidine-DNA_glycosylase,mutM,Formamidopyrimidine-DNA glycosylase,2278547,2279368,822,1156,1,1,single,,,mutM,mutM,2278547,2279368,mutM
NZ_LN908249.1,Protein Homology,CDS,2279431,2280717,.,-,0,ID=brnQ;product=Putative_branched-chain_amino_acid_carrier_protein_SSP1343,brnQ,Putative branched-chain amino acid carrier protein SSP1343,2279431,2280717,1287,1157,1,1,single,,,brnQ,brnQ,2279431,2280717,brnQ
NZ_LN908249.1,Protein Homology,CDS,2280849,2281574,.,-,0,ID=fabG;product=3-oxoacyl-[acyl-carrier-protein]_reductase_FabG,fabG,3-oxoacyl-[acyl-carrier-protein] reductase FabG,2280849,2281574,726,1158,2,2,last,fabD,,fabD,fabG,2280849,2282627,fabD;fabG
NZ_LN908249.1,Protein Homology,CDS,2281692,2282627,.,-,0,ID=fabD;product=Malonyl_CoA-acyl_carrier_protein_transacylase,fabD,Malonyl CoA-acyl carrier protein transacylase,2281692,2282627,936,1158,2,1,first,,fabG,fabD,fabG,2280849,2282627,fabD;fabG
NZ_LN908249.1,Protein Homology,CDS,2282694,2283440,.,-,0,ID=cds-WP_039709515.1;product=Uncharacterized_protein_HI_0882,cds-WP_039709515.1,Uncharacterized protein HI 0882,2282694,2283440,747,1159,2,2,last,ispB,,ispB,cds-WP_039709515.1,2282694,2284472,ispB;cds-WP_039709515.1
NZ_LN908249.1,Protein Homology,CDS,2283477,2284472,.,-,0,ID=ispB;product=Octaprenyl-diphosphate_synthase,ispB,Octaprenyl-diphosphate synthase,2283477,2284472,996,1159,2,1,first,,cds-WP_039709515.1,ispB,cds-WP_039709515.1,2282694,2284472,ispB;cds-WP_039709515.1
NZ_LN908249.1,Protein Homology,CDS,2284728,2285579,.,+,0,ID=cds-WP_005618427.1;product=Uncharacterized_protein_YjjU,cds-WP_005618427.1,Uncharacterized protein YjjU,2284728,2285579,852,1160,1,1,single,,,cds-WP_005618427.1,cds-WP_005618427.1,2284728,2285579,cds-WP_005618427.1
NZ_LN908249.1,Protein Homology,CDS,2285743,2286294,.,+,0,ID=cds-WP_005602917.1;product=Chromate_reductase,cds-WP_005602917.1,Chromate reductase,2285743,2286294,552,1161,1,1,single,,,cds-WP_005602917.1,cds-WP_005602917.1,2285743,2286294,cds-WP_005602917.1
NZ_LN908249.1,Protein Homology,CDS,2286495,2286908,.,+,0,ID=cds-WP_005599813.1;product=Uncharacterized_protein_HI_0886,cds-WP_005599813.1,Uncharacterized protein HI 0886,2286495,2286908,414,1162,1,1,single,,,cds-WP_005599813.1,cds-WP_005599813.1,2286495,2286908,cds-WP_005599813.1
NZ_LN908249.1,Protein Homology,CDS,2287261,2287572,.,+,0,ID=rplU;product=50S_ribosomal_protein_L21,rplU,50S ribosomal protein L21,2287261,2287572,312,1163,3,1,first,,rpmA,rplU,cds-WP_005602920.1,2287261,2288874,rplU;rpmA;cds-WP_005602920.1
NZ_LN908249.1,Protein Homology,CDS,2287593,2287850,.,+,0,ID=rpmA;product=50S_ribosomal_protein_L27,rpmA,50S ribosomal protein L27,2287593,2287850,258,1163,3,2,internal,rplU,cds-WP_005602920.1,rplU,cds-WP_005602920.1,2287261,2288874,rplU;rpmA;cds-WP_005602920.1
NZ_LN908249.1,Protein Homology,CDS,2287885,2288874,.,+,0,ID=cds-WP_005602920.1;product=Uncharacterized_transporter_HI_0878,cds-WP_005602920.1,Uncharacterized transporter HI 0878,2287885,2288874,990,1163,3,3,last,rpmA,,rplU,cds-WP_005602920.1,2287261,2288874,rplU;rpmA;cds-WP_005602920.1
NZ_LN908249.1,Protein Homology,CDS,2289103,2290572,.,-,0,ID=cds-WP_005599820.1;product=Uncharacterized_protein_HI_0974,cds-WP_005599820.1,Uncharacterized protein HI 0974,2289103,2290572,1470,1164,1,1,single,,,cds-WP_005599820.1,cds-WP_005599820.1,2289103,2290572,cds-WP_005599820.1
NZ_LN908249.1,Protein Homology,CDS,2290688,2291497,.,-,0,ID=cds-WP_005602922.1;product=Putative_bifunctional_phosphatase/peptidyl-prolyl_cis-trans_isomerase,cds-WP_005602922.1,Putative bifunctional phosphatase/peptidyl-prolyl cis-trans isomerase,2290688,2291497,810,1165,1,1,single,,,cds-WP_005602922.1,cds-WP_005602922.1,2290688,2291497,cds-WP_005602922.1
NZ_LN908249.1,Protein Homology,CDS,2291617,2292294,.,+,0,ID=cds-WP_005599824.1;product=Protein_GntX,cds-WP_005599824.1,Protein GntX,2291617,2292294,678,1166,1,1,single,,,cds-WP_005599824.1,cds-WP_005599824.1,2291617,2292294,cds-WP_005599824.1
NZ_LN908249.1,Protein Homology,CDS,2292729,2293718,.,-,0,ID=rsmC;product=Ribosomal_RNA_small_subunit_methyltransferase_C,rsmC,Ribosomal RNA small subunit methyltransferase C,2292729,2293718,990,1167,1,1,single,,,rsmC,rsmC,2292729,2293718,rsmC
NZ_LN908249.1,Protein Homology,CDS,2293823,2294245,.,+,0,ID=cds-WP_005606599.1;product=DNA_polymerase_III_subunit_psi,cds-WP_005606599.1,DNA polymerase III subunit psi,2293823,2294245,423,1168,3,1,first,,rimI,cds-WP_005606599.1,srmB,2293823,2296035,cds-WP_005606599.1;rimI;srmB
NZ_LN908249.1,Protein Homology,CDS,2294238,2294675,.,+,0,ID=rimI;product=Ribosomal-protein-alanine_acetyltransferase,rimI,Ribosomal-protein-alanine acetyltransferase,2294238,2294675,438,1168,3,2,internal,cds-WP_005606599.1,srmB,cds-WP_005606599.1,srmB,2293823,2296035,cds-WP_005606599.1;rimI;srmB
NZ_LN908249.1,Protein Homology,CDS,2294698,2296035,.,+,0,ID=srmB;product=ATP-dependent_RNA_helicase_SrmB,srmB,ATP-dependent RNA helicase SrmB,2294698,2296035,1338,1168,3,3,last,rimI,,cds-WP_005606599.1,srmB,2293823,2296035,cds-WP_005606599.1;rimI;srmB
NZ_LN908249.1,Protein Homology,CDS,2296110,2296739,.,+,0,ID=pdxH;product=Pyridoxine/pyridoxamine_5'-phosphate_oxidase,pdxH,Pyridoxine/pyridoxamine 5'-phosphate oxidase,2296110,2296739,630,1169,1,1,single,,,pdxH,pdxH,2296110,2296739,pdxH
NZ_LN908249.1,Protein Homology,CDS,2296811,2298448,.,-,0,ID=cds-WP_005602933.1;product=Heme-binding_protein_A,cds-WP_005602933.1,Heme-binding protein A,2296811,2298448,1638,1170,1,1,single,,,cds-WP_005602933.1,cds-WP_005602933.1,2296811,2298448,cds-WP_005602933.1
NZ_LN908249.1,Protein Homology,CDS,2298639,2300120,.,-,0,ID=cds-WP_005602934.1;product=Putative_aldehyde_dehydrogenase_AldA,cds-WP_005602934.1,Putative aldehyde dehydrogenase AldA,2298639,2300120,1482,1171,1,1,single,,,cds-WP_005602934.1,cds-WP_005602934.1,2298639,2300120,cds-WP_005602934.1
NZ_LN908249.1,Protein Homology,CDS,2300326,2300895,.,-,0,ID=cds-WP_012263484.1;product=Succinate-acetate/proton_symporter_SatP,cds-WP_012263484.1,Succinate-acetate/proton symporter SatP,2300326,2300895,570,1172,1,1,single,,,cds-WP_012263484.1,cds-WP_012263484.1,2300326,2300895,cds-WP_012263484.1
NZ_LN908249.1,Protein Homology,CDS,2301137,2301901,.,+,0,ID=cds-WP_005613535.1;product=Iron(3+)-hydroxamate_import_ATP-binding_protein_FhuC,cds-WP_005613535.1,Iron(3+)-hydroxamate import ATP-binding protein FhuC,2301137,2301901,765,1173,4,1,first,,cds-WP_039709516.1,cds-WP_005613535.1,cds-WP_058230510.1,2301137,2306937,cds-WP_005613535.1;cds-WP_039709516.1;fhuB;cds-WP_058230510.1
NZ_LN908249.1,Protein Homology,CDS,2301901,2302857,.,+,0,ID=cds-WP_039709516.1;product='hypothetical protein',cds-WP_039709516.1,'hypothetical protein',2301901,2302857,957,1173,4,2,internal,cds-WP_005613535.1,fhuB,cds-WP_005613535.1,cds-WP_058230510.1,2301137,2306937,cds-WP_005613535.1;cds-WP_039709516.1;fhuB;cds-WP_058230510.1
NZ_LN908249.1,Protein Homology,CDS,2302851,2304803,.,+,0,ID=fhuB;product=Iron(3+)-hydroxamate_import_system_permease_protein_FhuB,fhuB,Iron(3+)-hydroxamate import system permease protein FhuB,2302851,2304803,1953,1173,4,3,internal,cds-WP_039709516.1,cds-WP_058230510.1,cds-WP_005613535.1,cds-WP_058230510.1,2301137,2306937,cds-WP_005613535.1;cds-WP_039709516.1;fhuB;cds-WP_058230510.1
NZ_LN908249.1,Protein Homology,CDS,2304850,2306937,.,+,0,ID=cds-WP_058230510.1;product=Ferrichrome-iron_receptor,cds-WP_058230510.1,Ferrichrome-iron receptor,2304850,2306937,2088,1173,4,4,last,fhuB,,cds-WP_005613535.1,cds-WP_058230510.1,2301137,2306937,cds-WP_005613535.1;cds-WP_039709516.1;fhuB;cds-WP_058230510.1
NZ_LN908249.1,Protein Homology,CDS,2307004,2307321,.,+,0,ID=cds-WP_039709452.1;product='hypothetical protein',cds-WP_039709452.1,'hypothetical protein',2307004,2307321,318,1174,1,1,single,,,cds-WP_039709452.1,cds-WP_039709452.1,2307004,2307321,cds-WP_039709452.1
NZ_LN908249.1,Protein Homology,CDS,2307411,2308268,.,-,0,ID=cds-WP_039709453.1;product=Phosphoribosylaminoimidazole-succinocarboxamide_synthase,cds-WP_039709453.1,Phosphoribosylaminoimidazole-succinocarboxamide synthase,2307411,2308268,858,1175,1,1,single,,,cds-WP_039709453.1,cds-WP_039709453.1,2307411,2308268,cds-WP_039709453.1
NZ_LN908249.1,Protein Homology,CDS,2308637,2309536,.,+,0,ID=hisG;product=ATP_phosphoribosyltransferase,hisG,ATP phosphoribosyltransferase,2308637,2309536,900,1176,5,1,first,,hisD,hisG,hisB,2308637,2313741,hisG;hisD;hisC_2;cds-MIDG2331_RS11040;hisB
NZ_LN908249.1,Protein Homology,CDS,2309652,2310938,.,+,0,ID=hisD;product=Histidinol_dehydrogenase,hisD,Histidinol dehydrogenase,2309652,2310938,1287,1176,5,2,internal,hisG,hisC_2,hisG,hisB,2308637,2313741,hisG;hisD;hisC_2;cds-MIDG2331_RS11040;hisB
NZ_LN908249.1,Protein Homology,CDS,2311062,2312114,.,+,0,ID=hisC_2;product=Histidinol-phosphate_aminotransferase_2,hisC_2,Histidinol-phosphate aminotransferase 2,2311062,2312114,1053,1176,5,3,internal,hisD,cds-MIDG2331_RS11040,hisG,hisB,2308637,2313741,hisG;hisD;hisC_2;cds-MIDG2331_RS11040;hisB
NZ_LN908249.1,Protein Homology,CDS,2312207,2312518,.,+,0,ID=cds-MIDG2331_RS11040;product='hypothetical protein',cds-MIDG2331_RS11040,'hypothetical protein',2312207,2312518,312,1176,5,4,internal,hisC_2,hisB,hisG,hisB,2308637,2313741,hisG;hisD;hisC_2;cds-MIDG2331_RS11040;hisB
NZ_LN908249.1,Protein Homology,CDS,2312650,2313741,.,+,0,ID=hisB;product=Histidine_biosynthesis_bifunctional_protein_HisB,hisB,Histidine biosynthesis bifunctional protein HisB,2312650,2313741,1092,1176,5,5,last,cds-MIDG2331_RS11040,,hisG,hisB,2308637,2313741,hisG;hisD;hisC_2;cds-MIDG2331_RS11040;hisB
NZ_LN908249.1,Protein Homology,CDS,2313859,2314416,.,+,0,ID=cds-WP_039709456.1;product='hypothetical protein',cds-WP_039709456.1,'hypothetical protein',2313859,2314416,558,1177,1,1,single,,,cds-WP_039709456.1,cds-WP_039709456.1,2313859,2314416,cds-WP_039709456.1
NZ_LN908249.1,Protein Homology,CDS,2314501,2315505,.,+,0,ID=cds-WP_414826700.1;product=Uncharacterized_protein_YhcG,cds-WP_414826700.1,Uncharacterized protein YhcG,2314501,2315505,1005,1178,1,1,single,,,cds-WP_414826700.1,cds-WP_414826700.1,2314501,2315505,cds-WP_414826700.1
NZ_LN908249.1,Protein Homology,CDS,2315631,2316221,.,+,0,ID=hisH;product=Imidazole_glycerol_phosphate_synthase_subunit_HisH,hisH,Imidazole glycerol phosphate synthase subunit HisH,2315631,2316221,591,1179,4,1,first,,hisA,hisH,cds-WP_039709460.1,2315631,2318441,hisH;hisA;hisF;cds-WP_039709460.1
NZ_LN908249.1,Protein Homology,CDS,2316342,2317094,.,+,0,ID=hisA;product=1-(5-phosphoribosyl)-5-[(5-phosphoribosylamino)methylideneamino]_imidazole-4-carboxamide_isomerase,hisA,1-(5-phosphoribosyl)-5-[(5-phosphoribosylamino)methylideneamino] imidazole-4-carboxamide isomerase,2316342,2317094,753,1179,4,2,internal,hisH,hisF,hisH,cds-WP_039709460.1,2315631,2318441,hisH;hisA;hisF;cds-WP_039709460.1
NZ_LN908249.1,Protein Homology,CDS,2317076,2317849,.,+,0,ID=hisF;product=Imidazole_glycerol_phosphate_synthase_subunit_HisF,hisF,Imidazole glycerol phosphate synthase subunit HisF,2317076,2317849,774,1179,4,3,internal,hisA,cds-WP_039709460.1,hisH,cds-WP_039709460.1,2315631,2318441,hisH;hisA;hisF;cds-WP_039709460.1
NZ_LN908249.1,GeneMarkS-2+,CDS,2317902,2318441,.,+,0,ID=cds-WP_039709460.1;product='hypothetical protein',cds-WP_039709460.1,'hypothetical protein',2317902,2318441,540,1179,4,4,last,hisF,,hisH,cds-WP_039709460.1,2315631,2318441,hisH;hisA;hisF;cds-WP_039709460.1
NZ_LN908249.1,Protein Homology,CDS,2318585,2319226,.,+,0,ID=hisIE;product=Histidine_biosynthesis_bifunctional_protein_HisIE,hisIE,Histidine biosynthesis bifunctional protein HisIE,2318585,2319226,642,1180,1,1,single,,,hisIE,hisIE,2318585,2319226,hisIE
NZ_LN908249.1,Protein Homology,CDS,2319347,2320012,.,+,0,ID=cds-WP_039709462.1;product=Uncharacterized_protein_HI_0862,cds-WP_039709462.1,Uncharacterized protein HI 0862,2319347,2320012,666,1181,1,1,single,,,cds-WP_039709462.1,cds-WP_039709462.1,2319347,2320012,cds-WP_039709462.1
NZ_LN908249.1,Protein Homology,CDS,2320119,2320925,.,+,0,ID=map;product=Methionine_aminopeptidase,map,Methionine aminopeptidase,2320119,2320925,807,1182,1,1,single,,,map,map,2320119,2320925,map
NZ_LN908249.1,Protein Homology,CDS,2320994,2321488,.,-,0,ID=cds-WP_039709463.1;product='hypothetical protein',cds-WP_039709463.1,'hypothetical protein',2320994,2321488,495,1183,4,4,last,cds-WP_005603137.1,,cds-WP_005606644.1,cds-WP_039709463.1,2320994,2325024,cds-WP_005606644.1;cds-WP_039709464.1;cds-WP_005603137.1;cds-WP_039709463.1
NZ_LN908249.1,Protein Homology,CDS,2321521,2322540,.,-,0,ID=cds-WP_005603137.1;product=Sucrose_operon_repressor,cds-WP_005603137.1,Sucrose operon repressor,2321521,2322540,1020,1183,4,3,internal,cds-WP_039709464.1,cds-WP_039709463.1,cds-WP_005606644.1,cds-WP_039709463.1,2320994,2325024,cds-WP_005606644.1;cds-WP_039709464.1;cds-WP_005603137.1;cds-WP_039709463.1
NZ_LN908249.1,Protein Homology,CDS,2322611,2324047,.,-,0,ID=cds-WP_039709464.1;product=Sucrose-6-phosphate_hydrolase,cds-WP_039709464.1,Sucrose-6-phosphate hydrolase,2322611,2324047,1437,1183,4,2,internal,cds-WP_005606644.1,cds-WP_005603137.1,cds-WP_005606644.1,cds-WP_039709463.1,2320994,2325024,cds-WP_005606644.1;cds-WP_039709464.1;cds-WP_005603137.1;cds-WP_039709463.1
NZ_LN908249.1,Protein Homology,CDS,2324101,2325024,.,-,0,ID=cds-WP_005606644.1;product=Fructokinase,cds-WP_005606644.1,Fructokinase,2324101,2325024,924,1183,4,1,first,,cds-WP_039709464.1,cds-WP_005606644.1,cds-WP_039709463.1,2320994,2325024,cds-WP_005606644.1;cds-WP_039709464.1;cds-WP_005603137.1;cds-WP_039709463.1
NZ_LN908249.1,Protein Homology,CDS,2325168,2326247,.,+,0,ID=nirK;product=Copper-containing_nitrite_reductase,nirK,Copper-containing nitrite reductase,2325168,2326247,1080,1184,1,1,single,,,nirK,nirK,2325168,2326247,nirK
NZ_LN908249.1,Protein Homology,CDS,2326316,2327566,.,-,0,ID=lolE;product=Lipoprotein-releasing_system_transmembrane_protein_LolC,lolE,Lipoprotein-releasing system transmembrane protein LolC,2326316,2327566,1251,1185,3,3,last,lolD,,cds-WP_039709467.1,lolE,2326316,2329617,cds-WP_039709467.1;lolD;lolE
NZ_LN908249.1,Protein Homology,CDS,2327566,2328246,.,-,0,ID=lolD;product=Lipoprotein-releasing_system_ATP-binding_protein_LolD,lolD,Lipoprotein-releasing system ATP-binding protein LolD,2327566,2328246,681,1185,3,2,internal,cds-WP_039709467.1,lolE,cds-WP_039709467.1,lolE,2326316,2329617,cds-WP_039709467.1;lolD;lolE
NZ_LN908249.1,Protein Homology,CDS,2328445,2329617,.,-,0,ID=cds-WP_039709467.1;product=Lipoprotein-releasing_system_transmembrane_protein_LolC,cds-WP_039709467.1,Lipoprotein-releasing system transmembrane protein LolC,2328445,2329617,1173,1185,3,1,first,,lolD,cds-WP_039709467.1,lolE,2326316,2329617,cds-WP_039709467.1;lolD;lolE
NZ_LN908249.1,Protein Homology,CDS,2329742,2330692,.,-,0,ID=cds-WP_012263502.1;product=Putative_2-hydroxyacid_dehydrogenase_HI_1556,cds-WP_012263502.1,Putative 2-hydroxyacid dehydrogenase HI 1556,2329742,2330692,951,1186,1,1,single,,,cds-WP_012263502.1,cds-WP_012263502.1,2329742,2330692,cds-WP_012263502.1
NZ_LN908249.1,Protein Homology,CDS,2330749,2331603,.,-,0,ID=kdsA;product=2-dehydro-3-deoxyphosphooctonate_aldolase,kdsA,2-dehydro-3-deoxyphosphooctonate aldolase,2330749,2331603,855,1187,4,4,last,cds-WP_005595561.1,,cds-WP_005602995.1,kdsA,2330749,2333922,cds-WP_005602995.1;prmC;cds-WP_005595561.1;kdsA
NZ_LN908249.1,Protein Homology,CDS,2331654,2332520,.,-,0,ID=cds-WP_005595561.1;product=UPF0162_protein_PM0557,cds-WP_005595561.1,UPF0162 protein PM0557,2331654,2332520,867,1187,4,3,internal,prmC,kdsA,cds-WP_005602995.1,kdsA,2330749,2333922,cds-WP_005602995.1;prmC;cds-WP_005595561.1;kdsA
NZ_LN908249.1,Protein Homology,CDS,2332521,2333393,.,-,0,ID=prmC;product=Release_factor_glutamine_methyltransferase,prmC,Release factor glutamine methyltransferase,2332521,2333393,873,1187,4,2,internal,cds-WP_005602995.1,cds-WP_005595561.1,cds-WP_005602995.1,kdsA,2330749,2333922,cds-WP_005602995.1;prmC;cds-WP_005595561.1;kdsA
NZ_LN908249.1,Protein Homology,CDS,2333395,2333922,.,-,0,ID=cds-WP_005602995.1;product='hypothetical protein',cds-WP_005602995.1,'hypothetical protein',2333395,2333922,528,1187,4,1,first,,prmC,cds-WP_005602995.1,kdsA,2330749,2333922,cds-WP_005602995.1;prmC;cds-WP_005595561.1;kdsA
NZ_LN908249.1,Protein Homology,CDS,2333985,2335067,.,-,0,ID=prfA;product=Peptide_chain_release_factor_1,prfA,Peptide chain release factor 1,2333985,2335067,1083,1188,1,1,single,,,prfA,prfA,2333985,2335067,prfA
NZ_LN908249.1,Protein Homology,CDS,2335219,2336589,.,-,0,ID=cds-WP_009874749.1;product=Thiosulfate_sulfurtransferase_YnjE,cds-WP_009874749.1,Thiosulfate sulfurtransferase YnjE,2335219,2336589,1371,1189,2,2,last,cds-WP_005603161.1,,cds-WP_005603161.1,cds-WP_009874749.1,2335219,2337590,cds-WP_005603161.1;cds-WP_009874749.1
NZ_LN908249.1,Protein Homology,CDS,2336598,2337590,.,-,0,ID=cds-WP_005603161.1;product=UPF0394_inner_membrane_protein_YeeE,cds-WP_005603161.1,UPF0394 inner membrane protein YeeE,2336598,2337590,993,1189,2,1,first,,cds-WP_009874749.1,cds-WP_005603161.1,cds-WP_009874749.1,2335219,2337590,cds-WP_005603161.1;cds-WP_009874749.1
