operon_id,operonmapper_id,feature_type,COG,pos_left,pos_right,strand,function_text,operon_member_left,operon_member_right,operon_size,operon_position,operon_role,previous_orf,next_orf,operon_first_orf,operon_last_orf,operon_left,operon_right,operon_members_ordered
1,dnaA,CDS,COG0593,192,1547,+,[L] ATPase involved in DNA replication initiation,192,1547,3,1,first,,dnaN,dnaA,recF,192,4083,dnaA;dnaN;recF
1,dnaN,CDS,COG0592,1564,2667,+,[L] DNA polymerase sliding clamp subunit (PCNA,1564,2667,3,2,internal,dnaA,recF,dnaA,recF,192,4083,dnaA;dnaN;recF
1,recF,CDS,COG1195,3001,4083,+,[L] Recombinational DNA repair ATPase (RecF pathway),3001,4083,3,3,last,dnaN,,dnaA,recF,192,4083,dnaA;dnaN;recF
2,sodC,CDS,COG2032,4139,4711,-,[P] Cu/Zn superoxide dismutase   ,4139,4711,1,1,single,,,sodC,sodC,4139,4711,sodC
3,asd,CDS,COG0136,4894,6006,+,[E] Aspartate-semialdehyde dehydrogenase    ,4894,6006,1,1,single,,,asd,asd,4894,6006,asd
4,cds-WP_039769592.1,CDS,COG3203,6133,7263,-,[M] Outer membrane protein (porin)  ,6133,7263,1,1,single,,,cds-WP_039769592.1,cds-WP_039769592.1,6133,7263,cds-WP_039769592.1
5,lpxB,CDS,COG0763,7412,8593,+,[M] Lipid A disaccharide synthetase  ,7412,8593,2,1,first,,sohB,lpxB,sohB,7412,9678,lpxB;sohB
5,sohB,CDS,COG0616,8623,9678,+,[OU] Periplasmic serine proteases (ClpP class) ,8623,9678,2,2,last,lpxB,,lpxB,sohB,7412,9678,lpxB;sohB
6,mraZ,CDS,COG2001,9914,10372,+,[S] Uncharacterized protein conserved in bacteria ,9914,10372,16,1,first,,rsmH,mraZ,lpxC,9914,28624,mraZ;rsmH;ftsL;cds-WP_039709470.1;murE;murF;mraY;murD;ftsW;murG;murC;cds-WP_039709473.1;cds-WP_005595617.1;ftsA;ftsZ;lpxC
6,rsmH,CDS,COG0275,10398,11339,+,[M] Predicted S-adenosylmethionine-dependent methyltransferase involved in cell,10398,11339,16,2,internal,mraZ,ftsL,mraZ,lpxC,9914,28624,mraZ;rsmH;ftsL;cds-WP_039709470.1;murE;murF;mraY;murD;ftsW;murG;murC;cds-WP_039709473.1;cds-WP_005595617.1;ftsA;ftsZ;lpxC
6,ftsL,CDS,COG3116,11352,11666,+,[D] Cell division protein   ,11352,11666,16,3,internal,rsmH,cds-WP_039709470.1,mraZ,lpxC,9914,28624,mraZ;rsmH;ftsL;cds-WP_039709470.1;murE;murF;mraY;murD;ftsW;murG;murC;cds-WP_039709473.1;cds-WP_005595617.1;ftsA;ftsZ;lpxC
6,cds-WP_039709470.1,CDS,COG0768,11670,13730,+,[M] Cell division protein FtsI/penicillin-binding protein 2,11670,13730,16,4,internal,ftsL,murE,mraZ,lpxC,9914,28624,mraZ;rsmH;ftsL;cds-WP_039709470.1;murE;murF;mraY;murD;ftsW;murG;murC;cds-WP_039709473.1;cds-WP_005595617.1;ftsA;ftsZ;lpxC
6,murE,CDS,COG0769,13754,15256,+,[M] UDP-N-acetylmuramyl tripeptide synthase   ,13754,15256,16,5,internal,cds-WP_039709470.1,murF,mraZ,lpxC,9914,28624,mraZ;rsmH;ftsL;cds-WP_039709470.1;murE;murF;mraY;murD;ftsW;murG;murC;cds-WP_039709473.1;cds-WP_005595617.1;ftsA;ftsZ;lpxC
6,murF,CDS,COG0770,15471,16865,+,[M] UDP-N-acetylmuramyl pentapeptide synthase   ,15471,16865,16,6,internal,murE,mraY,mraZ,lpxC,9914,28624,mraZ;rsmH;ftsL;cds-WP_039709470.1;murE;murF;mraY;murD;ftsW;murG;murC;cds-WP_039709473.1;cds-WP_005595617.1;ftsA;ftsZ;lpxC
6,mraY,CDS,COG0472,16962,18044,+,[M] UDP-N-acetylmuramyl pentapeptide phosphotransferase/UDP-N-acetylglucosamine-1-phosphate transferase  ,16962,18044,16,7,internal,murF,murD,mraZ,lpxC,9914,28624,mraZ;rsmH;ftsL;cds-WP_039709470.1;murE;murF;mraY;murD;ftsW;murG;murC;cds-WP_039709473.1;cds-WP_005595617.1;ftsA;ftsZ;lpxC
6,murD,CDS,COG0771,18128,19438,+,[M] UDP-N-acetylmuramoylalanine-D-glutamate ligase    ,18128,19438,16,8,internal,mraY,ftsW,mraZ,lpxC,9914,28624,mraZ;rsmH;ftsL;cds-WP_039709470.1;murE;murF;mraY;murD;ftsW;murG;murC;cds-WP_039709473.1;cds-WP_005595617.1;ftsA;ftsZ;lpxC
6,ftsW,CDS,COG0772,19440,20618,+,[D] Bacterial cell division membrane protein ,19440,20618,16,9,internal,murD,murG,mraZ,lpxC,9914,28624,mraZ;rsmH;ftsL;cds-WP_039709470.1;murE;murF;mraY;murD;ftsW;murG;murC;cds-WP_039709473.1;cds-WP_005595617.1;ftsA;ftsZ;lpxC
6,murG,CDS,COG0707,20773,21828,+,[M] UDP-N-acetylglucosamine:LPS N-acetylglucosamine transferase   ,20773,21828,16,10,internal,ftsW,murC,mraZ,lpxC,9914,28624,mraZ;rsmH;ftsL;cds-WP_039709470.1;murE;murF;mraY;murD;ftsW;murG;murC;cds-WP_039709473.1;cds-WP_005595617.1;ftsA;ftsZ;lpxC
6,murC,CDS,COG0773,21880,23307,+,[M] UDP-N-acetylmuramate-alanine ligase    ,21880,23307,16,11,internal,murG,cds-WP_039709473.1,mraZ,lpxC,9914,28624,mraZ;rsmH;ftsL;cds-WP_039709470.1;murE;murF;mraY;murD;ftsW;murG;murC;cds-WP_039709473.1;cds-WP_005595617.1;ftsA;ftsZ;lpxC
6,cds-WP_039709473.1,CDS,COG1181,23415,24326,+,[M] D-alanine-D-alanine ligase and related ATP-grasp enzymes,23415,24326,16,12,internal,murC,cds-WP_005595617.1,mraZ,lpxC,9914,28624,mraZ;rsmH;ftsL;cds-WP_039709470.1;murE;murF;mraY;murD;ftsW;murG;murC;cds-WP_039709473.1;cds-WP_005595617.1;ftsA;ftsZ;lpxC
6,cds-WP_005595617.1,CDS,COG1589,24467,25120,+,[M] Cell division septal protein  ,24467,25120,16,13,internal,cds-WP_039709473.1,ftsA,mraZ,lpxC,9914,28624,mraZ;rsmH;ftsL;cds-WP_039709470.1;murE;murF;mraY;murD;ftsW;murG;murC;cds-WP_039709473.1;cds-WP_005595617.1;ftsA;ftsZ;lpxC
6,ftsA,CDS,COG0849,25146,26420,+,[D] Actin-like ATPase involved in cell division,25146,26420,16,14,internal,cds-WP_005595617.1,ftsZ,mraZ,lpxC,9914,28624,mraZ;rsmH;ftsL;cds-WP_039709470.1;murE;murF;mraY;murD;ftsW;murG;murC;cds-WP_039709473.1;cds-WP_005595617.1;ftsA;ftsZ;lpxC
6,ftsZ,CDS,COG0206,26459,27670,+,[D] Cell division GTPase   ,26459,27670,16,15,internal,ftsA,lpxC,mraZ,lpxC,9914,28624,mraZ;rsmH;ftsL;cds-WP_039709470.1;murE;murF;mraY;murD;ftsW;murG;murC;cds-WP_039709473.1;cds-WP_005595617.1;ftsA;ftsZ;lpxC
6,lpxC,CDS,COG0774,27704,28624,+,[M] UDP-3-O-acyl-N-acetylglucosamine deacetylase    ,27704,28624,16,16,last,ftsZ,,mraZ,lpxC,9914,28624,mraZ;rsmH;ftsL;cds-WP_039709470.1;murE;murF;mraY;murD;ftsW;murG;murC;cds-WP_039709473.1;cds-WP_005595617.1;ftsA;ftsZ;lpxC
7,recN,CDS,COG0497,28786,30459,+,[L] ATPase involved in DNA repair ,28786,30459,1,1,single,,,recN,recN,28786,30459,recN
8,cds-WP_012262672.1,CDS,COG0747,33833,35407,-,"[E] ABC-type dipeptide transport system, periplasmic component",33833,35407,4,1,first,,cds-WP_005595632.1,cds-WP_012262672.1,cds-WP_039709518.1,30601,35407,cds-WP_012262672.1;cds-WP_005595632.1;cds-WP_005599978.1;cds-WP_039709518.1
8,cds-WP_005595632.1,CDS,COG0601,32792,33739,-,"[EP] ABC-type dipeptide/oligopeptide/nickel transport systems, permease components",32792,33739,4,2,internal,cds-WP_012262672.1,cds-WP_005599978.1,cds-WP_012262672.1,cds-WP_039709518.1,30601,35407,cds-WP_012262672.1;cds-WP_005595632.1;cds-WP_005599978.1;cds-WP_039709518.1
8,cds-WP_005599978.1,CDS,COG1173,32004,32789,-,"[EP] ABC-type dipeptide/oligopeptide/nickel transport systems, permease components",32004,32789,4,3,internal,cds-WP_005595632.1,cds-WP_039709518.1,cds-WP_012262672.1,cds-WP_039709518.1,30601,35407,cds-WP_012262672.1;cds-WP_005595632.1;cds-WP_005599978.1;cds-WP_039709518.1
8,cds-WP_039709518.1,CDS,COG1124,30601,32004,-,"[EP] ABC-type dipeptide/oligopeptide/nickel transport system, ATPase component",30601,32004,4,4,last,cds-WP_005599978.1,,cds-WP_012262672.1,cds-WP_039709518.1,30601,35407,cds-WP_012262672.1;cds-WP_005595632.1;cds-WP_005599978.1;cds-WP_039709518.1
9,prfC,CDS,COG4108,35601,37181,-,[J] Peptide chain release factor RF-3 ,35601,37181,1,1,single,,,prfC,prfC,35601,37181,prfC
10,cds-WP_005599983.1,CDS,COG3152,37364,37831,+,[S] Predicted membrane protein   ,37364,37831,2,1,first,,cds-WP_005595642.1,cds-WP_005599983.1,cds-WP_005595642.1,37364,38393,cds-WP_005599983.1;cds-WP_005595642.1
10,cds-WP_005595642.1,CDS,COG3152,37878,38393,+,[S] Predicted membrane protein   ,37878,38393,2,2,last,cds-WP_005599983.1,,cds-WP_005599983.1,cds-WP_005595642.1,37364,38393,cds-WP_005599983.1;cds-WP_005595642.1
11,pth,CDS,COG0193,38520,39104,+,[J] Peptidyl-tRNA hydrolase    ,38520,39104,2,1,first,,ychF,pth,ychF,38520,40304,pth;ychF
11,ychF,CDS,COG0012,39213,40304,+,"[J] Predicted GTPase, probable translation factor ",39213,40304,2,2,last,pth,,pth,ychF,38520,40304,pth;ychF
12,cds-WP_005595645.1,CDS,COG2020,40376,40813,+,[O] Putative protein-S-isoprenylcysteine methyltransferase   ,40376,40813,1,1,single,,,cds-WP_005595645.1,cds-WP_005595645.1,40376,40813,cds-WP_005595645.1
13,cds-WP_005595649.1,CDS,COG3102,41660,42256,-,[S] Uncharacterized protein conserved in bacteria ,41660,42256,3,1,first,,cds-WP_005618683.1,cds-WP_005595649.1,cds-WP_005599987.1,40863,42256,cds-WP_005595649.1;cds-WP_005618683.1;cds-WP_005599987.1
13,cds-WP_005618683.1,CDS,COG3133,41169,41633,-,[M] Outer membrane lipoprotein   ,41169,41633,3,2,internal,cds-WP_005595649.1,cds-WP_005599987.1,cds-WP_005595649.1,cds-WP_005599987.1,40863,42256,cds-WP_005595649.1;cds-WP_005618683.1;cds-WP_005599987.1
13,cds-WP_005599987.1,CDS,COG3133,40863,41138,-,[M] Outer membrane lipoprotein   ,40863,41138,3,3,last,cds-WP_005618683.1,,cds-WP_005595649.1,cds-WP_005599987.1,40863,42256,cds-WP_005595649.1;cds-WP_005618683.1;cds-WP_005599987.1
14,argS,CDS,COG0018,42354,44081,+,[J] Arginyl-tRNA synthetase    ,42354,44081,1,1,single,,,argS,argS,42354,44081,argS
15,cgtA,CDS,COG0536,44225,45400,+,[R] Predicted GTPase    ,44225,45400,1,1,single,,,cgtA,cgtA,44225,45400,cgtA
16,cds-WP_005599990.1,CDS,ROG8476,45475,46086,+,NA,45475,46086,1,1,single,,,cds-WP_005599990.1,cds-WP_005599990.1,45475,46086,cds-WP_005599990.1
17,rlmB,CDS,COG0566,46186,46929,-,[J] rRNA methylases    ,46186,46929,1,1,single,,,rlmB,rlmB,46186,46929,rlmB
18,pssA,CDS,NA,47008,48372,-,NA,47008,48372,1,1,single,,,pssA,pssA,47008,48372,pssA
19,ribF,CDS,COG0196,51401,52363,-,[H] FAD synthase    ,51401,52363,2,1,first,,ileS,ribF,ileS,48524,52363,ribF;ileS
19,ileS,CDS,COG0060,48524,51340,-,[J] Isoleucyl-tRNA synthetase    ,48524,51340,2,2,last,ribF,,ribF,ileS,48524,52363,ribF;ileS
20,nadR,CDS,COG3172,52696,53976,+,[H] Predicted ATPase/kinase involved in NAD metabolism,52696,53976,2,1,first,,cds-WP_005595665.1,nadR,cds-WP_005595665.1,52696,54671,nadR;cds-WP_005595665.1
20,cds-WP_005595665.1,CDS,ROG0146,53973,54671,+,NA,53973,54671,2,2,last,nadR,,nadR,cds-WP_005595665.1,52696,54671,nadR;cds-WP_005595665.1
21,arcA,CDS,COG0745,54844,55560,+,[TK] Response regulators consisting of a CheY-like,54844,55560,2,1,first,,cds-WP_005595670.1,arcA,cds-WP_005595670.1,54844,56130,arcA;cds-WP_005595670.1
21,cds-WP_005595670.1,CDS,COG3637,55612,56130,+,[M] Opacity protein and related surface antigens,55612,56130,2,2,last,arcA,,arcA,cds-WP_005595670.1,54844,56130,arcA;cds-WP_005595670.1
22,cds-WP_039708895.1,CDS,COG1778,56214,56750,-,[R] Low specificity phosphatase (HAD superfamily) ,56214,56750,1,1,single,,,cds-WP_039708895.1,cds-WP_039708895.1,56214,56750,cds-WP_039708895.1
23,cds-WP_005611137.1,CDS,COG0325,56805,57500,+,[R] Predicted enzyme with a TIM-barrel fold,56805,57500,1,1,single,,,cds-WP_005611137.1,cds-WP_005611137.1,56805,57500,cds-WP_005611137.1
24,typA,CDS,COG1217,57692,59539,+,[T] Predicted membrane GTPase involved in stress,57692,59539,1,1,single,,,typA,typA,57692,59539,typA
25,cds-WP_005595677.1,CDS,COG0695,59698,59961,+,[O] Glutaredoxin and related proteins  ,59698,59961,1,1,single,,,cds-WP_005595677.1,cds-WP_005595677.1,59698,59961,cds-WP_005595677.1
26,rph,CDS,COG0689,60027,60743,-,[J] RNase PH    ,60027,60743,1,1,single,,,rph,rph,60027,60743,rph
27,cds-WP_005603224.1,CDS,COG1561,60947,61810,+,[S] Uncharacterized stress-induced protein   ,60947,61810,2,1,first,,ygfZ,cds-WP_005603224.1,ygfZ,60947,62706,cds-WP_005603224.1;ygfZ
27,ygfZ,CDS,COG0354,61819,62706,+,[R] Predicted aminomethyltransferase related to GcvT ,61819,62706,2,2,last,cds-WP_005603224.1,,cds-WP_005603224.1,ygfZ,60947,62706,cds-WP_005603224.1;ygfZ
28,cds-WP_005595684.1,CDS,COG2768,62756,63016,-,[R] Uncharacterized Fe-S center protein  ,62756,63016,1,1,single,,,cds-WP_005595684.1,cds-WP_005595684.1,62756,63016,cds-WP_005595684.1
29,cds-WP_009875503.1,CDS,COG2197,63162,63791,-,[TK] Response regulator containing a CheY-like receiver,63162,63791,1,1,single,,,cds-WP_009875503.1,cds-WP_009875503.1,63162,63791,cds-WP_009875503.1
30,rlmKL,CDS,COG0116,63995,66133,+,[L] Predicted N6-adenine-specific DNA methylase  ,63995,66133,2,1,first,,trmL,rlmKL,trmL,63995,66670,rlmKL;trmL
30,trmL,CDS,COG0219,66191,66670,+,[J] Predicted rRNA methylase (SpoU class) ,66191,66670,2,2,last,rlmKL,,rlmKL,trmL,63995,66670,rlmKL;trmL
31,tal,CDS,COG0176,66810,67757,-,[G] Transaldolase     ,66810,67757,1,1,single,,,tal,tal,66810,67757,tal
32,rna-MIDG2331_RS00315,rRNA,NA,68256,69797,+,NA,68256,69797,4,1,first,,rna-MIDG2331_RS00320,rna-MIDG2331_RS00315,rrf,68256,73420,rna-MIDG2331_RS00315;rna-MIDG2331_RS00320;rna-MIDG2331_RS00325;rrf
32,rna-MIDG2331_RS00320,tRNA,NA,69950,70025,+,NA,69950,70025,4,2,internal,rna-MIDG2331_RS00315,rna-MIDG2331_RS00325,rna-MIDG2331_RS00315,rrf,68256,73420,rna-MIDG2331_RS00315;rna-MIDG2331_RS00320;rna-MIDG2331_RS00325;rrf
32,rna-MIDG2331_RS00325,rRNA,NA,70244,73145,+,NA,70244,73145,4,3,internal,rna-MIDG2331_RS00320,rrf,rna-MIDG2331_RS00315,rrf,68256,73420,rna-MIDG2331_RS00315;rna-MIDG2331_RS00320;rna-MIDG2331_RS00325;rrf
32,rrf,rRNA,NA,73305,73420,+,NA,73305,73420,4,4,last,rna-MIDG2331_RS00325,,rna-MIDG2331_RS00315,rrf,68256,73420,rna-MIDG2331_RS00315;rna-MIDG2331_RS00320;rna-MIDG2331_RS00325;rrf
33,cds-WP_157752166.1,CDS,NA,73464,73613,-,NA,73464,73613,1,1,single,,,cds-WP_157752166.1,cds-WP_157752166.1,73464,73613,cds-WP_157752166.1
34,cds-WP_005595694.1,CDS,COG0747,73811,75406,+,"[E] ABC-type dipeptide transport system, periplasmic component",73811,75406,6,1,first,,cds-WP_039708899.1,cds-WP_005595694.1,cds-WP_012262684.1,73811,81274,cds-WP_005595694.1;cds-WP_039708899.1;cds-WP_039708900.1;cds-WP_005595697.1;dppD;cds-WP_012262684.1
34,cds-WP_039708899.1,CDS,COG0747,75574,77175,+,"[E] ABC-type dipeptide transport system, periplasmic component",75574,77175,6,2,internal,cds-WP_005595694.1,cds-WP_039708900.1,cds-WP_005595694.1,cds-WP_012262684.1,73811,81274,cds-WP_005595694.1;cds-WP_039708899.1;cds-WP_039708900.1;cds-WP_005595697.1;dppD;cds-WP_012262684.1
34,cds-WP_039708900.1,CDS,COG0601,77303,78307,+,"[EP] ABC-type dipeptide/oligopeptide/nickel transport systems, permease components",77303,78307,6,3,internal,cds-WP_039708899.1,cds-WP_005595697.1,cds-WP_005595694.1,cds-WP_012262684.1,73811,81274,cds-WP_005595694.1;cds-WP_039708899.1;cds-WP_039708900.1;cds-WP_005595697.1;dppD;cds-WP_012262684.1
34,cds-WP_005595697.1,CDS,COG1173,78385,79275,+,"[EP] ABC-type dipeptide/oligopeptide/nickel transport systems, permease components",78385,79275,6,4,internal,cds-WP_039708900.1,dppD,cds-WP_005595694.1,cds-WP_012262684.1,73811,81274,cds-WP_005595694.1;cds-WP_039708899.1;cds-WP_039708900.1;cds-WP_005595697.1;dppD;cds-WP_012262684.1
34,dppD,CDS,COG0444,79286,80272,+,"[EP] ABC-type dipeptide/oligopeptide/nickel transport system, ATPase component",79286,80272,6,5,internal,cds-WP_005595697.1,cds-WP_012262684.1,cds-WP_005595694.1,cds-WP_012262684.1,73811,81274,cds-WP_005595694.1;cds-WP_039708899.1;cds-WP_039708900.1;cds-WP_005595697.1;dppD;cds-WP_012262684.1
34,cds-WP_012262684.1,CDS,COG4608,80285,81274,+,"[E] ABC-type oligopeptide transport system, ATPase component",80285,81274,6,6,last,dppD,,cds-WP_005595694.1,cds-WP_012262684.1,73811,81274,cds-WP_005595694.1;cds-WP_039708899.1;cds-WP_039708900.1;cds-WP_005595697.1;dppD;cds-WP_012262684.1
35,psiE,CDS,COG3223,81347,81757,-,[S] Predicted membrane protein   ,81347,81757,1,1,single,,,psiE,psiE,81347,81757,psiE
36,cds-WP_005603248.1,CDS,COG0115,82953,83990,-,[EH] Branched-chain amino acid aminotransferase/4-amino-4-deoxychorismate lyase ,82953,83990,3,1,first,,cds-WP_005595710.1,cds-WP_005603248.1,cds-WP_012262685.1,81835,83990,cds-WP_005603248.1;cds-WP_005595710.1;cds-WP_012262685.1
36,cds-WP_005595710.1,CDS,COG0251,82522,82866,-,"[J] Putative translation initiation inhibitor, yjgF family",82522,82866,3,2,internal,cds-WP_005603248.1,cds-WP_012262685.1,cds-WP_005603248.1,cds-WP_012262685.1,81835,83990,cds-WP_005603248.1;cds-WP_005595710.1;cds-WP_012262685.1
36,cds-WP_012262685.1,CDS,NA,81835,82467,-,NA,81835,82467,3,3,last,cds-WP_005595710.1,,cds-WP_005603248.1,cds-WP_012262685.1,81835,83990,cds-WP_005603248.1;cds-WP_005595710.1;cds-WP_012262685.1
37,grxD,CDS,COG0278,84132,84464,-,[O] Glutaredoxin-related protein    ,84132,84464,1,1,single,,,grxD,grxD,84132,84464,grxD
38,cds-WP_005600053.1,CDS,COG0718,85212,85541,-,[S] Uncharacterized protein conserved in bacteria ,85212,85541,2,1,first,,recR,cds-WP_005600053.1,recR,84536,85541,cds-WP_005600053.1;recR
38,recR,CDS,COG0353,84536,85141,-,[L] Recombinational DNA repair protein (RecF pathway),84536,85141,2,2,last,cds-WP_005600053.1,,cds-WP_005600053.1,recR,84536,85541,cds-WP_005600053.1;recR
39,exbB,CDS,COG0811,87011,87463,-,[U] Biopolymer transport proteins   ,87011,87463,3,1,first,,exbD,exbB,cds-WP_005595716.1,85710,87463,exbB;exbD;cds-WP_005595716.1
39,exbD,CDS,COG0848,86577,86966,-,[U] Biopolymer transport protein   ,86577,86966,3,2,internal,exbB,cds-WP_005595716.1,exbB,cds-WP_005595716.1,85710,87463,exbB;exbD;cds-WP_005595716.1
39,cds-WP_005595716.1,CDS,COG0810,85710,86567,-,"[M] Periplasmic protein TonB, links inner and",85710,86567,3,3,last,exbD,,exbB,cds-WP_005595716.1,85710,87463,exbB;exbD;cds-WP_005595716.1
40,glpE,CDS,COG0607,87651,87977,+,[P] Rhodanese-related sulfurtransferase    ,87651,87977,2,1,first,,cds-WP_005611180.1,glpE,cds-WP_005611180.1,87651,88866,glpE;cds-WP_005611180.1
40,cds-WP_005611180.1,CDS,COG3118,88021,88866,+,[O] Thioredoxin domain-containing protein   ,88021,88866,2,2,last,glpE,,glpE,cds-WP_005611180.1,87651,88866,glpE;cds-WP_005611180.1
41,dhaK,CDS,COG2376,89985,91055,-,[G] Dihydroxyacetone kinase    ,89985,91055,3,1,first,,dhaL,dhaK,dhaM,88941,91055,dhaK;dhaL;dhaM
41,dhaL,CDS,COG2376,89357,89983,-,[G] Dihydroxyacetone kinase    ,89357,89983,3,2,internal,dhaK,dhaM,dhaK,dhaM,88941,91055,dhaK;dhaL;dhaM
41,dhaM,CDS,COG3412,88941,89348,-,[S] Uncharacterized protein conserved in bacteria ,88941,89348,3,3,last,dhaL,,dhaK,dhaM,88941,91055,dhaK;dhaL;dhaM
42,trxB,CDS,COG0492,91225,92178,+,[O] Thioredoxin reductase    ,91225,92178,1,1,single,,,trxB,trxB,91225,92178,trxB
43,kdsB,CDS,COG1212,92286,93038,+,[M] CMP-2-keto-3-deoxyoctulosonic acid synthetase   ,92286,93038,1,1,single,,,kdsB,kdsB,92286,93038,kdsB
44,cds-WP_005595728.1,CDS,COG3753,93162,93587,+,[S] Uncharacterized protein conserved in bacteria ,93162,93587,1,1,single,,,cds-WP_005595728.1,cds-WP_005595728.1,93162,93587,cds-WP_005595728.1
45,pepQ,CDS,COG0006,96483,97814,-,[E] Xaa-Pro aminopeptidase    ,96483,97814,5,1,first,,cds-WP_005595735.1,pepQ,nudC,93661,97814,pepQ;cds-WP_005595735.1;cds-WP_039709523.1;cds-WP_039708903.1;nudC
45,cds-WP_005595735.1,CDS,COG3030,95996,96460,-,[R] Protein affecting phage T7 exclusion by,95996,96460,5,2,internal,pepQ,cds-WP_039709523.1,pepQ,nudC,93661,97814,pepQ;cds-WP_005595735.1;cds-WP_039709523.1;cds-WP_039708903.1;nudC
45,cds-WP_039709523.1,CDS,COG0697,95148,95996,-,[GER] Permeases of the drug/metabolite transporter (DMT),95148,95996,5,3,internal,cds-WP_005595735.1,cds-WP_039708903.1,pepQ,nudC,93661,97814,pepQ;cds-WP_005595735.1;cds-WP_039709523.1;cds-WP_039708903.1;nudC
45,cds-WP_039708903.1,CDS,COG1187,94449,95147,-,[J] 16S rRNA uridine-516 pseudouridylate synthase and,94449,95147,5,4,internal,cds-WP_039709523.1,nudC,pepQ,nudC,93661,97814,pepQ;cds-WP_005595735.1;cds-WP_039709523.1;cds-WP_039708903.1;nudC
45,nudC,CDS,COG2816,93661,94449,-,"[L] NTP pyrophosphohydrolases containing a Zn-finger, probably",93661,94449,5,5,last,cds-WP_039708903.1,,pepQ,nudC,93661,97814,pepQ;cds-WP_005595735.1;cds-WP_039709523.1;cds-WP_039708903.1;nudC
46,tusA,CDS,COG0425,97838,98077,+,"[O] Predicted redox protein, regulator of disulfide",97838,98077,1,1,single,,,tusA,tusA,97838,98077,tusA
47,yihA,CDS,COG0218,98569,99189,-,[R] Predicted GTPase    ,98569,99189,2,1,first,,rraB,yihA,rraB,98127,99189,yihA;rraB
47,rraB,CDS,COG3076,98127,98567,-,[S] Uncharacterized protein conserved in bacteria ,98127,98567,2,2,last,yihA,,yihA,rraB,98127,99189,yihA;rraB
48,cds-WP_039708904.1,CDS,COG0428,99938,100768,-,[P] Predicted divalent heavy-metal cations transporter ,99938,100768,2,1,first,,cds-WP_011848312.1,cds-WP_039708904.1,cds-WP_011848312.1,99484,100768,cds-WP_039708904.1;cds-WP_011848312.1
48,cds-WP_011848312.1,CDS,COG3152,99484,99900,-,[S] Predicted membrane protein   ,99484,99900,2,2,last,cds-WP_039708904.1,,cds-WP_039708904.1,cds-WP_011848312.1,99484,100768,cds-WP_039708904.1;cds-WP_011848312.1
49,ilvG,CDS,COG0028,103111,104763,-,"[EH] Thiamine pyrophosphate-requiring enzymes [acetolactate synthase, pyruvate",103111,104763,3,1,first,,ilvM,ilvG,ilvD,100919,104763,ilvG;ilvM;ilvD
49,ilvM,CDS,COG3978,102872,103090,-,"[S] Acetolactate synthase (isozyme II), small (regulatory)",102872,103090,3,2,internal,ilvG,ilvD,ilvG,ilvD,100919,104763,ilvG;ilvM;ilvD
49,ilvD,CDS,COG0129,100919,102754,-,[EG] Dihydroxyacid dehydratase/phosphogluconate dehydratase   ,100919,102754,3,3,last,ilvM,,ilvG,ilvD,100919,104763,ilvG;ilvM;ilvD
50,nrfA,CDS,COG3303,105163,106671,+,"[P] Formate-dependent nitrite reductase, periplasmic cytochrome c552",105163,106671,4,1,first,,nrfB,nrfA,nrfD,105163,108984,nrfA;nrfB;nrfC;nrfD
50,nrfB,CDS,ROG7294,106692,107339,+,NA,106692,107339,4,2,internal,nrfA,nrfC,nrfA,nrfD,105163,108984,nrfA;nrfB;nrfC;nrfD
50,nrfC,CDS,COG0437,107339,108016,+,[C] Fe-S-cluster-containing hydrogenase components 1  ,107339,108016,4,3,internal,nrfB,nrfD,nrfA,nrfD,105163,108984,nrfA;nrfB;nrfC;nrfD
50,nrfD,CDS,COG3301,108016,108984,+,"[P] Formate-dependent nitrite reductase, membrane component ",108016,108984,4,4,last,nrfC,,nrfA,nrfD,105163,108984,nrfA;nrfB;nrfC;nrfD
51,cds-WP_058230447.1,CDS,COG5295,109268,122965,+,[UW] Autotransporter adhesin    ,109268,122965,1,1,single,,,cds-WP_058230447.1,cds-WP_058230447.1,109268,122965,cds-WP_058230447.1
52,cds-WP_039709525.1,CDS,COG2233,123206,124435,-,[F] Xanthine/uracil permeases    ,123206,124435,1,1,single,,,cds-WP_039709525.1,cds-WP_039709525.1,123206,124435,cds-WP_039709525.1
53,putP,CDS,COG0591,128303,129817,-,[ER] Na+/proline symporter    ,128303,129817,2,1,first,,putA,putP,putA,124595,129817,putP;putA
53,putA,CDS,COG4230,124595,128200,-,[C] Delta 1-pyrroline-5-carboxylate dehydrogenase   ,124595,128200,2,2,last,putP,,putP,putA,124595,129817,putP;putA
54,cds-WP_005603300.1,CDS,COG0212,131174,131749,-,[H] 5-formyltetrahydrofolate cyclo-ligase    ,131174,131749,2,1,first,,cds-WP_005606820.1,cds-WP_005603300.1,cds-WP_005606820.1,130392,131749,cds-WP_005603300.1;cds-WP_005606820.1
54,cds-WP_005606820.1,CDS,COG1414,130392,131177,-,[K] Transcriptional regulator    ,130392,131177,2,2,last,cds-WP_005603300.1,,cds-WP_005603300.1,cds-WP_005606820.1,130392,131749,cds-WP_005603300.1;cds-WP_005606820.1
55,cds-WP_005595785.1,CDS,COG3027,132020,132340,-,[S] Uncharacterized protein conserved in bacteria ,132020,132340,1,1,single,,,cds-WP_005595785.1,cds-WP_005595785.1,132020,132340,cds-WP_005595785.1
56,cds-WP_005614326.1,CDS,COG3079,132418,132969,+,[S] Uncharacterized protein conserved in bacteria ,132418,132969,1,1,single,,,cds-WP_005614326.1,cds-WP_005614326.1,132418,132969,cds-WP_005614326.1
57,hemE,CDS,COG0407,133075,134139,+,[H] Uroporphyrinogen-III decarboxylase    ,133075,134139,1,1,single,,,hemE,hemE,133075,134139,hemE
58,cds-WP_005618713.1,CDS,COG3068,134263,134853,+,[S] Uncharacterized protein conserved in bacteria ,134263,134853,1,1,single,,,cds-WP_005618713.1,cds-WP_005618713.1,134263,134853,cds-WP_005618713.1
59,cds-WP_005595795.1,CDS,COG0776,134989,135261,+,[L] Bacterial nucleoid DNA-binding protein  ,134989,135261,1,1,single,,,cds-WP_005595795.1,cds-WP_005595795.1,134989,135261,cds-WP_005595795.1
60,cds-WP_005606830.1,CDS,COG0207,135314,136165,-,[F] Thymidylate synthase    ,135314,136165,1,1,single,,,cds-WP_005606830.1,cds-WP_005606830.1,135314,136165,cds-WP_005606830.1
61,cds-WP_005603308.1,CDS,ROG5394,136253,136837,+,NA,136253,136837,1,1,single,,,cds-WP_005603308.1,cds-WP_005603308.1,136253,136837,cds-WP_005603308.1
62,bioB,CDS,COG0502,136933,137943,+,[H] Biotin synthase and related enzymes ,136933,137943,1,1,single,,,bioB,bioB,136933,137943,bioB
63,cspE,CDS,COG1278,138007,138216,-,[K] Cold shock proteins   ,138007,138216,1,1,single,,,cspE,cspE,138007,138216,cspE
64,proQ,CDS,COG3109,138579,139127,+,[T] Activator of osmoprotectant transporter ProP ,138579,139127,2,1,first,,prc,proQ,prc,138579,141231,proQ;prc
64,prc,CDS,COG0793,139219,141231,+,[M] Periplasmic protease    ,139219,141231,2,2,last,proQ,,proQ,prc,138579,141231,proQ;prc
65,cds-WP_005614331.1,CDS,COG2989,141328,142893,+,[S] Uncharacterized protein conserved in bacteria ,141328,142893,3,1,first,,cds-WP_005595812.1,cds-WP_005614331.1,cds-WP_005595814.1,141328,144266,cds-WP_005614331.1;cds-WP_005595812.1;cds-WP_005595814.1
65,cds-WP_005595812.1,CDS,COG3108,143065,143619,+,[S] Uncharacterized protein conserved in bacteria ,143065,143619,3,2,internal,cds-WP_005614331.1,cds-WP_005595814.1,cds-WP_005614331.1,cds-WP_005595814.1,141328,144266,cds-WP_005614331.1;cds-WP_005595812.1;cds-WP_005595814.1
65,cds-WP_005595814.1,CDS,COG0491,143637,144266,+,"[R] Zn-dependent hydrolases, including glyoxylases  ",143637,144266,3,3,last,cds-WP_005595812.1,,cds-WP_005614331.1,cds-WP_005595814.1,141328,144266,cds-WP_005614331.1;cds-WP_005595812.1;cds-WP_005595814.1
66,hinT,CDS,COG0537,145391,145756,-,[FGR] Diadenosine tetraphosphate (Ap4A) hydrolase and other,145391,145756,3,1,first,,cds-WP_005595819.1,hinT,cds-WP_039708915.1,144269,145756,hinT;cds-WP_005595819.1;cds-WP_039708915.1
66,cds-WP_005595819.1,CDS,COG5633,145015,145389,-,[R] Predicted periplasmic lipoprotein   ,145015,145389,3,2,internal,hinT,cds-WP_039708915.1,hinT,cds-WP_039708915.1,144269,145756,hinT;cds-WP_005595819.1;cds-WP_039708915.1
66,cds-WP_039708915.1,CDS,COG0510,144269,145018,-,[M] Predicted choline kinase involved in LPS,144269,145018,3,3,last,cds-WP_005595819.1,,hinT,cds-WP_039708915.1,144269,145756,hinT;cds-WP_005595819.1;cds-WP_039708915.1
67,rsgA,CDS,COG1162,148122,149156,-,[R] Predicted GTPases    ,148122,149156,4,1,first,,rnhB,rsgA,cds-WP_005595823.1,145828,149156,rsgA;rnhB;cds-WP_005620059.1;cds-WP_005595823.1
67,rnhB,CDS,COG0164,147506,148099,-,[L] Ribonuclease HII    ,147506,148099,4,2,internal,rsgA,cds-WP_005620059.1,rsgA,cds-WP_005595823.1,145828,149156,rsgA;rnhB;cds-WP_005620059.1;cds-WP_005595823.1
67,cds-WP_005620059.1,CDS,COG1108,146651,147505,-,"[P] ABC-type Mn2+/Zn2+ transport systems, permease components",146651,147505,4,3,internal,rnhB,cds-WP_005595823.1,rsgA,cds-WP_005595823.1,145828,149156,rsgA;rnhB;cds-WP_005620059.1;cds-WP_005595823.1
67,cds-WP_005595823.1,CDS,COG1108,145828,146658,-,"[P] ABC-type Mn2+/Zn2+ transport systems, permease components",145828,146658,4,4,last,cds-WP_005620059.1,,rsgA,cds-WP_005595823.1,145828,149156,rsgA;rnhB;cds-WP_005620059.1;cds-WP_005595823.1
68,cds-WP_005606844.1,CDS,COG0583,149666,150556,+,[K] Transcriptional regulator    ,149666,150556,4,1,first,,yjjG,cds-WP_005606844.1,cds-WP_005600150.1,149666,152864,cds-WP_005606844.1;yjjG;cysB;cds-WP_005600150.1
68,yjjG,CDS,COG1011,150556,151236,+,[R] Predicted hydrolase (HAD superfamily)  ,150556,151236,4,2,internal,cds-WP_005606844.1,cysB,cds-WP_005606844.1,cds-WP_005600150.1,149666,152864,cds-WP_005606844.1;yjjG;cysB;cds-WP_005600150.1
68,cysB,CDS,COG0583,151236,152219,+,[K] Transcriptional regulator    ,151236,152219,4,3,internal,yjjG,cds-WP_005600150.1,cds-WP_005606844.1,cds-WP_005600150.1,149666,152864,cds-WP_005606844.1;yjjG;cysB;cds-WP_005600150.1
68,cds-WP_005600150.1,CDS,NA,152220,152864,+,NA,152220,152864,4,4,last,cysB,,cds-WP_005606844.1,cds-WP_005600150.1,149666,152864,cds-WP_005606844.1;yjjG;cysB;cds-WP_005600150.1
69,ansB,CDS,COG0252,152943,153992,-,[EJ] L-asparaginase/archaeal Glu-tRNAGln amidotransferase subunit D ,152943,153992,1,1,single,,,ansB,ansB,152943,153992,ansB
70,pyrG,CDS,COG0504,154297,155934,+,[F] CTP synthase (UTP-ammonia lyase)  ,154297,155934,1,1,single,,,pyrG,pyrG,154297,155934,pyrG
71,cds-WP_039708918.1,CDS,COG5413,156034,156540,+,[S] Uncharacterized integral membrane protein  ,156034,156540,1,1,single,,,cds-WP_039708918.1,cds-WP_039708918.1,156034,156540,cds-WP_039708918.1
72,leuC,CDS,COG0065,157199,158608,-,[E] 3-isopropylmalate dehydratase large subunit  ,157199,158608,2,1,first,,leuD,leuC,leuD,156586,158608,leuC;leuD
72,leuD,CDS,COG0066,156586,157188,-,[E] 3-isopropylmalate dehydratase small subunit  ,156586,157188,2,2,last,leuC,,leuC,leuD,156586,158608,leuC;leuD
73,cds-WP_039708919.1,CDS,COG3835,158951,160066,+,[KT] Sugar diacid utilization regulator  ,158951,160066,4,1,first,,cds-WP_039708920.1,cds-WP_039708919.1,cds-WP_009875068.1,158951,162891,cds-WP_039708919.1;cds-WP_039708920.1;cds-WP_009875069.1;cds-WP_009875068.1
73,cds-WP_039708920.1,CDS,COG2610,160194,161456,+,[GE] H+/gluconate symporter and related permeases ,160194,161456,4,2,internal,cds-WP_039708919.1,cds-WP_009875069.1,cds-WP_039708919.1,cds-WP_009875068.1,158951,162891,cds-WP_039708919.1;cds-WP_039708920.1;cds-WP_009875069.1;cds-WP_009875068.1
73,cds-WP_009875069.1,CDS,COG1929,161467,162600,+,[G] Glycerate kinase    ,161467,162600,4,3,internal,cds-WP_039708920.1,cds-WP_009875068.1,cds-WP_039708919.1,cds-WP_009875068.1,158951,162891,cds-WP_039708919.1;cds-WP_039708920.1;cds-WP_009875069.1;cds-WP_009875068.1
73,cds-WP_009875068.1,CDS,COG1254,162619,162891,+,[C] Acylphosphatases     ,162619,162891,4,4,last,cds-WP_009875069.1,,cds-WP_039708919.1,cds-WP_009875068.1,158951,162891,cds-WP_039708919.1;cds-WP_039708920.1;cds-WP_009875069.1;cds-WP_009875068.1
74,ppnN,CDS,COG1611,164525,165904,-,[R] Predicted Rossmann fold nucleotide-binding protein ,164525,165904,2,1,first,,cds-WP_005611255.1,ppnN,cds-WP_005611255.1,162962,165904,ppnN;cds-WP_005611255.1
74,cds-WP_005611255.1,CDS,COG3593,162962,164521,-,[L] Predicted ATP-dependent endonuclease of the OLD,162962,164521,2,2,last,ppnN,,ppnN,cds-WP_005611255.1,162962,165904,ppnN;cds-WP_005611255.1
75,dusA,CDS,COG0042,165964,166941,-,[J] tRNA-dihydrouridine synthase    ,165964,166941,1,1,single,,,dusA,dusA,165964,166941,dusA
76,cds-WP_005600172.1,CDS,COG0208,167294,168271,+,"[F] Ribonucleotide reductase, beta subunit  ",167294,168271,2,1,first,,cds-WP_005595861.1,cds-WP_005600172.1,cds-WP_005595861.1,167294,169922,cds-WP_005600172.1;cds-WP_005595861.1
76,cds-WP_005595861.1,CDS,COG0209,168258,169922,+,"[F] Ribonucleotide reductase, alpha subunit  ",168258,169922,2,2,last,cds-WP_005600172.1,,cds-WP_005600172.1,cds-WP_005595861.1,167294,169922,cds-WP_005600172.1;cds-WP_005595861.1
77,nfuA,CDS,COG0694,170057,170656,-,[O] Thioredoxin-like proteins and domains  ,170057,170656,1,1,single,,,nfuA,nfuA,170057,170656,nfuA
78,cds-WP_005611261.1,CDS,COG1726,171111,172460,+,"[C] Na+-transporting NADH:ubiquinone oxidoreductase, subunit NqrA ",171111,172460,8,1,first,,cds-WP_005600179.1,cds-WP_005611261.1,nqrM,171111,178430,cds-WP_005611261.1;cds-WP_005600179.1;cds-WP_039708922.1;cds-WP_005595868.1;nqrE;nqrF;cds-WP_005600183.1;nqrM
78,cds-WP_005600179.1,CDS,COG1805,172465,173697,+,"[C] Na+-transporting NADH:ubiquinone oxidoreductase, subunit NqrB ",172465,173697,8,2,internal,cds-WP_005611261.1,cds-WP_039708922.1,cds-WP_005611261.1,nqrM,171111,178430,cds-WP_005611261.1;cds-WP_005600179.1;cds-WP_039708922.1;cds-WP_005595868.1;nqrE;nqrF;cds-WP_005600183.1;nqrM
78,cds-WP_039708922.1,CDS,COG2869,173700,174473,+,"[C] Na+-transporting NADH:ubiquinone oxidoreductase, subunit NqrC ",173700,174473,8,3,internal,cds-WP_005600179.1,cds-WP_005595868.1,cds-WP_005611261.1,nqrM,171111,178430,cds-WP_005611261.1;cds-WP_005600179.1;cds-WP_039708922.1;cds-WP_005595868.1;nqrE;nqrF;cds-WP_005600183.1;nqrM
78,cds-WP_005595868.1,CDS,COG1347,174473,175096,+,"[C] Na+-transporting NADH:ubiquinone oxidoreductase, subunit NqrD ",174473,175096,8,4,internal,cds-WP_039708922.1,nqrE,cds-WP_005611261.1,nqrM,171111,178430,cds-WP_005611261.1;cds-WP_005600179.1;cds-WP_039708922.1;cds-WP_005595868.1;nqrE;nqrF;cds-WP_005600183.1;nqrM
78,nqrE,CDS,COG2209,175098,175694,+,"[C] Na+-transporting NADH:ubiquinone oxidoreductase, subunit NqrE ",175098,175694,8,5,internal,cds-WP_005595868.1,nqrF,cds-WP_005611261.1,nqrM,171111,178430,cds-WP_005611261.1;cds-WP_005600179.1;cds-WP_039708922.1;cds-WP_005595868.1;nqrE;nqrF;cds-WP_005600183.1;nqrM
78,nqrF,CDS,COG2871,175705,176934,+,"[C] Na+-transporting NADH:ubiquinone oxidoreductase, subunit NqrF ",175705,176934,8,6,internal,nqrE,cds-WP_005600183.1,cds-WP_005611261.1,nqrM,171111,178430,cds-WP_005611261.1;cds-WP_005600179.1;cds-WP_039708922.1;cds-WP_005595868.1;nqrE;nqrF;cds-WP_005600183.1;nqrM
78,cds-WP_005600183.1,CDS,COG1477,177141,178172,+,[H] Membrane-associated lipoprotein involved in thiamine biosynthesis,177141,178172,8,7,internal,nqrF,nqrM,cds-WP_005611261.1,nqrM,171111,178430,cds-WP_005611261.1;cds-WP_005600179.1;cds-WP_039708922.1;cds-WP_005595868.1;nqrE;nqrF;cds-WP_005600183.1;nqrM
78,nqrM,CDS,COG2991,178185,178430,+,[S] Uncharacterized protein conserved in bacteria ,178185,178430,8,8,last,cds-WP_005600183.1,,cds-WP_005611261.1,nqrM,171111,178430,cds-WP_005611261.1;cds-WP_005600179.1;cds-WP_039708922.1;cds-WP_005595868.1;nqrE;nqrF;cds-WP_005600183.1;nqrM
79,mnmA,CDS,COG0482,178661,179830,+,"[J] Predicted tRNA(5-methylaminomethyl-2-thiouridylate) methyltransferase, contains the PP-loop",178661,179830,1,1,single,,,mnmA,mnmA,178661,179830,mnmA
80,proC,CDS,COG0345,181054,181872,-,[E] Pyrroline-5-carboxylate reductase    ,181054,181872,2,1,first,,cds-WP_039708924.1,proC,cds-WP_039708924.1,179903,181872,proC;cds-WP_039708924.1
80,cds-WP_039708924.1,CDS,NA,179903,181057,-,NA,179903,181057,2,2,last,proC,,proC,cds-WP_039708924.1,179903,181872,proC;cds-WP_039708924.1
81,rdgC,CDS,COG2974,182046,182954,+,[L] DNA recombination-dependent growth factor C ,182046,182954,2,1,first,,cds-WP_005600193.1,rdgC,cds-WP_005600193.1,182046,183569,rdgC;cds-WP_005600193.1
81,cds-WP_005600193.1,CDS,COG0637,182964,183569,+,[R] Predicted phosphatase/phosphohexomutase    ,182964,183569,2,2,last,rdgC,,rdgC,cds-WP_005600193.1,182046,183569,rdgC;cds-WP_005600193.1
82,nrdG,CDS,COG0602,185612,186079,-,[O] Organic radical activating enzymes  ,185612,186079,2,1,first,,nrdD,nrdG,nrdD,183826,186079,nrdG;nrdD
82,nrdD,CDS,COG1328,183826,185607,-,[F] Oxygen-sensitive ribonucleoside-triphosphate reductase   ,183826,185607,2,2,last,nrdG,,nrdG,nrdD,183826,186079,nrdG;nrdD
83,rsxA,CDS,COG4657,186461,187042,+,"[C] Predicted NADH:ubiquinone oxidoreductase, subunit RnfA ",186461,187042,8,1,first,,rsxB,rsxA,lpxM,186461,193956,rsxA;rsxB;rsxC;cds-WP_005611285.1;rsxD;rsxG;cds-WP_039708929.1;lpxM
83,rsxB,CDS,COG2878,187042,187653,+,"[C] Predicted NADH:ubiquinone oxidoreductase, subunit RnfB ",187042,187653,8,2,internal,rsxA,rsxC,rsxA,lpxM,186461,193956,rsxA;rsxB;rsxC;cds-WP_005611285.1;rsxD;rsxG;cds-WP_039708929.1;lpxM
83,rsxC,CDS,COG4656,187646,189958,+,"[C] Predicted NADH:ubiquinone oxidoreductase, subunit RnfC ",187646,189958,8,3,internal,rsxB,cds-WP_005611285.1,rsxA,lpxM,186461,193956,rsxA;rsxB;rsxC;cds-WP_005611285.1;rsxD;rsxG;cds-WP_039708929.1;lpxM
83,cds-WP_005611285.1,CDS,COG2860,189951,190595,+,[S] Predicted membrane protein   ,189951,190595,8,4,internal,rsxC,rsxD,rsxA,lpxM,186461,193956,rsxA;rsxB;rsxC;cds-WP_005611285.1;rsxD;rsxG;cds-WP_039708929.1;lpxM
83,rsxD,CDS,COG4658,190615,191661,+,"[C] Predicted NADH:ubiquinone oxidoreductase, subunit RnfD ",190615,191661,8,5,internal,cds-WP_005611285.1,rsxG,rsxA,lpxM,186461,193956,rsxA;rsxB;rsxC;cds-WP_005611285.1;rsxD;rsxG;cds-WP_039708929.1;lpxM
83,rsxG,CDS,COG4659,191661,192293,+,"[C] Predicted NADH:ubiquinone oxidoreductase, subunit RnfG ",191661,192293,8,6,internal,rsxD,cds-WP_039708929.1,rsxA,lpxM,186461,193956,rsxA;rsxB;rsxC;cds-WP_005611285.1;rsxD;rsxG;cds-WP_039708929.1;lpxM
83,cds-WP_039708929.1,CDS,COG4660,192305,192991,+,"[C] Predicted NADH:ubiquinone oxidoreductase, subunit RnfE ",192305,192991,8,7,internal,rsxG,lpxM,rsxA,lpxM,186461,193956,rsxA;rsxB;rsxC;cds-WP_005611285.1;rsxD;rsxG;cds-WP_039708929.1;lpxM
83,lpxM,CDS,COG1560,193000,193956,+,[M] Lauroyl/myristoyl acyltransferase    ,193000,193956,8,8,last,cds-WP_039708929.1,,rsxA,lpxM,186461,193956,rsxA;rsxB;rsxC;cds-WP_005611285.1;rsxD;rsxG;cds-WP_039708929.1;lpxM
84,cds-WP_005595914.1,CDS,COG1228,194016,195002,-,[Q] Imidazolonepropionase and related amidohydrolases  ,194016,195002,1,1,single,,,cds-WP_005595914.1,cds-WP_005595914.1,194016,195002,cds-WP_005595914.1
85,thiB,CDS,COG4143,195444,196409,+,"[H] ABC-type thiamine transport system, periplasmic component",195444,196409,1,1,single,,,thiB,thiB,195444,196409,thiB
86,dksA,CDS,COG1734,196616,197065,+,[T] DnaK suppressor protein   ,196616,197065,3,1,first,,pcnB,dksA,folK,196616,199280,dksA;pcnB;folK
86,pcnB,CDS,COG0617,197208,198740,+,[J] tRNA nucleotidyltransferase/poly(A) polymerase   ,197208,198740,3,2,internal,dksA,folK,dksA,folK,196616,199280,dksA;pcnB;folK
86,folK,CDS,COG0801,198810,199280,+,"[H] 7,8-dihydro-6-hydroxymethylpterin-pyrophosphokinase     ",198810,199280,3,3,last,pcnB,,dksA,folK,196616,199280,dksA;pcnB;folK
87,cds-WP_005603407.1,CDS,NA,202264,203088,-,NA,202264,203088,3,1,first,,cds-WP_039708930.1,cds-WP_005603407.1,cds-WP_005595920.1,199317,203088,cds-WP_005603407.1;cds-WP_039708930.1;cds-WP_005595920.1
87,cds-WP_039708930.1,CDS,ROG3879,199535,202264,-,NA,199535,202264,3,2,internal,cds-WP_005603407.1,cds-WP_005595920.1,cds-WP_005603407.1,cds-WP_005595920.1,199317,203088,cds-WP_005603407.1;cds-WP_039708930.1;cds-WP_005595920.1
87,cds-WP_005595920.1,CDS,ROG0130,199317,199538,-,NA,199317,199538,3,3,last,cds-WP_039708930.1,,cds-WP_005603407.1,cds-WP_005595920.1,199317,203088,cds-WP_005603407.1;cds-WP_039708930.1;cds-WP_005595920.1
88,gloA,CDS,COG0346,203186,203593,+,[E] Lactoylglutathione lyase and related lyases ,203186,203593,1,1,single,,,gloA,gloA,203186,203593,gloA
89,rnt,CDS,COG0847,203733,204389,+,"[L] DNA polymerase III, epsilon subunit and",203733,204389,1,1,single,,,rnt,rnt,203733,204389,rnt
90,cds-WP_005600233.1,CDS,NA,204480,205757,-,NA,204480,205757,1,1,single,,,cds-WP_005600233.1,cds-WP_005600233.1,204480,205757,cds-WP_005600233.1
91,cds-WP_039708932.1,CDS,COG0859,208670,209716,-,[M] ADP-heptose:LPS heptosyltransferase    ,208670,209716,3,1,first,,cds-WP_005600235.1,cds-WP_039708932.1,tyrA,206333,209716,cds-WP_039708932.1;cds-WP_005600235.1;tyrA
91,cds-WP_005600235.1,CDS,COG0722,207567,208628,-,[E] 3-deoxy-D-arabino-heptulosonate 7-phosphate (DAHP) synthase  ,207567,208628,3,2,internal,cds-WP_039708932.1,tyrA,cds-WP_039708932.1,tyrA,206333,209716,cds-WP_039708932.1;cds-WP_005600235.1;tyrA
91,tyrA,CDS,COG1605,206333,207454,-,[E] Chorismate mutase    ,206333,207454,3,3,last,cds-WP_005600235.1,,cds-WP_039708932.1,tyrA,206333,209716,cds-WP_039708932.1;cds-WP_005600235.1;tyrA
92,pyk,CDS,COG0469,209804,211243,-,[G] Pyruvate kinase    ,209804,211243,1,1,single,,,pyk,pyk,209804,211243,pyk
93,sixA,CDS,COG2062,211375,211866,+,[T] Phosphohistidine phosphatase SixA   ,211375,211866,1,1,single,,,sixA,sixA,211375,211866,sixA
94,dusB,CDS,COG0042,212089,213051,+,[J] tRNA-dihydrouridine synthase    ,212089,213051,2,1,first,,fis,dusB,fis,212089,213375,dusB;fis
94,fis,CDS,COG2901,213079,213375,+,"[KL] Factor for inversion stimulation Fis, transcriptional",213079,213375,2,2,last,dusB,,dusB,fis,212089,213375,dusB;fis
95,cds-WP_039708935.1,CDS,COG0733,213440,214798,-,[R] Na+-dependent transporters of the SNF family,213440,214798,1,1,single,,,cds-WP_039708935.1,cds-WP_039708935.1,213440,214798,cds-WP_039708935.1
96,cds-WP_005595965.1,CDS,COG5009,217646,220213,-,[M] Membrane carboxypeptidase/penicillin-binding protein   ,217646,220213,4,1,first,,aroK,cds-WP_005595965.1,cds-WP_005595957.1,214863,220213,cds-WP_005595965.1;aroK;aroB;cds-WP_005595957.1
96,aroK,CDS,COG0703,216863,217384,-,[E] Shikimate kinase    ,216863,217384,4,2,internal,cds-WP_005595965.1,aroB,cds-WP_005595965.1,cds-WP_005595957.1,214863,220213,cds-WP_005595965.1;aroK;aroB;cds-WP_005595957.1
96,aroB,CDS,COG0337,215689,216789,-,[E] 3-dehydroquinate synthetase    ,215689,216789,4,3,internal,aroK,cds-WP_005595957.1,cds-WP_005595965.1,cds-WP_005595957.1,214863,220213,cds-WP_005595965.1;aroK;aroB;cds-WP_005595957.1
96,cds-WP_005595957.1,CDS,COG0338,214863,215696,-,[L] Site-specific DNA methylase   ,214863,215696,4,4,last,aroB,,cds-WP_005595965.1,cds-WP_005595957.1,214863,220213,cds-WP_005595965.1;aroK;aroB;cds-WP_005595957.1
97,cds-WP_039708937.1,CDS,NA,220352,221032,+,NA,220352,221032,2,1,first,,cds-WP_005595970.1,cds-WP_039708937.1,cds-WP_005595970.1,220352,221535,cds-WP_039708937.1;cds-WP_005595970.1
97,cds-WP_005595970.1,CDS,ROG5406,221014,221535,+,NA,221014,221535,2,2,last,cds-WP_039708937.1,,cds-WP_039708937.1,cds-WP_005595970.1,220352,221535,cds-WP_039708937.1;cds-WP_005595970.1
98,cds-WP_005595972.1,CDS,NA,221634,222065,+,NA,221634,222065,3,1,first,,cds-WP_005595974.1,cds-WP_005595972.1,pilQ,221634,223772,cds-WP_005595972.1;cds-WP_005595974.1;pilQ
98,cds-WP_005595974.1,CDS,NA,222058,222462,+,NA,222058,222462,3,2,internal,cds-WP_005595972.1,pilQ,cds-WP_005595972.1,pilQ,221634,223772,cds-WP_005595972.1;cds-WP_005595974.1;pilQ
98,pilQ,CDS,COG4796,222474,223772,+,"[U] Type II secretory pathway, component HofQ",222474,223772,3,3,last,cds-WP_005595974.1,,cds-WP_005595972.1,pilQ,221634,223772,cds-WP_005595972.1;cds-WP_005595974.1;pilQ
99,nusB,CDS,COG0781,223898,224311,+,[K] Transcription termination factor   ,223898,224311,4,1,first,,thiL,nusB,cds-WP_039709529.1,223898,226466,nusB;thiL;cds-WP_005603437.1;cds-WP_039709529.1
99,thiL,CDS,COG0611,224376,225341,+,[H] Thiamine monophosphate kinase   ,224376,225341,4,2,internal,nusB,cds-WP_005603437.1,nusB,cds-WP_039709529.1,223898,226466,nusB;thiL;cds-WP_005603437.1;cds-WP_039709529.1
99,cds-WP_005603437.1,CDS,COG1267,225354,225827,+,[I] Phosphatidylglycerophosphatase A and related proteins ,225354,225827,4,3,internal,thiL,cds-WP_039709529.1,nusB,cds-WP_039709529.1,223898,226466,nusB;thiL;cds-WP_005603437.1;cds-WP_039709529.1
99,cds-WP_039709529.1,CDS,COG1280,225840,226466,+,[E] Putative threonine efflux protein  ,225840,226466,4,4,last,cds-WP_005603437.1,,nusB,cds-WP_039709529.1,223898,226466,nusB;thiL;cds-WP_005603437.1;cds-WP_039709529.1
100,cds-WP_058230448.1,CDS,COG0566,226514,227551,-,[J] rRNA methylases    ,226514,227551,1,1,single,,,cds-WP_058230448.1,cds-WP_058230448.1,226514,227551,cds-WP_058230448.1
101,suhB,CDS,COG0483,227717,228529,+,"[G] Archaeal fructose-1,6-bisphosphatase and related enzymes of",227717,228529,1,1,single,,,suhB,suhB,227717,228529,suhB
102,dxs,CDS,COG1154,228650,230503,+,[HI] Deoxyxylulose-5-phosphate synthase    ,228650,230503,1,1,single,,,dxs,dxs,228650,230503,dxs
103,cds-WP_144435017.1,CDS,COG2963,231429,231882,-,[L] Transposase and inactivated derivatives  ,231429,231882,2,1,first,,cds-WP_144435017.1_2,cds-WP_144435017.1,cds-WP_144435017.1_2,230549,231882,cds-WP_144435017.1;cds-WP_144435017.1_2
103,cds-WP_144435017.1_2,CDS,NA,230549,231429,-,NA,230549,231429,2,2,last,cds-WP_144435017.1,,cds-WP_144435017.1,cds-WP_144435017.1_2,230549,231882,cds-WP_144435017.1;cds-WP_144435017.1_2
104,glyA,CDS,COG0112,231971,233236,-,[E] Glycine/serine hydroxymethyltransferase    ,231971,233236,1,1,single,,,glyA,glyA,231971,233236,glyA
105,cds-WP_005596005.1,CDS,COG0061,233467,234354,-,[G] Predicted sugar kinase   ,233467,234354,1,1,single,,,cds-WP_005596005.1,cds-WP_005596005.1,233467,234354,cds-WP_005596005.1
106,cas1f,CDS,NA,237789,238745,-,NA,237789,238745,2,1,first,,cas3f,cas1f,cas3f,234445,238745,cas1f;cas3f
106,cas3f,CDS,COG1203,234445,237792,-,[R] Predicted helicases    ,234445,237792,2,2,last,cas1f,,cas1f,cas3f,234445,238745,cas1f;cas3f
107,csy1,CDS,ROG1732,242676,244025,-,NA,242676,244025,4,1,first,,csy2,csy1,cas6f,240151,244025,csy1;csy2;csy3;cas6f
107,csy2,CDS,ROG1613,241720,242679,-,NA,241720,242679,4,2,internal,csy1,csy3,csy1,cas6f,240151,244025,csy1;csy2;csy3;cas6f
107,csy3,CDS,ROG1300,240723,241718,-,NA,240723,241718,4,3,internal,csy2,cas6f,csy1,cas6f,240151,244025,csy1;csy2;csy3;cas6f
107,cas6f,CDS,ROG1570,240151,240720,-,NA,240151,240720,4,4,last,csy3,,csy1,cas6f,240151,244025,csy1;csy2;csy3;cas6f
108,thrS,CDS,COG0441,244475,246406,+,[J] Threonyl-tRNA synthetase    ,244475,246406,1,1,single,,,thrS,thrS,244475,246406,thrS
109,cds-WP_005596031.1,CDS,COG1462,246548,247222,+,[M] Uncharacterized protein involved in formation of,246548,247222,3,1,first,,cds-WP_011848337.1,cds-WP_005596031.1,cds-WP_005620909.1,246548,248250,cds-WP_005596031.1;cds-WP_011848337.1;cds-WP_005620909.1
109,cds-WP_011848337.1,CDS,COG4259,247232,247579,+,[S] Uncharacterized protein conserved in bacteria ,247232,247579,3,2,internal,cds-WP_005596031.1,cds-WP_005620909.1,cds-WP_005596031.1,cds-WP_005620909.1,246548,248250,cds-WP_005596031.1;cds-WP_011848337.1;cds-WP_005620909.1
109,cds-WP_005620909.1,CDS,COG4380,247591,248250,+,[S] Uncharacterized protein conserved in bacteria ,247591,248250,3,3,last,cds-WP_011848337.1,,cds-WP_005596031.1,cds-WP_005620909.1,246548,248250,cds-WP_005596031.1;cds-WP_011848337.1;cds-WP_005620909.1
110,infC,CDS,COG0290,248465,249007,+,[J] Translation initiation factor 3 (IF-3) ,248465,249007,5,1,first,,rpmI,infC,cds-WP_005596079.1,248465,250785,infC;rpmI;rplT;cds-WP_005600280.1;cds-WP_005596079.1
110,rpmI,CDS,COG0291,249256,249453,+,[J] Ribosomal protein L35   ,249256,249453,5,2,internal,infC,rplT,infC,cds-WP_005596079.1,248465,250785,infC;rpmI;rplT;cds-WP_005600280.1;cds-WP_005596079.1
110,rplT,CDS,COG0292,249521,249874,+,[J] Ribosomal protein L20   ,249521,249874,5,3,internal,rpmI,cds-WP_005600280.1,infC,cds-WP_005596079.1,248465,250785,infC;rpmI;rplT;cds-WP_005600280.1;cds-WP_005596079.1
110,cds-WP_005600280.1,CDS,ROG1576,249923,250459,+,NA,249923,250459,5,4,internal,rplT,cds-WP_005596079.1,infC,cds-WP_005596079.1,248465,250785,infC;rpmI;rplT;cds-WP_005600280.1;cds-WP_005596079.1
110,cds-WP_005596079.1,CDS,ROG2594,250492,250785,+,NA,250492,250785,5,5,last,cds-WP_005600280.1,,infC,cds-WP_005596079.1,248465,250785,infC;rpmI;rplT;cds-WP_005600280.1;cds-WP_005596079.1
111,cds-WP_005596082.1,CDS,COG0564,252181,252831,-,"[J] Pseudouridylate synthases, 23S RNA-specific  ",252181,252831,2,1,first,,paeA,cds-WP_005596082.1,paeA,250842,252831,cds-WP_005596082.1;paeA
111,paeA,CDS,COG1253,250842,252137,-,[R] Hemolysins and related proteins containing CBS,250842,252137,2,2,last,cds-WP_005596082.1,,cds-WP_005596082.1,paeA,250842,252831,cds-WP_005596082.1;paeA
112,cds-WP_058230449.1,CDS,COG0406,252881,253513,+,"[G] Fructose-2,6-bisphosphatase     ",252881,253513,1,1,single,,,cds-WP_058230449.1,cds-WP_058230449.1,252881,253513,cds-WP_058230449.1
113,rsmE,CDS,COG1385,254606,255337,-,[S] Uncharacterized protein conserved in bacteria ,254606,255337,3,1,first,,cds-WP_039768023.1,rsmE,ruvX,253580,255337,rsmE;cds-WP_039768023.1;ruvX
113,cds-WP_039768023.1,CDS,COG1678,254046,254606,-,[K] Putative transcriptional regulator   ,254046,254606,3,2,internal,rsmE,ruvX,rsmE,ruvX,253580,255337,rsmE;cds-WP_039768023.1;ruvX
113,ruvX,CDS,COG0816,253580,253993,-,[L] Predicted endonuclease involved in recombination (possible,253580,253993,3,3,last,cds-WP_039768023.1,,rsmE,ruvX,253580,255337,rsmE;cds-WP_039768023.1;ruvX
114,cds-WP_005596088.1,CDS,COG3056,255512,256102,-,[M] Uncharacterized lipoprotein    ,255512,256102,1,1,single,,,cds-WP_005596088.1,cds-WP_005596088.1,255512,256102,cds-WP_005596088.1
115,cds-WP_005596090.1,CDS,COG0271,256231,256542,+,[T] Stress-induced morphogen (activity unknown)  ,256231,256542,1,1,single,,,cds-WP_005596090.1,cds-WP_005596090.1,256231,256542,cds-WP_005596090.1
116,rna-MIDG2331_RS01195,tRNA,NA,256654,256743,+,NA,256654,256743,1,1,single,,,rna-MIDG2331_RS01195,rna-MIDG2331_RS01195,256654,256743,rna-MIDG2331_RS01195
117,cds-WP_009875331.1,CDS,COG4701,257329,257637,-,[S] Uncharacterized protein conserved in bacteria ,257329,257637,2,1,first,,cds-WP_005603483.1,cds-WP_009875331.1,cds-WP_005603483.1,256935,257637,cds-WP_009875331.1;cds-WP_005603483.1
117,cds-WP_005603483.1,CDS,COG3015,256935,257309,-,[MP] Uncharacterized lipoprotein NlpE involved in copper,256935,257309,2,2,last,cds-WP_009875331.1,,cds-WP_009875331.1,cds-WP_005603483.1,256935,257637,cds-WP_009875331.1;cds-WP_005603483.1
118,secM,CDS,ROG8472,257740,258066,+,NA,257740,258066,1,1,single,,,secM,secM,257740,258066,secM
119,secA,CDS,COG0653,258175,260892,+,"[U] Preprotein translocase subunit SecA (ATPase, RNA",258175,260892,3,1,first,,cds-WP_039708944.1,secA,mutT,258175,262604,secA;cds-WP_039708944.1;mutT
119,cds-WP_039708944.1,CDS,COG0457,261022,262209,+,[R] FOG: TPR repeat   ,261022,262209,3,2,internal,secA,mutT,secA,mutT,258175,262604,secA;cds-WP_039708944.1;mutT
119,mutT,CDS,COG0494,262206,262604,+,[LR] NTP pyrophosphohydrolases including oxidative damage repair,262206,262604,3,3,last,cds-WP_039708944.1,,secA,mutT,258175,262604,secA;cds-WP_039708944.1;mutT
120,argC,CDS,COG0002,262839,263783,+,[E] Acetylglutamate semialdehyde dehydrogenase   ,262839,263783,3,1,first,,argB,argC,cds-WP_039708945.1,262839,265862,argC;argB;cds-WP_039708945.1
120,argB,CDS,COG0548,263813,264667,+,[E] Acetylglutamate kinase    ,263813,264667,3,2,internal,argC,cds-WP_039708945.1,argC,cds-WP_039708945.1,262839,265862,argC;argB;cds-WP_039708945.1
120,cds-WP_039708945.1,CDS,COG4992,264681,265862,+,[E] Ornithine/acetylornithine aminotransferase    ,264681,265862,3,3,last,argB,,argC,cds-WP_039708945.1,262839,265862,argC;argB;cds-WP_039708945.1
121,cds-WP_039708946.1,CDS,NA,266076,267785,+,NA,266076,267785,2,1,first,,cds-WP_231944214.1,cds-WP_039708946.1,cds-WP_231944214.1,266076,268444,cds-WP_039708946.1;cds-WP_231944214.1
121,cds-WP_231944214.1,CDS,COG1629,267800,268444,+,"[P] Outer membrane receptor proteins, mostly Fe",267800,268444,2,2,last,cds-WP_039708946.1,,cds-WP_039708946.1,cds-WP_231944214.1,266076,268444,cds-WP_039708946.1;cds-WP_231944214.1
122,cds-WP_052245659.1,CDS,NA,268508,269365,+,NA,268508,269365,1,1,single,,,cds-WP_052245659.1,cds-WP_052245659.1,268508,269365,cds-WP_052245659.1
123,cds-MIDG2331_RS11605,CDS,COG1629,269458,270588,+,"[P] Outer membrane receptor proteins, mostly Fe",269458,270588,1,1,single,,,cds-MIDG2331_RS11605,cds-MIDG2331_RS11605,269458,270588,cds-MIDG2331_RS11605
124,rho,CDS,COG1158,270635,271897,-,[K] Transcription termination factor   ,270635,271897,1,1,single,,,rho,rho,270635,271897,rho
125,cysK,CDS,COG0031,272095,273045,-,[E] Cysteine synthase    ,272095,273045,1,1,single,,,cysK,cysK,272095,273045,cysK
126,thrA,CDS,COG0527,274207,276663,-,[E] Aspartokinases     ,274207,276663,2,1,first,,thrB,thrA,thrB,273257,276663,thrA;thrB
126,thrB,CDS,COG0083,273257,274207,-,[E] Homoserine kinase    ,273257,274207,2,2,last,thrA,,thrA,thrB,273257,276663,thrA;thrB
127,sodA,CDS,COG0605,277072,277713,+,[P] Superoxide dismutase    ,277072,277713,1,1,single,,,sodA,sodA,277072,277713,sodA
128,alr,CDS,COG0787,277801,278925,-,[M] Alanine racemase    ,277801,278925,1,1,single,,,alr,alr,277801,278925,alr
129,recD,CDS,COG0507,279046,280983,+,"[L] ATP-dependent exoDNAse (exonuclease V), alpha subunit",279046,280983,1,1,single,,,recD,recD,279046,280983,recD
130,rna-MIDG2331_RS01300,rRNA,NA,281330,282871,+,NA,281330,282871,4,1,first,,rna-MIDG2331_RS01305,rna-MIDG2331_RS01300,rrf_2,281330,286494,rna-MIDG2331_RS01300;rna-MIDG2331_RS01305;rna-MIDG2331_RS01310;rrf_2
130,rna-MIDG2331_RS01305,tRNA,NA,283024,283099,+,NA,283024,283099,4,2,internal,rna-MIDG2331_RS01300,rna-MIDG2331_RS01310,rna-MIDG2331_RS01300,rrf_2,281330,286494,rna-MIDG2331_RS01300;rna-MIDG2331_RS01305;rna-MIDG2331_RS01310;rrf_2
130,rna-MIDG2331_RS01310,rRNA,NA,283318,286219,+,NA,283318,286219,4,3,internal,rna-MIDG2331_RS01305,rrf_2,rna-MIDG2331_RS01300,rrf_2,281330,286494,rna-MIDG2331_RS01300;rna-MIDG2331_RS01305;rna-MIDG2331_RS01310;rrf_2
130,rrf_2,rRNA,NA,286379,286494,+,NA,286379,286494,4,4,last,rna-MIDG2331_RS01310,,rna-MIDG2331_RS01300,rrf_2,281330,286494,rna-MIDG2331_RS01300;rna-MIDG2331_RS01305;rna-MIDG2331_RS01310;rrf_2
131,cds-WP_039708949.1,CDS,COG2195,286852,288306,-,[E] Di- and tripeptidases   ,286852,288306,1,1,single,,,cds-WP_039708949.1,cds-WP_039708949.1,286852,288306,cds-WP_039708949.1
132,gpt,CDS,COG2236,288479,288952,+,[R] Predicted phosphoribosyltransferases    ,288479,288952,2,1,first,,gmk,gpt,gmk,288479,289656,gpt;gmk
132,gmk,CDS,COG0194,289036,289656,+,[F] Guanylate kinase    ,289036,289656,2,2,last,gpt,,gpt,gmk,288479,289656,gpt;gmk
133,tdeA,CDS,COG1538,289758,291152,+,[MU] Outer membrane protein   ,289758,291152,1,1,single,,,tdeA,tdeA,289758,291152,tdeA
134,modA,CDS,COG0725,293779,294537,-,"[P] ABC-type molybdate transport system, periplasmic component",293779,294537,5,1,first,,modB,modA,cds-WP_012478312.1,291200,294537,modA;modB;modC;cds-WP_005596141.1;cds-WP_012478312.1
134,modB,CDS,COG4149,293030,293719,-,"[P] ABC-type molybdate transport system, permease component",293030,293719,5,2,internal,modA,modC,modA,cds-WP_012478312.1,291200,294537,modA;modB;modC;cds-WP_005596141.1;cds-WP_012478312.1
134,modC,CDS,COG4148,291971,293026,-,"[P] ABC-type molybdate transport system, ATPase component",291971,293026,5,3,internal,modB,cds-WP_005596141.1,modA,cds-WP_012478312.1,291200,294537,modA;modB;modC;cds-WP_005596141.1;cds-WP_012478312.1
134,cds-WP_005596141.1,CDS,COG2867,291489,291923,-,[I] Oligoketide cyclase/lipid transport protein  ,291489,291923,5,4,internal,modC,cds-WP_012478312.1,modA,cds-WP_012478312.1,291200,294537,modA;modB;modC;cds-WP_005596141.1;cds-WP_012478312.1
134,cds-WP_012478312.1,CDS,COG2914,291200,291529,-,[S] Uncharacterized protein conserved in bacteria ,291200,291529,5,5,last,cds-WP_005596141.1,,modA,cds-WP_012478312.1,291200,294537,modA;modB;modC;cds-WP_005596141.1;cds-WP_012478312.1
135,apt,CDS,COG0503,298421,298960,-,[F] Adenine/guanine phosphoribosyltransferases and related PRPP-binding proteins,298421,298960,4,1,first,,dnaX,apt,cds-WP_005596149.1,294633,298960,apt;dnaX;cds-WP_005596150.1;cds-WP_005596149.1
135,dnaX,CDS,COG2812,296306,298372,-,"[L] DNA polymerase III, gamma/tau subunits ",296306,298372,4,2,internal,apt,cds-WP_005596150.1,apt,cds-WP_005596149.1,294633,298960,apt;dnaX;cds-WP_005596150.1;cds-WP_005596149.1
135,cds-WP_005596150.1,CDS,COG1131,295398,296306,-,"[V] ABC-type multidrug transport system, ATPase component",295398,296306,4,3,internal,dnaX,cds-WP_005596149.1,apt,cds-WP_005596149.1,294633,298960,apt;dnaX;cds-WP_005596150.1;cds-WP_005596149.1
135,cds-WP_005596149.1,CDS,COG0842,294633,295394,-,"[V] ABC-type multidrug transport system, permease component",294633,295394,4,4,last,cds-WP_005596150.1,,apt,cds-WP_005596149.1,294633,298960,apt;dnaX;cds-WP_005596150.1;cds-WP_005596149.1
136,cds-WP_005596157.1,CDS,COG2964,299161,299793,+,[S] Uncharacterized protein conserved in bacteria ,299161,299793,4,1,first,,cds-WP_039708951.1,cds-WP_005596157.1,cds-WP_005596163.1,299161,301766,cds-WP_005596157.1;cds-WP_039708951.1;cds-WP_005603522.1;cds-WP_005596163.1
136,cds-WP_039708951.1,CDS,COG0251,299793,300155,+,"[J] Putative translation initiation inhibitor, yjgF family",299793,300155,4,2,internal,cds-WP_005596157.1,cds-WP_005603522.1,cds-WP_005596157.1,cds-WP_005596163.1,299161,301766,cds-WP_005596157.1;cds-WP_039708951.1;cds-WP_005603522.1;cds-WP_005596163.1
136,cds-WP_005603522.1,CDS,COG0498,300166,301260,+,[E] Threonine synthase    ,300166,301260,4,3,internal,cds-WP_039708951.1,cds-WP_005596163.1,cds-WP_005596157.1,cds-WP_005596163.1,299161,301766,cds-WP_005596157.1;cds-WP_039708951.1;cds-WP_005603522.1;cds-WP_005596163.1
136,cds-WP_005596163.1,CDS,COG2606,301275,301766,+,[S] Uncharacterized conserved protein   ,301275,301766,4,4,last,cds-WP_005603522.1,,cds-WP_005596157.1,cds-WP_005596163.1,299161,301766,cds-WP_005596157.1;cds-WP_039708951.1;cds-WP_005603522.1;cds-WP_005596163.1
137,cds-WP_005596167.1,CDS,COG0803,302634,303530,-,"[P] ABC-type metal ion transport system, periplasmic",302634,303530,2,1,first,,cds-WP_005596165.1,cds-WP_005596167.1,cds-WP_005596165.1,301877,303530,cds-WP_005596167.1;cds-WP_005596165.1
137,cds-WP_005596165.1,CDS,COG1121,301877,302632,-,"[P] ABC-type Mn/Zn transport systems, ATPase component",301877,302632,2,2,last,cds-WP_005596167.1,,cds-WP_005596167.1,cds-WP_005596165.1,301877,303530,cds-WP_005596167.1;cds-WP_005596165.1
138,cds-WP_005606991.1,CDS,COG0670,303984,304649,-,"[R] Integral membrane protein, interacts with FtsH",303984,304649,2,1,first,,cds-WP_012478314.1,cds-WP_005606991.1,cds-WP_012478314.1,303597,304649,cds-WP_005606991.1;cds-WP_012478314.1
138,cds-WP_012478314.1,CDS,COG2920,303597,303932,-,"[P] Dissimilatory sulfite reductase (desulfoviridin), gamma subunit",303597,303932,2,2,last,cds-WP_005606991.1,,cds-WP_005606991.1,cds-WP_012478314.1,303597,304649,cds-WP_005606991.1;cds-WP_012478314.1
139,pgsA,CDS,COG0558,304831,305382,+,[I] Phosphatidylglycerophosphate synthase    ,304831,305382,1,1,single,,,pgsA,pgsA,304831,305382,pgsA
140,cds-WP_005596175.1,CDS,COG1629,305502,307472,+,"[P] Outer membrane receptor proteins, mostly Fe",305502,307472,1,1,single,,,cds-WP_005596175.1,cds-WP_005596175.1,305502,307472,cds-WP_005596175.1
141,uvrC,CDS,COG0322,307625,309457,+,[L] Nuclease subunit of the excinuclease complex,307625,309457,2,1,first,,cds-WP_039708952.1,uvrC,cds-WP_039708952.1,307625,310278,uvrC;cds-WP_039708952.1
141,cds-WP_039708952.1,CDS,COG0084,309526,310278,+,[L] Mg-dependent DNase    ,309526,310278,2,2,last,uvrC,,uvrC,cds-WP_039708952.1,307625,310278,uvrC;cds-WP_039708952.1
142,rep,CDS,COG0210,310415,312433,-,[L] Superfamily I DNA and RNA helicases,310415,312433,1,1,single,,,rep,rep,310415,312433,rep
143,potA,CDS,COG3842,312767,313882,+,"[E] ABC-type spermidine/putrescine transport systems, ATPase components",312767,313882,3,1,first,,potB,potA,potC,312767,315502,potA;potB;potC
143,potB,CDS,COG1176,313869,314735,+,"[E] ABC-type spermidine/putrescine transport system, permease component",313869,314735,3,2,internal,potA,potC,potA,potC,312767,315502,potA;potB;potC
143,potC,CDS,COG1177,314735,315502,+,"[E] ABC-type spermidine/putrescine transport system, permease component",314735,315502,3,3,last,potB,,potA,potC,312767,315502,potA;potB;potC
144,ruvA,CDS,COG0632,315639,316244,+,"[L] Holliday junction resolvasome, DNA-binding subunit ",315639,316244,2,1,first,,ruvB,ruvA,ruvB,315639,317267,ruvA;ruvB
144,ruvB,CDS,COG2255,316263,317267,+,"[L] Holliday junction resolvasome, helicase subunit ",316263,317267,2,2,last,ruvA,,ruvA,ruvB,315639,317267,ruvA;ruvB
145,ubiG,CDS,COG2227,317324,318028,-,"[H] 2-polyprenyl-3-methyl-5-hydroxy-6-metoxy-1,4-benzoquinol methylase    ",317324,318028,1,1,single,,,ubiG,ubiG,317324,318028,ubiG
146,gyrA,CDS,COG0188,318208,320898,+,"[L] Type IIA topoisomerase (DNA gyrase/topo II,",318208,320898,3,1,first,,cds-WP_039708957.1,gyrA,cds-WP_039708958.1,318208,323542,gyrA;cds-WP_039708957.1;cds-WP_039708958.1
146,cds-WP_039708957.1,CDS,COG0286,320994,322544,+,[V] Type I restriction-modification system methyltransferase subunit,320994,322544,3,2,internal,gyrA,cds-WP_039708958.1,gyrA,cds-WP_039708958.1,318208,323542,gyrA;cds-WP_039708957.1;cds-WP_039708958.1
146,cds-WP_039708958.1,CDS,COG3943,322541,323542,+,[R] Virulence protein    ,322541,323542,3,3,last,cds-WP_039708957.1,,gyrA,cds-WP_039708958.1,318208,323542,gyrA;cds-WP_039708957.1;cds-WP_039708958.1
147,cds-WP_039708959.1,CDS,COG4823,323884,324795,+,[V] Abortive infection bacteriophage resistance protein ,323884,324795,1,1,single,,,cds-WP_039708959.1,cds-WP_039708959.1,323884,324795,cds-WP_039708959.1
148,cds-WP_039755220.1,CDS,COG0732,324963,326177,+,[V] Restriction endonuclease S subunits  ,324963,326177,2,1,first,,cds-WP_039708960.1,cds-WP_039755220.1,cds-WP_039708960.1,324963,327503,cds-WP_039755220.1;cds-WP_039708960.1
148,cds-WP_039708960.1,CDS,ROG3288,326187,327503,+,NA,326187,327503,2,2,last,cds-WP_039755220.1,,cds-WP_039755220.1,cds-WP_039708960.1,324963,327503,cds-WP_039755220.1;cds-WP_039708960.1
149,cds-WP_039708961.1,CDS,COG0610,327676,330804,+,"[V] Type I site-specific restriction-modification system, R",327676,330804,3,1,first,,cds-WP_039708962.1,cds-WP_039708961.1,tcdA,327676,333530,cds-WP_039708961.1;cds-WP_039708962.1;tcdA
149,cds-WP_039708962.1,CDS,COG0488,330823,332766,+,[R] ATPase components of ABC transporters with,330823,332766,3,2,internal,cds-WP_039708961.1,tcdA,cds-WP_039708961.1,tcdA,327676,333530,cds-WP_039708961.1;cds-WP_039708962.1;tcdA
149,tcdA,CDS,COG1179,332766,333530,+,[H] Dinucleotide-utilizing enzymes involved in molybdopterin and,332766,333530,3,3,last,cds-WP_039708962.1,,cds-WP_039708961.1,tcdA,327676,333530,cds-WP_039708961.1;cds-WP_039708962.1;tcdA
150,cds-WP_039708964.1,CDS,ROG3147,333609,333941,-,NA,333609,333941,1,1,single,,,cds-WP_039708964.1,cds-WP_039708964.1,333609,333941,cds-WP_039708964.1
151,cds-WP_005600398.1,CDS,COG1271,334398,335948,+,"[C] Cytochrome bd-type quinol oxidase, subunit 1",334398,335948,4,1,first,,cydB,cds-WP_005600398.1,ybgE,334398,337523,cds-WP_005600398.1;cydB;cds-WP_005619000.1;ybgE
151,cydB,CDS,COG1294,335962,337098,+,"[C] Cytochrome bd-type quinol oxidase, subunit 2",335962,337098,4,2,internal,cds-WP_005600398.1,cds-WP_005619000.1,cds-WP_005600398.1,ybgE,334398,337523,cds-WP_005600398.1;cydB;cds-WP_005619000.1;ybgE
151,cds-WP_005619000.1,CDS,ROG3054,337111,337209,+,NA,337111,337209,4,3,internal,cydB,ybgE,cds-WP_005600398.1,ybgE,334398,337523,cds-WP_005600398.1;cydB;cds-WP_005619000.1;ybgE
151,ybgE,CDS,COG3790,337221,337523,+,[S] Predicted membrane protein   ,337221,337523,4,4,last,cds-WP_005619000.1,,cds-WP_005600398.1,ybgE,334398,337523,cds-WP_005600398.1;cydB;cds-WP_005619000.1;ybgE
152,ybgC,CDS,COG0824,337666,338055,+,[R] Predicted thioesterase    ,337666,338055,6,1,first,,tolQ,ybgC,pal,337666,342479,ybgC;tolQ;tolR;tolA;tolB;pal
152,tolQ,CDS,COG0811,338090,338770,+,[U] Biopolymer transport proteins   ,338090,338770,6,2,internal,ybgC,tolR,ybgC,pal,337666,342479,ybgC;tolQ;tolR;tolA;tolB;pal
152,tolR,CDS,COG0848,338849,339289,+,[U] Biopolymer transport protein   ,338849,339289,6,3,internal,tolQ,tolA,ybgC,pal,337666,342479,ybgC;tolQ;tolR;tolA;tolB;pal
152,tolA,CDS,COG3064,339305,340696,+,[M] Membrane protein involved in colicin uptake,339305,340696,6,4,internal,tolR,tolB,ybgC,pal,337666,342479,ybgC;tolQ;tolR;tolA;tolB;pal
152,tolB,CDS,COG0823,340714,341994,+,[U] Periplasmic component of the Tol biopolymer,340714,341994,6,5,internal,tolA,pal,ybgC,pal,337666,342479,ybgC;tolQ;tolR;tolA;tolB;pal
152,pal,CDS,COG2885,342021,342479,+,[M] Outer membrane protein and related peptidoglycan-associated,342021,342479,6,6,last,tolB,,ybgC,pal,337666,342479,ybgC;tolQ;tolR;tolA;tolB;pal
153,cds-WP_039709635.1,CDS,COG0697,342575,343462,+,[GER] Permeases of the drug/metabolite transporter (DMT),342575,343462,1,1,single,,,cds-WP_039709635.1,cds-WP_039709635.1,342575,343462,cds-WP_039709635.1
154,djlA,CDS,COG1076,343542,344402,+,[O] DnaJ-domain-containing proteins 1   ,343542,344402,1,1,single,,,djlA,djlA,343542,344402,djlA
155,dusC,CDS,COG0042,344487,345449,+,[J] tRNA-dihydrouridine synthase    ,344487,345449,2,1,first,,cds-WP_039708970.1,dusC,cds-WP_039708970.1,344487,346547,dusC;cds-WP_039708970.1
155,cds-WP_039708970.1,CDS,COG3768,345501,346547,+,[S] Predicted membrane protein   ,345501,346547,2,2,last,dusC,,dusC,cds-WP_039708970.1,344487,346547,dusC;cds-WP_039708970.1
156,cds-WP_039708971.1,CDS,COG0488,346735,348651,-,[R] ATPase components of ABC transporters with,346735,348651,1,1,single,,,cds-WP_039708971.1,cds-WP_039708971.1,346735,348651,cds-WP_039708971.1
157,cds-WP_017357736.1,CDS,NA,348812,349054,+,NA,348812,349054,2,1,first,,cds-WP_256734105.1,cds-WP_017357736.1,cds-WP_256734105.1,348812,349176,cds-WP_017357736.1;cds-WP_256734105.1
157,cds-WP_256734105.1,CDS,NA,349054,349176,+,NA,349054,349176,2,2,last,cds-WP_017357736.1,,cds-WP_017357736.1,cds-WP_256734105.1,348812,349176,cds-WP_017357736.1;cds-WP_256734105.1
158,moeA,CDS,COG0303,349242,350483,+,[H] Molybdopterin biosynthesis enzyme   ,349242,350483,2,1,first,,moeB,moeA,moeB,349242,351239,moeA;moeB
158,moeB,CDS,COG0476,350493,351239,+,[H] Dinucleotide-utilizing enzymes involved in molybdopterin and,350493,351239,2,2,last,moeA,,moeA,moeB,349242,351239,moeA;moeB
159,rna-MIDG2331_RS01615,tRNA,NA,351332,351407,+,NA,351332,351407,1,1,single,,,rna-MIDG2331_RS01615,rna-MIDG2331_RS01615,351332,351407,rna-MIDG2331_RS01615
160,rlmD,CDS,COG2265,351636,352964,-,[J] SAM-dependent methyltransferases related to tRNA (uracil-5-)-methyltransferase,351636,352964,1,1,single,,,rlmD,rlmD,351636,352964,rlmD
161,cds-WP_039708973.1,CDS,COG0232,353022,354347,+,[F] dGTP triphosphohydrolase    ,353022,354347,1,1,single,,,cds-WP_039708973.1,cds-WP_039708973.1,353022,354347,cds-WP_039708973.1
162,rapA,CDS,COG0553,354519,357428,+,"[KL] Superfamily II DNA/RNA helicases, SNF2 family",354519,357428,2,1,first,,rluA,rapA,rluA,354519,358212,rapA;rluA
162,rluA,CDS,COG0564,357544,358212,+,"[J] Pseudouridylate synthases, 23S RNA-specific  ",357544,358212,2,2,last,rapA,,rapA,rluA,354519,358212,rapA;rluA
163,ampD,CDS,COG3023,358408,358956,-,[V] Negative regulator of beta-lactamase expression ,358408,358956,1,1,single,,,ampD,ampD,358408,358956,ampD
164,cds-WP_005596243.1,CDS,COG2961,359077,359919,+,[R] Protein involved in catabolism of external,359077,359919,1,1,single,,,cds-WP_005596243.1,cds-WP_005596243.1,359077,359919,cds-WP_005596243.1
165,pyrE,CDS,COG0461,360005,360646,+,[F] Orotate phosphoribosyltransferase    ,360005,360646,2,1,first,,cds-WP_005596247.1,pyrE,cds-WP_005596247.1,360005,361873,pyrE;cds-WP_005596247.1
165,cds-WP_005596247.1,CDS,COG0620,360785,361873,+,[E] Methionine synthase II (cobalamin-independent)  ,360785,361873,2,2,last,pyrE,,pyrE,cds-WP_005596247.1,360005,361873,pyrE;cds-WP_005596247.1
166,metC,CDS,COG0626,361950,363140,-,[E] Cystathionine beta-lyases/cystathionine gamma-synthases   ,361950,363140,1,1,single,,,metC,metC,361950,363140,metC
167,nhaB,CDS,COG3067,363852,365393,-,[P] Na+/H+ antiporter    ,363852,365393,2,1,first,,dsbB,nhaB,dsbB,363217,365393,nhaB;dsbB
167,dsbB,CDS,COG1495,363217,363756,-,[O] Disulfide bond formation protein DsbB ,363217,363756,2,2,last,nhaB,,nhaB,dsbB,363217,365393,nhaB;dsbB
168,fadR,CDS,COG2186,365558,366286,+,[K] Transcriptional regulators    ,365558,366286,2,1,first,,cds-WP_005596255.1,fadR,cds-WP_005596255.1,365558,367365,fadR;cds-WP_005596255.1
168,cds-WP_005596255.1,CDS,COG1702,366295,367365,+,"[T] Phosphate starvation-inducible protein PhoH, predicted ATPase",366295,367365,2,2,last,fadR,,fadR,cds-WP_005596255.1,365558,367365,fadR;cds-WP_005596255.1
169,cds-WP_080757147.1,CDS,COG0679,367404,368450,-,[R] Predicted permeases    ,367404,368450,1,1,single,,,cds-WP_080757147.1,cds-WP_080757147.1,367404,368450,cds-WP_080757147.1
170,prfB,CDS,NA,369475,369549,-,NA,369475,369549,2,1,first,,prfB_2,prfB,prfB_2,368451,369549,prfB;prfB_2
170,prfB_2,CDS,COG1186,368451,369473,-,[J] Protein chain release factor B ,368451,369473,2,2,last,prfB,,prfB,prfB_2,368451,369549,prfB;prfB_2
171,selD,CDS,COG0709,369690,370733,+,[E] Selenophosphate synthase    ,369690,370733,3,1,first,,cds-WP_039708976.1,selD,ubiH,369690,372402,selD;cds-WP_039708976.1;ubiH
171,cds-WP_039708976.1,CDS,COG0494,370738,371193,+,[LR] NTP pyrophosphohydrolases including oxidative damage repair,370738,371193,3,2,internal,selD,ubiH,selD,ubiH,369690,372402,selD;cds-WP_039708976.1;ubiH
171,ubiH,CDS,COG0654,371203,372402,+,[HC] 2-polyprenyl-6-methoxyphenol hydroxylase and related FAD-dependent oxidoreductases,371203,372402,3,3,last,cds-WP_039708976.1,,selD,ubiH,369690,372402,selD;cds-WP_039708976.1;ubiH
172,cds-WP_005607086.1,CDS,ROG3402,372965,373582,-,NA,372965,373582,2,1,first,,cds-WP_005596280.1,cds-WP_005607086.1,cds-WP_005596280.1,372432,373582,cds-WP_005607086.1;cds-WP_005596280.1
172,cds-WP_005596280.1,CDS,NA,372432,372908,-,NA,372432,372908,2,2,last,cds-WP_005607086.1,,cds-WP_005607086.1,cds-WP_005596280.1,372432,373582,cds-WP_005607086.1;cds-WP_005596280.1
173,cds-WP_005596282.1,CDS,ROG0847,373663,374142,-,NA,373663,374142,1,1,single,,,cds-WP_005596282.1,cds-WP_005596282.1,373663,374142,cds-WP_005596282.1
174,cds-WP_058230454.1,CDS,COG0654,374283,375464,-,[HC] 2-polyprenyl-6-methoxyphenol hydroxylase and related FAD-dependent oxidoreductases,374283,375464,1,1,single,,,cds-WP_058230454.1,cds-WP_058230454.1,374283,375464,cds-WP_058230454.1
175,lptC,CDS,COG3117,378256,378852,-,[S] Uncharacterized protein conserved in bacteria ,378256,378852,5,1,first,,lptA,lptC,rapZ,375552,378852,lptC;lptA;lptB;cds-WP_005616800.1;rapZ
175,lptA,CDS,COG1934,377728,378231,-,[S] Uncharacterized protein conserved in bacteria ,377728,378231,5,2,internal,lptC,lptB,lptC,rapZ,375552,378852,lptC;lptA;lptB;cds-WP_005616800.1;rapZ
175,lptB,CDS,COG1137,376993,377718,-,"[R] ABC-type (unclassified) transport system, ATPase component",376993,377718,5,3,internal,lptA,cds-WP_005616800.1,lptC,rapZ,375552,378852,lptC;lptA;lptB;cds-WP_005616800.1;rapZ
175,cds-WP_005616800.1,CDS,COG1762,376431,376943,-,[GT] Phosphotransferase system mannitol/fructose-specific IIA domain (Ntr-type),376431,376943,5,4,internal,lptB,rapZ,lptC,rapZ,375552,378852,lptC;lptA;lptB;cds-WP_005616800.1;rapZ
175,rapZ,CDS,COG1660,375552,376412,-,[R] Predicted P-loop-containing kinase   ,375552,376412,5,5,last,cds-WP_005616800.1,,lptC,rapZ,375552,378852,lptC;lptA;lptB;cds-WP_005616800.1;rapZ
176,ppc,CDS,COG2352,379012,381651,-,[C] Phosphoenolpyruvate carboxylase    ,379012,381651,1,1,single,,,ppc,ppc,379012,381651,ppc
177,cds-WP_005600442.1,CDS,COG1704,383207,383791,-,[S] Uncharacterized conserved protein   ,383207,383791,3,1,first,,cds-WP_005619890.1,cds-WP_005600442.1,cds-WP_039708983.1,381867,383791,cds-WP_005600442.1;cds-WP_005619890.1;cds-WP_039708983.1
177,cds-WP_005619890.1,CDS,COG3762,382691,383140,-,[S] Predicted membrane protein   ,382691,383140,3,2,internal,cds-WP_005600442.1,cds-WP_039708983.1,cds-WP_005600442.1,cds-WP_039708983.1,381867,383791,cds-WP_005600442.1;cds-WP_005619890.1;cds-WP_039708983.1
177,cds-WP_039708983.1,CDS,COG1512,381867,382694,-,[R] Beta-propeller domains of methanol dehydrogenase type,381867,382694,3,3,last,cds-WP_005619890.1,,cds-WP_005600442.1,cds-WP_039708983.1,381867,383791,cds-WP_005600442.1;cds-WP_005619890.1;cds-WP_039708983.1
178,fruB,CDS,COG4668,386649,388157,-,"[G] Mannitol/fructose-specific phosphotransferase system, IIA domain ",386649,388157,3,1,first,,fruK,fruB,cds-WP_039708984.1,383944,388157,fruB;fruK;cds-WP_039708984.1
178,fruK,CDS,COG1105,385687,386634,-,[G] Fructose-1-phosphate kinase and related fructose-6-phosphate kinase,385687,386634,3,2,internal,fruB,cds-WP_039708984.1,fruB,cds-WP_039708984.1,383944,388157,fruB;fruK;cds-WP_039708984.1
178,cds-WP_039708984.1,CDS,COG1299,383944,385605,-,"[G] Phosphotransferase system, fructose-specific IIC component ",383944,385605,3,3,last,fruK,,fruB,cds-WP_039708984.1,383944,388157,fruB;fruK;cds-WP_039708984.1
179,glgB,CDS,COG0296,388418,390739,+,"[G] 1,4-alpha-glucan branching enzyme   ",388418,390739,5,1,first,,glgX,glgB,cds-WP_005596322.1,388418,398149,glgB;glgX;glgC;glgA;cds-WP_005596322.1
179,glgX,CDS,COG1523,390759,392744,+,"[G] Type II secretory pathway, pullulanase PulA",390759,392744,5,2,internal,glgB,glgC,glgB,cds-WP_005596322.1,388418,398149,glgB;glgX;glgC;glgA;cds-WP_005596322.1
179,glgC,CDS,COG0448,392760,394076,+,[G] ADP-glucose pyrophosphorylase    ,392760,394076,5,3,internal,glgX,glgA,glgB,cds-WP_005596322.1,388418,398149,glgB;glgX;glgC;glgA;cds-WP_005596322.1
179,glgA,CDS,COG0297,394179,395615,+,[G] Glycogen synthase    ,394179,395615,5,4,internal,glgC,cds-WP_005596322.1,glgB,cds-WP_005596322.1,388418,398149,glgB;glgX;glgC;glgA;cds-WP_005596322.1
179,cds-WP_005596322.1,CDS,COG0058,395645,398149,+,[G] Glucan phosphorylase    ,395645,398149,5,5,last,glgA,,glgB,cds-WP_005596322.1,388418,398149,glgB;glgX;glgC;glgA;cds-WP_005596322.1
180,metG,CDS,COG0143,398736,400784,-,[J] Methionyl-tRNA synthetase    ,398736,400784,2,1,first,,ndk,metG,ndk,398261,400784,metG;ndk
180,ndk,CDS,COG0105,398261,398677,-,[F] Nucleoside diphosphate kinase   ,398261,398677,2,2,last,metG,,metG,ndk,398261,400784,metG;ndk
181,menC,CDS,COG1441,400903,401913,+,[H] O-succinylbenzoate synthase    ,400903,401913,1,1,single,,,menC,menC,400903,401913,menC
182,cds-WP_005596340.1,CDS,COG3339,401949,402110,-,[S] Uncharacterized conserved protein   ,401949,402110,1,1,single,,,cds-WP_005596340.1,cds-WP_005596340.1,401949,402110,cds-WP_005596340.1
183,rsuA,CDS,COG1187,402227,402919,+,[J] 16S rRNA uridine-516 pseudouridylate synthase and,402227,402919,2,1,first,,cds-WP_005600455.1,rsuA,cds-WP_005600455.1,402227,404115,rsuA;cds-WP_005600455.1
183,cds-WP_005600455.1,CDS,COG0477,402919,404115,+,[GEPR] Permeases of the major facilitator superfamily,402919,404115,2,2,last,rsuA,,rsuA,cds-WP_005600455.1,402227,404115,rsuA;cds-WP_005600455.1
184,cds-WP_005603633.1,CDS,ROG7983,404161,404547,-,NA,404161,404547,1,1,single,,,cds-WP_005603633.1,cds-WP_005603633.1,404161,404547,cds-WP_005603633.1
185,cds-WP_005600457.1,CDS,COG3381,404618,405187,-,[R] Uncharacterized component of anaerobic dehydrogenases ,404618,405187,1,1,single,,,cds-WP_005600457.1,cds-WP_005600457.1,404618,405187,cds-WP_005600457.1
186,nfo,CDS,COG0648,405245,406087,+,[L] Endonuclease IV    ,405245,406087,1,1,single,,,nfo,nfo,405245,406087,nfo
187,cds-WP_005607110.1,CDS,COG0791,406208,406804,+,[M] Cell wall-associated hydrolases (invasion-associated proteins) ,406208,406804,1,1,single,,,cds-WP_005607110.1,cds-WP_005607110.1,406208,406804,cds-WP_005607110.1
188,cds-WP_005596354.1,CDS,NA,406853,407308,-,NA,406853,407308,1,1,single,,,cds-WP_005596354.1,cds-WP_005596354.1,406853,407308,cds-WP_005596354.1
189,grcA,CDS,COG3445,407534,407920,-,[R] Acid-induced glycyl radical enzyme  ,407534,407920,1,1,single,,,grcA,grcA,407534,407920,grcA
190,ung,CDS,COG0692,408117,408803,+,[L] Uracil DNA glycosylase   ,408117,408803,1,1,single,,,ung,ung,408117,408803,ung
191,cds-WP_005596360.1,CDS,COG2990,408901,409773,-,[S] Uncharacterized protein conserved in bacteria ,408901,409773,1,1,single,,,cds-WP_005596360.1,cds-WP_005596360.1,408901,409773,cds-WP_005596360.1
192,cds-WP_039708989.1,CDS,COG1404,409868,412666,-,[O] Subtilisin-like serine proteases   ,409868,412666,1,1,single,,,cds-WP_039708989.1,cds-WP_039708989.1,409868,412666,cds-WP_039708989.1
193,hrpA,CDS,COG1643,412891,416790,-,[L] HrpA-like helicases    ,412891,416790,1,1,single,,,hrpA,hrpA,412891,416790,hrpA
194,cds-WP_005600468.1,CDS,COG2707,416926,417378,-,[S] Predicted membrane protein   ,416926,417378,1,1,single,,,cds-WP_005600468.1,cds-WP_005600468.1,416926,417378,cds-WP_005600468.1
195,grpE,CDS,COG0576,417575,418171,-,[O] Molecular chaperone GrpE (heat shock protein),417575,418171,1,1,single,,,grpE,grpE,417575,418171,grpE
196,cds-WP_005596365.1,CDS,COG0687,418416,419498,+,[E] Spermidine/putrescine-binding periplasmic protein   ,418416,419498,1,1,single,,,cds-WP_005596365.1,cds-WP_005596365.1,418416,419498,cds-WP_005596365.1
197,cds-WP_005596366.1,CDS,COG0534,419642,421033,+,[V] Na+-driven multidrug efflux pump  ,419642,421033,2,1,first,,recB,cds-WP_005596366.1,recB,419642,424657,cds-WP_005596366.1;recB
197,recB,CDS,COG1074,421049,424657,+,[L] ATP-dependent exoDNAse (exonuclease V) beta subunit,421049,424657,2,2,last,cds-WP_005596366.1,,cds-WP_005596366.1,recB,419642,424657,cds-WP_005596366.1;recB
198,corC,CDS,COG4535,426328,427221,-,[P] Putative Mg2+ and Co2+ transporter CorC,426328,427221,2,1,first,,lnt,corC,lnt,424735,427221,corC;lnt
198,lnt,CDS,COG0815,424735,426246,-,[M] Apolipoprotein N-acyltransferase    ,424735,426246,2,2,last,corC,,corC,lnt,424735,427221,corC;lnt
199,cds-WP_005600477.1,CDS,COG3110,427391,427993,+,[S] Uncharacterized protein conserved in bacteria ,427391,427993,1,1,single,,,cds-WP_005600477.1,cds-WP_005600477.1,427391,427993,cds-WP_005600477.1
200,cds-WP_005600478.1,CDS,COG0580,428229,429011,+,[G] Glycerol uptake facilitator and related permeases,428229,429011,2,1,first,,glpK,cds-WP_005600478.1,glpK,428229,430557,cds-WP_005600478.1;glpK
200,glpK,CDS,COG0554,429046,430557,+,[C] Glycerol kinase    ,429046,430557,2,2,last,cds-WP_005600478.1,,cds-WP_005600478.1,glpK,428229,430557,cds-WP_005600478.1;glpK
201,lon,CDS,COG0466,430678,433086,-,"[O] ATP-dependent Lon protease, bacterial type ",430678,433086,1,1,single,,,lon,lon,430678,433086,lon
202,glpQ,CDS,COG0584,434880,435968,-,[C] Glycerophosphoryl diester phosphodiesterase   ,434880,435968,2,1,first,,glpT,glpQ,glpT,433232,435968,glpQ;glpT
202,glpT,CDS,COG2271,433232,434677,-,[G] Sugar phosphate permease   ,433232,434677,2,2,last,glpQ,,glpQ,glpT,433232,435968,glpQ;glpT
203,glpA,CDS,COG0578,436220,437905,+,[C] Glycerol-3-phosphate dehydrogenase    ,436220,437905,3,1,first,,glpB,glpA,glpC,436220,440452,glpA;glpB;glpC
203,glpB,CDS,COG3075,437895,439181,+,[E] Anaerobic glycerol-3-phosphate dehydrogenase   ,437895,439181,3,2,internal,glpA,glpC,glpA,glpC,436220,440452,glpA;glpB;glpC
203,glpC,CDS,COG0247,439178,440452,+,[C] Fe-S oxidoreductase    ,439178,440452,3,3,last,glpB,,glpA,glpC,436220,440452,glpA;glpB;glpC
204,ribD,CDS,COG1985,440762,441856,+,"[H] Pyrimidine reductase, riboflavin biosynthesis  ",440762,441856,4,1,first,,ribE,ribD,ribH,440762,444464,ribD;ribE;cds-WP_039708996.1;ribH
204,ribE,CDS,COG0307,441979,442626,+,[H] Riboflavin synthase alpha chain  ,441979,442626,4,2,internal,ribD,cds-WP_039708996.1,ribD,ribH,440762,444464,ribD;ribE;cds-WP_039708996.1;ribH
204,cds-WP_039708996.1,CDS,COG0108,442687,443892,+,"[H] 3,4-dihydroxy-2-butanone 4-phosphate synthase   ",442687,443892,4,3,internal,ribE,ribH,ribD,ribH,440762,444464,ribD;ribE;cds-WP_039708996.1;ribH
204,ribH,CDS,COG0054,444003,444464,+,[H] Riboflavin synthase beta-chain   ,444003,444464,4,4,last,cds-WP_039708996.1,,ribD,ribH,440762,444464,ribD;ribE;cds-WP_039708996.1;ribH
205,cds-WP_005596397.1,CDS,COG0794,445053,445988,-,[M] Predicted sugar phosphate isomerase involved in,445053,445988,2,1,first,,greB,cds-WP_005596397.1,greB,444555,445988,cds-WP_005596397.1;greB
205,greB,CDS,COG0782,444555,445043,-,[K] Transcription elongation factor   ,444555,445043,2,2,last,cds-WP_005596397.1,,cds-WP_005596397.1,greB,444555,445988,cds-WP_005596397.1;greB
206,pepB,CDS,COG0260,446116,447399,-,[E] Leucyl aminopeptidase    ,446116,447399,1,1,single,,,pepB,pepB,446116,447399,pepB
207,cds-WP_005614632.1,CDS,COG2503,447523,448338,-,[R] Predicted secreted acid phosphatase  ,447523,448338,1,1,single,,,cds-WP_005614632.1,cds-WP_005614632.1,447523,448338,cds-WP_005614632.1
208,cds-WP_005596403.1,CDS,COG0385,448511,449449,+,[R] Predicted Na+-dependent transporter   ,448511,449449,1,1,single,,,cds-WP_005596403.1,cds-WP_005596403.1,448511,449449,cds-WP_005596403.1
209,cds-WP_005616831.1,CDS,COG1566,449529,450710,-,[V] Multidrug resistance efflux pump  ,449529,450710,1,1,single,,,cds-WP_005616831.1,cds-WP_005616831.1,449529,450710,cds-WP_005616831.1
210,cds-WP_005600497.1,CDS,COG0561,450807,451622,-,[R] Predicted hydrolases of the HAD superfamily,450807,451622,1,1,single,,,cds-WP_005600497.1,cds-WP_005600497.1,450807,451622,cds-WP_005600497.1
211,leuA,CDS,COG0119,452219,453760,+,[E] Isopropylmalate/homocitrate/citramalate synthases    ,452219,453760,1,1,single,,,leuA,leuA,452219,453760,leuA
212,rpoE,CDS,COG1595,454103,454681,+,"[K] DNA-directed RNA polymerase specialized sigma subunit,",454103,454681,4,1,first,,cds-WP_039708999.1,rpoE,fadD,454103,457680,rpoE;cds-WP_039708999.1;cds-WP_005611567.1;fadD
212,cds-WP_039708999.1,CDS,COG3073,454701,455324,+,[T] Negative regulator of sigma E activity,454701,455324,4,2,internal,rpoE,cds-WP_005611567.1,rpoE,fadD,454103,457680,rpoE;cds-WP_039708999.1;cds-WP_005611567.1;fadD
212,cds-WP_005611567.1,CDS,COG3086,455549,455977,+,[T] Positive regulator of sigma E activity,455549,455977,4,3,internal,cds-WP_039708999.1,fadD,rpoE,fadD,454103,457680,rpoE;cds-WP_039708999.1;cds-WP_005611567.1;fadD
212,fadD,CDS,COG0318,455989,457680,+,[IQ] Acyl-CoA synthetases (AMP-forming)/AMP-acid ligases II ,455989,457680,4,4,last,cds-WP_005611567.1,,rpoE,fadD,454103,457680,rpoE;cds-WP_039708999.1;cds-WP_005611567.1;fadD
213,upp,CDS,COG0035,457747,458373,+,[F] Uracil phosphoribosyltransferase    ,457747,458373,1,1,single,,,upp,upp,457747,458373,upp
214,cds-WP_058230456.1,CDS,COG0760,459415,460365,-,[O] Parvulin-like peptidyl-prolyl isomerase   ,459415,460365,2,1,first,,rsmA,cds-WP_058230456.1,rsmA,458480,460365,cds-WP_058230456.1;rsmA
214,rsmA,CDS,COG0030,458480,459349,-,[J] Dimethyladenosine transferase (rRNA methylation)  ,458480,459349,2,2,last,cds-WP_058230456.1,,cds-WP_058230456.1,rsmA,458480,460365,cds-WP_058230456.1;rsmA
215,hldE,CDS,COG2870,461001,462431,-,"[M] ADP-heptose synthase, bifunctional sugar kinase/adenylyltransferase ",461001,462431,2,1,first,,pyrR,hldE,pyrR,460446,462431,hldE;pyrR
215,pyrR,CDS,COG2065,460446,460985,-,[F] Pyrimidine operon attenuation protein/uracil phosphoribosyltransferase ,460446,460985,2,2,last,hldE,,hldE,pyrR,460446,462431,hldE;pyrR
216,der,CDS,COG1160,462545,464065,-,[R] Predicted GTPases    ,462545,464065,1,1,single,,,der,der,462545,464065,der
217,hemA,CDS,COG0373,464223,465533,-,[H] Glutamyl-tRNA reductase    ,464223,465533,1,1,single,,,hemA,hemA,464223,465533,hemA
218,relA,CDS,COG0317,465811,468018,+,[TK] Guanosine polyphosphate pyrophosphohydrolases/synthetases   ,465811,468018,2,1,first,,ispC,relA,ispC,465811,469282,relA;ispC
218,ispC,CDS,COG0743,468092,469282,+,[I] 1-deoxy-D-xylulose 5-phosphate reductoisomerase   ,468092,469282,2,2,last,relA,,relA,ispC,465811,469282,relA;ispC
219,cds-WP_418146766.1,CDS,COG3677,469367,470290,-,[L] Transposase and inactivated derivatives  ,469367,470290,1,1,single,,,cds-WP_418146766.1,cds-WP_418146766.1,469367,470290,cds-WP_418146766.1
220,cds-WP_005619022.1,CDS,COG0020,478399,479112,-,[I] Undecaprenyl pyrophosphate synthase   ,478399,479112,8,1,first,,cds-WP_005596459.1,cds-WP_005619022.1,lpxA,470440,479112,cds-WP_005619022.1;cds-WP_005596459.1;rseP;bamA;cds-WP_039709001.1;lpxD;fabZ;lpxA
220,cds-WP_005596459.1,CDS,COG0575,477505,478374,-,[I] CDP-diglyceride synthetase    ,477505,478374,8,2,internal,cds-WP_005619022.1,rseP,cds-WP_005619022.1,lpxA,470440,479112,cds-WP_005619022.1;cds-WP_005596459.1;rseP;bamA;cds-WP_039709001.1;lpxD;fabZ;lpxA
220,rseP,CDS,COG0750,476185,477498,-,[M] Predicted membrane-associated Zn-dependent proteases 1 ,476185,477498,8,3,internal,cds-WP_005596459.1,bamA,cds-WP_005619022.1,lpxA,470440,479112,cds-WP_005619022.1;cds-WP_005596459.1;rseP;bamA;cds-WP_039709001.1;lpxD;fabZ;lpxA
220,bamA,CDS,COG4775,473742,476123,-,[M] Outer membrane protein/protective antigen OMA87 ,473742,476123,8,4,internal,rseP,cds-WP_039709001.1,cds-WP_005619022.1,lpxA,470440,479112,cds-WP_005619022.1;cds-WP_005596459.1;rseP;bamA;cds-WP_039709001.1;lpxD;fabZ;lpxA
220,cds-WP_039709001.1,CDS,COG2825,472820,473626,-,[M] Outer membrane protein   ,472820,473626,8,5,internal,bamA,lpxD,cds-WP_005619022.1,lpxA,470440,479112,cds-WP_005619022.1;cds-WP_005596459.1;rseP;bamA;cds-WP_039709001.1;lpxD;fabZ;lpxA
220,lpxD,CDS,COG1044,471795,472820,-,[M] UDP-3-O-[3-hydroxymyristoyl] glucosamine N-acyltransferase   ,471795,472820,8,6,internal,cds-WP_039709001.1,fabZ,cds-WP_005619022.1,lpxA,470440,479112,cds-WP_005619022.1;cds-WP_005596459.1;rseP;bamA;cds-WP_039709001.1;lpxD;fabZ;lpxA
220,fabZ,CDS,COG0764,471262,471726,-,[I] 3-hydroxymyristoyl/3-hydroxydecanoyl-(acyl carrier protein) dehydratases  ,471262,471726,8,7,internal,lpxD,lpxA,cds-WP_005619022.1,lpxA,470440,479112,cds-WP_005619022.1;cds-WP_005596459.1;rseP;bamA;cds-WP_039709001.1;lpxD;fabZ;lpxA
220,lpxA,CDS,COG1043,470440,471234,-,[M] Acyl-[acyl carrier protein]--UDP-N-acetylglucosamine O-acyltransferase  ,470440,471234,8,8,last,fabZ,,cds-WP_005619022.1,lpxA,470440,479112,cds-WP_005619022.1;cds-WP_005596459.1;rseP;bamA;cds-WP_039709001.1;lpxD;fabZ;lpxA
221,cds-WP_005603721.1,CDS,COG0671,480971,481675,-,[I] Membrane-associated phospholipid phosphatase   ,480971,481675,3,1,first,,nagK,cds-WP_005603721.1,gloB,479285,481675,cds-WP_005603721.1;nagK;gloB
221,nagK,CDS,COG1940,480051,480968,-,[KG] Transcriptional regulator/sugar kinase   ,480051,480968,3,2,internal,cds-WP_005603721.1,gloB,cds-WP_005603721.1,gloB,479285,481675,cds-WP_005603721.1;nagK;gloB
221,gloB,CDS,COG0491,479285,479992,-,"[R] Zn-dependent hydrolases, including glyoxylases  ",479285,479992,3,3,last,nagK,,cds-WP_005603721.1,gloB,479285,481675,cds-WP_005603721.1;nagK;gloB
222,yhbY,CDS,COG1534,481767,482084,-,"[J] Predicted RNA-binding protein containing KH domain,",481767,482084,1,1,single,,,yhbY,yhbY,481767,482084,yhbY
223,cds-WP_005596471.1,CDS,COG1216,482206,482964,+,[R] Predicted glycosyltransferases    ,482206,482964,1,1,single,,,cds-WP_005596471.1,cds-WP_005596471.1,482206,482964,cds-WP_005596471.1
224,cds-WP_005596473.1,CDS,COG1686,483027,483848,-,[M] D-alanyl-D-alanine carboxypeptidase    ,483027,483848,1,1,single,,,cds-WP_005596473.1,cds-WP_005596473.1,483027,483848,cds-WP_005596473.1
225,cds-WP_005614646.1,CDS,COG0859,483931,484968,-,[M] ADP-heptose:LPS heptosyltransferase    ,483931,484968,1,1,single,,,cds-WP_005614646.1,cds-WP_005614646.1,483931,484968,cds-WP_005614646.1
226,argG,CDS,COG0137,485212,486543,+,[E] Argininosuccinate synthase    ,485212,486543,1,1,single,,,argG,argG,485212,486543,argG
227,rnhA,CDS,COG0328,486665,487126,+,[L] Ribonuclease HI    ,486665,487126,3,1,first,,cds-WP_005600518.1,rnhA,purF,486665,489317,rnhA;cds-WP_005600518.1;purF
227,cds-WP_005600518.1,CDS,COG1286,487283,487786,+,"[R] Uncharacterized membrane protein, required for colicin",487283,487786,3,2,internal,rnhA,purF,rnhA,purF,486665,489317,rnhA;cds-WP_005600518.1;purF
227,purF,CDS,COG0034,487800,489317,+,[F] Glutamine phosphoribosylpyrophosphate amidotransferase   ,487800,489317,3,3,last,cds-WP_005600518.1,,rnhA,purF,486665,489317,rnhA;cds-WP_005600518.1;purF
228,cds-WP_005596484.1,CDS,NA,489386,489844,-,NA,489386,489844,1,1,single,,,cds-WP_005596484.1,cds-WP_005596484.1,489386,489844,cds-WP_005596484.1
229,gdhA,CDS,COG0334,489940,491280,-,[E] Glutamate dehydrogenase/leucine dehydrogenase   ,489940,491280,1,1,single,,,gdhA,gdhA,489940,491280,gdhA
230,bamE,CDS,COG2913,491584,491928,-,[J] Small protein A (tmRNA-binding)  ,491584,491928,1,1,single,,,bamE,bamE,491584,491928,bamE
231,yejK,CDS,COG3081,491999,493000,-,[R] Nucleoid-associated protein    ,491999,493000,1,1,single,,,yejK,yejK,491999,493000,yejK
232,cds-WP_005596493.1,CDS,COG0251,493093,493482,+,"[J] Putative translation initiation inhibitor, yjgF family",493093,493482,2,1,first,,pgeF,cds-WP_005596493.1,pgeF,493093,494247,cds-WP_005596493.1;pgeF
232,pgeF,CDS,COG1496,493510,494247,+,[S] Uncharacterized conserved protein   ,493510,494247,2,2,last,cds-WP_005596493.1,,cds-WP_005596493.1,pgeF,493093,494247,cds-WP_005596493.1;pgeF
233,rna-MIDG2331_RS02225,tRNA,NA,494345,494421,+,NA,494345,494421,1,1,single,,,rna-MIDG2331_RS02225,rna-MIDG2331_RS02225,494345,494421,rna-MIDG2331_RS02225
234,cds-WP_005613725.1,CDS,COG5645,494467,494697,-,[R] Predicted periplasmic lipoprotein   ,494467,494697,1,1,single,,,cds-WP_005613725.1,cds-WP_005613725.1,494467,494697,cds-WP_005613725.1
235,leuB,CDS,COG0473,494812,495894,+,[CE] Isocitrate/isopropylmalate dehydrogenase    ,494812,495894,1,1,single,,,leuB,leuB,494812,495894,leuB
236,msrB,CDS,COG0229,496018,496413,-,[O] Conserved domain frequently associated with peptide,496018,496413,1,1,single,,,msrB,msrB,496018,496413,msrB
237,gap,CDS,COG0057,496636,497640,+,[G] Glyceraldehyde-3-phosphate dehydrogenase/erythrose-4-phosphate dehydrogenase   ,496636,497640,1,1,single,,,gap,gap,496636,497640,gap
238,cds-WP_005607179.1,CDS,COG1077,497836,498888,+,[D] Actin-like ATPase involved in cell morphogenesis,497836,498888,4,1,first,,mreC,cds-WP_005607179.1,cds-WP_005603748.1,497836,501895,cds-WP_005607179.1;mreC;mreD;cds-WP_005603748.1
238,mreC,CDS,COG1792,499005,500054,+,[M] Cell shape-determining protein   ,499005,500054,4,2,internal,cds-WP_005607179.1,mreD,cds-WP_005607179.1,cds-WP_005603748.1,497836,501895,cds-WP_005607179.1;mreC;mreD;cds-WP_005603748.1
238,mreD,CDS,COG2891,500054,500542,+,[M] Cell shape-determining protein   ,500054,500542,4,3,internal,mreC,cds-WP_005603748.1,cds-WP_005607179.1,cds-WP_005603748.1,497836,501895,cds-WP_005607179.1;mreC;mreD;cds-WP_005603748.1
238,cds-WP_005603748.1,CDS,COG2256,500555,501895,+,[L] ATPase related to the helicase subunit,500555,501895,4,4,last,mreD,,cds-WP_005607179.1,cds-WP_005603748.1,497836,501895,cds-WP_005607179.1;mreC;mreD;cds-WP_005603748.1
239,znuB,CDS,COG1108,501976,502761,+,"[P] ABC-type Mn2+/Zn2+ transport systems, permease components",501976,502761,1,1,single,,,znuB,znuB,501976,502761,znuB
240,cds-WP_039709005.1,CDS,COG0121,502940,503737,+,[R] Predicted glutamine amidotransferase   ,502940,503737,1,1,single,,,cds-WP_039709005.1,cds-WP_039709005.1,502940,503737,cds-WP_039709005.1
241,metX,CDS,COG2021,503817,504893,-,[E] Homoserine acetyltransferase    ,503817,504893,1,1,single,,,metX,metX,503817,504893,metX
242,cds-WP_039709007.1,CDS,COG2949,505185,505874,+,[S] Uncharacterized membrane protein   ,505185,505874,1,1,single,,,cds-WP_039709007.1,cds-WP_039709007.1,505185,505874,cds-WP_039709007.1
243,cds-WP_058230458.1,CDS,COG5295,506121,516629,+,[UW] Autotransporter adhesin    ,506121,516629,1,1,single,,,cds-WP_058230458.1,cds-WP_058230458.1,506121,516629,cds-WP_058230458.1
244,cds-WP_058230459.1,CDS,COG1620,520077,521672,-,[C] L-lactate permease    ,520077,521672,4,1,first,,cds-WP_005596552.1,cds-WP_058230459.1,cds-WP_005611661.1,516939,521672,cds-WP_058230459.1;cds-WP_005596552.1;cds-WP_039709011.1;cds-WP_005611661.1
244,cds-WP_005596552.1,CDS,COG0247,519182,519907,-,[C] Fe-S oxidoreductase    ,519182,519907,4,2,internal,cds-WP_058230459.1,cds-WP_039709011.1,cds-WP_058230459.1,cds-WP_005611661.1,516939,521672,cds-WP_058230459.1;cds-WP_005596552.1;cds-WP_039709011.1;cds-WP_005611661.1
244,cds-WP_039709011.1,CDS,COG1139,517763,519172,-,[C] Uncharacterized conserved protein containing a ferredoxin-like,517763,519172,4,3,internal,cds-WP_005596552.1,cds-WP_005611661.1,cds-WP_058230459.1,cds-WP_005611661.1,516939,521672,cds-WP_058230459.1;cds-WP_005596552.1;cds-WP_039709011.1;cds-WP_005611661.1
244,cds-WP_005611661.1,CDS,COG1556,516939,517637,-,[S] Uncharacterized conserved protein   ,516939,517637,4,4,last,cds-WP_039709011.1,,cds-WP_058230459.1,cds-WP_005611661.1,516939,521672,cds-WP_058230459.1;cds-WP_005596552.1;cds-WP_039709011.1;cds-WP_005611661.1
245,cds-WP_005603801.1,CDS,COG2916,522138,522545,-,[R] DNA-binding protein H-NS   ,522138,522545,1,1,single,,,cds-WP_005603801.1,cds-WP_005603801.1,522138,522545,cds-WP_005603801.1
246,cds-WP_005603803.1,CDS,COG1757,523102,524619,+,[C] Na+/H+ antiporter    ,523102,524619,1,1,single,,,cds-WP_005603803.1,cds-WP_005603803.1,523102,524619,cds-WP_005603803.1
247,cds-WP_005596562.1,CDS,COG1879,524825,525796,+,"[G] ABC-type sugar transport system, periplasmic component",524825,525796,1,1,single,,,cds-WP_005596562.1,cds-WP_005596562.1,524825,525796,cds-WP_005596562.1
248,sucC,CDS,COG0045,526806,527972,-,"[C] Succinyl-CoA synthetase, beta subunit  ",526806,527972,2,1,first,,sucD,sucC,sucD,525931,527972,sucC;sucD
248,sucD,CDS,COG0074,525931,526803,-,"[C] Succinyl-CoA synthetase, alpha subunit  ",525931,526803,2,2,last,sucC,,sucC,sucD,525931,527972,sucC;sucD
249,cds-WP_005600545.1,CDS,COG2990,528116,528982,-,[S] Uncharacterized protein conserved in bacteria ,528116,528982,1,1,single,,,cds-WP_005600545.1,cds-WP_005600545.1,528116,528982,cds-WP_005600545.1
250,sucA,CDS,COG0567,530474,533284,-,"[C] 2-oxoglutarate dehydrogenase complex, dehydrogenase (E1) component,",530474,533284,2,1,first,,odhB,sucA,odhB,529125,533284,sucA;odhB
250,odhB,CDS,COG0508,529125,530354,-,"[C] Pyruvate/2-oxoglutarate dehydrogenase complex, dihydrolipoamide acyltransferase (E2)",529125,530354,2,2,last,sucA,,sucA,odhB,529125,533284,sucA;odhB
251,znuC,CDS,COG1121,533527,534327,-,"[P] ABC-type Mn/Zn transport systems, ATPase component",533527,534327,1,1,single,,,znuC,znuC,533527,534327,znuC
252,mepM,CDS,COG0739,534531,536021,+,[M] Membrane proteins related to metalloendopeptidases ,534531,536021,3,1,first,,dsbC,mepM,recJ,534531,538542,mepM;dsbC;recJ
252,dsbC,CDS,COG1651,536040,536735,+,[O] Protein-disulfide isomerase    ,536040,536735,3,2,internal,mepM,recJ,mepM,recJ,534531,538542,mepM;dsbC;recJ
252,recJ,CDS,COG0608,536827,538542,+,[L] Single-stranded DNA-specific exonuclease   ,536827,538542,3,3,last,dsbC,,mepM,recJ,534531,538542,mepM;dsbC;recJ
253,cds-WP_005596583.1,CDS,COG2913,538676,539527,+,[J] Small protein A (tmRNA-binding)  ,538676,539527,1,1,single,,,cds-WP_005596583.1,cds-WP_005596583.1,538676,539527,cds-WP_005596583.1
254,cds-WP_039709015.1,CDS,COG0561,539609,540427,+,[R] Predicted hydrolases of the HAD superfamily,539609,540427,5,1,first,,narQ,cds-WP_039709015.1,cds-WP_005596594.1,539609,543668,cds-WP_039709015.1;narQ;cds-WP_005596590.1;rdgB;cds-WP_005596594.1
254,narQ,CDS,COG3850,540427,542142,+,"[T] Signal transduction histidine kinase, nitrate/nitrite-specific ",540427,542142,5,2,internal,cds-WP_039709015.1,cds-WP_005596590.1,cds-WP_039709015.1,cds-WP_005596594.1,539609,543668,cds-WP_039709015.1;narQ;cds-WP_005596590.1;rdgB;cds-WP_005596594.1
254,cds-WP_005596590.1,CDS,COG1247,542165,542683,+,[M] Sortase and related acyltransferases  ,542165,542683,5,3,internal,narQ,rdgB,cds-WP_039709015.1,cds-WP_005596594.1,539609,543668,cds-WP_039709015.1;narQ;cds-WP_005596590.1;rdgB;cds-WP_005596594.1
254,rdgB,CDS,COG0127,542724,543320,+,[F] Xanthosine triphosphate pyrophosphatase   ,542724,543320,5,4,internal,cds-WP_005596590.1,cds-WP_005596594.1,cds-WP_039709015.1,cds-WP_005596594.1,539609,543668,cds-WP_039709015.1;narQ;cds-WP_005596590.1;rdgB;cds-WP_005596594.1
254,cds-WP_005596594.1,CDS,COG0393,543348,543668,+,[S] Uncharacterized conserved protein   ,543348,543668,5,5,last,rdgB,,cds-WP_039709015.1,cds-WP_005596594.1,539609,543668,cds-WP_039709015.1;narQ;cds-WP_005596590.1;rdgB;cds-WP_005596594.1
255,cds-WP_058230461.1,CDS,COG2759,543774,545444,-,[F] Formyltetrahydrofolate synthetase    ,543774,545444,1,1,single,,,cds-WP_058230461.1,cds-WP_058230461.1,543774,545444,cds-WP_058230461.1
256,cds-WP_005596597.1,CDS,COG2983,545554,546000,+,[S] Uncharacterized conserved protein   ,545554,546000,1,1,single,,,cds-WP_005596597.1,cds-WP_005596597.1,545554,546000,cds-WP_005596597.1
257,cds-WP_039709016.1,CDS,COG4221,546090,546839,+,[R] Short-chain alcohol dehydrogenase of unknown specificity,546090,546839,1,1,single,,,cds-WP_039709016.1,cds-WP_039709016.1,546090,546839,cds-WP_039709016.1
258,trpB,CDS,COG0133,547025,548215,+,[E] Tryptophan synthase beta chain  ,547025,548215,2,1,first,,trpA,trpB,trpA,547025,549026,trpB;trpA
258,trpA,CDS,COG0159,548217,549026,+,[E] Tryptophan synthase alpha chain  ,548217,549026,2,2,last,trpB,,trpB,trpA,547025,549026,trpB;trpA
259,cds-WP_005596601.1,CDS,ROG7930,549103,549396,-,NA,549103,549396,1,1,single,,,cds-WP_005596601.1,cds-WP_005596601.1,549103,549396,cds-WP_005596601.1
260,polA,CDS,COG0749,549870,552743,+,[L] DNA polymerase I - 3'-5' exonuclease,549870,552743,1,1,single,,,polA,polA,549870,552743,polA
261,lolA,CDS,COG2834,552901,553542,+,[M] Outer membrane lipoprotein-sorting protein  ,552901,553542,1,1,single,,,lolA,lolA,552901,553542,lolA
262,trpR,CDS,COG2973,553617,553925,+,[K] Trp operon repressor   ,553617,553925,2,1,first,,mtgA,trpR,mtgA,553617,554715,trpR;mtgA
262,mtgA,CDS,COG0744,553954,554715,+,[M] Membrane carboxypeptidase (penicillin-binding protein)  ,553954,554715,2,2,last,trpR,,trpR,mtgA,553617,554715,trpR;mtgA
263,cds-WP_005600584.1,CDS,ROG0023,557901,558113,-,NA,557901,558113,6,1,first,,cds-WP_005600583.1,cds-WP_005600584.1,cds-WP_005596608.1,554785,558113,cds-WP_005600584.1;cds-WP_005600583.1;cds-WP_306173045.1;cds-WP_256734107.1;cds-WP_039709021.1;cds-WP_005596608.1
263,cds-WP_005600583.1,CDS,COG1252,556513,557856,-,"[C] NADH dehydrogenase, FAD-containing subunit  ",556513,557856,6,2,internal,cds-WP_005600584.1,cds-WP_306173045.1,cds-WP_005600584.1,cds-WP_005596608.1,554785,558113,cds-WP_005600584.1;cds-WP_005600583.1;cds-WP_306173045.1;cds-WP_256734107.1;cds-WP_039709021.1;cds-WP_005596608.1
263,cds-WP_306173045.1,CDS,NA,556263,556502,-,NA,556263,556502,6,3,internal,cds-WP_005600583.1,cds-WP_256734107.1,cds-WP_005600584.1,cds-WP_005596608.1,554785,558113,cds-WP_005600584.1;cds-WP_005600583.1;cds-WP_306173045.1;cds-WP_256734107.1;cds-WP_039709021.1;cds-WP_005596608.1
263,cds-WP_256734107.1,CDS,NA,556166,556315,-,NA,556166,556315,6,4,internal,cds-WP_306173045.1,cds-WP_039709021.1,cds-WP_005600584.1,cds-WP_005596608.1,554785,558113,cds-WP_005600584.1;cds-WP_005600583.1;cds-WP_306173045.1;cds-WP_256734107.1;cds-WP_039709021.1;cds-WP_005596608.1
263,cds-WP_039709021.1,CDS,COG1275,555147,556151,-,[P] Tellurite resistance protein and related permeases,555147,556151,6,5,internal,cds-WP_256734107.1,cds-WP_005596608.1,cds-WP_005600584.1,cds-WP_005596608.1,554785,558113,cds-WP_005600584.1;cds-WP_005600583.1;cds-WP_306173045.1;cds-WP_256734107.1;cds-WP_039709021.1;cds-WP_005596608.1
263,cds-WP_005596608.1,CDS,COG0599,554785,555120,-,[S] Uncharacterized homolog of gamma-carboxymuconolactone decarboxylase subunit,554785,555120,6,6,last,cds-WP_039709021.1,,cds-WP_005600584.1,cds-WP_005596608.1,554785,558113,cds-WP_005600584.1;cds-WP_005600583.1;cds-WP_306173045.1;cds-WP_256734107.1;cds-WP_039709021.1;cds-WP_005596608.1
264,cds-WP_039709022.1,CDS,COG0640,558268,558555,+,[K] Predicted transcriptional regulators   ,558268,558555,3,1,first,,nfsA,cds-WP_039709022.1,cds-WP_039709023.1,558268,560260,cds-WP_039709022.1;nfsA;cds-WP_039709023.1
264,nfsA,CDS,COG0778,558630,559349,+,[C] Nitroreductase     ,558630,559349,3,2,internal,cds-WP_039709022.1,cds-WP_039709023.1,cds-WP_039709022.1,cds-WP_039709023.1,558268,560260,cds-WP_039709022.1;nfsA;cds-WP_039709023.1
264,cds-WP_039709023.1,CDS,COG0189,559346,560260,+,[HJ] Glutathione synthase/Ribosomal protein S6 modification enzyme,559346,560260,3,3,last,nfsA,,cds-WP_039709022.1,cds-WP_039709023.1,558268,560260,cds-WP_039709022.1;nfsA;cds-WP_039709023.1
265,cds-WP_005607256.1,CDS,COG1434,560295,561053,-,[S] Uncharacterized conserved protein   ,560295,561053,1,1,single,,,cds-WP_005607256.1,cds-WP_005607256.1,560295,561053,cds-WP_005607256.1
266,cds-WP_039709538.1,CDS,COG0281,561370,562638,+,[C] Malic enzyme    ,561370,562638,1,1,single,,,cds-WP_039709538.1,cds-WP_039709538.1,561370,562638,cds-WP_039709538.1
267,rplY,CDS,COG1825,562824,563111,+,[J] Ribosomal protein L25 (general stress protein,562824,563111,1,1,single,,,rplY,rplY,562824,563111,rplY
268,cds-WP_005618850.1,CDS,COG3683,563690,564331,+,"[R] ABC-type uncharacterized transport system, periplasmic component",563690,564331,2,1,first,,cds-WP_005603879.1,cds-WP_005618850.1,cds-WP_005603879.1,563690,565317,cds-WP_005618850.1;cds-WP_005603879.1
268,cds-WP_005603879.1,CDS,COG2215,564322,565317,+,"[R] ABC-type uncharacterized transport system, permease component",564322,565317,2,2,last,cds-WP_005618850.1,,cds-WP_005618850.1,cds-WP_005603879.1,563690,565317,cds-WP_005618850.1;cds-WP_005603879.1
269,cds-WP_005607342.1,CDS,COG1115,565417,566865,+,[E] Na+/alanine symporter    ,565417,566865,1,1,single,,,cds-WP_005607342.1,cds-WP_005607342.1,565417,566865,cds-WP_005607342.1
270,cds-MIDG2331_RS11735,CDS,COG1127,567256,567986,+,[Q] ABC-type transport system involved in resistance,567256,567986,9,1,first,,cds-WP_039709026.1,cds-MIDG2331_RS11735,thiE,567256,574112,cds-MIDG2331_RS11735;cds-WP_039709026.1;cds-WP_039709027.1;cds-MIDG2331_RS11610;thiH;tenA;cds-MIDG2331_RS02560;thiD;thiE
270,cds-WP_039709026.1,CDS,COG0600,567979,568728,+,"[P] ABC-type nitrate/sulfonate/bicarbonate transport system, permease component",567979,568728,9,2,internal,cds-MIDG2331_RS11735,cds-WP_039709027.1,cds-MIDG2331_RS11735,thiE,567256,574112,cds-MIDG2331_RS11735;cds-WP_039709026.1;cds-WP_039709027.1;cds-MIDG2331_RS11610;thiH;tenA;cds-MIDG2331_RS02560;thiD;thiE
270,cds-WP_039709027.1,CDS,COG0476,568772,569473,+,[H] Dinucleotide-utilizing enzymes involved in molybdopterin and,568772,569473,9,3,internal,cds-WP_039709026.1,cds-MIDG2331_RS11610,cds-MIDG2331_RS11735,thiE,567256,574112,cds-MIDG2331_RS11735;cds-WP_039709026.1;cds-WP_039709027.1;cds-MIDG2331_RS11610;thiH;tenA;cds-MIDG2331_RS02560;thiD;thiE
270,cds-MIDG2331_RS11610,CDS,COG2022,569497,570262,+,[H] Uncharacterized enzyme of thiazole biosynthesis ,569497,570262,9,4,internal,cds-WP_039709027.1,thiH,cds-MIDG2331_RS11735,thiE,567256,574112,cds-MIDG2331_RS11735;cds-WP_039709026.1;cds-WP_039709027.1;cds-MIDG2331_RS11610;thiH;tenA;cds-MIDG2331_RS02560;thiD;thiE
270,thiH,CDS,COG1060,570272,571417,+,[HR] Thiamine biosynthesis enzyme ThiH and related,570272,571417,9,5,internal,cds-MIDG2331_RS11610,tenA,cds-MIDG2331_RS11735,thiE,567256,574112,cds-MIDG2331_RS11735;cds-WP_039709026.1;cds-WP_039709027.1;cds-MIDG2331_RS11610;thiH;tenA;cds-MIDG2331_RS02560;thiD;thiE
270,tenA,CDS,COG0819,571423,572094,+,[K] Putative transcription activator   ,571423,572094,9,6,internal,thiH,cds-MIDG2331_RS02560,cds-MIDG2331_RS11735,thiE,567256,574112,cds-MIDG2331_RS11735;cds-WP_039709026.1;cds-WP_039709027.1;cds-MIDG2331_RS11610;thiH;tenA;cds-MIDG2331_RS02560;thiD;thiE
270,cds-MIDG2331_RS02560,CDS,COG0715,572114,573061,+,"[P] ABC-type nitrate/sulfonate/bicarbonate transport systems, periplasmic components",572114,573061,9,7,internal,tenA,thiD,cds-MIDG2331_RS11735,thiE,567256,574112,cds-MIDG2331_RS11735;cds-WP_039709026.1;cds-WP_039709027.1;cds-MIDG2331_RS11610;thiH;tenA;cds-MIDG2331_RS02560;thiD;thiE
270,thiD,CDS,COG0351,573086,573661,+,[H] Hydroxymethylpyrimidine/phosphomethylpyrimidine kinase    ,573086,573661,9,8,internal,cds-MIDG2331_RS02560,thiE,cds-MIDG2331_RS11735,thiE,567256,574112,cds-MIDG2331_RS11735;cds-WP_039709026.1;cds-WP_039709027.1;cds-MIDG2331_RS11610;thiH;tenA;cds-MIDG2331_RS02560;thiD;thiE
270,thiE,CDS,COG0352,573672,574112,+,[H] Thiamine monophosphate synthase   ,573672,574112,9,9,last,thiD,,cds-MIDG2331_RS11735,thiE,567256,574112,cds-MIDG2331_RS11735;cds-WP_039709026.1;cds-WP_039709027.1;cds-MIDG2331_RS11610;thiH;tenA;cds-MIDG2331_RS02560;thiD;thiE
271,lepA,CDS,COG0481,574290,576083,+,[M] Membrane GTPase LepA   ,574290,576083,5,1,first,,lepB,lepA,recO,574290,579633,lepA;lepB;rnc;era;recO
271,lepB,CDS,COG0681,576188,577147,+,[U] Signal peptidase I   ,576188,577147,5,2,internal,lepA,rnc,lepA,recO,574290,579633,lepA;lepB;rnc;era;recO
271,rnc,CDS,COG0571,577244,577915,+,[K] dsRNA-specific ribonuclease    ,577244,577915,5,3,internal,lepB,era,lepA,recO,574290,579633,lepA;lepB;rnc;era;recO
271,era,CDS,COG1159,577985,578899,+,[R] GTPase     ,577985,578899,5,4,internal,rnc,recO,lepA,recO,574290,579633,lepA;lepB;rnc;era;recO
271,recO,CDS,COG1381,578911,579633,+,[L] Recombinational DNA repair protein (RecF pathway),578911,579633,5,5,last,era,,lepA,recO,574290,579633,lepA;lepB;rnc;era;recO
272,cds-WP_005596747.1,CDS,COG4963,586156,587283,-,"[U] Flp pilus assembly protein, ATPase CpaE",586156,587283,8,1,first,,cds-WP_005596745.1,cds-WP_005596747.1,cds-WP_012262848.1,579727,587283,cds-WP_005596747.1;cds-WP_005596745.1;cds-WP_005603910.1;cds-WP_005596741.1;cds-WP_005596739.1;cds-WP_005600640.1;tadF;cds-WP_012262848.1
272,cds-WP_005596745.1,CDS,COG4962,584870,586147,-,"[U] Flp pilus assembly protein, ATPase CpaF",584870,586147,8,2,internal,cds-WP_005596747.1,cds-WP_005603910.1,cds-WP_005596747.1,cds-WP_012262848.1,579727,587283,cds-WP_005596747.1;cds-WP_005596745.1;cds-WP_005603910.1;cds-WP_005596741.1;cds-WP_005596739.1;cds-WP_005600640.1;tadF;cds-WP_012262848.1
272,cds-WP_005603910.1,CDS,COG4965,583983,584870,-,[U] Flp pilus assembly protein TadB ,583983,584870,8,3,internal,cds-WP_005596745.1,cds-WP_005596741.1,cds-WP_005596747.1,cds-WP_012262848.1,579727,587283,cds-WP_005596747.1;cds-WP_005596745.1;cds-WP_005603910.1;cds-WP_005596741.1;cds-WP_005596739.1;cds-WP_005600640.1;tadF;cds-WP_012262848.1
272,cds-WP_005596741.1,CDS,COG2064,583138,583983,-,[NU] Flp pilus assembly protein TadC ,583138,583983,8,4,internal,cds-WP_005603910.1,cds-WP_005596739.1,cds-WP_005596747.1,cds-WP_012262848.1,579727,587283,cds-WP_005596747.1;cds-WP_005596745.1;cds-WP_005603910.1;cds-WP_005596741.1;cds-WP_005596739.1;cds-WP_005600640.1;tadF;cds-WP_012262848.1
272,cds-WP_005596739.1,CDS,COG5010,582396,583148,-,"[U] Flp pilus assembly protein TadD, contains",582396,583148,8,5,internal,cds-WP_005596741.1,cds-WP_005600640.1,cds-WP_005596747.1,cds-WP_012262848.1,579727,587283,cds-WP_005596747.1;cds-WP_005596745.1;cds-WP_005603910.1;cds-WP_005596741.1;cds-WP_005596739.1;cds-WP_005600640.1;tadF;cds-WP_012262848.1
272,cds-WP_005600640.1,CDS,ROG5442,581908,582393,-,NA,581908,582393,8,6,internal,cds-WP_005596739.1,tadF,cds-WP_005596747.1,cds-WP_012262848.1,579727,587283,cds-WP_005596747.1;cds-WP_005596745.1;cds-WP_005603910.1;cds-WP_005596741.1;cds-WP_005596739.1;cds-WP_005600640.1;tadF;cds-WP_012262848.1
272,tadF,CDS,ROG5149,581340,581936,-,NA,581340,581936,8,7,internal,cds-WP_005600640.1,cds-WP_012262848.1,cds-WP_005596747.1,cds-WP_012262848.1,579727,587283,cds-WP_005596747.1;cds-WP_005596745.1;cds-WP_005603910.1;cds-WP_005596741.1;cds-WP_005596739.1;cds-WP_005600640.1;tadF;cds-WP_012262848.1
272,cds-WP_012262848.1,CDS,COG4961,579727,581316,-,[U] Flp pilus assembly protein TadG ,579727,581316,8,8,last,tadF,,cds-WP_005596747.1,cds-WP_012262848.1,579727,587283,cds-WP_005596747.1;cds-WP_005596745.1;cds-WP_005603910.1;cds-WP_005596741.1;cds-WP_005596739.1;cds-WP_005600640.1;tadF;cds-WP_012262848.1
273,cds-WP_039709035.1,CDS,COG3847,590885,591124,-,"[U] Flp pilus assembly protein, pilin Flp",590885,591124,6,1,first,,cds-WP_081043517.1,cds-WP_039709035.1,cds-WP_005600648.1,587446,591124,cds-WP_039709035.1;cds-WP_081043517.1;cds-WP_039709034.1;cds-WP_039709641.1;cds-WP_039709040.1;cds-WP_005600648.1
273,cds-WP_081043517.1,CDS,COG3847,590641,590838,-,"[U] Flp pilus assembly protein, pilin Flp",590641,590838,6,2,internal,cds-WP_039709035.1,cds-WP_039709034.1,cds-WP_039709035.1,cds-WP_005600648.1,587446,591124,cds-WP_039709035.1;cds-WP_081043517.1;cds-WP_039709034.1;cds-WP_039709641.1;cds-WP_039709040.1;cds-WP_005600648.1
273,cds-WP_039709034.1,CDS,COG4960,590169,590597,-,"[OU] Flp pilus assembly protein, protease CpaA",590169,590597,6,3,internal,cds-WP_081043517.1,cds-WP_039709641.1,cds-WP_039709035.1,cds-WP_005600648.1,587446,591124,cds-WP_039709035.1;cds-WP_081043517.1;cds-WP_039709034.1;cds-WP_039709641.1;cds-WP_039709040.1;cds-WP_005600648.1
273,cds-WP_039709641.1,CDS,NA,589324,590142,-,NA,589324,590142,6,4,internal,cds-WP_039709034.1,cds-WP_039709040.1,cds-WP_039709035.1,cds-WP_005600648.1,587446,591124,cds-WP_039709035.1;cds-WP_081043517.1;cds-WP_039709034.1;cds-WP_039709641.1;cds-WP_039709040.1;cds-WP_005600648.1
273,cds-WP_039709040.1,CDS,COG4964,587946,589334,-,"[U] Flp pilus assembly protein, secretin CpaC",587946,589334,6,5,internal,cds-WP_039709641.1,cds-WP_005600648.1,cds-WP_039709035.1,cds-WP_005600648.1,587446,591124,cds-WP_039709035.1;cds-WP_081043517.1;cds-WP_039709034.1;cds-WP_039709641.1;cds-WP_039709040.1;cds-WP_005600648.1
273,cds-WP_005600648.1,CDS,NA,587446,587949,-,NA,587446,587949,6,6,last,cds-WP_039709040.1,,cds-WP_039709035.1,cds-WP_005600648.1,587446,591124,cds-WP_039709035.1;cds-WP_081043517.1;cds-WP_039709034.1;cds-WP_039709641.1;cds-WP_039709040.1;cds-WP_005600648.1
274,rhlB,CDS,COG0513,591722,592942,+,[LKJ] Superfamily II DNA and RNA helicases,591722,592942,1,1,single,,,rhlB,rhlB,591722,592942,rhlB
275,cds-WP_005611761.1,CDS,NA,593060,593482,+,NA,593060,593482,2,1,first,,cds-WP_039709037.1,cds-WP_005611761.1,cds-WP_039709037.1,593060,595017,cds-WP_005611761.1;cds-WP_039709037.1
275,cds-WP_039709037.1,CDS,COG0433,593533,595017,+,[R] Predicted ATPase    ,593533,595017,2,2,last,cds-WP_005611761.1,,cds-WP_005611761.1,cds-WP_039709037.1,593060,595017,cds-WP_005611761.1;cds-WP_039709037.1
276,cds-WP_039709038.1,CDS,COG1840,595217,596248,+,"[P] ABC-type Fe3+ transport system, periplasmic component",595217,596248,2,1,first,,cds-WP_039709642.1,cds-WP_039709038.1,cds-WP_039709642.1,595217,598380,cds-WP_039709038.1;cds-WP_039709642.1
276,cds-WP_039709642.1,CDS,COG1178,596380,598380,+,"[P] ABC-type Fe3+ transport system, permease component",596380,598380,2,2,last,cds-WP_039709038.1,,cds-WP_039709038.1,cds-WP_039709642.1,595217,598380,cds-WP_039709038.1;cds-WP_039709642.1
277,cds-MIDG2331_RS02695,CDS,NA,598619,600756,+,NA,598619,600756,1,1,single,,,cds-MIDG2331_RS02695,cds-MIDG2331_RS02695,598619,600756,cds-MIDG2331_RS02695
278,cds-MIDG2331_RS02705,CDS,COG4178,600901,602503,+,"[R] ABC-type uncharacterized transport system, permease and",600901,602503,1,1,single,,,cds-MIDG2331_RS02705,cds-MIDG2331_RS02705,600901,602503,cds-MIDG2331_RS02705
279,rpsB,CDS,COG0052,602768,603484,+,[J] Ribosomal protein S2   ,602768,603484,2,1,first,,tsf,rpsB,tsf,602768,604431,rpsB;tsf
279,tsf,CDS,COG0264,603580,604431,+,[J] Translation elongation factor Ts  ,603580,604431,2,2,last,rpsB,,rpsB,tsf,602768,604431,rpsB;tsf
280,cds-WP_039709042.1,CDS,COG2194,604561,606114,-,"[R] Predicted membrane-associated, metal-dependent hydrolase  ",604561,606114,1,1,single,,,cds-WP_039709042.1,cds-WP_039709042.1,604561,606114,cds-WP_039709042.1
281,pyrH,CDS,COG0528,606226,606939,+,[F] Uridylate kinase    ,606226,606939,2,1,first,,frr,pyrH,frr,606226,607680,pyrH;frr
281,frr,CDS,COG0233,607123,607680,+,[J] Ribosome recycling factor   ,607123,607680,2,2,last,pyrH,,pyrH,frr,606226,607680,pyrH;frr
282,pdxR,CDS,COG1167,607758,609146,-,[KE] Transcriptional regulators containing a DNA-binding HTH,607758,609146,1,1,single,,,pdxR,pdxR,607758,609146,pdxR
283,pdxS,CDS,COG0214,609245,610132,+,[H] Pyridoxine biosynthesis enzyme   ,609245,610132,2,1,first,,pdxT,pdxS,pdxT,609245,610707,pdxS;pdxT
283,pdxT,CDS,COG0311,610132,610707,+,[H] Predicted glutamine amidotransferase involved in pyridoxine,610132,610707,2,2,last,pdxS,,pdxS,pdxT,609245,610707,pdxS;pdxT
284,cds-WP_005618868.1,CDS,COG0513,611388,613247,-,[LKJ] Superfamily II DNA and RNA helicases,611388,613247,2,1,first,,tadA,cds-WP_005618868.1,tadA,610781,613247,cds-WP_005618868.1;tadA
284,tadA,CDS,COG0590,610781,611305,-,[FJ] Cytosine/adenosine deaminases    ,610781,611305,2,2,last,cds-WP_005618868.1,,cds-WP_005618868.1,tadA,610781,613247,cds-WP_005618868.1;tadA
285,pnp,CDS,COG1185,614471,616618,-,[J] Polyribonucleotide nucleotidyltransferase (polynucleotide phosphorylase)  ,614471,616618,2,1,first,,nlpI,pnp,nlpI,613469,616618,pnp;nlpI
285,nlpI,CDS,COG4785,613469,614410,-,"[R] Lipoprotein NlpI, contains TPR repeats ",613469,614410,2,2,last,pnp,,pnp,nlpI,613469,616618,pnp;nlpI
286,parC,CDS,COG0188,616919,619165,+,"[L] Type IIA topoisomerase (DNA gyrase/topo II,",616919,619165,1,1,single,,,parC,parC,616919,619165,parC
287,mukF,CDS,COG3006,619305,620636,+,[D] Uncharacterized protein involved in chromosome partitioning,619305,620636,3,1,first,,mukE,mukF,mukB,619305,625940,mukF;mukE;mukB
287,mukE,CDS,COG3095,620716,621429,+,[D] Uncharacterized protein involved in chromosome partitioning,620716,621429,3,2,internal,mukF,mukB,mukF,mukB,619305,625940,mukF;mukE;mukB
287,mukB,CDS,COG3096,621450,625940,+,[D] Uncharacterized protein involved in chromosome partitioning,621450,625940,3,3,last,mukE,,mukF,mukB,619305,625940,mukF;mukE;mukB
288,cds-WP_005607410.1,CDS,COG2814,626017,627192,+,[G] Arabinose efflux permease   ,626017,627192,1,1,single,,,cds-WP_005607410.1,cds-WP_005607410.1,626017,627192,cds-WP_005607410.1
289,cds-WP_005607413.1,CDS,COG3082,628986,629207,-,[S] Uncharacterized protein conserved in bacteria ,628986,629207,2,1,first,,cds-WP_005607412.1,cds-WP_005607413.1,cds-WP_005607412.1,627244,629207,cds-WP_005607413.1;cds-WP_005607412.1
289,cds-WP_005607412.1,CDS,COG3083,627244,628983,-,[R] Predicted hydrolase of alkaline phosphatase superfamily,627244,628983,2,2,last,cds-WP_005607413.1,,cds-WP_005607413.1,cds-WP_005607412.1,627244,629207,cds-WP_005607413.1;cds-WP_005607412.1
290,cds-WP_005618884.1,CDS,COG1309,629417,629995,+,[K] Transcriptional regulator    ,629417,629995,3,1,first,,cds-WP_039709049.1,cds-WP_005618884.1,cds-WP_039709050.1,629417,634365,cds-WP_005618884.1;cds-WP_039709049.1;cds-WP_039709050.1
290,cds-WP_039709049.1,CDS,COG0845,630028,631233,+,[M] Membrane-fusion protein    ,630028,631233,3,2,internal,cds-WP_005618884.1,cds-WP_039709050.1,cds-WP_005618884.1,cds-WP_039709050.1,629417,634365,cds-WP_005618884.1;cds-WP_039709049.1;cds-WP_039709050.1
290,cds-WP_039709050.1,CDS,COG0841,631246,634365,+,[V] Cation/multidrug efflux pump   ,631246,634365,3,3,last,cds-WP_039709049.1,,cds-WP_005618884.1,cds-WP_039709050.1,629417,634365,cds-WP_005618884.1;cds-WP_039709049.1;cds-WP_039709050.1
291,glmU,CDS,COG1207,634583,635947,+,[M] N-acetylglucosamine-1-phosphate uridyltransferase (contains nucleotidyltransferase and I-patch,634583,635947,1,1,single,,,glmU,glmU,634583,635947,glmU
292,cds-WP_005603976.1,CDS,COG3955,636375,636995,-,[M] Exopolysaccharide biosynthesis protein   ,636375,636995,2,1,first,,cds-WP_005596827.1,cds-WP_005603976.1,cds-WP_005596827.1,636054,636995,cds-WP_005603976.1;cds-WP_005596827.1
292,cds-WP_005596827.1,CDS,COG4357,636054,636371,-,[S] Uncharacterized conserved protein   ,636054,636371,2,2,last,cds-WP_005603976.1,,cds-WP_005603976.1,cds-WP_005596827.1,636054,636995,cds-WP_005603976.1;cds-WP_005596827.1
293,cds-WP_058230463.1,CDS,COG1109,637289,638947,+,[G] Phosphomannomutase     ,637289,638947,1,1,single,,,cds-WP_058230463.1,cds-WP_058230463.1,637289,638947,cds-WP_058230463.1
294,cds-WP_005618885.1,CDS,NA,640615,640929,-,NA,640615,640929,2,1,first,,guaA,cds-WP_005618885.1,guaA,639029,640929,cds-WP_005618885.1;guaA
294,guaA,CDS,COG0519,639029,640600,-,"[F] GMP synthase, PP-ATPase domain/subunit  ",639029,640600,2,2,last,cds-WP_005618885.1,,cds-WP_005618885.1,guaA,639029,640929,cds-WP_005618885.1;guaA
295,guaB,CDS,COG0516,641019,642482,-,[F] IMP dehydrogenase/GMP reductase   ,641019,642482,1,1,single,,,guaB,guaB,641019,642482,guaB
296,rlmE,CDS,COG0293,642735,643361,+,[J] 23S rRNA methylase   ,642735,643361,2,1,first,,ftsH,rlmE,ftsH,642735,645387,rlmE;ftsH
296,ftsH,CDS,COG0465,643465,645387,+,[O] ATP-dependent Zn proteases   ,643465,645387,2,2,last,rlmE,,rlmE,ftsH,642735,645387,rlmE;ftsH
297,cds-WP_005596842.1,CDS,COG0814,645625,646839,+,[E] Amino acid permeases   ,645625,646839,2,1,first,,cds-WP_005596844.1,cds-WP_005596842.1,cds-WP_005596844.1,645625,648153,cds-WP_005596842.1;cds-WP_005596844.1
297,cds-WP_005596844.1,CDS,COG0814,646936,648153,+,[E] Amino acid permeases   ,646936,648153,2,2,last,cds-WP_005596842.1,,cds-WP_005596842.1,cds-WP_005596844.1,645625,648153,cds-WP_005596842.1;cds-WP_005596844.1
298,glnD,CDS,COG2844,648260,650812,+,[O] UTP:GlnB (protein PII) uridylyltransferase  ,648260,650812,1,1,single,,,glnD,glnD,648260,650812,glnD
299,cds-WP_005596846.1,CDS,COG3105,650845,651243,-,[S] Uncharacterized protein conserved in bacteria ,650845,651243,1,1,single,,,cds-WP_005596846.1,cds-WP_005596846.1,650845,651243,cds-WP_005596846.1
300,rplM,CDS,COG0102,651548,651976,+,[J] Ribosomal protein L13   ,651548,651976,2,1,first,,rpsI,rplM,rpsI,651548,652388,rplM;rpsI
300,rpsI,CDS,COG0103,651993,652388,+,[J] Ribosomal protein S9   ,651993,652388,2,2,last,rplM,,rplM,rpsI,651548,652388,rplM;rpsI
301,yaaA,CDS,COG3022,652510,653292,+,[S] Uncharacterized protein conserved in bacteria ,652510,653292,4,1,first,,cds-WP_005611843.1,yaaA,cds-WP_005611845.1,652510,655537,yaaA;cds-WP_005611843.1;cds-WP_005600733.1;cds-WP_005611845.1
301,cds-WP_005611843.1,CDS,NA,653292,653837,+,NA,653292,653837,4,2,internal,yaaA,cds-WP_005600733.1,yaaA,cds-WP_005611845.1,652510,655537,yaaA;cds-WP_005611843.1;cds-WP_005600733.1;cds-WP_005611845.1
301,cds-WP_005600733.1,CDS,COG0053,653863,654786,+,[P] Predicted Co/Zn/Cd cation transporters  ,653863,654786,4,3,internal,cds-WP_005611843.1,cds-WP_005611845.1,yaaA,cds-WP_005611845.1,652510,655537,yaaA;cds-WP_005611843.1;cds-WP_005600733.1;cds-WP_005611845.1
301,cds-WP_005611845.1,CDS,COG5595,654767,655537,+,"[R] Zn-ribbon-containing, possibly nucleic-acid-binding protein  ",654767,655537,4,4,last,cds-WP_005600733.1,,yaaA,cds-WP_005611845.1,652510,655537,yaaA;cds-WP_005611843.1;cds-WP_005600733.1;cds-WP_005611845.1
302,cds-WP_039709052.1,CDS,COG1823,655636,656961,+,[R] Predicted Na+/dicarboxylate symporter   ,655636,656961,1,1,single,,,cds-WP_039709052.1,cds-WP_039709052.1,655636,656961,cds-WP_039709052.1
303,cds-WP_039709053.1,CDS,COG0778,657065,657727,-,[C] Nitroreductase     ,657065,657727,1,1,single,,,cds-WP_039709053.1,cds-WP_039709053.1,657065,657727,cds-WP_039709053.1
304,pheS,CDS,COG0016,658006,658992,+,[J] Phenylalanyl-tRNA synthetase alpha subunit  ,658006,658992,3,1,first,,pheT,pheS,cds-WP_005596864.1,658006,661791,pheS;pheT;cds-WP_005596864.1
304,pheT,CDS,COG0072,659090,661477,+,[J] Phenylalanyl-tRNA synthetase beta subunit  ,659090,661477,3,2,internal,pheS,cds-WP_005596864.1,pheS,cds-WP_005596864.1,658006,661791,pheS;pheT;cds-WP_005596864.1
304,cds-WP_005596864.1,CDS,COG0776,661495,661791,+,[L] Bacterial nucleoid DNA-binding protein  ,661495,661791,3,3,last,pheT,,pheS,cds-WP_005596864.1,658006,661791,pheS;pheT;cds-WP_005596864.1
305,cds-WP_005596865.1,CDS,COG0791,661851,662375,+,[M] Cell wall-associated hydrolases (invasion-associated proteins) ,661851,662375,1,1,single,,,cds-WP_005596865.1,cds-WP_005596865.1,661851,662375,cds-WP_005596865.1
306,cds-WP_144435020.1,CDS,COG2963,663528,663981,-,[L] Transposase and inactivated derivatives  ,663528,663981,2,1,first,,cds-WP_144435020.1_2,cds-WP_144435020.1,cds-WP_144435020.1_2,662648,663981,cds-WP_144435020.1;cds-WP_144435020.1_2
306,cds-WP_144435020.1_2,CDS,NA,662648,663528,-,NA,662648,663528,2,2,last,cds-WP_144435020.1,,cds-WP_144435020.1,cds-WP_144435020.1_2,662648,663981,cds-WP_144435020.1;cds-WP_144435020.1_2
307,cds-WP_005596873.1,CDS,COG1940,664827,666017,-,[KG] Transcriptional regulator/sugar kinase   ,664827,666017,2,1,first,,bioD,cds-WP_005596873.1,bioD,664054,666017,cds-WP_005596873.1;bioD
307,bioD,CDS,COG0132,664054,664773,-,[H] Dethiobiotin synthetase    ,664054,664773,2,2,last,cds-WP_005596873.1,,cds-WP_005596873.1,bioD,664054,666017,cds-WP_005596873.1;bioD
308,rnd,CDS,COG0349,666196,667311,+,[J] Ribonuclease D    ,666196,667311,1,1,single,,,rnd,rnd,666196,667311,rnd
309,lrp,CDS,COG1522,667396,667878,+,[K] Transcriptional regulators    ,667396,667878,2,1,first,,cds-WP_039709543.1,lrp,cds-WP_039709543.1,667396,670760,lrp;cds-WP_039709543.1
309,cds-WP_039709543.1,CDS,COG1674,667890,670760,+,[D] DNA segregation ATPase FtsK/SpoIIIE and related,667890,670760,2,2,last,lrp,,lrp,cds-WP_039709543.1,667396,670760,lrp;cds-WP_039709543.1
310,ypfJ,CDS,COG2321,670945,671808,+,[R] Predicted metalloprotease    ,670945,671808,1,1,single,,,ypfJ,ypfJ,670945,671808,ypfJ
311,aroG,CDS,COG0722,671931,673004,+,[E] 3-deoxy-D-arabino-heptulosonate 7-phosphate (DAHP) synthase  ,671931,673004,1,1,single,,,aroG,aroG,671931,673004,aroG
312,tsaB,CDS,COG1214,673108,673800,+,"[O] Inactive homolog of metal-dependent proteases, putative",673108,673800,1,1,single,,,tsaB,tsaB,673108,673800,tsaB
313,zapB,CDS,COG3074,674882,675100,-,[S] Uncharacterized protein conserved in bacteria ,674882,675100,2,1,first,,cds-WP_005596891.1,zapB,cds-WP_005596891.1,674241,675100,zapB;cds-WP_005596891.1
313,cds-WP_005596891.1,CDS,COG1435,674241,674822,-,[F] Thymidine kinase    ,674241,674822,2,2,last,zapB,,zapB,cds-WP_005596891.1,674241,675100,zapB;cds-WP_005596891.1
314,glpX,CDS,COG1494,675285,676283,+,"[G] Fructose-1,6-bisphosphatase/sedoheptulose 1,7-bisphosphatase and related proteins ",675285,676283,1,1,single,,,glpX,glpX,675285,676283,glpX
315,cds-WP_005600772.1,CDS,COG0327,676346,677119,-,[S] Uncharacterized conserved protein   ,676346,677119,1,1,single,,,cds-WP_005600772.1,cds-WP_005600772.1,676346,677119,cds-WP_005600772.1
316,cds-WP_005596899.1,CDS,COG0577,677210,679132,-,"[V] ABC-type antimicrobial peptide transport system, permease",677210,679132,1,1,single,,,cds-WP_005596899.1,cds-WP_005596899.1,677210,679132,cds-WP_005596899.1
317,mazG,CDS,COG1694,681563,682342,-,[R] Predicted pyrophosphatase    ,681563,682342,3,1,first,,cds-WP_058230465.1,mazG,cpxA,679276,682342,mazG;cds-WP_058230465.1;cpxA
317,cds-WP_058230465.1,CDS,COG0745,680741,681469,-,[TK] Response regulators consisting of a CheY-like,680741,681469,3,2,internal,mazG,cpxA,mazG,cpxA,679276,682342,mazG;cds-WP_058230465.1;cpxA
317,cpxA,CDS,COG5002,679276,680676,-,[T] Signal transduction histidine kinase  ,679276,680676,3,3,last,cds-WP_058230465.1,,mazG,cpxA,679276,682342,mazG;cds-WP_058230465.1;cpxA
318,accD,CDS,COG0777,682681,683574,+,[I] Acetyl-CoA carboxylase beta subunit  ,682681,683574,2,1,first,,folC,accD,folC,682681,684935,accD;folC
318,folC,CDS,COG0285,683631,684935,+,[H] Folylpolyglutamate synthase    ,683631,684935,2,2,last,accD,,accD,folC,682681,684935,accD;folC
319,rna-MIDG2331_RS03045,tRNA,NA,685022,685098,+,NA,685022,685098,1,1,single,,,rna-MIDG2331_RS03045,rna-MIDG2331_RS03045,685022,685098,rna-MIDG2331_RS03045
320,rimP,CDS,COG0779,685319,685780,+,[S] Uncharacterized protein conserved in bacteria ,685319,685780,6,1,first,,nusA,rimP,cds-WP_005604043.1,685319,692432,rimP;nusA;infB;rbfA;truB;cds-WP_005604043.1
320,nusA,CDS,COG0195,685797,687278,+,[K] Transcription elongation factor   ,685797,687278,6,2,internal,rimP,infB,rimP,cds-WP_005604043.1,685319,692432,rimP;nusA;infB;rbfA;truB;cds-WP_005604043.1
320,infB,CDS,COG0532,687300,689825,+,[J] Translation initiation factor 2 (IF-2; GTPase),687300,689825,6,3,internal,nusA,rbfA,rimP,cds-WP_005604043.1,685319,692432,rimP;nusA;infB;rbfA;truB;cds-WP_005604043.1
320,rbfA,CDS,COG0858,689997,690380,+,[J] Ribosome-binding factor A   ,689997,690380,6,4,internal,infB,truB,rimP,cds-WP_005604043.1,685319,692432,rimP;nusA;infB;rbfA;truB;cds-WP_005604043.1
320,truB,CDS,COG0130,690381,691298,+,[J] Pseudouridine synthase    ,690381,691298,6,5,internal,rbfA,cds-WP_005604043.1,rimP,cds-WP_005604043.1,685319,692432,rimP;nusA;infB;rbfA;truB;cds-WP_005604043.1
320,cds-WP_005604043.1,CDS,COG2951,691344,692432,+,[M] Membrane-bound lytic murein transglycosylase B ,691344,692432,6,6,last,truB,,rimP,cds-WP_005604043.1,685319,692432,rimP;nusA;infB;rbfA;truB;cds-WP_005604043.1
321,cds-WP_005596927.1,CDS,COG3422,692561,692746,+,[S] Uncharacterized conserved protein   ,692561,692746,1,1,single,,,cds-WP_005596927.1,cds-WP_005596927.1,692561,692746,cds-WP_005596927.1
322,cds-WP_144435021.1,CDS,ROG1067,693441,693656,-,NA,693441,693656,2,1,first,,cds-WP_058230466.1,cds-WP_144435021.1,cds-WP_058230466.1,692881,693656,cds-WP_144435021.1;cds-WP_058230466.1
322,cds-WP_058230466.1,CDS,COG3328,692881,693444,-,[L] Transposase and inactivated derivatives  ,692881,693444,2,2,last,cds-WP_144435021.1,,cds-WP_144435021.1,cds-WP_058230466.1,692881,693656,cds-WP_144435021.1;cds-WP_058230466.1
323,cds-MIDG2331_RS11805,CDS,COG3677,693729,693791,-,[L] Transposase and inactivated derivatives  ,693729,693791,1,1,single,,,cds-MIDG2331_RS11805,cds-MIDG2331_RS11805,693729,693791,cds-MIDG2331_RS11805
324,cds-WP_005596931.1,CDS,COG0282,696145,697353,-,[C] Acetate kinase    ,696145,697353,2,1,first,,pta,cds-WP_005596931.1,pta,693951,697353,cds-WP_005596931.1;pta
324,pta,CDS,COG0280,693951,696089,-,[C] Phosphotransacetylase     ,693951,696089,2,2,last,cds-WP_005596931.1,,cds-WP_005596931.1,pta,693951,697353,cds-WP_005596931.1;pta
325,cpdB,CDS,COG0737,697650,699626,+,"[F] 5'-nucleotidase/2',3'-cyclic phosphodiesterase and related esterases ",697650,699626,1,1,single,,,cpdB,cpdB,697650,699626,cpdB
326,cds-MIDG2331_RS11240,CDS,NA,699696,700328,-,NA,699696,700328,1,1,single,,,cds-MIDG2331_RS11240,cds-MIDG2331_RS11240,699696,700328,cds-MIDG2331_RS11240
327,cds-WP_039709498.1,CDS,NA,700528,700809,+,NA,700528,700809,1,1,single,,,cds-WP_039709498.1,cds-WP_039709498.1,700528,700809,cds-WP_039709498.1
328,cds-WP_039709497.1,CDS,COG5475,701109,701327,-,[S] Uncharacterized small protein   ,701109,701327,2,1,first,,cds-WP_231944216.1,cds-WP_039709497.1,cds-WP_231944216.1,700856,701327,cds-WP_039709497.1;cds-WP_231944216.1
328,cds-WP_231944216.1,CDS,NA,700856,701122,-,NA,700856,701122,2,2,last,cds-WP_039709497.1,,cds-WP_039709497.1,cds-WP_231944216.1,700856,701327,cds-WP_039709497.1;cds-WP_231944216.1
329,cds-WP_039709495.1,CDS,ROG5441,701882,702067,-,NA,701882,702067,2,1,first,,cds-WP_039709496.1,cds-WP_039709495.1,cds-WP_039709496.1,701421,702067,cds-WP_039709495.1;cds-WP_039709496.1
329,cds-WP_039709496.1,CDS,NA,701421,701885,-,NA,701421,701885,2,2,last,cds-WP_039709495.1,,cds-WP_039709495.1,cds-WP_039709496.1,701421,702067,cds-WP_039709495.1;cds-WP_039709496.1
330,cds-WP_039709494.1,CDS,NA,702220,703374,+,NA,702220,703374,3,1,first,,cds-WP_039709493.1,cds-WP_039709494.1,cds-WP_039709620.1,702220,703983,cds-WP_039709494.1;cds-WP_039709493.1;cds-WP_039709620.1
330,cds-WP_039709493.1,CDS,NA,703411,703737,+,NA,703411,703737,3,2,internal,cds-WP_039709494.1,cds-WP_039709620.1,cds-WP_039709494.1,cds-WP_039709620.1,702220,703983,cds-WP_039709494.1;cds-WP_039709493.1;cds-WP_039709620.1
330,cds-WP_039709620.1,CDS,NA,703741,703983,+,NA,703741,703983,3,3,last,cds-WP_039709493.1,,cds-WP_039709494.1,cds-WP_039709620.1,702220,703983,cds-WP_039709494.1;cds-WP_039709493.1;cds-WP_039709620.1
331,cds-WP_039709491.1,CDS,NA,704069,704326,+,NA,704069,704326,3,1,first,,cds-WP_052245679.1,cds-WP_039709491.1,cds-WP_039709490.1,704069,705489,cds-WP_039709491.1;cds-WP_052245679.1;cds-WP_039709490.1
331,cds-WP_052245679.1,CDS,COG1450,704345,705223,+,"[NU] Type II secretory pathway, component PulD",704345,705223,3,2,internal,cds-WP_039709491.1,cds-WP_039709490.1,cds-WP_039709491.1,cds-WP_039709490.1,704069,705489,cds-WP_039709491.1;cds-WP_052245679.1;cds-WP_039709490.1
331,cds-WP_039709490.1,CDS,ROG7368,705268,705489,+,NA,705268,705489,3,3,last,cds-WP_052245679.1,,cds-WP_039709491.1,cds-WP_039709490.1,704069,705489,cds-WP_039709491.1;cds-WP_052245679.1;cds-WP_039709490.1
332,cds-WP_039709489.1,CDS,NA,705595,705945,+,NA,705595,705945,1,1,single,,,cds-WP_039709489.1,cds-WP_039709489.1,705595,705945,cds-WP_039709489.1
333,cds-WP_039709498.1-2,CDS,NA,706332,706613,+,NA,706332,706613,1,1,single,,,cds-WP_039709498.1-2,cds-WP_039709498.1-2,706332,706613,cds-WP_039709498.1-2
334,cds-WP_039709497.1-2,CDS,COG5475,706913,707131,-,[S] Uncharacterized small protein   ,706913,707131,2,1,first,,cds-WP_231944216.1-2,cds-WP_039709497.1-2,cds-WP_231944216.1-2,706660,707131,cds-WP_039709497.1-2;cds-WP_231944216.1-2
334,cds-WP_231944216.1-2,CDS,NA,706660,706926,-,NA,706660,706926,2,2,last,cds-WP_039709497.1-2,,cds-WP_039709497.1-2,cds-WP_231944216.1-2,706660,707131,cds-WP_039709497.1-2;cds-WP_231944216.1-2
335,cds-WP_039709495.1-2,CDS,ROG5441,707686,707871,-,NA,707686,707871,2,1,first,,cds-WP_039709496.1-2,cds-WP_039709495.1-2,cds-WP_039709496.1-2,707225,707871,cds-WP_039709495.1-2;cds-WP_039709496.1-2
335,cds-WP_039709496.1-2,CDS,NA,707225,707689,-,NA,707225,707689,2,2,last,cds-WP_039709495.1-2,,cds-WP_039709495.1-2,cds-WP_039709496.1-2,707225,707871,cds-WP_039709495.1-2;cds-WP_039709496.1-2
336,cds-WP_039709494.1-2,CDS,NA,708024,709178,+,NA,708024,709178,3,1,first,,cds-WP_039709493.1-2,cds-WP_039709494.1-2,cds-WP_039709620.1-2,708024,709787,cds-WP_039709494.1-2;cds-WP_039709493.1-2;cds-WP_039709620.1-2
336,cds-WP_039709493.1-2,CDS,NA,709215,709541,+,NA,709215,709541,3,2,internal,cds-WP_039709494.1-2,cds-WP_039709620.1-2,cds-WP_039709494.1-2,cds-WP_039709620.1-2,708024,709787,cds-WP_039709494.1-2;cds-WP_039709493.1-2;cds-WP_039709620.1-2
336,cds-WP_039709620.1-2,CDS,NA,709545,709787,+,NA,709545,709787,3,3,last,cds-WP_039709493.1-2,,cds-WP_039709494.1-2,cds-WP_039709620.1-2,708024,709787,cds-WP_039709494.1-2;cds-WP_039709493.1-2;cds-WP_039709620.1-2
337,cds-WP_039709491.1-2,CDS,NA,709873,710130,+,NA,709873,710130,3,1,first,,cds-WP_052245679.1-2,cds-WP_039709491.1-2,cds-WP_039709490.1-2,709873,711293,cds-WP_039709491.1-2;cds-WP_052245679.1-2;cds-WP_039709490.1-2
337,cds-WP_052245679.1-2,CDS,COG1450,710149,711027,+,"[NU] Type II secretory pathway, component PulD",710149,711027,3,2,internal,cds-WP_039709491.1-2,cds-WP_039709490.1-2,cds-WP_039709491.1-2,cds-WP_039709490.1-2,709873,711293,cds-WP_039709491.1-2;cds-WP_052245679.1-2;cds-WP_039709490.1-2
337,cds-WP_039709490.1-2,CDS,ROG7368,711072,711293,+,NA,711072,711293,3,3,last,cds-WP_052245679.1-2,,cds-WP_039709491.1-2,cds-WP_039709490.1-2,709873,711293,cds-WP_039709491.1-2;cds-WP_052245679.1-2;cds-WP_039709490.1-2
338,cds-WP_039709489.1-2,CDS,NA,711399,711749,+,NA,711399,711749,1,1,single,,,cds-WP_039709489.1-2,cds-WP_039709489.1-2,711399,711749,cds-WP_039709489.1-2
339,cds-WP_039709061.1,CDS,COG3203,712179,713264,-,[M] Outer membrane protein (porin)  ,712179,713264,1,1,single,,,cds-WP_039709061.1,cds-WP_039709061.1,712179,713264,cds-WP_039709061.1
340,priC,CDS,COG3923,713734,714255,+,[L] Primosomal replication protein N''  ,713734,714255,1,1,single,,,priC,priC,713734,714255,priC
341,alaS,CDS,COG0013,716952,719576,-,[J] Alanyl-tRNA synthetase    ,716952,719576,4,1,first,,csrA,alaS,galU,714287,719576,alaS;csrA;cds-WP_039709545.1;galU
341,csrA,CDS,COG1551,716679,716873,-,[T] Carbon storage regulator (could also regulate,716679,716873,4,2,internal,alaS,cds-WP_039709545.1,alaS,galU,714287,719576,alaS;csrA;cds-WP_039709545.1;galU
341,cds-WP_039709545.1,CDS,COG1109,715287,716645,-,[G] Phosphomannomutase     ,715287,716645,4,3,internal,csrA,galU,alaS,galU,714287,719576,alaS;csrA;cds-WP_039709545.1;galU
341,galU,CDS,COG1210,714287,715174,-,[M] UDP-glucose pyrophosphorylase    ,714287,715174,4,4,last,cds-WP_039709545.1,,alaS,galU,714287,719576,alaS;csrA;cds-WP_039709545.1;galU
342,cds-WP_005596950.1,CDS,COG0589,719802,720227,-,[T] Universal stress protein UspA and related,719802,720227,1,1,single,,,cds-WP_005596950.1,cds-WP_005596950.1,719802,720227,cds-WP_005596950.1
343,cds-WP_005619781.1,CDS,COG0664,720491,721258,+,[T] cAMP-binding proteins - catabolite gene activator,720491,721258,1,1,single,,,cds-WP_005619781.1,cds-WP_005619781.1,720491,721258,cds-WP_005619781.1
344,sspA,CDS,COG0625,721773,722417,-,[O] Glutathione S-transferase    ,721773,722417,2,1,first,,cds-WP_039709064.1,sspA,cds-WP_039709064.1,721357,722417,sspA;cds-WP_039709064.1
344,cds-WP_039709064.1,CDS,COG2969,721357,721773,-,[R] Stringent starvation protein B  ,721357,721773,2,2,last,sspA,,sspA,cds-WP_039709064.1,721357,722417,sspA;cds-WP_039709064.1
345,purE,CDS,COG0041,722636,723130,+,[F] Phosphoribosylcarboxyaminoimidazole (NCAIR) mutase   ,722636,723130,3,1,first,,cds-WP_039709065.1,purE,purK,722636,725304,purE;cds-WP_039709065.1;purK
345,cds-WP_039709065.1,CDS,COG0252,723140,724105,+,[EJ] L-asparaginase/archaeal Glu-tRNAGln amidotransferase subunit D ,723140,724105,3,2,internal,purE,purK,purE,purK,722636,725304,purE;cds-WP_039709065.1;purK
345,purK,CDS,COG0026,724216,725304,+,[F] Phosphoribosylaminoimidazole carboxylase (NCAIR synthetase)  ,724216,725304,3,3,last,cds-WP_039709065.1,,purE,purK,722636,725304,purE;cds-WP_039709065.1;purK
346,cds-WP_039709067.1,CDS,COG1448,725436,726632,+,[E] Aspartate/tyrosine/aromatic aminotransferase    ,725436,726632,1,1,single,,,cds-WP_039709067.1,cds-WP_039709067.1,725436,726632,cds-WP_039709067.1
347,pepP,CDS,COG0006,726812,728098,-,[E] Xaa-Pro aminopeptidase    ,726812,728098,1,1,single,,,pepP,pepP,726812,728098,pepP
348,cds-WP_005604117.1,CDS,ROG2310,730256,730516,-,NA,730256,730516,3,1,first,,cds-WP_005614926.1,cds-WP_005604117.1,cds-WP_039709068.1,728507,730516,cds-WP_005604117.1;cds-WP_005614926.1;cds-WP_039709068.1
348,cds-WP_005614926.1,CDS,COG1487,729866,730255,-,"[R] Predicted nucleic acid-binding protein, contains PIN",729866,730255,3,2,internal,cds-WP_005604117.1,cds-WP_039709068.1,cds-WP_005604117.1,cds-WP_039709068.1,728507,730516,cds-WP_005604117.1;cds-WP_005614926.1;cds-WP_039709068.1
348,cds-WP_039709068.1,CDS,COG1373,728507,729730,-,[R] Predicted ATPase (AAA+ superfamily)  ,728507,729730,3,3,last,cds-WP_005614926.1,,cds-WP_005604117.1,cds-WP_039709068.1,728507,730516,cds-WP_005604117.1;cds-WP_005614926.1;cds-WP_039709068.1
349,uvrB,CDS,COG0556,730650,732671,-,[L] Helicase subunit of the DNA excision,730650,732671,1,1,single,,,uvrB,uvrB,730650,732671,uvrB
350,efeO,CDS,COG2822,732848,733660,+,[P] Predicted periplasmic lipoprotein involved in iron,732848,733660,3,1,first,,efeB,efeO,cds-WP_039709071.1,732848,735496,efeO;efeB;cds-WP_039709071.1
350,efeB,CDS,COG2837,733672,734865,+,[P] Predicted iron-dependent peroxidase   ,733672,734865,3,2,internal,efeO,cds-WP_039709071.1,efeO,cds-WP_039709071.1,732848,735496,efeO;efeB;cds-WP_039709071.1
350,cds-WP_039709071.1,CDS,NA,734876,735496,+,NA,734876,735496,3,3,last,efeB,,efeO,cds-WP_039709071.1,732848,735496,efeO;efeB;cds-WP_039709071.1
351,sbcB,CDS,COG2925,736965,738509,-,[L] Exonuclease I    ,736965,738509,3,1,first,,cds-WP_005611913.1,sbcB,cds-WP_005604126.1,735536,738509,sbcB;cds-WP_005611913.1;cds-WP_005604126.1
351,cds-WP_005611913.1,CDS,COG3663,736358,736948,-,[L] G:T/U mismatch-specific DNA glycosylase  ,736358,736948,3,2,internal,sbcB,cds-WP_005604126.1,sbcB,cds-WP_005604126.1,735536,738509,sbcB;cds-WP_005611913.1;cds-WP_005604126.1
351,cds-WP_005604126.1,CDS,COG0613,735536,736354,-,[R] Predicted metal-dependent phosphoesterases (PHP family) ,735536,736354,3,3,last,cds-WP_005611913.1,,sbcB,cds-WP_005604126.1,735536,738509,sbcB;cds-WP_005611913.1;cds-WP_005604126.1
352,cds-WP_005614935.1,CDS,COG0038,738751,740157,-,[P] Chloride channel protein EriC  ,738751,740157,1,1,single,,,cds-WP_005614935.1,cds-WP_005614935.1,738751,740157,cds-WP_005614935.1
353,asnS,CDS,COG0017,740365,741768,+,[J] Aspartyl/asparaginyl-tRNA synthetases    ,740365,741768,1,1,single,,,asnS,asnS,740365,741768,asnS
354,epmB,CDS,COG1509,741870,742871,-,"[E] Lysine 2,3-aminomutase    ",741870,742871,1,1,single,,,epmB,epmB,741870,742871,epmB
355,cds-WP_039709075.1,CDS,ROG1869,742958,743524,-,NA,742958,743524,1,1,single,,,cds-WP_039709075.1,cds-WP_039709075.1,742958,743524,cds-WP_039709075.1
356,efp,CDS,COG0231,743675,744241,+,[J] Translation elongation factor P (EF-P)/translation initiation,743675,744241,2,1,first,,glnS,efp,glnS,743675,746066,efp;glnS
356,glnS,CDS,COG0008,744396,746066,+,[J] Glutamyl- and glutaminyl-tRNA synthetases  ,744396,746066,2,2,last,efp,,efp,glnS,743675,746066,efp;glnS
357,cds-WP_039709646.1,CDS,COG2814,746296,747687,-,[G] Arabinose efflux permease   ,746296,747687,1,1,single,,,cds-WP_039709646.1,cds-WP_039709646.1,746296,747687,cds-WP_039709646.1
358,cds-WP_039709077.1,CDS,COG0741,747868,749976,-,[M] Soluble lytic murein transglycosylase and related,747868,749976,1,1,single,,,cds-WP_039709077.1,cds-WP_039709077.1,747868,749976,cds-WP_039709077.1
359,hpt,CDS,COG0634,750085,750624,-,[F] Hypoxanthine-guanine phosphoribosyltransferase    ,750085,750624,1,1,single,,,hpt,hpt,750085,750624,hpt
360,cds-WP_039709078.1,CDS,COG0626,750728,751864,-,[E] Cystathionine beta-lyases/cystathionine gamma-synthases   ,750728,751864,1,1,single,,,cds-WP_039709078.1,cds-WP_039709078.1,750728,751864,cds-WP_039709078.1
361,rlmM,CDS,COG2933,754363,755448,-,[R] Predicted SAM-dependent methyltransferase   ,754363,755448,4,1,first,,cds-WP_005607568.1,rlmM,dapB,751978,755448,rlmM;cds-WP_005607568.1;cds-WP_005617170.1;dapB
361,cds-WP_005607568.1,CDS,ROG5171,753421,754338,-,NA,753421,754338,4,2,internal,rlmM,cds-WP_005617170.1,rlmM,dapB,751978,755448,rlmM;cds-WP_005607568.1;cds-WP_005617170.1;dapB
361,cds-WP_005617170.1,CDS,ROG6585,752846,753424,-,NA,752846,753424,4,3,internal,cds-WP_005607568.1,dapB,rlmM,dapB,751978,755448,rlmM;cds-WP_005607568.1;cds-WP_005617170.1;dapB
361,dapB,CDS,COG0289,751978,752787,-,[E] Dihydrodipicolinate reductase    ,751978,752787,4,4,last,cds-WP_005617170.1,,rlmM,dapB,751978,755448,rlmM;cds-WP_005607568.1;cds-WP_005617170.1;dapB
362,cds-WP_005604157.1,CDS,COG2363,755820,756224,-,[S] Uncharacterized small membrane protein  ,755820,756224,1,1,single,,,cds-WP_005604157.1,cds-WP_005604157.1,755820,756224,cds-WP_005604157.1
363,dld,CDS,COG0277,756328,758019,+,[C] FAD/FMN-containing dehydrogenases    ,756328,758019,1,1,single,,,dld,dld,756328,758019,dld
364,cds-WP_005607578.1,CDS,COG3005,760827,761945,-,"[C] Nitrate/TMAO reductases, membrane-bound tetraheme cytochrome c",760827,761945,2,1,first,,torA,cds-WP_005607578.1,torA,758157,761945,cds-WP_005607578.1;torA
364,torA,CDS,COG0243,758157,760631,-,"[C] Anaerobic dehydrogenases, typically selenocysteine-containing  ",758157,760631,2,2,last,cds-WP_005607578.1,,cds-WP_005607578.1,torA,758157,761945,cds-WP_005607578.1;torA
365,moaA,CDS,COG2896,762297,763319,+,[H] Molybdenum cofactor biosynthesis enzyme  ,762297,763319,4,1,first,,moaC,moaA,moaE,762297,764803,moaA;moaC;moaD;moaE
365,moaC,CDS,COG0315,763604,764080,+,[H] Molybdenum cofactor biosynthesis enzyme  ,763604,764080,4,2,internal,moaA,moaD,moaA,moaE,762297,764803,moaA;moaC;moaD;moaE
365,moaD,CDS,COG1977,764102,764347,+,"[H] Molybdopterin converting factor, small subunit ",764102,764347,4,3,internal,moaC,moaE,moaA,moaE,762297,764803,moaA;moaC;moaD;moaE
365,moaE,CDS,COG0314,764348,764803,+,"[H] Molybdopterin converting factor, large subunit ",764348,764803,4,4,last,moaD,,moaA,moaE,762297,764803,moaA;moaC;moaD;moaE
366,ybeY,CDS,COG0319,764884,765375,+,[R] Predicted metal-dependent hydrolase   ,764884,765375,2,1,first,,cds-WP_039709080.1,ybeY,cds-WP_039709080.1,764884,767177,ybeY;cds-WP_039709080.1
366,cds-WP_039709080.1,CDS,COG1444,765375,767177,+,[R] Predicted P-loop ATPase fused to an,765375,767177,2,2,last,ybeY,,ybeY,cds-WP_039709080.1,764884,767177,ybeY;cds-WP_039709080.1
367,topA,CDS,COG0550,767240,769849,-,[L] Topoisomerase IA    ,767240,769849,1,1,single,,,topA,topA,767240,769849,topA
368,cds-WP_012262925.1,CDS,COG0583,769991,770887,+,[K] Transcriptional regulator    ,769991,770887,1,1,single,,,cds-WP_012262925.1,cds-WP_012262925.1,769991,770887,cds-WP_012262925.1
369,hisC,CDS,COG0079,773752,774846,-,[E] Histidinol-phosphate/aromatic aminotransferase and cobyric acid decarboxylase,773752,774846,3,1,first,,aroA,hisC,argA,770979,774846,hisC;aroA;argA
369,aroA,CDS,COG0128,772440,773738,-,[E] 5-enolpyruvylshikimate-3-phosphate synthase    ,772440,773738,3,2,internal,hisC,argA,hisC,argA,770979,774846,hisC;aroA;argA
369,argA,CDS,COG0548,770979,772292,-,[E] Acetylglutamate kinase    ,770979,772292,3,3,last,aroA,,hisC,argA,770979,774846,hisC;aroA;argA
370,cds-WP_005597053.1,CDS,COG2873,775046,776314,-,[E] O-acetylhomoserine sulfhydrylase    ,775046,776314,1,1,single,,,cds-WP_005597053.1,cds-WP_005597053.1,775046,776314,cds-WP_005597053.1
371,serC,CDS,COG1932,776520,777608,-,[HE] Phosphoserine aminotransferase    ,776520,777608,1,1,single,,,serC,serC,776520,777608,serC
372,cds-WP_039709084.1,CDS,ROG1441,780672,783989,-,NA,780672,783989,2,1,first,,cds-WP_039709647.1,cds-WP_039709084.1,cds-WP_039709647.1,777802,783989,cds-WP_039709084.1;cds-WP_039709647.1
372,cds-WP_039709647.1,CDS,COG0553,777802,780675,-,"[KL] Superfamily II DNA/RNA helicases, SNF2 family",777802,780675,2,2,last,cds-WP_039709084.1,,cds-WP_039709084.1,cds-WP_039709647.1,777802,783989,cds-WP_039709084.1;cds-WP_039709647.1
373,cds-WP_058230514.1,CDS,COG2189,784391,787273,-,[L] Adenine specific DNA methylase Mod ,784391,787273,1,1,single,,,cds-WP_058230514.1,cds-WP_058230514.1,784391,787273,cds-WP_058230514.1
374,nanQ,CDS,COG2731,788460,788927,-,"[G] Beta-galactosidase, beta subunit   ",788460,788927,2,1,first,,cds-WP_005597069.1,nanQ,cds-WP_005597069.1,787578,788927,nanQ;cds-WP_005597069.1
374,cds-WP_005597069.1,CDS,COG1737,787578,788450,-,[K] Transcriptional regulators    ,787578,788450,2,2,last,nanQ,,nanQ,cds-WP_005597069.1,787578,788927,nanQ;cds-WP_005597069.1
375,ppx,CDS,COG0248,789128,790636,-,[FP] Exopolyphosphatase     ,789128,790636,1,1,single,,,ppx,ppx,789128,790636,ppx
376,cds-WP_005600925.1,CDS,COG2926,790845,791180,+,[S] Uncharacterized protein conserved in bacteria ,790845,791180,1,1,single,,,cds-WP_005600925.1,cds-WP_005600925.1,790845,791180,cds-WP_005600925.1
377,lysC,CDS,COG0527,791675,793027,+,[E] Aspartokinases     ,791675,793027,1,1,single,,,lysC,lysC,791675,793027,lysC
378,cds-WP_005620833.1,CDS,COG0305,793879,795342,-,[L] Replicative DNA helicase   ,793879,795342,3,1,first,,cds-WP_005600927.1,cds-WP_005620833.1,nrdR,793153,795342,cds-WP_005620833.1;cds-WP_005600927.1;nrdR
378,cds-WP_005600927.1,CDS,COG3100,793602,793889,-,[S] Uncharacterized protein conserved in bacteria ,793602,793889,3,2,internal,cds-WP_005620833.1,nrdR,cds-WP_005620833.1,nrdR,793153,795342,cds-WP_005620833.1;cds-WP_005600927.1;nrdR
378,nrdR,CDS,COG1327,793153,793602,-,"[K] Predicted transcriptional regulator, consists of a",793153,793602,3,3,last,cds-WP_005600927.1,,cds-WP_005620833.1,nrdR,793153,795342,cds-WP_005620833.1;cds-WP_005600927.1;nrdR
379,cds-WP_005597086.1,CDS,COG4607,795522,796430,+,"[P] ABC-type enterochelin transport system, periplasmic component",795522,796430,4,1,first,,cds-WP_005597088.1,cds-WP_005597086.1,cds-WP_005604228.1,795522,799165,cds-WP_005597086.1;cds-WP_005597088.1;cds-WP_005597090.1;cds-WP_005604228.1
379,cds-WP_005597088.1,CDS,COG4606,796517,797464,+,"[P] ABC-type enterochelin transport system, permease component",796517,797464,4,2,internal,cds-WP_005597086.1,cds-WP_005597090.1,cds-WP_005597086.1,cds-WP_005604228.1,795522,799165,cds-WP_005597086.1;cds-WP_005597088.1;cds-WP_005597090.1;cds-WP_005604228.1
379,cds-WP_005597090.1,CDS,COG4605,797464,798405,+,"[P] ABC-type enterochelin transport system, permease component",797464,798405,4,3,internal,cds-WP_005597088.1,cds-WP_005604228.1,cds-WP_005597086.1,cds-WP_005604228.1,795522,799165,cds-WP_005597086.1;cds-WP_005597088.1;cds-WP_005597090.1;cds-WP_005604228.1
379,cds-WP_005604228.1,CDS,COG4604,798407,799165,+,"[P] ABC-type enterochelin transport system, ATPase component",798407,799165,4,4,last,cds-WP_005597090.1,,cds-WP_005597086.1,cds-WP_005604228.1,795522,799165,cds-WP_005597086.1;cds-WP_005597088.1;cds-WP_005597090.1;cds-WP_005604228.1
380,cds-WP_005597094.1,CDS,COG1392,799354,800034,+,[P] Phosphate transport regulator (distant homolog of,799354,800034,2,1,first,,cds-WP_005604231.1,cds-WP_005597094.1,cds-WP_005604231.1,799354,801306,cds-WP_005597094.1;cds-WP_005604231.1
380,cds-WP_005604231.1,CDS,COG0306,800044,801306,+,[P] Phosphate/sulphate permeases    ,800044,801306,2,2,last,cds-WP_005597094.1,,cds-WP_005597094.1,cds-WP_005604231.1,799354,801306,cds-WP_005597094.1;cds-WP_005604231.1
381,cds-WP_005597098.1,CDS,COG3103,801371,801976,+,[T] SH3 domain protein   ,801371,801976,1,1,single,,,cds-WP_005597098.1,cds-WP_005597098.1,801371,801976,cds-WP_005597098.1
382,cds-WP_039709088.1,CDS,ROG1082,802264,802779,-,NA,802264,802779,2,1,first,,cds-WP_039709087.1,cds-WP_039709088.1,cds-WP_039709087.1,802030,802779,cds-WP_039709088.1;cds-WP_039709087.1
382,cds-WP_039709087.1,CDS,COG0425,802030,802257,-,"[O] Predicted redox protein, regulator of disulfide",802030,802257,2,2,last,cds-WP_039709088.1,,cds-WP_039709088.1,cds-WP_039709087.1,802030,802779,cds-WP_039709088.1;cds-WP_039709087.1
383,tgt,CDS,COG0343,802852,804000,-,[J] Queuine/archaeosine tRNA-ribosyltransferase    ,802852,804000,1,1,single,,,tgt,tgt,802852,804000,tgt
384,cds-WP_005597107.1,CDS,NA,804072,804206,-,NA,804072,804206,1,1,single,,,cds-WP_005597107.1,cds-WP_005597107.1,804072,804206,cds-WP_005597107.1
385,cds-WP_005618964.1,CDS,ROG2451,804323,804895,+,NA,804323,804895,1,1,single,,,cds-WP_005618964.1,cds-WP_005618964.1,804323,804895,cds-WP_005618964.1
386,cspD,CDS,COG1278,805003,805209,+,[K] Cold shock proteins   ,805003,805209,1,1,single,,,cspD,cspD,805003,805209,cspD
387,can,CDS,COG0288,805327,806043,+,[P] Carbonic anhydrase    ,805327,806043,1,1,single,,,can,can,805327,806043,can
388,cds-WP_005597115.1,CDS,COG0028,806361,808085,+,"[EH] Thiamine pyrophosphate-requiring enzymes [acetolactate synthase, pyruvate",806361,808085,2,1,first,,ilvN,cds-WP_005597115.1,ilvN,806361,808569,cds-WP_005597115.1;ilvN
388,ilvN,CDS,COG0440,808078,808569,+,"[E] Acetolactate synthase, small (regulatory) subunit ",808078,808569,2,2,last,cds-WP_005597115.1,,cds-WP_005597115.1,ilvN,806361,808569,cds-WP_005597115.1;ilvN
389,pmbA,CDS,COG0312,808839,810188,-,[R] Predicted Zn-dependent proteases and their inactivated,808839,810188,1,1,single,,,pmbA,pmbA,808839,810188,pmbA
390,yjgA,CDS,COG3028,810296,810826,+,[S] Uncharacterized protein conserved in bacteria ,810296,810826,2,1,first,,cds-WP_005600956.1,yjgA,cds-WP_005600956.1,810296,811242,yjgA;cds-WP_005600956.1
390,cds-WP_005600956.1,CDS,COG3094,810871,811242,+,[S] Uncharacterized protein conserved in bacteria ,810871,811242,2,2,last,yjgA,,yjgA,cds-WP_005600956.1,810296,811242,yjgA;cds-WP_005600956.1
391,cds-WP_039709138.1,CDS,COG0163,811302,811874,+,[H] 3-polyprenyl-4-hydroxybenzoate decarboxylase    ,811302,811874,3,1,first,,cds-WP_005604249.1,cds-WP_039709138.1,cds-WP_005600963.1,811302,813086,cds-WP_039709138.1;cds-WP_005604249.1;cds-WP_005600963.1
391,cds-WP_005604249.1,CDS,COG1811,811877,812590,+,"[R] Uncharacterized membrane protein, possible Na+ channel",811877,812590,3,2,internal,cds-WP_039709138.1,cds-WP_005600963.1,cds-WP_039709138.1,cds-WP_005600963.1,811302,813086,cds-WP_039709138.1;cds-WP_005604249.1;cds-WP_005600963.1
391,cds-WP_005600963.1,CDS,COG3787,812637,813086,+,[S] Uncharacterized protein conserved in bacteria ,812637,813086,3,3,last,cds-WP_005604249.1,,cds-WP_039709138.1,cds-WP_005600963.1,811302,813086,cds-WP_039709138.1;cds-WP_005604249.1;cds-WP_005600963.1
392,cds-WP_005597136.1,CDS,COG3771,815463,815753,-,[S] Predicted membrane protein   ,815463,815753,4,1,first,,lapB,cds-WP_005597136.1,yciH,813159,815753,cds-WP_005597136.1;lapB;pyrF;yciH
392,lapB,CDS,COG2956,814267,815463,-,[G] Predicted N-acetylglucosaminyl transferase   ,814267,815463,4,2,internal,cds-WP_005597136.1,pyrF,cds-WP_005597136.1,yciH,813159,815753,cds-WP_005597136.1;lapB;pyrF;yciH
392,pyrF,CDS,COG0284,813550,814242,-,[F] Orotidine-5'-phosphate decarboxylase    ,813550,814242,4,3,internal,lapB,yciH,cds-WP_005597136.1,yciH,813159,815753,cds-WP_005597136.1;lapB;pyrF;yciH
392,yciH,CDS,COG0023,813159,813470,-,[J] Translation initiation factor 1 (eIF-1/SUI1) and,813159,813470,4,4,last,pyrF,,cds-WP_005597136.1,yciH,813159,815753,cds-WP_005597136.1;lapB;pyrF;yciH
393,degS,CDS,COG0265,818642,819673,-,"[O] Trypsin-like serine proteases, typically periplasmic, contain",818642,819673,4,1,first,,cmk,degS,cds-WP_005597138.1,815822,819673,degS;cmk;rpsA;cds-WP_005597138.1
393,cmk,CDS,COG0283,817938,818612,-,[F] Cytidylate kinase    ,817938,818612,4,2,internal,degS,rpsA,degS,cds-WP_005597138.1,815822,819673,degS;cmk;rpsA;cds-WP_005597138.1
393,rpsA,CDS,COG0539,816177,817841,-,[J] Ribosomal protein S1   ,816177,817841,4,3,internal,cmk,cds-WP_005597138.1,degS,cds-WP_005597138.1,815822,819673,degS;cmk;rpsA;cds-WP_005597138.1
393,cds-WP_005597138.1,CDS,COG0776,815822,816103,-,[L] Bacterial nucleoid DNA-binding protein  ,815822,816103,4,4,last,rpsA,,degS,cds-WP_005597138.1,815822,819673,degS;cmk;rpsA;cds-WP_005597138.1
394,secG,CDS,COG1314,819922,820248,-,[U] Preprotein translocase subunit SecG  ,819922,820248,2,1,first,,rna-MIDG2331_RS03710,secG,rna-MIDG2331_RS03710,819818,820248,secG;rna-MIDG2331_RS03710
394,rna-MIDG2331_RS03710,tRNA,NA,819818,819903,-,NA,819818,819903,2,2,last,secG,,secG,rna-MIDG2331_RS03710,819818,820248,secG;rna-MIDG2331_RS03710
395,cds-WP_005607634.1,CDS,COG0550,820380,822296,-,[L] Topoisomerase IA    ,820380,822296,1,1,single,,,cds-WP_005607634.1,cds-WP_005607634.1,820380,822296,cds-WP_005607634.1
396,cds-WP_039709090.1,CDS,COG1785,822479,823924,+,[P] Alkaline phosphatase    ,822479,823924,1,1,single,,,cds-WP_039709090.1,cds-WP_039709090.1,822479,823924,cds-WP_039709090.1
397,seqA,CDS,COG3057,834102,834662,-,[L] Negative regulator of replication initiationR ,834102,834662,6,1,first,,menE,seqA,mepA,823974,834662,seqA;menE;mscK_2;mscK;aroC;mepA
397,menE,CDS,COG0318,832654,834084,-,[IQ] Acyl-CoA synthetases (AMP-forming)/AMP-acid ligases II ,832654,834084,6,2,internal,seqA,mscK_2,seqA,mepA,823974,834662,seqA;menE;mscK_2;mscK;aroC;mepA
397,mscK_2,CDS,COG3264,829329,832673,-,[M] Small-conductance mechanosensitive channel   ,829329,832673,6,3,internal,menE,mscK,seqA,mepA,823974,834662,seqA;menE;mscK_2;mscK;aroC;mepA
397,mscK,CDS,COG3264,826003,829311,-,[M] Small-conductance mechanosensitive channel   ,826003,829311,6,4,internal,mscK_2,aroC,seqA,mepA,823974,834662,seqA;menE;mscK_2;mscK;aroC;mepA
397,aroC,CDS,COG0082,824899,825981,-,[E] Chorismate synthase    ,824899,825981,6,5,internal,mscK,mepA,seqA,mepA,823974,834662,seqA;menE;mscK_2;mscK;aroC;mepA
397,mepA,CDS,COG3770,823974,824804,-,[M] Murein endopeptidase    ,823974,824804,6,6,last,aroC,,seqA,mepA,823974,834662,seqA;menE;mscK_2;mscK;aroC;mepA
398,cds-WP_012262947.1,CDS,COG0596,834786,835571,+,[R] Predicted hydrolases or acyltransferases (alpha/beta hydrolase,834786,835571,2,1,first,,cmoA,cds-WP_012262947.1,cmoA,834786,836304,cds-WP_012262947.1;cmoA
398,cmoA,CDS,COG0500,835579,836304,+,[QR] SAM-dependent methyltransferases    ,835579,836304,2,2,last,cds-WP_012262947.1,,cds-WP_012262947.1,cmoA,834786,836304,cds-WP_012262947.1;cmoA
399,cds-WP_005597178.1,CDS,COG0623,836508,837296,+,[I] Enoyl-[acyl-carrier-protein] reductase (NADH)   ,836508,837296,1,1,single,,,cds-WP_005597178.1,cds-WP_005597178.1,836508,837296,cds-WP_005597178.1
400,cds-WP_012262949.1,CDS,COG2929,837491,837769,+,[S] Uncharacterized protein conserved in bacteria ,837491,837769,2,1,first,,cds-WP_005612024.1,cds-WP_012262949.1,cds-WP_005612024.1,837491,838022,cds-WP_012262949.1;cds-WP_005612024.1
400,cds-WP_005612024.1,CDS,COG3514,837744,838022,+,[S] Uncharacterized protein conserved in bacteria ,837744,838022,2,2,last,cds-WP_012262949.1,,cds-WP_012262949.1,cds-WP_005612024.1,837491,838022,cds-WP_012262949.1;cds-WP_005612024.1
401,cds-WP_039709092.1,CDS,COG4776,838154,840130,+,[K] Exoribonuclease II    ,838154,840130,1,1,single,,,cds-WP_039709092.1,cds-WP_039709092.1,838154,840130,cds-WP_039709092.1
402,cds-WP_005597186.1,CDS,COG1380,840205,840576,+,[R] Putative effector of murein hydrolase LrgA,840205,840576,3,1,first,,cds-WP_005600996.1,cds-WP_005597186.1,apaH,840205,842096,cds-WP_005597186.1;cds-WP_005600996.1;apaH
402,cds-WP_005600996.1,CDS,COG1346,840573,841259,+,[M] Putative effector of murein hydrolase ,840573,841259,3,2,internal,cds-WP_005597186.1,apaH,cds-WP_005597186.1,apaH,840205,842096,cds-WP_005597186.1;cds-WP_005600996.1;apaH
402,apaH,CDS,ROG1223,841284,842096,+,NA,841284,842096,3,3,last,cds-WP_005600996.1,,cds-WP_005597186.1,apaH,840205,842096,cds-WP_005597186.1;cds-WP_005600996.1;apaH
403,rna-MIDG2331_RS03805,tRNA,NA,842160,842236,+,NA,842160,842236,1,1,single,,,rna-MIDG2331_RS03805,rna-MIDG2331_RS03805,842160,842236,rna-MIDG2331_RS03805
404,cds-WP_039709093.1,CDS,COG3036,842285,842527,-,[S] Uncharacterized protein conserved in bacteria ,842285,842527,1,1,single,,,cds-WP_039709093.1,cds-WP_039709093.1,842285,842527,cds-WP_039709093.1
405,cds-WP_005597193.1,CDS,COG0500,842695,843450,+,[QR] SAM-dependent methyltransferases    ,842695,843450,4,1,first,,cds-WP_005604294.1,cds-WP_005597193.1,queA,842695,846662,cds-WP_005597193.1;cds-WP_005604294.1;cds-WP_005612036.1;queA
405,cds-WP_005604294.1,CDS,COG0628,843509,844570,+,[R] Predicted permease    ,843509,844570,4,2,internal,cds-WP_005597193.1,cds-WP_005612036.1,cds-WP_005597193.1,queA,842695,846662,cds-WP_005597193.1;cds-WP_005604294.1;cds-WP_005612036.1;queA
405,cds-WP_005612036.1,CDS,COG0391,844600,845529,+,[S] Uncharacterized conserved protein   ,844600,845529,4,3,internal,cds-WP_005604294.1,queA,cds-WP_005597193.1,queA,842695,846662,cds-WP_005597193.1;cds-WP_005604294.1;cds-WP_005612036.1;queA
405,queA,CDS,COG0809,845577,846662,+,[J] S-adenosylmethionine:tRNA-ribosyltransferase-isomerase (queuine synthetase)   ,845577,846662,4,4,last,cds-WP_005612036.1,,cds-WP_005597193.1,queA,842695,846662,cds-WP_005597193.1;cds-WP_005604294.1;cds-WP_005612036.1;queA
406,cds-WP_039709649.1,CDS,COG2333,846697,848991,-,[R] Predicted hydrolase (metallo-beta-lactamase superfamily)  ,846697,848991,1,1,single,,,cds-WP_039709649.1,cds-WP_039709649.1,846697,848991,cds-WP_039709649.1
407,sstT,CDS,COG3633,849091,850305,-,[E] Na+/serine symporter    ,849091,850305,1,1,single,,,sstT,sstT,849091,850305,sstT
408,cds-WP_005597201.1,CDS,COG0818,850554,850916,+,[M] Diacylglycerol kinase    ,850554,850916,1,1,single,,,cds-WP_005597201.1,cds-WP_005597201.1,850554,850916,cds-WP_005597201.1
409,ushA,CDS,COG0737,850997,852640,+,"[F] 5'-nucleotidase/2',3'-cyclic phosphodiesterase and related esterases ",850997,852640,1,1,single,,,ushA,ushA,850997,852640,ushA
410,cds-WP_052245666.1,CDS,NA,852719,853072,+,NA,852719,853072,1,1,single,,,cds-WP_052245666.1,cds-WP_052245666.1,852719,853072,cds-WP_052245666.1
411,cds-WP_039709094.1,CDS,NA,853145,853516,+,NA,853145,853516,1,1,single,,,cds-WP_039709094.1,cds-WP_039709094.1,853145,853516,cds-WP_039709094.1
412,rna-MIDG2331_RS03870,tRNA,NA,853890,853965,-,NA,853890,853965,2,1,first,,rna-MIDG2331_RS03865,rna-MIDG2331_RS03870,rna-MIDG2331_RS03865,853799,853965,rna-MIDG2331_RS03870;rna-MIDG2331_RS03865
412,rna-MIDG2331_RS03865,tRNA,NA,853799,853872,-,NA,853799,853872,2,2,last,rna-MIDG2331_RS03870,,rna-MIDG2331_RS03870,rna-MIDG2331_RS03865,853799,853965,rna-MIDG2331_RS03870;rna-MIDG2331_RS03865
413,aceE,CDS,COG2609,857703,860357,-,"[C] Pyruvate dehydrogenase complex, dehydrogenase (E1) component",857703,860357,3,1,first,,aceF,aceE,lpdA,854225,860357,aceE;aceF;lpdA
413,aceF,CDS,COG0508,855745,857643,-,"[C] Pyruvate/2-oxoglutarate dehydrogenase complex, dihydrolipoamide acyltransferase (E2)",855745,857643,3,2,internal,aceE,lpdA,aceE,lpdA,854225,860357,aceE;aceF;lpdA
413,lpdA,CDS,COG1249,854225,855649,-,"[C] Pyruvate/2-oxoglutarate dehydrogenase complex, dihydrolipoamide dehydrogenase (E3)",854225,855649,3,3,last,aceF,,aceE,lpdA,854225,860357,aceE;aceF;lpdA
414,lolB,CDS,COG3017,863622,864254,-,[M] Outer membrane lipoprotein involved in outer,863622,864254,4,1,first,,ispE,lolB,pyrD,860712,864254,lolB;ispE;cds-WP_005597212.1;pyrD
414,ispE,CDS,COG1947,862755,863612,-,[I] 4-diphosphocytidyl-2C-methyl-D-erythritol 2-phosphate synthase   ,862755,863612,4,2,internal,lolB,cds-WP_005597212.1,lolB,pyrD,860712,864254,lolB;ispE;cds-WP_005597212.1;pyrD
414,cds-WP_005597212.1,CDS,COG0462,861793,862743,-,[FE] Phosphoribosylpyrophosphate synthetase    ,861793,862743,4,3,internal,ispE,pyrD,lolB,pyrD,860712,864254,lolB;ispE;cds-WP_005597212.1;pyrD
414,pyrD,CDS,COG0167,860712,861719,-,[F] Dihydroorotate dehydrogenase    ,860712,861719,4,4,last,cds-WP_005597212.1,,lolB,pyrD,860712,864254,lolB;ispE;cds-WP_005597212.1;pyrD
415,msbA,CDS,COG1132,864383,866131,-,"[V] ABC-type multidrug transport system, ATPase and",864383,866131,1,1,single,,,msbA,msbA,864383,866131,msbA
416,cds-WP_005601040.1,CDS,COG1380,866932,867291,-,[R] Putative effector of murein hydrolase LrgA,866932,867291,2,1,first,,cds-WP_005601038.1,cds-WP_005601040.1,cds-WP_005601038.1,866236,867291,cds-WP_005601040.1;cds-WP_005601038.1
416,cds-WP_005601038.1,CDS,COG1346,866236,866922,-,[M] Putative effector of murein hydrolase ,866236,866922,2,2,last,cds-WP_005601040.1,,cds-WP_005601040.1,cds-WP_005601038.1,866236,867291,cds-WP_005601040.1;cds-WP_005601038.1
417,cds-WP_005607710.1,CDS,COG1199,867358,869280,-,[KL] Rad3-related DNA helicases   ,867358,869280,1,1,single,,,cds-WP_005607710.1,cds-WP_005607710.1,867358,869280,cds-WP_005607710.1
418,cds-WP_005597221.1,CDS,ROG2297,869402,869614,+,NA,869402,869614,1,1,single,,,cds-WP_005597221.1,cds-WP_005597221.1,869402,869614,cds-WP_005597221.1
419,uvrA,CDS,COG0178,869753,872581,-,[L] Excinuclease ATPase subunit   ,869753,872581,1,1,single,,,uvrA,uvrA,869753,872581,uvrA
420,cds-WP_039195080.1,CDS,COG0629,872732,873256,+,[L] Single-stranded DNA-binding protein   ,872732,873256,1,1,single,,,cds-WP_039195080.1,cds-WP_039195080.1,872732,873256,cds-WP_039195080.1
421,cds-WP_039709098.1,CDS,COG0583,873466,874365,-,[K] Transcriptional regulator    ,873466,874365,1,1,single,,,cds-WP_039709098.1,cds-WP_039709098.1,873466,874365,cds-WP_039709098.1
422,cds-WP_058230472.1,CDS,COG0604,874477,875466,+,[CR] NADPH:quinone reductase and related Zn-dependent oxidoreductases,874477,875466,1,1,single,,,cds-WP_058230472.1,cds-WP_058230472.1,874477,875466,cds-WP_058230472.1
423,cds-WP_039709650.1,CDS,COG0789,875550,875948,-,[K] Predicted transcriptional regulators   ,875550,875948,1,1,single,,,cds-WP_039709650.1,cds-WP_039709650.1,875550,875948,cds-WP_039709650.1
424,cds-WP_010907412.1,CDS,COG1230,876020,876634,+,[P] Co/Zn/Cd efflux system component  ,876020,876634,1,1,single,,,cds-WP_010907412.1,cds-WP_010907412.1,876020,876634,cds-WP_010907412.1
425,cds-WP_039709551.1,CDS,COG0604,876821,877810,+,[CR] NADPH:quinone reductase and related Zn-dependent oxidoreductases,876821,877810,1,1,single,,,cds-WP_039709551.1,cds-WP_039709551.1,876821,877810,cds-WP_039709551.1
426,cds-WP_039709099.1,CDS,ROG4894,877851,879770,-,NA,877851,879770,1,1,single,,,cds-WP_039709099.1,cds-WP_039709099.1,877851,879770,cds-WP_039709099.1
427,cds-WP_039709100.1,CDS,COG1373,879844,881130,-,[R] Predicted ATPase (AAA+ superfamily)  ,879844,881130,1,1,single,,,cds-WP_039709100.1,cds-WP_039709100.1,879844,881130,cds-WP_039709100.1
428,cds-WP_039709101.1,CDS,COG0583,881438,882325,-,[K] Transcriptional regulator    ,881438,882325,1,1,single,,,cds-WP_039709101.1,cds-WP_039709101.1,881438,882325,cds-WP_039709101.1
429,cds-WP_039709102.1,CDS,COG2070,882430,883404,+,[R] Dioxygenases related to 2-nitropropane dioxygenase ,882430,883404,1,1,single,,,cds-WP_039709102.1,cds-WP_039709102.1,882430,883404,cds-WP_039709102.1
430,cds-WP_005615121.1,CDS,COG0477,883942,885372,+,[GEPR] Permeases of the major facilitator superfamily,883942,885372,1,1,single,,,cds-WP_005615121.1,cds-WP_005615121.1,883942,885372,cds-WP_005615121.1
431,cds-WP_005615122.1,CDS,COG2315,885416,886183,-,[S] Uncharacterized protein conserved in bacteria ,885416,886183,1,1,single,,,cds-WP_005615122.1,cds-WP_005615122.1,885416,886183,cds-WP_005615122.1
432,cds-WP_005601064.1,CDS,COG3283,890864,892012,-,[KE] Transcriptional regulator of aromatic amino acids,890864,892012,5,1,first,,cds-WP_005597244.1,cds-WP_005601064.1,cds-WP_005597236.1,886267,892012,cds-WP_005601064.1;cds-WP_005597244.1;cds-WP_005597242.1;cds-WP_005597240.1;cds-WP_005597236.1
432,cds-WP_005597244.1,CDS,COG0747,889157,890854,-,"[E] ABC-type dipeptide transport system, periplasmic component",889157,890854,5,2,internal,cds-WP_005601064.1,cds-WP_005597242.1,cds-WP_005601064.1,cds-WP_005597236.1,886267,892012,cds-WP_005601064.1;cds-WP_005597244.1;cds-WP_005597242.1;cds-WP_005597240.1;cds-WP_005597236.1
432,cds-WP_005597242.1,CDS,COG4168,888195,889157,-,"[V] ABC-type antimicrobial peptide transport system, permease",888195,889157,5,3,internal,cds-WP_005597244.1,cds-WP_005597240.1,cds-WP_005601064.1,cds-WP_005597236.1,886267,892012,cds-WP_005601064.1;cds-WP_005597244.1;cds-WP_005597242.1;cds-WP_005597240.1;cds-WP_005597236.1
432,cds-WP_005597240.1,CDS,COG4171,887318,888205,-,"[V] ABC-type antimicrobial peptide transport system, permease",887318,888205,5,4,internal,cds-WP_005597242.1,cds-WP_005597236.1,cds-WP_005601064.1,cds-WP_005597236.1,886267,892012,cds-WP_005601064.1;cds-WP_005597244.1;cds-WP_005597242.1;cds-WP_005597240.1;cds-WP_005597236.1
432,cds-WP_005597236.1,CDS,COG4170,886267,887304,-,"[V] ABC-type antimicrobial peptide transport system, ATPase",886267,887304,5,5,last,cds-WP_005597240.1,,cds-WP_005601064.1,cds-WP_005597236.1,886267,892012,cds-WP_005601064.1;cds-WP_005597244.1;cds-WP_005597242.1;cds-WP_005597240.1;cds-WP_005597236.1
433,lpcA,CDS,COG0279,892217,892801,+,[G] Phosphoheptose isomerase    ,892217,892801,1,1,single,,,lpcA,lpcA,892217,892801,lpcA
434,pckA,CDS,COG1866,893016,894626,-,[C] Phosphoenolpyruvate carboxykinase (ATP)   ,893016,894626,1,1,single,,,pckA,pckA,893016,894626,pckA
435,ftsB,CDS,COG2919,894899,895177,+,[D] Septum formation initiator   ,894899,895177,3,1,first,,ispD,ftsB,ispF,894899,896352,ftsB;ispD;ispF
435,ispD,CDS,COG1211,895193,895879,+,[I] 4-diphosphocytidyl-2-methyl-D-erithritol synthase    ,895193,895879,3,2,internal,ftsB,ispF,ftsB,ispF,894899,896352,ftsB;ispD;ispF
435,ispF,CDS,COG0245,895876,896352,+,"[I] 2C-methyl-D-erythritol 2,4-cyclodiphosphate synthase   ",895876,896352,3,3,last,ispD,,ftsB,ispF,894899,896352,ftsB;ispD;ispF
436,cds-WP_005597260.1,CDS,COG3217,899035,899823,-,[R] Uncharacterized Fe-S protein   ,899035,899823,2,1,first,,cds-WP_005612126.1,cds-WP_005597260.1,cds-WP_005612126.1,897021,899823,cds-WP_005597260.1;cds-WP_005612126.1
436,cds-WP_005612126.1,CDS,COG1368,897021,898997,-,"[M] Phosphoglycerol transferase and related proteins, alkaline",897021,898997,2,2,last,cds-WP_005597260.1,,cds-WP_005597260.1,cds-WP_005612126.1,897021,899823,cds-WP_005597260.1;cds-WP_005612126.1
437,xseB,CDS,COG1722,899968,900192,+,[L] Exonuclease VII small subunit  ,899968,900192,2,1,first,,ispA,xseB,ispA,899968,901094,xseB;ispA
437,ispA,CDS,COG0142,900201,901094,+,[H] Geranylgeranyl pyrophosphate synthase   ,900201,901094,2,2,last,xseB,,xseB,ispA,899968,901094,xseB;ispA
438,cds-WP_005597263.1,CDS,COG3169,901178,901522,-,[S] Uncharacterized protein conserved in bacteria ,901178,901522,1,1,single,,,cds-WP_005597263.1,cds-WP_005597263.1,901178,901522,cds-WP_005597263.1
439,lysS,CDS,COG1190,901623,903125,-,[J] Lysyl-tRNA synthetase (class II)  ,901623,903125,1,1,single,,,lysS,lysS,901623,903125,lysS
440,rng,CDS,COG1530,903260,904735,-,[J] Ribonucleases G and E  ,903260,904735,1,1,single,,,rng,rng,903260,904735,rng
441,ycaO,CDS,COG1944,904965,906728,+,[S] Uncharacterized conserved protein   ,904965,906728,1,1,single,,,ycaO,ycaO,904965,906728,ycaO
442,cmoB,CDS,COG0500,906943,907905,+,[QR] SAM-dependent methyltransferases    ,906943,907905,1,1,single,,,cmoB,cmoB,906943,907905,cmoB
443,cds-WP_039709108.1,CDS,NA,908051,908386,+,NA,908051,908386,1,1,single,,,cds-WP_039709108.1,cds-WP_039709108.1,908051,908386,cds-WP_039709108.1
444,mltA,CDS,COG2821,908453,909550,-,[M] Membrane-bound lytic murein transglycosylase  ,908453,909550,1,1,single,,,mltA,mltA,908453,909550,mltA
445,rna-MIDG2331_RS04105,tRNA,NA,909755,909831,+,NA,909755,909831,2,1,first,,xseA,rna-MIDG2331_RS04105,xseA,909755,911419,rna-MIDG2331_RS04105;xseA
445,xseA,CDS,COG1570,909866,911419,+,"[L] Exonuclease VII, large subunit  ",909866,911419,2,2,last,rna-MIDG2331_RS04105,,rna-MIDG2331_RS04105,xseA,909755,911419,rna-MIDG2331_RS04105;xseA
446,rna-MIDG2331_RS04115,tRNA,NA,911669,911754,+,NA,911669,911754,1,1,single,,,rna-MIDG2331_RS04115,rna-MIDG2331_RS04115,911669,911754,rna-MIDG2331_RS04115
447,uraH,CDS,COG2351,911795,912208,-,[R] Transthyretin-like protein    ,911795,912208,1,1,single,,,uraH,uraH,911795,912208,uraH
448,purR,CDS,COG1609,912407,913417,+,[K] Transcriptional regulators    ,912407,913417,2,1,first,,cds-WP_005597281.1,purR,cds-WP_005597281.1,912407,914042,purR;cds-WP_005597281.1
448,cds-WP_005597281.1,CDS,COG0586,913440,914042,+,[S] Uncharacterized membrane-associated protein   ,913440,914042,2,2,last,purR,,purR,cds-WP_005597281.1,912407,914042,purR;cds-WP_005597281.1
449,gyrB,CDS,COG0187,914142,916574,-,"[L] Type IIA topoisomerase (DNA gyrase/topo II,",914142,916574,1,1,single,,,gyrB,gyrB,914142,916574,gyrB
450,hflD,CDS,COG2915,919921,920553,-,[R] Uncharacterized protein involved in purine metabolism,919921,920553,4,1,first,,purB,hflD,ubiA,916787,920553,hflD;purB;cds-WP_005597287.1;ubiA
450,purB,CDS,COG0015,918497,919864,-,[F] Adenylosuccinate lyase    ,918497,919864,4,2,internal,hflD,cds-WP_005597287.1,hflD,ubiA,916787,920553,hflD;purB;cds-WP_005597287.1;ubiA
450,cds-WP_005597287.1,CDS,COG1349,917668,918429,-,[KG] Transcriptional regulators of sugar metabolism ,917668,918429,4,3,internal,purB,ubiA,hflD,ubiA,916787,920553,hflD;purB;cds-WP_005597287.1;ubiA
450,ubiA,CDS,COG0382,916787,917668,-,[H] 4-hydroxybenzoate polyprenyltransferase and related prenyltransferases ,916787,917668,4,4,last,cds-WP_005597287.1,,hflD,ubiA,916787,920553,hflD;purB;cds-WP_005597287.1;ubiA
451,cydD,CDS,COG4988,922396,924138,-,[CO] ABC-type transport system involved in cytochrome,922396,924138,2,1,first,,cydC,cydD,cydC,920718,924138,cydD;cydC
451,cydC,CDS,COG4987,920718,922385,-,[CO] ABC-type transport system involved in cytochrome,920718,922385,2,2,last,cydD,,cydD,cydC,920718,924138,cydD;cydC
452,envC,CDS,COG4942,931008,932216,-,[D] Membrane-bound metallopeptidase    ,931008,932216,4,1,first,,cds-WP_039709114.1,envC,tamB,924298,932216,envC;cds-WP_039709114.1;tamA;tamB
452,cds-WP_039709114.1,CDS,COG2861,930160,931008,-,[S] Uncharacterized protein conserved in bacteria ,930160,931008,4,2,internal,envC,tamA,envC,tamB,924298,932216,envC;cds-WP_039709114.1;tamA;tamB
452,tamA,CDS,COG0729,928318,930144,-,[M] Outer membrane protein   ,928318,930144,4,3,internal,cds-WP_039709114.1,tamB,envC,tamB,924298,932216,envC;cds-WP_039709114.1;tamA;tamB
452,tamB,CDS,COG2911,924298,928257,-,[S] Uncharacterized protein conserved in bacteria ,924298,928257,4,4,last,tamA,,envC,tamB,924298,932216,envC;cds-WP_039709114.1;tamA;tamB
453,cds-WP_005597307.1,CDS,COG0588,932386,933069,+,[G] Phosphoglycerate mutase 1   ,932386,933069,1,1,single,,,cds-WP_005597307.1,cds-WP_005597307.1,932386,933069,cds-WP_005597307.1
454,cds-WP_039709116.1,CDS,COG1279,933153,933788,-,[R] Lysine efflux permease   ,933153,933788,1,1,single,,,cds-WP_039709116.1,cds-WP_039709116.1,933153,933788,cds-WP_039709116.1
455,udk,CDS,COG0572,933906,934559,+,[F] Uridine kinase    ,933906,934559,2,1,first,,dcd,udk,dcd,933906,935152,udk;dcd
455,dcd,CDS,COG0717,934568,935152,+,[F] Deoxycytidine deaminase    ,934568,935152,2,2,last,udk,,udk,dcd,933906,935152,udk;dcd
456,cds-WP_005601137.1,CDS,COG1309,935221,935775,-,[K] Transcriptional regulator    ,935221,935775,1,1,single,,,cds-WP_005601137.1,cds-WP_005601137.1,935221,935775,cds-WP_005601137.1
457,cds-WP_005607929.1,CDS,COG1566,935916,936977,+,[V] Multidrug resistance efflux pump  ,935916,936977,4,1,first,,rbbA,cds-WP_005607929.1,cds-WP_039709118.1,935916,942259,cds-WP_005607929.1;rbbA;cds-WP_005607933.1;cds-WP_039709118.1
457,rbbA,CDS,COG1131,936981,939722,+,"[V] ABC-type multidrug transport system, ATPase component",936981,939722,4,2,internal,cds-WP_005607929.1,cds-WP_005607933.1,cds-WP_005607929.1,cds-WP_039709118.1,935916,942259,cds-WP_005607929.1;rbbA;cds-WP_005607933.1;cds-WP_039709118.1
457,cds-WP_005607933.1,CDS,COG0842,939724,940848,+,"[V] ABC-type multidrug transport system, permease component",939724,940848,4,3,internal,rbbA,cds-WP_039709118.1,cds-WP_005607929.1,cds-WP_039709118.1,935916,942259,cds-WP_005607929.1;rbbA;cds-WP_005607933.1;cds-WP_039709118.1
457,cds-WP_039709118.1,CDS,COG1538,940865,942259,+,[MU] Outer membrane protein   ,940865,942259,4,4,last,cds-WP_005607933.1,,cds-WP_005607929.1,cds-WP_039709118.1,935916,942259,cds-WP_005607929.1;rbbA;cds-WP_005607933.1;cds-WP_039709118.1
458,pntA,CDS,COG3288,943796,945334,-,[C] NAD/NADP transhydrogenase alpha subunit  ,943796,945334,2,1,first,,pntB,pntA,pntB,942337,945334,pntA;pntB
458,pntB,CDS,COG1282,942337,943785,-,[C] NAD/NADP transhydrogenase beta subunit  ,942337,943785,2,2,last,pntA,,pntA,pntB,942337,945334,pntA;pntB
459,trmJ,CDS,COG0565,945539,946267,+,[J] rRNA methylase    ,945539,946267,1,1,single,,,trmJ,trmJ,945539,946267,trmJ
460,cds-WP_005604486.1,CDS,ROG2923,947520,948611,-,NA,947520,948611,2,1,first,,cds-WP_005607948.1,cds-WP_005604486.1,cds-WP_005607948.1,946360,948611,cds-WP_005604486.1;cds-WP_005607948.1
460,cds-WP_005607948.1,CDS,ROG2675,946360,947523,-,NA,946360,947523,2,2,last,cds-WP_005604486.1,,cds-WP_005604486.1,cds-WP_005607948.1,946360,948611,cds-WP_005604486.1;cds-WP_005607948.1
461,queF,CDS,COG2904,948824,949663,-,[S] Uncharacterized protein conserved in bacteria ,948824,949663,1,1,single,,,queF,queF,948824,949663,queF
462,bcp,CDS,COG1225,950301,950771,-,[O] Peroxiredoxin     ,950301,950771,2,1,first,,gmhB,bcp,gmhB,949753,950771,bcp;gmhB
462,gmhB,CDS,COG0241,949753,950301,-,[E] Histidinol phosphatase and related phosphatases ,949753,950301,2,2,last,bcp,,bcp,gmhB,949753,950771,bcp;gmhB
463,cds-WP_012262990.1,CDS,NA,950836,951045,-,NA,950836,951045,1,1,single,,,cds-WP_012262990.1,cds-WP_012262990.1,950836,951045,cds-WP_012262990.1
464,hemW,CDS,COG0635,951158,952315,-,[H] Coproporphyrinogen III oxidase and related Fe-S,951158,952315,1,1,single,,,hemW,hemW,951158,952315,hemW
465,cds-WP_039709121.1,CDS,COG0747,952578,954152,+,"[E] ABC-type dipeptide transport system, periplasmic component",952578,954152,5,1,first,,cds-WP_005619095.1,cds-WP_039709121.1,cds-WP_039709122.1,952578,959637,cds-WP_039709121.1;cds-WP_005619095.1;cds-WP_039768106.1;cds-WP_039197125.1;cds-WP_039709122.1
465,cds-WP_005619095.1,CDS,COG0601,954251,955204,+,"[EP] ABC-type dipeptide/oligopeptide/nickel transport systems, permease components",954251,955204,5,2,internal,cds-WP_039709121.1,cds-WP_039768106.1,cds-WP_039709121.1,cds-WP_039709122.1,952578,959637,cds-WP_039709121.1;cds-WP_005619095.1;cds-WP_039768106.1;cds-WP_039197125.1;cds-WP_039709122.1
465,cds-WP_039768106.1,CDS,COG1123,955204,957177,+,[R] ATPase components of various ABC-type transport,955204,957177,5,3,internal,cds-WP_005619095.1,cds-WP_039197125.1,cds-WP_039709121.1,cds-WP_039709122.1,952578,959637,cds-WP_039709121.1;cds-WP_005619095.1;cds-WP_039768106.1;cds-WP_039197125.1;cds-WP_039709122.1
465,cds-WP_039197125.1,CDS,COG1123,957181,957987,+,[R] ATPase components of various ABC-type transport,957181,957987,5,4,internal,cds-WP_039768106.1,cds-WP_039709122.1,cds-WP_039709121.1,cds-WP_039709122.1,952578,959637,cds-WP_039709121.1;cds-WP_005619095.1;cds-WP_039768106.1;cds-WP_039197125.1;cds-WP_039709122.1
465,cds-WP_039709122.1,CDS,COG1053,958039,959637,+,"[C] Succinate dehydrogenase/fumarate reductase, flavoprotein subunit ",958039,959637,5,5,last,cds-WP_039197125.1,,cds-WP_039709121.1,cds-WP_039709122.1,952578,959637,cds-WP_039709121.1;cds-WP_005619095.1;cds-WP_039768106.1;cds-WP_039197125.1;cds-WP_039709122.1
466,cds-WP_171823681.1,CDS,COG0620,959699,960856,-,[E] Methionine synthase II (cobalamin-independent)  ,959699,960856,1,1,single,,,cds-WP_171823681.1,cds-WP_171823681.1,959699,960856,cds-WP_171823681.1
467,metF,CDS,COG0685,961077,961958,+,"[E] 5,10-methylenetetrahydrofolate reductase    ",961077,961958,1,1,single,,,metF,metF,961077,961958,metF
468,cds-WP_039709124.1,CDS,COG0747,962054,963649,-,"[E] ABC-type dipeptide transport system, periplasmic component",962054,963649,1,1,single,,,cds-WP_039709124.1,cds-WP_039709124.1,962054,963649,cds-WP_039709124.1
469,cds-WP_005601171.1,CDS,COG0814,964006,965235,+,[E] Amino acid permeases   ,964006,965235,2,1,first,,cds-WP_039709125.1,cds-WP_005601171.1,cds-WP_039709125.1,964006,966710,cds-WP_005601171.1;cds-WP_039709125.1
469,cds-WP_039709125.1,CDS,COG1760,965331,966710,+,[E] L-serine deaminase    ,965331,966710,2,2,last,cds-WP_005601171.1,,cds-WP_005601171.1,cds-WP_039709125.1,964006,966710,cds-WP_005601171.1;cds-WP_039709125.1
470,mnmC,CDS,COG4121,966889,968892,-,[S] Uncharacterized conserved protein   ,966889,968892,1,1,single,,,mnmC,mnmC,966889,968892,mnmC
471,trpCF,CDS,COG0134,969108,970517,-,[E] Indole-3-glycerol phosphate synthase   ,969108,970517,1,1,single,,,trpCF,trpCF,969108,970517,trpCF
472,cds-WP_171823682.1,CDS,COG3177,970671,971360,+,[S] Uncharacterized conserved protein   ,970671,971360,5,1,first,,cds-WP_005597367.1,cds-WP_171823682.1,cds-WP_039709128.1,970671,973038,cds-WP_171823682.1;cds-WP_005597367.1;truC;cds-WP_005608004.1;cds-WP_039709128.1
472,cds-WP_005597367.1,CDS,COG3098,971368,971679,+,[S] Uncharacterized protein conserved in bacteria ,971368,971679,5,2,internal,cds-WP_171823682.1,truC,cds-WP_171823682.1,cds-WP_039709128.1,970671,973038,cds-WP_171823682.1;cds-WP_005597367.1;truC;cds-WP_005608004.1;cds-WP_039709128.1
472,truC,CDS,COG0564,971680,972423,+,"[J] Pseudouridylate synthases, 23S RNA-specific  ",971680,972423,5,3,internal,cds-WP_005597367.1,cds-WP_005608004.1,cds-WP_171823682.1,cds-WP_039709128.1,970671,973038,cds-WP_171823682.1;cds-WP_005597367.1;truC;cds-WP_005608004.1;cds-WP_039709128.1
472,cds-WP_005608004.1,CDS,COG3140,972425,972589,+,[S] Uncharacterized protein conserved in bacteria ,972425,972589,5,4,internal,truC,cds-WP_039709128.1,cds-WP_171823682.1,cds-WP_039709128.1,970671,973038,cds-WP_171823682.1;cds-WP_005597367.1;truC;cds-WP_005608004.1;cds-WP_039709128.1
472,cds-WP_039709128.1,CDS,NA,972586,973038,+,NA,972586,973038,5,5,last,cds-WP_005608004.1,,cds-WP_171823682.1,cds-WP_039709128.1,970671,973038,cds-WP_171823682.1;cds-WP_005597367.1;truC;cds-WP_005608004.1;cds-WP_039709128.1
473,cds-WP_012263002.1,CDS,COG3025,973082,973921,-,[S] Uncharacterized conserved protein   ,973082,973921,1,1,single,,,cds-WP_012263002.1,cds-WP_012263002.1,973082,973921,cds-WP_012263002.1
474,cds-WP_039709140.1,CDS,COG3106,973989,975398,+,[R] Predicted ATPase    ,973989,975398,1,1,single,,,cds-WP_039709140.1,cds-WP_039709140.1,973989,975398,cds-WP_039709140.1
475,smpB,CDS,COG0691,975532,976011,+,[O] tmRNA-binding protein    ,975532,976011,2,1,first,,serS,smpB,serS,975532,977436,smpB;serS
475,serS,CDS,COG0172,976129,977436,+,[J] Seryl-tRNA synthetase    ,976129,977436,2,2,last,smpB,,smpB,serS,975532,977436,smpB;serS
476,cds-WP_039709129.1,CDS,COG1473,977507,978775,-,[R] Metal-dependent amidase/aminoacylase/carboxypeptidase    ,977507,978775,1,1,single,,,cds-WP_039709129.1,cds-WP_039709129.1,977507,978775,cds-WP_039709129.1
477,pepE,CDS,COG3340,980172,980876,-,[E] Peptidase E    ,980172,980876,2,1,first,,dcuC,pepE,dcuC,978869,980876,pepE;dcuC
477,dcuC,CDS,COG3069,978869,980161,-,[C] C4-dicarboxylate transporter    ,978869,980161,2,2,last,pepE,,pepE,dcuC,978869,980876,pepE;dcuC
478,leuS,CDS,COG0495,981127,983712,+,[J] Leucyl-tRNA synthetase    ,981127,983712,3,1,first,,cds-WP_005597385.1,leuS,holA,981127,985440,leuS;cds-WP_005597385.1;holA
478,cds-WP_005597385.1,CDS,COG2980,983812,984306,+,[M] Rare lipoprotein B   ,983812,984306,3,2,internal,leuS,holA,leuS,holA,981127,985440,leuS;cds-WP_005597385.1;holA
478,holA,CDS,COG1466,984415,985440,+,"[L] DNA polymerase III, delta subunit ",984415,985440,3,3,last,cds-WP_005597385.1,,leuS,holA,981127,985440,leuS;cds-WP_005597385.1;holA
479,cds-WP_005597397.1,CDS,COG4969,989610,990056,-,"[NU] Tfp pilus assembly protein, major pilin",989610,990056,6,1,first,,cds-WP_005601209.1,cds-WP_005597397.1,yacG,985517,990056,cds-WP_005597397.1;cds-WP_005601209.1;cds-WP_012263006.1;cds-WP_005604550.1;coaE;yacG
479,cds-WP_005601209.1,CDS,COG2804,988198,989592,-,"[NU] Type II secretory pathway, ATPase PulE/Tfp",988198,989592,6,2,internal,cds-WP_005597397.1,cds-WP_012263006.1,cds-WP_005597397.1,yacG,985517,990056,cds-WP_005597397.1;cds-WP_005601209.1;cds-WP_012263006.1;cds-WP_005604550.1;coaE;yacG
479,cds-WP_012263006.1,CDS,COG1459,987012,988214,-,"[NU] Type II secretory pathway, component PulF",987012,988214,6,3,internal,cds-WP_005601209.1,cds-WP_005604550.1,cds-WP_005597397.1,yacG,985517,990056,cds-WP_005597397.1;cds-WP_005601209.1;cds-WP_012263006.1;cds-WP_005604550.1;coaE;yacG
479,cds-WP_005604550.1,CDS,COG1989,986347,986985,-,"[NOU] Type II secretory pathway, prepilin signal",986347,986985,6,4,internal,cds-WP_012263006.1,coaE,cds-WP_005597397.1,yacG,985517,990056,cds-WP_005597397.1;cds-WP_005601209.1;cds-WP_012263006.1;cds-WP_005604550.1;coaE;yacG
479,coaE,CDS,COG0237,985687,986325,-,[H] Dephospho-CoA kinase    ,985687,986325,6,5,internal,cds-WP_005604550.1,yacG,cds-WP_005597397.1,yacG,985517,990056,cds-WP_005597397.1;cds-WP_005601209.1;cds-WP_012263006.1;cds-WP_005604550.1;coaE;yacG
479,yacG,CDS,COG3024,985517,985705,-,[S] Uncharacterized protein conserved in bacteria ,985517,985705,6,6,last,coaE,,cds-WP_005597397.1,yacG,985517,990056,cds-WP_005597397.1;cds-WP_005601209.1;cds-WP_012263006.1;cds-WP_005604550.1;coaE;yacG
480,radA,CDS,COG1066,990238,991617,+,[O] Predicted ATP-dependent serine protease  ,990238,991617,1,1,single,,,radA,radA,990238,991617,radA
481,cds-WP_005597399.1,CDS,ROG2297,991661,991894,-,NA,991661,991894,1,1,single,,,cds-WP_005597399.1,cds-WP_005597399.1,991661,991894,cds-WP_005597399.1
482,folA,CDS,COG0262,992021,992509,-,[H] Dihydrofolate reductase    ,992021,992509,1,1,single,,,folA,folA,992021,992509,folA
483,proB,CDS,COG0263,992596,993687,+,[E] Glutamate 5-kinase    ,992596,993687,3,1,first,,cds-WP_005597402.1,proB,nth,992596,995109,proB;cds-WP_005597402.1;nth
483,cds-WP_005597402.1,CDS,COG0730,993700,994476,+,[R] Predicted permeases    ,993700,994476,3,2,internal,proB,nth,proB,nth,992596,995109,proB;cds-WP_005597402.1;nth
483,nth,CDS,COG0177,994477,995109,+,[L] Predicted EndoIII-related endonuclease   ,994477,995109,3,3,last,cds-WP_005597402.1,,proB,nth,992596,995109,proB;cds-WP_005597402.1;nth
484,cds-WP_009874619.1,CDS,COG0183,995319,996623,+,[I] Acetyl-CoA acetyltransferase    ,995319,996623,2,1,first,,cds-WP_005608038.1,cds-WP_009874619.1,cds-WP_005608038.1,995319,998750,cds-WP_009874619.1;cds-WP_005608038.1
484,cds-WP_005608038.1,CDS,COG1250,996633,998750,+,[I] 3-hydroxyacyl-CoA dehydrogenase    ,996633,998750,2,2,last,cds-WP_009874619.1,,cds-WP_009874619.1,cds-WP_005608038.1,995319,998750,cds-WP_009874619.1;cds-WP_005608038.1
485,cds-WP_039709131.1,CDS,COG5339,998841,1000256,+,[S] Uncharacterized protein conserved in bacteria ,998841,1000256,1,1,single,,,cds-WP_039709131.1,cds-WP_039709131.1,998841,1000256,cds-WP_039709131.1
486,fdhD,CDS,COG1526,1001273,1002079,-,[C] Uncharacterized protein required for formate dehydrogenase,1001273,1002079,2,1,first,,cds-WP_005601223.1,fdhD,cds-WP_005601223.1,1000339,1002079,fdhD;cds-WP_005601223.1
486,cds-WP_005601223.1,CDS,COG0679,1000339,1001271,-,[R] Predicted permeases    ,1000339,1001271,2,2,last,fdhD,,fdhD,cds-WP_005601223.1,1000339,1002079,fdhD;cds-WP_005601223.1
487,fdnG,CDS,COG0243,1002498,1005557,+,"[C] Anaerobic dehydrogenases, typically selenocysteine-containing  ",1002498,1005557,4,1,first,,fdxH,fdnG,fdhE,1002498,1008147,fdnG;fdxH;cds-WP_005597421.1;fdhE
487,fdxH,CDS,COG0437,1005557,1006456,+,[C] Fe-S-cluster-containing hydrogenase components 1  ,1005557,1006456,4,2,internal,fdnG,cds-WP_005597421.1,fdnG,fdhE,1002498,1008147,fdnG;fdxH;cds-WP_005597421.1;fdhE
487,cds-WP_005597421.1,CDS,COG2864,1006449,1007120,+,[C] Cytochrome b subunit of formate dehydrogenase,1006449,1007120,4,3,internal,fdxH,fdhE,fdnG,fdhE,1002498,1008147,fdnG;fdxH;cds-WP_005597421.1;fdhE
487,fdhE,CDS,COG3058,1007230,1008147,+,[O] Uncharacterized protein involved in formate dehydrogenase,1007230,1008147,4,4,last,cds-WP_005597421.1,,fdnG,fdhE,1002498,1008147,fdnG;fdxH;cds-WP_005597421.1;fdhE
488,rna-MIDG2331_RS04530,tRNA,NA,1008486,1008562,-,NA,1008486,1008562,2,1,first,,rna-MIDG2331_RS04525,rna-MIDG2331_RS04530,rna-MIDG2331_RS04525,1008366,1008562,rna-MIDG2331_RS04530;rna-MIDG2331_RS04525
488,rna-MIDG2331_RS04525,tRNA,NA,1008366,1008442,-,NA,1008366,1008442,2,2,last,rna-MIDG2331_RS04530,,rna-MIDG2331_RS04530,rna-MIDG2331_RS04525,1008366,1008562,rna-MIDG2331_RS04530;rna-MIDG2331_RS04525
489,folD,CDS,COG0190,1008751,1009608,+,"[H] 5,10-methylene-tetrahydrofolate dehydrogenase/Methenyl tetrahydrofolate cyclohydrolase  ",1008751,1009608,1,1,single,,,folD,folD,1008751,1009608,folD
490,cds-WP_039709652.1,CDS,COG0477,1009753,1011291,+,[GEPR] Permeases of the major facilitator superfamily,1009753,1011291,1,1,single,,,cds-WP_039709652.1,cds-WP_039709652.1,1009753,1011291,cds-WP_039709652.1
491,dapA,CDS,COG0329,1011389,1012282,-,[EM] Dihydrodipicolinate synthase/N-acetylneuraminate lyase   ,1011389,1012282,1,1,single,,,dapA,dapA,1011389,1012282,dapA
492,cds-WP_005601230.1,CDS,COG1560,1012435,1013376,-,[M] Lauroyl/myristoyl acyltransferase    ,1012435,1013376,1,1,single,,,cds-WP_005601230.1,cds-WP_005601230.1,1012435,1013376,cds-WP_005601230.1
493,hpf,CDS,COG1544,1013541,1013855,+,[J] Ribosome-associated protein Y (PSrp-1)  ,1013541,1013855,1,1,single,,,hpf,hpf,1013541,1013855,hpf
494,truA,CDS,COG0101,1013913,1014701,-,[J] Pseudouridylate synthase    ,1013913,1014701,1,1,single,,,truA,truA,1013913,1014701,truA
495,folE,CDS,COG0302,1014780,1015436,-,[H] GTP cyclohydrolase I   ,1014780,1015436,1,1,single,,,folE,folE,1014780,1015436,folE
496,cds-WP_039709135.1,CDS,COG3642,1015537,1016241,+,[T] Mn2+-dependent serine/threonine protein kinase  ,1015537,1016241,1,1,single,,,cds-WP_039709135.1,cds-WP_039709135.1,1015537,1016241,cds-WP_039709135.1
497,cds-WP_005620698.1,CDS,COG4925,1016320,1016658,-,[S] Uncharacterized conserved protein   ,1016320,1016658,1,1,single,,,cds-WP_005620698.1,cds-WP_005620698.1,1016320,1016658,cds-WP_005620698.1
498,cds-WP_005620696.1,CDS,COG0110,1016717,1017292,-,[R] Acetyltransferase (isoleucine patch superfamily)  ,1016717,1017292,1,1,single,,,cds-WP_005620696.1,cds-WP_005620696.1,1016717,1017292,cds-WP_005620696.1
499,cds-WP_005608065.1,CDS,COG1073,1017377,1018519,-,[R] Hydrolases of the alpha/beta superfamily ,1017377,1018519,1,1,single,,,cds-WP_005608065.1,cds-WP_005608065.1,1017377,1018519,cds-WP_005608065.1
500,cds-WP_005601245.1,CDS,COG0583,1018678,1019562,+,[K] Transcriptional regulator    ,1018678,1019562,1,1,single,,,cds-WP_005601245.1,cds-WP_005601245.1,1018678,1019562,cds-WP_005601245.1
501,metN,CDS,COG1135,1022061,1023095,-,"[P] ABC-type metal ion transport system, ATPase",1022061,1023095,4,1,first,,cds-WP_005597560.1,metN,cds-WP_005601246.1,1019616,1023095,metN;cds-WP_005597560.1;cds-WP_005612250.1;cds-WP_005601246.1
501,cds-WP_005597560.1,CDS,COG2011,1021394,1022071,-,"[P] ABC-type metal ion transport system, permease",1021394,1022071,4,2,internal,metN,cds-WP_005612250.1,metN,cds-WP_005601246.1,1019616,1023095,metN;cds-WP_005597560.1;cds-WP_005612250.1;cds-WP_005601246.1
501,cds-WP_005612250.1,CDS,COG1464,1020547,1021368,-,"[P] ABC-type metal ion transport system, periplasmic",1020547,1021368,4,3,internal,cds-WP_005597560.1,cds-WP_005601246.1,metN,cds-WP_005601246.1,1019616,1023095,metN;cds-WP_005597560.1;cds-WP_005612250.1;cds-WP_005601246.1
501,cds-WP_005601246.1,CDS,COG1464,1019616,1020434,-,"[P] ABC-type metal ion transport system, periplasmic",1019616,1020434,4,4,last,cds-WP_005612250.1,,metN,cds-WP_005601246.1,1019616,1023095,metN;cds-WP_005597560.1;cds-WP_005612250.1;cds-WP_005601246.1
502,cysS,CDS,COG0215,1023293,1024672,-,[J] Cysteinyl-tRNA synthetase    ,1023293,1024672,1,1,single,,,cysS,cysS,1023293,1024672,cysS
503,cds-WP_039709137.1,CDS,COG0652,1024817,1025326,+,[O] Peptidyl-prolyl cis-trans isomerase (rotamase) - cyclophilin,1024817,1025326,1,1,single,,,cds-WP_039709137.1,cds-WP_039709137.1,1024817,1025326,cds-WP_039709137.1
504,cds-WP_005597568.1,CDS,COG0617,1025430,1026665,+,[J] tRNA nucleotidyltransferase/poly(A) polymerase   ,1025430,1026665,1,1,single,,,cds-WP_005597568.1,cds-WP_005597568.1,1025430,1026665,cds-WP_005597568.1
505,cds-WP_144435023.1,CDS,COG2963,1026737,1027190,+,[L] Transposase and inactivated derivatives  ,1026737,1027190,2,1,first,,cds-WP_144435023.1_2,cds-WP_144435023.1,cds-WP_144435023.1_2,1026737,1028070,cds-WP_144435023.1;cds-WP_144435023.1_2
505,cds-WP_144435023.1_2,CDS,NA,1027190,1028070,+,NA,1027190,1028070,2,2,last,cds-WP_144435023.1,,cds-WP_144435023.1,cds-WP_144435023.1_2,1026737,1028070,cds-WP_144435023.1;cds-WP_144435023.1_2
506,cds-WP_058230474.1,CDS,COG4206,1028116,1030488,-,[H] Outer membrane cobalamin receptor protein ,1028116,1030488,1,1,single,,,cds-WP_058230474.1,cds-WP_058230474.1,1028116,1030488,cds-WP_058230474.1
507,cds-WP_039709141.1,CDS,NA,1030650,1031906,+,NA,1030650,1031906,2,1,first,,cds-WP_039709142.1,cds-WP_039709141.1,cds-WP_039709142.1,1030650,1033378,cds-WP_039709141.1;cds-WP_039709142.1
507,cds-WP_039709142.1,CDS,ROG3350,1031963,1033378,+,NA,1031963,1033378,2,2,last,cds-WP_039709141.1,,cds-WP_039709141.1,cds-WP_039709142.1,1030650,1033378,cds-WP_039709141.1;cds-WP_039709142.1
508,cds-WP_080754136.1,CDS,COG2801,1033486,1033596,-,[L] Transposase and inactivated derivatives  ,1033486,1033596,1,1,single,,,cds-WP_080754136.1,cds-WP_080754136.1,1033486,1033596,cds-WP_080754136.1
509,hscA,CDS,COG0443,1035052,1036905,-,[O] Molecular chaperone    ,1035052,1036905,3,1,first,,fdx,hscA,iscX,1034396,1036905,hscA;fdx;iscX
509,fdx,CDS,COG0633,1034590,1034931,-,[C] Ferredoxin     ,1034590,1034931,3,2,internal,hscA,iscX,hscA,iscX,1034396,1036905,hscA;fdx;iscX
509,iscX,CDS,COG2975,1034396,1034590,-,[S] Uncharacterized protein conserved in bacteria ,1034396,1034590,3,3,last,fdx,,hscA,iscX,1034396,1036905,hscA;fdx;iscX
510,cds-WP_005597614.1,CDS,COG1959,1040982,1041434,-,[K] Predicted transcriptional regulator   ,1040982,1041434,7,1,first,,cds-WP_005597612.1,cds-WP_005597614.1,cds-WP_005597602.1,1037024,1041434,cds-WP_005597614.1;cds-WP_005597612.1;iscU;iscA;hscB;cds-WP_039709144.1;cds-WP_005597602.1
510,cds-WP_005597612.1,CDS,COG1104,1039701,1040927,-,[E] Cysteine sulfinate desulfinase/cysteine desulfurase and related,1039701,1040927,7,2,internal,cds-WP_005597614.1,iscU,cds-WP_005597614.1,cds-WP_005597602.1,1037024,1041434,cds-WP_005597614.1;cds-WP_005597612.1;iscU;iscA;hscB;cds-WP_039709144.1;cds-WP_005597602.1
510,iscU,CDS,COG0822,1039184,1039567,-,[C] NifU homolog involved in Fe-S cluster,1039184,1039567,7,3,internal,cds-WP_005597612.1,iscA,cds-WP_005597614.1,cds-WP_005597602.1,1037024,1041434,cds-WP_005597614.1;cds-WP_005597612.1;iscU;iscA;hscB;cds-WP_039709144.1;cds-WP_005597602.1
510,iscA,CDS,COG0316,1038715,1039038,-,[S] Uncharacterized conserved protein   ,1038715,1039038,7,4,internal,iscU,hscB,cds-WP_005597614.1,cds-WP_005597602.1,1037024,1041434,cds-WP_005597614.1;cds-WP_005597612.1;iscU;iscA;hscB;cds-WP_039709144.1;cds-WP_005597602.1
510,hscB,CDS,COG1076,1038184,1038705,-,[O] DnaJ-domain-containing proteins 1   ,1038184,1038705,7,5,internal,iscA,cds-WP_039709144.1,cds-WP_005597614.1,cds-WP_005597602.1,1037024,1041434,cds-WP_005597614.1;cds-WP_005597612.1;iscU;iscA;hscB;cds-WP_039709144.1;cds-WP_005597602.1
510,cds-WP_039709144.1,CDS,COG3238,1037684,1038136,-,[S] Uncharacterized protein conserved in bacteria ,1037684,1038136,7,6,internal,hscB,cds-WP_005597602.1,cds-WP_005597614.1,cds-WP_005597602.1,1037024,1041434,cds-WP_005597614.1;cds-WP_005597612.1;iscU;iscA;hscB;cds-WP_039709144.1;cds-WP_005597602.1
510,cds-WP_005597602.1,CDS,ROG6323,1037024,1037656,-,NA,1037024,1037656,7,7,last,cds-WP_039709144.1,,cds-WP_005597614.1,cds-WP_005597602.1,1037024,1041434,cds-WP_005597614.1;cds-WP_005597612.1;iscU;iscA;hscB;cds-WP_039709144.1;cds-WP_005597602.1
511,cds-WP_005601264.1,CDS,COG2067,1041924,1043315,+,[I] Long-chain fatty acid transport protein ,1041924,1043315,1,1,single,,,cds-WP_005601264.1,cds-WP_005601264.1,1041924,1043315,cds-WP_005601264.1
512,cds-WP_005597618.1,CDS,COG0350,1043401,1043964,+,[L] Methylated DNA-protein cysteine methyltransferase  ,1043401,1043964,1,1,single,,,cds-WP_005597618.1,cds-WP_005597618.1,1043401,1043964,cds-WP_005597618.1
513,cds-WP_039709146.1,CDS,COG0642,1043984,1045834,-,[T] Signal transduction histidine kinase  ,1043984,1045834,1,1,single,,,cds-WP_039709146.1,cds-WP_039709146.1,1043984,1045834,cds-WP_039709146.1
514,cds-WP_005597621.1,CDS,ROG3253,1045940,1046803,-,NA,1045940,1046803,1,1,single,,,cds-WP_005597621.1,cds-WP_005597621.1,1045940,1046803,cds-WP_005597621.1
515,bioA,CDS,COG0161,1050712,1052010,-,[H] Adenosylmethionine-8-amino-7-oxononanoate aminotransferase    ,1050712,1052010,6,1,first,,cds-WP_039709147.1,bioA,smrB,1046919,1052010,bioA;cds-WP_039709147.1;cds-WP_005601275.1;bioC;bioD_2;smrB
515,cds-WP_039709147.1,CDS,COG0156,1049522,1050685,-,[H] 7-keto-8-aminopelargonate synthetase and related enzymes ,1049522,1050685,6,2,internal,bioA,cds-WP_005601275.1,bioA,smrB,1046919,1052010,bioA;cds-WP_039709147.1;cds-WP_005601275.1;bioC;bioD_2;smrB
515,cds-WP_005601275.1,CDS,COG2830,1048853,1049512,-,[S] Uncharacterized protein conserved in bacteria ,1048853,1049512,6,3,internal,cds-WP_039709147.1,bioC,bioA,smrB,1046919,1052010,bioA;cds-WP_039709147.1;cds-WP_005601275.1;bioC;bioD_2;smrB
515,bioC,CDS,COG0500,1048095,1048865,-,[QR] SAM-dependent methyltransferases    ,1048095,1048865,6,4,internal,cds-WP_005601275.1,bioD_2,bioA,smrB,1046919,1052010,bioA;cds-WP_039709147.1;cds-WP_005601275.1;bioC;bioD_2;smrB
515,bioD_2,CDS,COG0132,1047451,1048095,-,[H] Dethiobiotin synthetase    ,1047451,1048095,6,5,internal,bioC,smrB,bioA,smrB,1046919,1052010,bioA;cds-WP_039709147.1;cds-WP_005601275.1;bioC;bioD_2;smrB
515,smrB,CDS,COG2840,1046919,1047461,-,[S] Uncharacterized protein conserved in bacteria ,1046919,1047461,6,6,last,bioD_2,,bioA,smrB,1046919,1052010,bioA;cds-WP_039709147.1;cds-WP_005601275.1;bioC;bioD_2;smrB
516,prmB,CDS,COG2890,1052101,1053045,+,[J] Methylase of polypeptide chain release factors,1052101,1053045,1,1,single,,,prmB,prmB,1052101,1053045,prmB
517,greA,CDS,COG0782,1053126,1053602,-,[K] Transcription elongation factor   ,1053126,1053602,1,1,single,,,greA,greA,1053126,1053602,greA
518,dacB,CDS,COG2027,1053686,1055128,+,[M] D-alanyl-D-alanine carboxypeptidase (penicillin-binding protein 4) ,1053686,1055128,1,1,single,,,dacB,dacB,1053686,1055128,dacB
519,cds-WP_005597642.1,CDS,COG2388,1055165,1055434,-,[R] Predicted acetyltransferase    ,1055165,1055434,1,1,single,,,cds-WP_005597642.1,cds-WP_005597642.1,1055165,1055434,cds-WP_005597642.1
520,cds-WP_005608124.1,CDS,COG3676,1055753,1056874,-,[L] Transposase and inactivated derivatives  ,1055753,1056874,1,1,single,,,cds-WP_005608124.1,cds-WP_005608124.1,1055753,1056874,cds-WP_005608124.1
521,cds-WP_005597646.1,CDS,NA,1057286,1057585,-,NA,1057286,1057585,1,1,single,,,cds-WP_005597646.1,cds-WP_005597646.1,1057286,1057585,cds-WP_005597646.1
522,cds-WP_005603118.1,CDS,COG2801,1057705,1058745,+,[L] Transposase and inactivated derivatives  ,1057705,1058745,1,1,single,,,cds-WP_005603118.1,cds-WP_005603118.1,1057705,1058745,cds-WP_005603118.1
523,cds-WP_005620629.1,CDS,COG2856,1059811,1060374,-,[E] Predicted Zn peptidase   ,1059811,1060374,2,1,first,,cds-WP_039709148.1,cds-WP_005620629.1,cds-WP_039709148.1,1058784,1060374,cds-WP_005620629.1;cds-WP_039709148.1
523,cds-WP_039709148.1,CDS,ROG0509,1058784,1059818,-,NA,1058784,1059818,2,2,last,cds-WP_005620629.1,,cds-WP_005620629.1,cds-WP_039709148.1,1058784,1060374,cds-WP_005620629.1;cds-WP_039709148.1
524,cds-WP_005608137.1,CDS,COG2932,1060528,1060866,-,[K] Predicted transcriptional regulator   ,1060528,1060866,1,1,single,,,cds-WP_005608137.1,cds-WP_005608137.1,1060528,1060866,cds-WP_005608137.1
525,cds-WP_039709149.1,CDS,COG3676,1060950,1061984,+,[L] Transposase and inactivated derivatives  ,1060950,1061984,2,1,first,,cds-WP_005601307.1,cds-WP_039709149.1,cds-WP_005601307.1,1060950,1062418,cds-WP_039709149.1;cds-WP_005601307.1
525,cds-WP_005601307.1,CDS,ROG7158,1061984,1062418,+,NA,1061984,1062418,2,2,last,cds-WP_039709149.1,,cds-WP_039709149.1,cds-WP_005601307.1,1060950,1062418,cds-WP_039709149.1;cds-WP_005601307.1
526,cds-WP_005601309.1,CDS,ROG5035,1062419,1062832,-,NA,1062419,1062832,1,1,single,,,cds-WP_005601309.1,cds-WP_005601309.1,1062419,1062832,cds-WP_005601309.1
527,apxIIC,CDS,COG2994,1066396,1066878,-,[O] ACP:hemolysin acyltransferase (hemolysin-activating protein)  ,1066396,1066878,3,1,first,,cds-WP_039709150.1,apxIIC,cds-MIDG2331_RS04820,1062922,1066878,apxIIC;cds-WP_039709150.1;cds-MIDG2331_RS04820
527,cds-WP_039709150.1,CDS,COG2931,1063487,1066357,-,[Q] RTX toxins and related Ca2+-binding proteins,1063487,1066357,3,2,internal,apxIIC,cds-MIDG2331_RS04820,apxIIC,cds-MIDG2331_RS04820,1062922,1066878,apxIIC;cds-WP_039709150.1;cds-MIDG2331_RS04820
527,cds-MIDG2331_RS04820,CDS,COG2274,1062922,1063422,-,"[V] ABC-type bacteriocin/lantibiotic exporters, contain an N-terminal",1062922,1063422,3,3,last,cds-WP_039709150.1,,apxIIC,cds-MIDG2331_RS04820,1062922,1066878,apxIIC;cds-WP_039709150.1;cds-MIDG2331_RS04820
528,ybeY_2,CDS,COG0319,1068953,1069444,-,[R] Predicted metal-dependent hydrolase   ,1068953,1069444,2,1,first,,cds-MIDG2331_RS11275,ybeY_2,cds-MIDG2331_RS11275,1067055,1069444,ybeY_2;cds-MIDG2331_RS11275
528,cds-MIDG2331_RS11275,CDS,COG1444,1067055,1068941,-,[R] Predicted P-loop ATPase fused to an,1067055,1068941,2,2,last,ybeY_2,,ybeY_2,cds-MIDG2331_RS11275,1067055,1069444,ybeY_2;cds-MIDG2331_RS11275
529,purH,CDS,COG0138,1069867,1071456,+,[F] AICAR transformylase/IMP cyclohydrolase PurH (only IMP,1069867,1071456,1,1,single,,,purH,purH,1069867,1071456,purH
530,cds-WP_039709151.1,CDS,NA,1072016,1072321,-,NA,1072016,1072321,2,1,first,,cds-WP_005620624.1,cds-WP_039709151.1,cds-WP_005620624.1,1071646,1072321,cds-WP_039709151.1;cds-WP_005620624.1
530,cds-WP_005620624.1,CDS,NA,1071646,1072002,-,NA,1071646,1072002,2,2,last,cds-WP_039709151.1,,cds-WP_039709151.1,cds-WP_005620624.1,1071646,1072321,cds-WP_039709151.1;cds-WP_005620624.1
531,cds-WP_039709152.1,CDS,NA,1072722,1073060,-,NA,1072722,1073060,1,1,single,,,cds-WP_039709152.1,cds-WP_039709152.1,1072722,1073060,cds-WP_039709152.1
532,cds-WP_039768118.1,CDS,COG2831,1081697,1083463,-,[U] Hemolysin activation/secretion protein   ,1081697,1083463,3,1,first,,cds-MIDG2331_RS11615,cds-WP_039768118.1,cds-WP_005619696.1,1073439,1083463,cds-WP_039768118.1;cds-MIDG2331_RS11615;cds-WP_005619696.1
532,cds-MIDG2331_RS11615,CDS,COG3210,1073735,1081649,-,[U] Large exoproteins involved in heme utilization,1073735,1081649,3,2,internal,cds-WP_039768118.1,cds-WP_005619696.1,cds-WP_039768118.1,cds-WP_005619696.1,1073439,1083463,cds-WP_039768118.1;cds-MIDG2331_RS11615;cds-WP_005619696.1
532,cds-WP_005619696.1,CDS,NA,1073439,1073738,-,NA,1073439,1073738,3,3,last,cds-MIDG2331_RS11615,,cds-WP_039768118.1,cds-WP_005619696.1,1073439,1083463,cds-WP_039768118.1;cds-MIDG2331_RS11615;cds-WP_005619696.1
533,lptD,CDS,COG1452,1083652,1085988,-,[M] Organic solvent tolerance protein OstA ,1083652,1085988,1,1,single,,,lptD,lptD,1083652,1085988,lptD
534,cds-WP_009875252.1,CDS,COG2985,1088652,1090310,-,[R] Predicted permease    ,1088652,1090310,4,1,first,,yihI,cds-WP_009875252.1,hemN,1086045,1090310,cds-WP_009875252.1;yihI;cds-WP_005597667.1;hemN
534,yihI,CDS,COG3078,1087925,1088503,-,[S] Uncharacterized protein conserved in bacteria ,1087925,1088503,4,2,internal,cds-WP_009875252.1,cds-WP_005597667.1,cds-WP_009875252.1,hemN,1086045,1090310,cds-WP_009875252.1;yihI;cds-WP_005597667.1;hemN
534,cds-WP_005597667.1,CDS,ROG1244,1087442,1087909,-,NA,1087442,1087909,4,3,internal,yihI,hemN,cds-WP_009875252.1,hemN,1086045,1090310,cds-WP_009875252.1;yihI;cds-WP_005597667.1;hemN
534,hemN,CDS,COG0635,1086045,1087412,-,[H] Coproporphyrinogen III oxidase and related Fe-S,1086045,1087412,4,4,last,cds-WP_005597667.1,,cds-WP_009875252.1,hemN,1086045,1090310,cds-WP_009875252.1;yihI;cds-WP_005597667.1;hemN
535,gltS,CDS,COG0786,1090573,1091790,+,[E] Na+/glutamate symporter    ,1090573,1091790,1,1,single,,,gltS,gltS,1090573,1091790,gltS
536,cds-WP_005597676.1,CDS,COG3112,1091860,1092237,-,[S] Uncharacterized protein conserved in bacteria ,1091860,1092237,1,1,single,,,cds-WP_005597676.1,cds-WP_005597676.1,1091860,1092237,cds-WP_005597676.1
537,glnE,CDS,COG1391,1092334,1095213,-,[OT] Glutamine synthetase adenylyltransferase   ,1092334,1095213,1,1,single,,,glnE,glnE,1092334,1095213,glnE
538,cds-WP_039709155.1,CDS,NA,1096611,1097348,-,NA,1096611,1097348,4,1,first,,cds-WP_005604666.1,cds-WP_039709155.1,cds-WP_005601351.1,1095288,1097348,cds-WP_039709155.1;cds-WP_005604666.1;yciA;cds-WP_005601351.1
538,cds-WP_005604666.1,CDS,COG2917,1096058,1096609,-,[D] Intracellular septation protein A  ,1096058,1096609,4,2,internal,cds-WP_039709155.1,yciA,cds-WP_039709155.1,cds-WP_005601351.1,1095288,1097348,cds-WP_039709155.1;cds-WP_005604666.1;yciA;cds-WP_005601351.1
538,yciA,CDS,COG1607,1095580,1096071,-,[I] Acyl-CoA hydrolase    ,1095580,1096071,4,3,internal,cds-WP_005604666.1,cds-WP_005601351.1,cds-WP_039709155.1,cds-WP_005601351.1,1095288,1097348,cds-WP_039709155.1;cds-WP_005604666.1;yciA;cds-WP_005601351.1
538,cds-WP_005601351.1,CDS,COG2350,1095288,1095569,-,[S] Uncharacterized protein conserved in bacteria ,1095288,1095569,4,4,last,yciA,,cds-WP_039709155.1,cds-WP_005601351.1,1095288,1097348,cds-WP_039709155.1;cds-WP_005604666.1;yciA;cds-WP_005601351.1
539,yfbV,CDS,COG3092,1097507,1097941,+,[S] Uncharacterized protein conserved in bacteria ,1097507,1097941,1,1,single,,,yfbV,yfbV,1097507,1097941,yfbV
540,ttcA,CDS,COG0037,1098109,1099065,+,[D] Predicted ATPase of the PP-loop superfamily,1098109,1099065,1,1,single,,,ttcA,ttcA,1098109,1099065,ttcA
541,cds-WP_005597685.1,CDS,COG2056,1099272,1100648,+,[R] Predicted permease    ,1099272,1100648,1,1,single,,,cds-WP_005597685.1,cds-WP_005597685.1,1099272,1100648,cds-WP_005597685.1
542,xthA,CDS,COG0708,1100739,1101542,+,[L] Exonuclease III    ,1100739,1101542,1,1,single,,,xthA,xthA,1100739,1101542,xthA
543,cds-WP_005604674.1,CDS,COG3306,1103533,1104216,-,[M] Glycosyltransferase involved in LPS biosynthesis ,1103533,1104216,3,1,first,,cds-WP_012263045.1,cds-WP_005604674.1,ilvY,1101606,1104216,cds-WP_005604674.1;cds-WP_012263045.1;ilvY
543,cds-WP_012263045.1,CDS,COG0859,1102491,1103531,-,[M] ADP-heptose:LPS heptosyltransferase    ,1102491,1103531,3,2,internal,cds-WP_005604674.1,ilvY,cds-WP_005604674.1,ilvY,1101606,1104216,cds-WP_005604674.1;cds-WP_012263045.1;ilvY
543,ilvY,CDS,COG0583,1101606,1102490,-,[K] Transcriptional regulator    ,1101606,1102490,3,3,last,cds-WP_012263045.1,,cds-WP_005604674.1,ilvY,1101606,1104216,cds-WP_005604674.1;cds-WP_012263045.1;ilvY
544,cds-WP_005612325.1,CDS,COG0859,1104325,1105386,+,[M] ADP-heptose:LPS heptosyltransferase    ,1104325,1105386,1,1,single,,,cds-WP_005612325.1,cds-WP_005612325.1,1104325,1105386,cds-WP_005612325.1
545,rpmE,CDS,COG0254,1105448,1105660,-,[J] Ribosomal protein L31   ,1105448,1105660,1,1,single,,,rpmE,rpmE,1105448,1105660,rpmE
546,tkt,CDS,COG0021,1106042,1108048,+,[G] Transketolase     ,1106042,1108048,1,1,single,,,tkt,tkt,1106042,1108048,tkt
547,htpG,CDS,COG0326,1108183,1110060,-,"[O] Molecular chaperone, HSP90 family  ",1108183,1110060,1,1,single,,,htpG,htpG,1108183,1110060,htpG
548,cds-WP_039709156.1,CDS,COG0753,1110285,1111811,+,[P] Catalase     ,1110285,1111811,1,1,single,,,cds-WP_039709156.1,cds-WP_039709156.1,1110285,1111811,cds-WP_039709156.1
549,cds-WP_005597706.1,CDS,COG2963,1111979,1112158,+,[L] Transposase and inactivated derivatives  ,1111979,1112158,2,1,first,,cds-MIDG2331_RS05020,cds-WP_005597706.1,cds-MIDG2331_RS05020,1111979,1112516,cds-WP_005597706.1;cds-MIDG2331_RS05020
549,cds-MIDG2331_RS05020,CDS,COG2801,1112148,1112516,+,[L] Transposase and inactivated derivatives  ,1112148,1112516,2,2,last,cds-WP_005597706.1,,cds-WP_005597706.1,cds-MIDG2331_RS05020,1111979,1112516,cds-WP_005597706.1;cds-MIDG2331_RS05020
550,cds-WP_058230477.1,CDS,COG1408,1112629,1113708,+,[R] Predicted phosphohydrolases    ,1112629,1113708,1,1,single,,,cds-WP_058230477.1,cds-WP_058230477.1,1112629,1113708,cds-WP_058230477.1
551,nrdA,CDS,COG0209,1113922,1116192,+,"[F] Ribonucleotide reductase, alpha subunit  ",1113922,1116192,2,1,first,,nrdB,nrdA,nrdB,1113922,1117586,nrdA;nrdB
551,nrdB,CDS,COG0208,1116456,1117586,+,"[F] Ribonucleotide reductase, beta subunit  ",1116456,1117586,2,2,last,nrdA,,nrdA,nrdB,1113922,1117586,nrdA;nrdB
552,galT,CDS,COG1085,1117848,1118897,+,[C] Galactose-1-phosphate uridylyltransferase    ,1117848,1118897,4,1,first,,galK,galT,cds-WP_039709160.1,1117848,1124150,galT;galK;cds-WP_039709159.1;cds-WP_039709160.1
552,galK,CDS,COG0153,1118925,1120079,+,[G] Galactokinase     ,1118925,1120079,4,2,internal,galT,cds-WP_039709159.1,galT,cds-WP_039709160.1,1117848,1124150,galT;galK;cds-WP_039709159.1;cds-WP_039709160.1
552,cds-WP_039709159.1,CDS,COG2017,1120137,1121105,+,[G] Galactose mutarotase and related enzymes ,1120137,1121105,4,3,internal,galK,cds-WP_039709160.1,galT,cds-WP_039709160.1,1117848,1124150,galT;galK;cds-WP_039709159.1;cds-WP_039709160.1
552,cds-WP_039709160.1,CDS,COG3250,1121130,1124150,+,[G] Beta-galactosidase/beta-glucuronidase     ,1121130,1124150,4,4,last,cds-WP_039709159.1,,galT,cds-WP_039709160.1,1117848,1124150,galT;galK;cds-WP_039709159.1;cds-WP_039709160.1
553,cds-WP_039709503.1,CDS,NA,1129020,1129556,-,NA,1129020,1129556,2,1,first,,cds-WP_058230478.1,cds-WP_039709503.1,cds-WP_058230478.1,1124268,1129556,cds-WP_039709503.1;cds-WP_058230478.1
553,cds-WP_058230478.1,CDS,COG2931,1124268,1128977,-,[Q] RTX toxins and related Ca2+-binding proteins,1124268,1128977,2,2,last,cds-WP_039709503.1,,cds-WP_039709503.1,cds-WP_058230478.1,1124268,1129556,cds-WP_039709503.1;cds-WP_058230478.1
554,cds-WP_420000845.1,CDS,COG3677,1129731,1130618,+,[L] Transposase and inactivated derivatives  ,1129731,1130618,1,1,single,,,cds-WP_420000845.1,cds-WP_420000845.1,1129731,1130618,cds-WP_420000845.1
555,cds-WP_005620613.1,CDS,NA,1136961,1137431,-,NA,1136961,1137431,2,1,first,,cds-WP_058230479.1,cds-WP_005620613.1,cds-WP_058230479.1,1131104,1137431,cds-WP_005620613.1;cds-WP_058230479.1
555,cds-WP_058230479.1,CDS,COG2931,1131104,1136935,-,[Q] RTX toxins and related Ca2+-binding proteins,1131104,1136935,2,2,last,cds-WP_005620613.1,,cds-WP_005620613.1,cds-WP_058230479.1,1131104,1137431,cds-WP_005620613.1;cds-WP_058230479.1
556,cds-WP_039709164.1,CDS,COG2095,1140294,1140947,-,[U] Multiple antibiotic transporter   ,1140294,1140947,3,1,first,,cds-WP_039769373.1,cds-WP_039709164.1,apbC,1137628,1140947,cds-WP_039709164.1;cds-WP_039769373.1;apbC
556,cds-WP_039769373.1,CDS,COG4166,1138729,1140279,-,"[E] ABC-type oligopeptide transport system, periplasmic component",1138729,1140279,3,2,internal,cds-WP_039709164.1,apbC,cds-WP_039709164.1,apbC,1137628,1140947,cds-WP_039709164.1;cds-WP_039769373.1;apbC
556,apbC,CDS,COG0489,1137628,1138725,-,[D] ATPases involved in chromosome partitioning ,1137628,1138725,3,3,last,cds-WP_039769373.1,,cds-WP_039709164.1,apbC,1137628,1140947,cds-WP_039709164.1;cds-WP_039769373.1;apbC
557,cds-WP_005604716.1,CDS,COG0760,1141070,1142947,-,[O] Parvulin-like peptidyl-prolyl isomerase   ,1141070,1142947,1,1,single,,,cds-WP_005604716.1,cds-WP_005604716.1,1141070,1142947,cds-WP_005604716.1
558,cds-WP_005617492.1,CDS,COG0025,1143176,1144489,+,[P] NhaP-type Na+/H+ and K+/H+ antiporters ,1143176,1144489,1,1,single,,,cds-WP_005617492.1,cds-WP_005617492.1,1143176,1144489,cds-WP_005617492.1
559,rpsO,CDS,COG0184,1144611,1144880,+,[J] Ribosomal protein S15P/S13E   ,1144611,1144880,1,1,single,,,rpsO,rpsO,1144611,1144880,rpsO
560,cds-WP_039709165.1,CDS,COG2354,1144958,1145827,+,[S] Uncharacterized protein conserved in bacteria ,1144958,1145827,1,1,single,,,cds-WP_039709165.1,cds-WP_039709165.1,1144958,1145827,cds-WP_039709165.1
561,hemC,CDS,COG0181,1149269,1150198,-,[H] Porphobilinogen deaminase    ,1149269,1150198,4,1,first,,cds-WP_039709166.1,hemC,cds-WP_039709561.1,1145884,1150198,hemC;cds-WP_039709166.1;cds-WP_005608223.1;cds-WP_039709561.1
561,cds-WP_039709166.1,CDS,COG1587,1148496,1149260,-,[H] Uroporphyrinogen-III synthase    ,1148496,1149260,4,2,internal,hemC,cds-WP_005608223.1,hemC,cds-WP_039709561.1,1145884,1150198,hemC;cds-WP_039709166.1;cds-WP_005608223.1;cds-WP_039709561.1
561,cds-WP_005608223.1,CDS,COG2959,1147146,1148486,-,[H] Uncharacterized enzyme of heme biosynthesis ,1147146,1148486,4,3,internal,cds-WP_039709166.1,cds-WP_039709561.1,hemC,cds-WP_039709561.1,1145884,1150198,hemC;cds-WP_039709166.1;cds-WP_005608223.1;cds-WP_039709561.1
561,cds-WP_039709561.1,CDS,COG3071,1145884,1147134,-,[H] Uncharacterized enzyme of heme biosynthesis ,1145884,1147134,4,4,last,cds-WP_005608223.1,,hemC,cds-WP_039709561.1,1145884,1150198,hemC;cds-WP_039709166.1;cds-WP_005608223.1;cds-WP_039709561.1
562,adhE,CDS,COG1454,1150467,1153082,+,"[C] Alcohol dehydrogenase, class IV  ",1150467,1153082,1,1,single,,,adhE,adhE,1150467,1153082,adhE
563,cds-WP_005597793.1,CDS,COG0234,1154959,1155249,-,[O] Co-chaperonin GroES (HSP10)   ,1154959,1155249,2,1,first,,groL,cds-WP_005597793.1,groL,1153256,1155249,cds-WP_005597793.1;groL
563,groL,CDS,COG0459,1153256,1154899,-,[O] Chaperonin GroEL (HSP60 family)  ,1153256,1154899,2,2,last,cds-WP_005597793.1,,cds-WP_005597793.1,groL,1153256,1155249,cds-WP_005597793.1;groL
564,cds-WP_005610291.1,CDS,COG1972,1157155,1158423,-,[F] Nucleoside permease    ,1157155,1158423,3,1,first,,deoC,cds-WP_005610291.1,deoD,1155461,1158423,cds-WP_005610291.1;deoC;deoD
564,deoC,CDS,COG0274,1156242,1157018,-,[F] Deoxyribose-phosphate aldolase    ,1156242,1157018,3,2,internal,cds-WP_005610291.1,deoD,cds-WP_005610291.1,deoD,1155461,1158423,cds-WP_005610291.1;deoC;deoD
564,deoD,CDS,COG0813,1155461,1156183,-,[F] Purine-nucleoside phosphorylase    ,1155461,1156183,3,3,last,deoC,,cds-WP_005610291.1,deoD,1155461,1158423,cds-WP_005610291.1;deoC;deoD
565,yczE,CDS,COG2364,1158636,1159280,+,[S] Predicted membrane protein   ,1158636,1159280,1,1,single,,,yczE,yczE,1158636,1159280,yczE
566,cds-MIDG2331_RS05185,CDS,COG1904,1160945,1161520,-,[G] Glucuronate isomerase    ,1160945,1161520,3,1,first,,cds-WP_080550862.1,cds-MIDG2331_RS05185,cds-WP_039709169.1,1159332,1161520,cds-MIDG2331_RS05185;cds-WP_080550862.1;cds-WP_039709169.1
566,cds-WP_080550862.1,CDS,COG0524,1159988,1160932,-,"[G] Sugar kinases, ribokinase family  ",1159988,1160932,3,2,internal,cds-MIDG2331_RS05185,cds-WP_039709169.1,cds-MIDG2331_RS05185,cds-WP_039709169.1,1159332,1161520,cds-MIDG2331_RS05185;cds-WP_080550862.1;cds-WP_039709169.1
566,cds-WP_039709169.1,CDS,COG0800,1159332,1159973,-,[G] 2-keto-3-deoxy-6-phosphogluconate aldolase    ,1159332,1159973,3,3,last,cds-WP_080550862.1,,cds-MIDG2331_RS05185,cds-WP_039709169.1,1159332,1161520,cds-MIDG2331_RS05185;cds-WP_080550862.1;cds-WP_039709169.1
567,cds-MIDG2331_RS05190,CDS,COG1501,1161538,1163769,+,"[G] Alpha-glucosidases, family 31 of glycosyl hydrolases",1161538,1163769,3,1,first,,cds-WP_009874819.1,cds-MIDG2331_RS05190,cds-WP_039709170.1,1161538,1164565,cds-MIDG2331_RS05190;cds-WP_009874819.1;cds-WP_039709170.1
567,cds-WP_009874819.1,CDS,COG2186,1163773,1164009,+,[K] Transcriptional regulators    ,1163773,1164009,3,2,internal,cds-MIDG2331_RS05190,cds-WP_039709170.1,cds-MIDG2331_RS05190,cds-WP_039709170.1,1161538,1164565,cds-MIDG2331_RS05190;cds-WP_009874819.1;cds-WP_039709170.1
567,cds-WP_039709170.1,CDS,COG0697,1163984,1164565,+,[GER] Permeases of the drug/metabolite transporter (DMT),1163984,1164565,3,3,last,cds-WP_009874819.1,,cds-MIDG2331_RS05190,cds-WP_039709170.1,1161538,1164565,cds-MIDG2331_RS05190;cds-WP_009874819.1;cds-WP_039709170.1
568,msrA,CDS,COG0225,1164656,1165162,+,[O] Peptide methionine sulfoxide reductase  ,1164656,1165162,1,1,single,,,msrA,msrA,1164656,1165162,msrA
569,cds-WP_005604751.1,CDS,COG5039,1170025,1170990,-,[GM] Exopolysaccharide biosynthesis protein   ,1170025,1170990,6,1,first,,cds-WP_039755271.1,cds-WP_005604751.1,cds-WP_005597807.1,1165198,1170990,cds-WP_005604751.1;cds-WP_039755271.1;cds-WP_005608235.1;cds-WP_039709563.1;cds-WP_039709562.1;cds-WP_005597807.1
569,cds-WP_039755271.1,CDS,COG2244,1168839,1170047,-,[R] Membrane protein involved in the export,1168839,1170047,6,2,internal,cds-WP_005604751.1,cds-WP_005608235.1,cds-WP_005604751.1,cds-WP_005597807.1,1165198,1170990,cds-WP_005604751.1;cds-WP_039755271.1;cds-WP_005608235.1;cds-WP_039709563.1;cds-WP_039709562.1;cds-WP_005597807.1
569,cds-WP_005608235.1,CDS,COG3306,1168072,1168842,-,[M] Glycosyltransferase involved in LPS biosynthesis ,1168072,1168842,6,3,internal,cds-WP_039755271.1,cds-WP_039709563.1,cds-WP_005604751.1,cds-WP_005597807.1,1165198,1170990,cds-WP_005604751.1;cds-WP_039755271.1;cds-WP_005608235.1;cds-WP_039709563.1;cds-WP_039709562.1;cds-WP_005597807.1
569,cds-WP_039709563.1,CDS,NA,1166872,1168071,-,NA,1166872,1168071,6,4,internal,cds-WP_005608235.1,cds-WP_039709562.1,cds-WP_005604751.1,cds-WP_005597807.1,1165198,1170990,cds-WP_005604751.1;cds-WP_039755271.1;cds-WP_005608235.1;cds-WP_039709563.1;cds-WP_039709562.1;cds-WP_005597807.1
569,cds-WP_039709562.1,CDS,COG0463,1165998,1166879,-,[M] Glycosyltransferases involved in cell wall biogenesis,1165998,1166879,6,5,internal,cds-WP_039709563.1,cds-WP_005597807.1,cds-WP_005604751.1,cds-WP_005597807.1,1165198,1170990,cds-WP_005604751.1;cds-WP_039755271.1;cds-WP_005608235.1;cds-WP_039709563.1;cds-WP_039709562.1;cds-WP_005597807.1
569,cds-WP_005597807.1,CDS,COG0463,1165198,1165998,-,[M] Glycosyltransferases involved in cell wall biogenesis,1165198,1165998,6,6,last,cds-WP_039709562.1,,cds-WP_005604751.1,cds-WP_005597807.1,1165198,1170990,cds-WP_005604751.1;cds-WP_039755271.1;cds-WP_005608235.1;cds-WP_039709563.1;cds-WP_039709562.1;cds-WP_005597807.1
570,cds-WP_005597819.1,CDS,COG1434,1171146,1171886,+,[S] Uncharacterized conserved protein   ,1171146,1171886,1,1,single,,,cds-WP_005597819.1,cds-WP_005597819.1,1171146,1171886,cds-WP_005597819.1
571,cds-WP_039709172.1,CDS,COG0077,1174267,1175424,-,[E] Prephenate dehydratase    ,1174267,1175424,2,1,first,,priA,cds-WP_039709172.1,priA,1171966,1175424,cds-WP_039709172.1;priA
571,priA,CDS,COG1198,1171966,1174182,-,[L] Primosomal protein N' (replication factor Y),1171966,1174182,2,2,last,cds-WP_039709172.1,,cds-WP_039709172.1,priA,1171966,1175424,cds-WP_039709172.1;priA
572,prlC,CDS,COG0339,1175547,1177580,-,[E] Zn-dependent oligopeptidases    ,1175547,1177580,1,1,single,,,prlC,prlC,1175547,1177580,prlC
573,focA,CDS,COG2116,1180992,1181816,-,[P] Formate/nitrite family of transporters  ,1180992,1181816,3,1,first,,pflB,focA,pflA,1177723,1181816,focA;pflB;pflA
573,pflB,CDS,COG1882,1178587,1180899,-,[C] Pyruvate-formate lyase    ,1178587,1180899,3,2,internal,focA,pflA,focA,pflA,1177723,1181816,focA;pflB;pflA
573,pflA,CDS,COG1180,1177723,1178460,-,[O] Pyruvate-formate lyase-activating enzyme   ,1177723,1178460,3,3,last,pflB,,focA,pflA,1177723,1181816,focA;pflB;pflA
574,cds-WP_005619751.1,CDS,COG1238,1182022,1182504,+,[S] Predicted membrane protein   ,1182022,1182504,1,1,single,,,cds-WP_005619751.1,cds-WP_005619751.1,1182022,1182504,cds-WP_005619751.1
575,htpX,CDS,COG0501,1182576,1183445,-,[O] Zn-dependent protease with chaperone function ,1182576,1183445,1,1,single,,,htpX,htpX,1182576,1183445,htpX
576,dinB,CDS,COG0389,1183533,1184603,-,[L] Nucleotidyltransferase/DNA polymerase involved in DNA repair,1183533,1184603,1,1,single,,,dinB,dinB,1183533,1184603,dinB
577,cds-WP_005604782.1,CDS,COG2431,1184710,1185618,+,[S] Predicted membrane protein   ,1184710,1185618,1,1,single,,,cds-WP_005604782.1,cds-WP_005604782.1,1184710,1185618,cds-WP_005604782.1
578,cds-WP_005601507.1,CDS,COG1169,1185657,1186937,-,[HQ] Isochorismate synthase    ,1185657,1186937,1,1,single,,,cds-WP_005601507.1,cds-WP_005601507.1,1185657,1186937,cds-WP_005601507.1
579,cds-WP_005604784.1,CDS,COG0436,1187101,1188318,+,[E] Aspartate/tyrosine/aromatic aminotransferase    ,1187101,1188318,4,1,first,,rarD,cds-WP_005604784.1,cds-WP_005608251.1,1187101,1190736,cds-WP_005604784.1;rarD;rarD_2;cds-WP_005608251.1
579,rarD,CDS,COG2962,1188362,1189255,+,[R] Predicted permeases    ,1188362,1189255,4,2,internal,cds-WP_005604784.1,rarD_2,cds-WP_005604784.1,cds-WP_005608251.1,1187101,1190736,cds-WP_005604784.1;rarD;rarD_2;cds-WP_005608251.1
579,rarD_2,CDS,COG2962,1189256,1190122,+,[R] Predicted permeases    ,1189256,1190122,4,3,internal,rarD,cds-WP_005608251.1,cds-WP_005604784.1,cds-WP_005608251.1,1187101,1190736,cds-WP_005604784.1;rarD;rarD_2;cds-WP_005608251.1
579,cds-WP_005608251.1,CDS,COG1280,1190119,1190736,+,[E] Putative threonine efflux protein  ,1190119,1190736,4,4,last,rarD_2,,cds-WP_005604784.1,cds-WP_005608251.1,1187101,1190736,cds-WP_005604784.1;rarD;rarD_2;cds-WP_005608251.1
580,cds-WP_039709565.1,CDS,COG4206,1190817,1193663,-,[H] Outer membrane cobalamin receptor protein ,1190817,1193663,1,1,single,,,cds-WP_039709565.1,cds-WP_039709565.1,1190817,1193663,cds-WP_039709565.1
581,hutZ,CDS,COG0748,1193723,1194244,-,[P] Putative heme iron utilization protein ,1193723,1194244,1,1,single,,,hutZ,hutZ,1193723,1194244,hutZ
582,nrfE,CDS,COG1138,1196141,1198057,-,[O] Cytochrome c biogenesis factor  ,1196141,1198057,4,1,first,,cds-WP_005597863.1,nrfE,cds-WP_005608252.1,1194448,1198057,nrfE;cds-WP_005597863.1;nrfF;cds-WP_005608252.1
582,cds-WP_005597863.1,CDS,COG0526,1195606,1196139,-,[OC] Thiol-disulfide isomerase and thioredoxins  ,1195606,1196139,4,2,internal,nrfE,nrfF,nrfE,cds-WP_005608252.1,1194448,1198057,nrfE;cds-WP_005597863.1;nrfF;cds-WP_005608252.1
582,nrfF,CDS,COG3088,1195172,1195606,-,[O] Uncharacterized protein involved in biosynthesis of,1195172,1195606,4,3,internal,cds-WP_005597863.1,cds-WP_005608252.1,nrfE,cds-WP_005608252.1,1194448,1198057,nrfE;cds-WP_005597863.1;nrfF;cds-WP_005608252.1
582,cds-WP_005608252.1,CDS,COG4235,1194448,1195194,-,[O] Cytochrome c biogenesis factor  ,1194448,1195194,4,4,last,nrfF,,nrfE,cds-WP_005608252.1,1194448,1198057,nrfE;cds-WP_005597863.1;nrfF;cds-WP_005608252.1
583,cds-WP_005601524.1,CDS,COG0475,1198228,1200093,-,"[P] Kef-type K+ transport systems, membrane components",1198228,1200093,1,1,single,,,cds-WP_005601524.1,cds-WP_005601524.1,1198228,1200093,cds-WP_005601524.1
584,cds-WP_058230480.1,CDS,COG3072,1200182,1202710,-,[F] Adenylate cyclase    ,1200182,1202710,1,1,single,,,cds-WP_058230480.1,cds-WP_058230480.1,1200182,1202710,cds-WP_058230480.1
585,fabB,CDS,COG0304,1202965,1204185,+,[IQ] 3-oxoacyl-(acyl-carrier-protein) synthase    ,1202965,1204185,1,1,single,,,fabB,fabB,1202965,1204185,fabB
586,cds-WP_144435024.1,CDS,COG2963,1204377,1204830,+,[L] Transposase and inactivated derivatives  ,1204377,1204830,2,1,first,,cds-WP_144435024.1_2,cds-WP_144435024.1,cds-WP_144435024.1_2,1204377,1205710,cds-WP_144435024.1;cds-WP_144435024.1_2
586,cds-WP_144435024.1_2,CDS,NA,1204830,1205710,+,NA,1204830,1205710,2,2,last,cds-WP_144435024.1,,cds-WP_144435024.1,cds-WP_144435024.1_2,1204377,1205710,cds-WP_144435024.1;cds-WP_144435024.1_2
587,cds-WP_005612458.1,CDS,COG3111,1205857,1206204,+,[S] Uncharacterized conserved protein   ,1205857,1206204,3,1,first,,cds-WP_005608264.1,cds-WP_005612458.1,cds-WP_005615415.1,1205857,1207271,cds-WP_005612458.1;cds-WP_005608264.1;cds-WP_005615415.1
587,cds-WP_005608264.1,CDS,COG3111,1206260,1206856,+,[S] Uncharacterized conserved protein   ,1206260,1206856,3,2,internal,cds-WP_005612458.1,cds-WP_005615415.1,cds-WP_005612458.1,cds-WP_005615415.1,1205857,1207271,cds-WP_005612458.1;cds-WP_005608264.1;cds-WP_005615415.1
587,cds-WP_005615415.1,CDS,COG3111,1206897,1207271,+,[S] Uncharacterized conserved protein   ,1206897,1207271,3,3,last,cds-WP_005608264.1,,cds-WP_005612458.1,cds-WP_005615415.1,1205857,1207271,cds-WP_005612458.1;cds-WP_005608264.1;cds-WP_005615415.1
588,cds-WP_005619495.1,CDS,COG0745,1207360,1208025,+,[TK] Response regulators consisting of a CheY-like,1207360,1208025,2,1,first,,cds-WP_039709178.1,cds-WP_005619495.1,cds-WP_039709178.1,1207360,1209394,cds-WP_005619495.1;cds-WP_039709178.1
588,cds-WP_039709178.1,CDS,COG0642,1208018,1209394,+,[T] Signal transduction histidine kinase  ,1208018,1209394,2,2,last,cds-WP_005619495.1,,cds-WP_005619495.1,cds-WP_039709178.1,1207360,1209394,cds-WP_005619495.1;cds-WP_039709178.1
589,cds-WP_005603079.1,CDS,COG3054,1209442,1210002,-,[R] Predicted transcriptional regulator   ,1209442,1210002,1,1,single,,,cds-WP_005603079.1,cds-WP_005603079.1,1209442,1210002,cds-WP_005603079.1
590,yajC,CDS,COG1862,1210196,1210492,+,[U] Preprotein translocase subunit YajC  ,1210196,1210492,3,1,first,,secD,yajC,secF,1210196,1213351,yajC;secD;secF
590,secD,CDS,COG0342,1210519,1212366,+,[U] Preprotein translocase subunit SecD  ,1210519,1212366,3,2,internal,yajC,secF,yajC,secF,1210196,1213351,yajC;secD;secF
590,secF,CDS,COG0341,1212377,1213351,+,[U] Preprotein translocase subunit SecF  ,1212377,1213351,3,3,last,secD,,yajC,secF,1210196,1213351,yajC;secD;secF
591,ftnA,CDS,COG1528,1213501,1214007,+,[P] Ferritin-like protein    ,1213501,1214007,2,1,first,,ftnA_2,ftnA,ftnA_2,1213501,1214504,ftnA;ftnA_2
591,ftnA_2,CDS,COG1528,1214007,1214504,+,[P] Ferritin-like protein    ,1214007,1214504,2,2,last,ftnA,,ftnA,ftnA_2,1213501,1214504,ftnA;ftnA_2
592,cds-WP_039709566.1,CDS,COG2252,1214744,1216045,+,[R] Permeases     ,1214744,1216045,1,1,single,,,cds-WP_039709566.1,cds-WP_039709566.1,1214744,1216045,cds-WP_039709566.1
593,cds-WP_012263086.1,CDS,COG0424,1216100,1216690,-,[D] Nucleotide-binding protein implicated in inhibition of,1216100,1216690,1,1,single,,,cds-WP_012263086.1,cds-WP_012263086.1,1216100,1216690,cds-WP_012263086.1
594,cds-WP_005604820.1,CDS,COG2128,1216846,1217388,+,[S] Uncharacterized conserved protein   ,1216846,1217388,1,1,single,,,cds-WP_005604820.1,cds-WP_005604820.1,1216846,1217388,cds-WP_005604820.1
595,thiI,CDS,COG0301,1217484,1218932,-,[H] Thiamine biosynthesis ATP pyrophosphatase  ,1217484,1218932,1,1,single,,,thiI,thiI,1217484,1218932,thiI
596,purA,CDS,COG0104,1219119,1220417,-,[F] Adenylosuccinate synthase    ,1219119,1220417,1,1,single,,,purA,purA,1219119,1220417,purA
597,trxA,CDS,COG0526,1222862,1223179,-,[OC] Thiol-disulfide isomerase and thioredoxins  ,1222862,1223179,3,1,first,,hflK,trxA,hflC,1220604,1223179,trxA;hflK;hflC
597,hflK,CDS,COG0330,1221494,1222684,-,"[O] Membrane protease subunits, stomatin/prohibitin homologs ",1221494,1222684,3,2,internal,trxA,hflC,trxA,hflC,1220604,1223179,trxA;hflK;hflC
597,hflC,CDS,COG0330,1220604,1221491,-,"[O] Membrane protease subunits, stomatin/prohibitin homologs ",1220604,1221491,3,3,last,hflK,,trxA,hflC,1220604,1223179,trxA;hflK;hflC
598,cds-WP_058230483.1,CDS,COG2233,1223315,1224607,-,[F] Xanthine/uracil permeases    ,1223315,1224607,1,1,single,,,cds-WP_058230483.1,cds-WP_058230483.1,1223315,1224607,cds-WP_058230483.1
599,metK,CDS,COG0192,1224769,1225920,-,[H] S-adenosylmethionine synthetase    ,1224769,1225920,1,1,single,,,metK,metK,1224769,1225920,metK
600,cds-WP_005597940.1,CDS,COG2040,1226140,1227033,+,[E] Homocysteine/selenocysteine methylase (S-methylmethionine-dependent)   ,1226140,1227033,5,1,first,,cds-WP_005604827.1,cds-WP_005597940.1,argE,1226140,1231989,cds-WP_005597940.1;cds-WP_005604827.1;cds-WP_039709183.1;cds-WP_039709184.1;argE
600,cds-WP_005604827.1,CDS,COG0531,1227126,1228541,+,[E] Amino acid transporters   ,1227126,1228541,5,2,internal,cds-WP_005597940.1,cds-WP_039709183.1,cds-WP_005597940.1,argE,1226140,1231989,cds-WP_005597940.1;cds-WP_005604827.1;cds-WP_039709183.1;cds-WP_039709184.1;argE
600,cds-WP_039709183.1,CDS,COG0531,1228637,1230037,+,[E] Amino acid transporters   ,1228637,1230037,5,3,internal,cds-WP_005604827.1,cds-WP_039709184.1,cds-WP_005597940.1,argE,1226140,1231989,cds-WP_005597940.1;cds-WP_005604827.1;cds-WP_039709183.1;cds-WP_039709184.1;argE
600,cds-WP_039709184.1,CDS,NA,1230051,1230830,+,NA,1230051,1230830,5,4,internal,cds-WP_039709183.1,argE,cds-WP_005597940.1,argE,1226140,1231989,cds-WP_005597940.1;cds-WP_005604827.1;cds-WP_039709183.1;cds-WP_039709184.1;argE
600,argE,CDS,COG0624,1230847,1231989,+,[E] Acetylornithine deacetylase/Succinyl-diaminopimelate desuccinylase and related deacylases,1230847,1231989,5,5,last,cds-WP_039709184.1,,cds-WP_005597940.1,argE,1226140,1231989,cds-WP_005597940.1;cds-WP_005604827.1;cds-WP_039709183.1;cds-WP_039709184.1;argE
601,cds-WP_039709185.1,CDS,COG3047,1232196,1232840,-,[M] Outer membrane protein W  ,1232196,1232840,1,1,single,,,cds-WP_039709185.1,cds-WP_039709185.1,1232196,1232840,cds-WP_039709185.1
602,clpB,CDS,COG0542,1233101,1235674,+,"[O] ATPases with chaperone activity, ATP-binding subunit",1233101,1235674,1,1,single,,,clpB,clpB,1233101,1235674,clpB
603,cds-WP_039709186.1,CDS,COG0640,1237208,1237522,-,[K] Predicted transcriptional regulators   ,1237208,1237522,3,1,first,,arsC,cds-WP_039709186.1,arsB,1235731,1237522,cds-WP_039709186.1;arsC;arsB
603,arsC,CDS,COG1393,1236744,1237148,-,"[P] Arsenate reductase and related proteins, glutaredoxin",1236744,1237148,3,2,internal,cds-WP_039709186.1,arsB,cds-WP_039709186.1,arsB,1235731,1237522,cds-WP_039709186.1;arsC;arsB
603,arsB,CDS,COG0798,1235731,1236732,-,[P] Arsenite efflux pump ACR3 and related,1235731,1236732,3,3,last,arsC,,cds-WP_039709186.1,arsB,1235731,1237522,cds-WP_039709186.1;arsC;arsB
604,aspA,CDS,COG1027,1237650,1239077,-,[E] Aspartate ammonia-lyase    ,1237650,1239077,1,1,single,,,aspA,aspA,1237650,1239077,aspA
605,cds-WP_039709188.1,CDS,COG3326,1239218,1239499,-,[S] Predicted membrane protein   ,1239218,1239499,1,1,single,,,cds-WP_039709188.1,cds-WP_039709188.1,1239218,1239499,cds-WP_039709188.1
606,purM,CDS,COG0150,1239573,1240610,-,[F] Phosphoribosylaminoimidazole (AIR) synthetase   ,1239573,1240610,1,1,single,,,purM,purM,1239573,1240610,purM
607,cds-WP_058230484.1,CDS,COG3525,1240825,1241958,+,[G] N-acetyl-beta-hexosaminidase     ,1240825,1241958,1,1,single,,,cds-WP_058230484.1,cds-WP_058230484.1,1240825,1241958,cds-WP_058230484.1
608,queC,CDS,COG0603,1242106,1242774,+,[R] Predicted PP-loop superfamily ATPase  ,1242106,1242774,3,1,first,,queD,queC,cds-WP_005597970.1,1242106,1243914,queC;queD;cds-WP_005597970.1
608,queD,CDS,COG0720,1242767,1243189,+,[H] 6-pyruvoyl-tetrahydropterin synthase    ,1242767,1243189,3,2,internal,queC,cds-WP_005597970.1,queC,cds-WP_005597970.1,1242106,1243914,queC;queD;cds-WP_005597970.1
608,cds-WP_005597970.1,CDS,COG0602,1243282,1243914,+,[O] Organic radical activating enzymes  ,1243282,1243914,3,3,last,queD,,queC,cds-WP_005597970.1,1242106,1243914,queC;queD;cds-WP_005597970.1
609,cds-WP_012263095.1,CDS,NA,1244668,1244937,-,NA,1244668,1244937,2,1,first,,cds-WP_005601559.1,cds-WP_012263095.1,cds-WP_005601559.1,1244055,1244937,cds-WP_012263095.1;cds-WP_005601559.1
609,cds-WP_005601559.1,CDS,NA,1244055,1244612,-,NA,1244055,1244612,2,2,last,cds-WP_012263095.1,,cds-WP_012263095.1,cds-WP_005601559.1,1244055,1244937,cds-WP_012263095.1;cds-WP_005601559.1
610,pepA,CDS,COG0260,1245281,1246780,-,[E] Leucyl aminopeptidase    ,1245281,1246780,1,1,single,,,pepA,pepA,1245281,1246780,pepA
611,cds-WP_005612511.1,CDS,ROG4556,1247148,1247963,+,NA,1247148,1247963,1,1,single,,,cds-WP_005612511.1,cds-WP_005612511.1,1247148,1247963,cds-WP_005612511.1
612,lptF,CDS,COG0795,1248162,1249265,+,[R] Predicted permeases    ,1248162,1249265,3,1,first,,lptG,lptF,dnaE,1248162,1254031,lptF;lptG;dnaE
612,lptG,CDS,COG0795,1249266,1250348,+,[R] Predicted permeases    ,1249266,1250348,3,2,internal,lptF,dnaE,lptF,dnaE,1248162,1254031,lptF;lptG;dnaE
612,dnaE,CDS,COG0587,1250555,1254031,+,"[L] DNA polymerase III, alpha subunit ",1250555,1254031,3,3,last,lptG,,lptF,dnaE,1248162,1254031,lptF;lptG;dnaE
613,cds-WP_005619459.1,CDS,NA,1256026,1256154,-,NA,1256026,1256154,4,1,first,,cds-WP_231944202.1,cds-WP_005619459.1,cds-MIDG2331_RS05600,1254980,1256154,cds-WP_005619459.1;cds-WP_231944202.1;cds-WP_231944201.1;cds-MIDG2331_RS05600
613,cds-WP_231944202.1,CDS,NA,1255780,1255971,-,NA,1255780,1255971,4,2,internal,cds-WP_005619459.1,cds-WP_231944201.1,cds-WP_005619459.1,cds-MIDG2331_RS05600,1254980,1256154,cds-WP_005619459.1;cds-WP_231944202.1;cds-WP_231944201.1;cds-MIDG2331_RS05600
613,cds-WP_231944201.1,CDS,COG2850,1255341,1255769,-,[S] Uncharacterized conserved protein   ,1255341,1255769,4,3,internal,cds-WP_231944202.1,cds-MIDG2331_RS05600,cds-WP_005619459.1,cds-MIDG2331_RS05600,1254980,1256154,cds-WP_005619459.1;cds-WP_231944202.1;cds-WP_231944201.1;cds-MIDG2331_RS05600
613,cds-MIDG2331_RS05600,CDS,COG0027,1254980,1255354,-,[F] Formate-dependent phosphoribosylglycinamide formyltransferase (GAR transformylase) ,1254980,1255354,4,4,last,cds-WP_231944201.1,,cds-WP_005619459.1,cds-MIDG2331_RS05600,1254980,1256154,cds-WP_005619459.1;cds-WP_231944202.1;cds-WP_231944201.1;cds-MIDG2331_RS05600
614,purT,CDS,COG0027,1256674,1257855,-,[F] Formate-dependent phosphoribosylglycinamide formyltransferase (GAR transformylase) ,1256674,1257855,1,1,single,,,purT,purT,1256674,1257855,purT
615,plsB,CDS,COG2937,1257978,1260452,-,[I] Glycerol-3-phosphate O-acyltransferase    ,1257978,1260452,1,1,single,,,plsB,plsB,1257978,1260452,plsB
616,lexA,CDS,COG1974,1260609,1261241,+,[KT] SOS-response transcriptional repressors (RecA-mediated autopeptidases) ,1260609,1261241,3,1,first,,mutH,lexA,cds-WP_005597990.1,1260609,1262798,lexA;mutH;cds-WP_005597990.1
616,mutH,CDS,COG3066,1261301,1261981,+,[L] DNA mismatch repair protein  ,1261301,1261981,3,2,internal,lexA,cds-WP_005597990.1,lexA,cds-WP_005597990.1,1260609,1262798,lexA;mutH;cds-WP_005597990.1
616,cds-WP_005597990.1,CDS,COG0861,1262067,1262798,+,"[P] Membrane protein TerC, possibly involved in",1262067,1262798,3,3,last,mutH,,lexA,cds-WP_005597990.1,1260609,1262798,lexA;mutH;cds-WP_005597990.1
617,nagZ,CDS,COG1472,1262913,1263950,+,[G] Beta-glucosidase-related glycosidases    ,1262913,1263950,1,1,single,,,nagZ,nagZ,1262913,1263950,nagZ
618,rlmC,CDS,COG2265,1264031,1265206,+,[J] SAM-dependent methyltransferases related to tRNA (uracil-5-)-methyltransferase,1264031,1265206,1,1,single,,,rlmC,rlmC,1264031,1265206,rlmC
619,eno,CDS,COG0148,1265413,1266723,+,[G] Enolase     ,1265413,1266723,1,1,single,,,eno,eno,1265413,1266723,eno
620,cds-WP_005597993.1,CDS,COG1051,1266799,1267428,+,[F] ADP-ribose pyrophosphatase    ,1266799,1267428,2,1,first,,cds-WP_005597994.1,cds-WP_005597993.1,cds-WP_005597994.1,1266799,1267852,cds-WP_005597993.1;cds-WP_005597994.1
620,cds-WP_005597994.1,CDS,COG4316,1267442,1267852,+,[S] Uncharacterized protein conserved in bacteria ,1267442,1267852,2,2,last,cds-WP_005597993.1,,cds-WP_005597993.1,cds-WP_005597994.1,1266799,1267852,cds-WP_005597993.1;cds-WP_005597994.1
621,recQ,CDS,COG0514,1267911,1269719,-,[L] Superfamily II DNA helicase  ,1267911,1269719,1,1,single,,,recQ,recQ,1267911,1269719,recQ
622,tsaD,CDS,COG0533,1270821,1271864,-,[O] Metal-dependent proteases with possible chaperone activity,1270821,1271864,4,1,first,,cds-WP_005612537.1,tsaD,cyaY,1269804,1271864,tsaD;cds-WP_005612537.1;cds-WP_039709194.1;cyaY
622,cds-WP_005612537.1,CDS,COG3306,1270478,1270780,-,[M] Glycosyltransferase involved in LPS biosynthesis ,1270478,1270780,4,2,internal,tsaD,cds-WP_039709194.1,tsaD,cyaY,1269804,1271864,tsaD;cds-WP_005612537.1;cds-WP_039709194.1;cyaY
622,cds-WP_039709194.1,CDS,COG3306,1270118,1270474,-,[M] Glycosyltransferase involved in LPS biosynthesis ,1270118,1270474,4,3,internal,cds-WP_005612537.1,cyaY,tsaD,cyaY,1269804,1271864,tsaD;cds-WP_005612537.1;cds-WP_039709194.1;cyaY
622,cyaY,CDS,COG1965,1269804,1270109,-,"[P] Protein implicated in iron transport, frataxin",1269804,1270109,4,4,last,cds-WP_039709194.1,,tsaD,cyaY,1269804,1271864,tsaD;cds-WP_005612537.1;cds-WP_039709194.1;cyaY
623,cds-WP_005598002.1,CDS,COG4105,1271956,1272732,-,[R] DNA uptake lipoprotein   ,1271956,1272732,1,1,single,,,cds-WP_005598002.1,cds-WP_005598002.1,1271956,1272732,cds-WP_005598002.1
624,rluD,CDS,COG0564,1272885,1273862,+,"[J] Pseudouridylate synthases, 23S RNA-specific  ",1272885,1273862,1,1,single,,,rluD,rluD,1272885,1273862,rluD
625,pfkA,CDS,COG0205,1274678,1275652,-,[G] 6-phosphofructokinase     ,1274678,1275652,2,1,first,,cds-WP_005601594.1,pfkA,cds-WP_005601594.1,1273906,1275652,pfkA;cds-WP_005601594.1
625,cds-WP_005601594.1,CDS,ROG0960,1273906,1274619,-,NA,1273906,1274619,2,2,last,pfkA,,pfkA,cds-WP_005601594.1,1273906,1275652,pfkA;cds-WP_005601594.1
626,cds-WP_039709196.1,CDS,COG1525,1276964,1277662,-,[L] Micrococcal nuclease (thermonuclease) homologs  ,1276964,1277662,2,1,first,,cds-WP_039709195.1,cds-WP_039709196.1,cds-WP_039709195.1,1275762,1277662,cds-WP_039709196.1;cds-WP_039709195.1
626,cds-WP_039709195.1,CDS,COG0520,1275762,1276964,-,[E] Selenocysteine lyase    ,1275762,1276964,2,2,last,cds-WP_039709196.1,,cds-WP_039709196.1,cds-WP_039709195.1,1275762,1277662,cds-WP_039709196.1;cds-WP_039709195.1
627,cds-WP_005601600.1,CDS,COG1115,1277728,1279095,-,[E] Na+/alanine symporter    ,1277728,1279095,1,1,single,,,cds-WP_005601600.1,cds-WP_005601600.1,1277728,1279095,cds-WP_005601600.1
628,cds-WP_039709197.1,CDS,COG0628,1279561,1280613,-,[R] Predicted permease    ,1279561,1280613,1,1,single,,,cds-WP_039709197.1,cds-WP_039709197.1,1279561,1280613,cds-WP_039709197.1
629,cds-WP_005601602.1,CDS,COG3783,1280707,1281081,-,[C] Soluble cytochrome b562   ,1280707,1281081,1,1,single,,,cds-WP_005601602.1,cds-WP_005601602.1,1280707,1281081,cds-WP_005601602.1
630,trhP,CDS,COG0826,1281230,1282627,+,[O] Collagenase and related proteases  ,1281230,1282627,1,1,single,,,trhP,trhP,1281230,1282627,trhP
631,cds-WP_005608345.1,CDS,COG3307,1282874,1284121,+,[M] Lipid A core - O-antigen ligase,1282874,1284121,6,1,first,,waaA,cds-WP_005608345.1,cds-WP_039709199.1,1282874,1288104,cds-WP_005608345.1;waaA;coaD;orn;tsaE;cds-WP_039709199.1
631,waaA,CDS,COG1519,1284121,1285401,+,[M] 3-deoxy-D-manno-octulosonic-acid transferase    ,1284121,1285401,6,2,internal,cds-WP_005608345.1,coaD,cds-WP_005608345.1,cds-WP_039709199.1,1282874,1288104,cds-WP_005608345.1;waaA;coaD;orn;tsaE;cds-WP_039709199.1
631,coaD,CDS,COG0669,1285403,1285879,+,[H] Phosphopantetheine adenylyltransferase    ,1285403,1285879,6,3,internal,waaA,orn,cds-WP_005608345.1,cds-WP_039709199.1,1282874,1288104,cds-WP_005608345.1;waaA;coaD;orn;tsaE;cds-WP_039709199.1
631,orn,CDS,COG1949,1285882,1286436,+,[A] Oligoribonuclease (3'->5' exoribonuclease)   ,1285882,1286436,6,4,internal,coaD,tsaE,cds-WP_005608345.1,cds-WP_039709199.1,1282874,1288104,cds-WP_005608345.1;waaA;coaD;orn;tsaE;cds-WP_039709199.1
631,tsaE,CDS,COG0802,1286444,1286935,+,[R] Predicted ATPase or kinase  ,1286444,1286935,6,5,internal,orn,cds-WP_039709199.1,cds-WP_005608345.1,cds-WP_039709199.1,1282874,1288104,cds-WP_005608345.1;waaA;coaD;orn;tsaE;cds-WP_039709199.1
631,cds-WP_039709199.1,CDS,COG0860,1286959,1288104,+,[M] N-acetylmuramoyl-L-alanine amidase    ,1286959,1288104,6,6,last,tsaE,,cds-WP_005608345.1,cds-WP_039709199.1,1282874,1288104,cds-WP_005608345.1;waaA;coaD;orn;tsaE;cds-WP_039709199.1
632,ubiK,CDS,COG2960,1289860,1290111,-,[S] Uncharacterized protein conserved in bacteria ,1289860,1290111,2,1,first,,pgi,ubiK,pgi,1288183,1290111,ubiK;pgi
632,pgi,CDS,COG0166,1288183,1289823,-,[G] Glucose-6-phosphate isomerase    ,1288183,1289823,2,2,last,ubiK,,ubiK,pgi,1288183,1290111,ubiK;pgi
633,rna-MIDG2331_RS05795,tRNA,NA,1290548,1290624,-,NA,1290548,1290624,4,1,first,,rna-MIDG2331_RS05790,rna-MIDG2331_RS05795,rna-MIDG2331_RS05780,1290237,1290624,rna-MIDG2331_RS05795;rna-MIDG2331_RS05790;rna-MIDG2331_RS05785;rna-MIDG2331_RS05780
633,rna-MIDG2331_RS05790,tRNA,NA,1290460,1290544,-,NA,1290460,1290544,4,2,internal,rna-MIDG2331_RS05795,rna-MIDG2331_RS05785,rna-MIDG2331_RS05795,rna-MIDG2331_RS05780,1290237,1290624,rna-MIDG2331_RS05795;rna-MIDG2331_RS05790;rna-MIDG2331_RS05785;rna-MIDG2331_RS05780
633,rna-MIDG2331_RS05785,tRNA,NA,1290360,1290434,-,NA,1290360,1290434,4,3,internal,rna-MIDG2331_RS05790,rna-MIDG2331_RS05780,rna-MIDG2331_RS05795,rna-MIDG2331_RS05780,1290237,1290624,rna-MIDG2331_RS05795;rna-MIDG2331_RS05790;rna-MIDG2331_RS05785;rna-MIDG2331_RS05780
633,rna-MIDG2331_RS05780,tRNA,NA,1290237,1290311,-,NA,1290237,1290311,4,4,last,rna-MIDG2331_RS05785,,rna-MIDG2331_RS05795,rna-MIDG2331_RS05780,1290237,1290624,rna-MIDG2331_RS05795;rna-MIDG2331_RS05790;rna-MIDG2331_RS05785;rna-MIDG2331_RS05780
634,recA,CDS,COG0468,1293534,1294664,-,[L] RecA/RadA recombinase    ,1293534,1294664,6,1,first,,recX,recA,aroE,1290799,1294664,recA;recX;yqfB;cds-WP_039709201.1;tsaC;aroE
634,recX,CDS,COG2137,1293008,1293463,-,[R] Uncharacterized protein conserved in bacteria ,1293008,1293463,6,2,internal,recA,yqfB,recA,aroE,1290799,1294664,recA;recX;yqfB;cds-WP_039709201.1;tsaC;aroE
634,yqfB,CDS,COG3097,1292707,1293015,-,[S] Uncharacterized protein conserved in bacteria ,1292707,1293015,6,3,internal,recX,cds-WP_039709201.1,recA,aroE,1290799,1294664,recA;recX;yqfB;cds-WP_039709201.1;tsaC;aroE
634,cds-WP_039709201.1,CDS,COG0551,1292177,1292710,-,[L] Zn-finger domain associated with topoisomerase type,1292177,1292710,6,4,internal,yqfB,tsaC,recA,aroE,1290799,1294664,recA;recX;yqfB;cds-WP_039709201.1;tsaC;aroE
634,tsaC,CDS,NA,1291630,1292184,-,NA,1291630,1292184,6,5,internal,cds-WP_039709201.1,aroE,recA,aroE,1290799,1294664,recA;recX;yqfB;cds-WP_039709201.1;tsaC;aroE
634,aroE,CDS,COG0169,1290799,1291623,-,[E] Shikimate 5-dehydrogenase    ,1290799,1291623,6,6,last,tsaC,,recA,aroE,1290799,1294664,recA;recX;yqfB;cds-WP_039709201.1;tsaC;aroE
635,cds-WP_012263115.1,CDS,COG0147,1295361,1296329,-,[EH] Anthranilate/para-aminobenzoate synthases component I  ,1295361,1296329,2,1,first,,cds-WP_039709203.1,cds-WP_012263115.1,cds-WP_039709203.1,1294778,1296329,cds-WP_012263115.1;cds-WP_039709203.1
635,cds-WP_039709203.1,CDS,NA,1294778,1295383,-,NA,1294778,1295383,2,2,last,cds-WP_012263115.1,,cds-WP_012263115.1,cds-WP_039709203.1,1294778,1296329,cds-WP_012263115.1;cds-WP_039709203.1
636,cds-WP_039709204.1,CDS,COG1322,1296464,1298098,+,[S] Uncharacterized protein conserved in bacteria ,1296464,1298098,2,1,first,,cds-WP_039709205.1,cds-WP_039709204.1,cds-WP_039709205.1,1296464,1298681,cds-WP_039709204.1;cds-WP_039709205.1
636,cds-WP_039709205.1,CDS,COG0512,1298070,1298681,+,[EH] Anthranilate/para-aminobenzoate synthases component II  ,1298070,1298681,2,2,last,cds-WP_039709204.1,,cds-WP_039709204.1,cds-WP_039709205.1,1296464,1298681,cds-WP_039709204.1;cds-WP_039709205.1
637,cds-WP_005608359.1,CDS,COG3439,1298753,1299202,+,[S] Uncharacterized conserved protein   ,1298753,1299202,1,1,single,,,cds-WP_005608359.1,cds-WP_005608359.1,1298753,1299202,cds-WP_005608359.1
638,aspS,CDS,COG0173,1299374,1301149,+,[J] Aspartyl-tRNA synthetase    ,1299374,1301149,3,1,first,,nudB,aspS,cds-WP_005601643.1,1299374,1302417,aspS;nudB;cds-WP_005601643.1
638,nudB,CDS,COG1051,1301183,1301653,+,[F] ADP-ribose pyrophosphatase    ,1301183,1301653,3,2,internal,aspS,cds-WP_005601643.1,aspS,cds-WP_005601643.1,1299374,1302417,aspS;nudB;cds-WP_005601643.1
638,cds-WP_005601643.1,CDS,COG0217,1301677,1302417,+,[S] Uncharacterized conserved protein   ,1301677,1302417,3,3,last,nudB,,aspS,cds-WP_005601643.1,1299374,1302417,aspS;nudB;cds-WP_005601643.1
639,cds-WP_005598057.1,CDS,COG2913,1302551,1303075,+,[J] Small protein A (tmRNA-binding)  ,1302551,1303075,1,1,single,,,cds-WP_005598057.1,cds-WP_005598057.1,1302551,1303075,cds-WP_005598057.1
640,ruvC,CDS,COG0817,1303159,1303737,+,"[L] Holliday junction resolvasome, endonuclease subunit ",1303159,1303737,1,1,single,,,ruvC,ruvC,1303159,1303737,ruvC
641,cds-WP_005601646.1,CDS,COG0612,1303777,1305291,-,[R] Predicted Zn-dependent peptidases   ,1303777,1305291,1,1,single,,,cds-WP_005601646.1,cds-WP_005601646.1,1303777,1305291,cds-WP_005601646.1
642,metE,CDS,COG0620,1305449,1307722,-,[E] Methionine synthase II (cobalamin-independent)  ,1305449,1307722,1,1,single,,,metE,metE,1305449,1307722,metE
643,cds-WP_005604894.1,CDS,COG0471,1307953,1309413,-,[P] Di- and tricarboxylate transporters  ,1307953,1309413,1,1,single,,,cds-WP_005604894.1,cds-WP_005604894.1,1307953,1309413,cds-WP_005604894.1
644,cds-WP_005608369.1,CDS,COG0583,1309640,1310569,+,[K] Transcriptional regulator    ,1309640,1310569,1,1,single,,,cds-WP_005608369.1,cds-WP_005608369.1,1309640,1310569,cds-WP_005608369.1
645,cds-WP_081043520.1,CDS,COG1357,1311237,1311710,-,[S] Uncharacterized low-complexity proteins   ,1311237,1311710,2,1,first,,cds-WP_233432358.1,cds-WP_081043520.1,cds-WP_233432358.1,1310647,1311710,cds-WP_081043520.1;cds-WP_233432358.1
645,cds-WP_233432358.1,CDS,NA,1310647,1311225,-,NA,1310647,1311225,2,2,last,cds-WP_081043520.1,,cds-WP_081043520.1,cds-WP_233432358.1,1310647,1311710,cds-WP_081043520.1;cds-WP_233432358.1
646,cds-WP_005604900.1,CDS,COG0009,1313021,1313638,-,[J] Putative translation factor (SUA5)  ,1313021,1313638,2,1,first,,rluB,cds-WP_005604900.1,rluB,1311900,1313638,cds-WP_005604900.1;rluB
646,rluB,CDS,COG1187,1311900,1312949,-,[J] 16S rRNA uridine-516 pseudouridylate synthase and,1311900,1312949,2,2,last,cds-WP_005604900.1,,cds-WP_005604900.1,rluB,1311900,1313638,cds-WP_005604900.1;rluB
647,cds-WP_039709209.1,CDS,COG2837,1314182,1315078,-,[P] Predicted iron-dependent peroxidase   ,1314182,1315078,1,1,single,,,cds-WP_039709209.1,cds-WP_039709209.1,1314182,1315078,cds-WP_039709209.1
648,cds-WP_039709210.1,CDS,COG0147,1315237,1316787,+,[EH] Anthranilate/para-aminobenzoate synthases component I  ,1315237,1316787,4,1,first,,cds-WP_039709211.1,cds-WP_039709210.1,cds-WP_005598083.1,1315237,1319247,cds-WP_039709210.1;cds-WP_039709211.1;trpD;cds-WP_005598083.1
648,cds-WP_039709211.1,CDS,COG0512,1316801,1317388,+,[EH] Anthranilate/para-aminobenzoate synthases component II  ,1316801,1317388,4,2,internal,cds-WP_039709210.1,trpD,cds-WP_039709210.1,cds-WP_005598083.1,1315237,1319247,cds-WP_039709210.1;cds-WP_039709211.1;trpD;cds-WP_005598083.1
648,trpD,CDS,COG0547,1317445,1318449,+,[E] Anthranilate phosphoribosyltransferase    ,1317445,1318449,4,3,internal,cds-WP_039709211.1,cds-WP_005598083.1,cds-WP_039709210.1,cds-WP_005598083.1,1315237,1319247,cds-WP_039709210.1;cds-WP_039709211.1;trpD;cds-WP_005598083.1
648,cds-WP_005598083.1,CDS,COG0500,1318492,1319247,+,[QR] SAM-dependent methyltransferases    ,1318492,1319247,4,4,last,trpD,,cds-WP_039709210.1,cds-WP_005598083.1,1315237,1319247,cds-WP_039709210.1;cds-WP_039709211.1;trpD;cds-WP_005598083.1
649,cds-WP_005598085.1,CDS,ROG0827,1319274,1320359,-,NA,1319274,1320359,1,1,single,,,cds-WP_005598085.1,cds-WP_005598085.1,1319274,1320359,cds-WP_005598085.1
650,cds-WP_005598087.1,CDS,COG2841,1320555,1320770,+,[S] Uncharacterized protein conserved in bacteria ,1320555,1320770,1,1,single,,,cds-WP_005598087.1,cds-WP_005598087.1,1320555,1320770,cds-WP_005598087.1
651,rpsF,CDS,COG0360,1321877,1322251,-,[J] Ribosomal protein S6   ,1321877,1322251,4,1,first,,priB,rpsF,rplI,1320859,1322251,rpsF;priB;rpsR;rplI
651,priB,CDS,COG2965,1321528,1321902,-,[L] Primosomal replication protein N  ,1321528,1321902,4,2,internal,rpsF,rpsR,rpsF,rplI,1320859,1322251,rpsF;priB;rpsR;rplI
651,rpsR,CDS,COG0238,1321326,1321553,-,[J] Ribosomal protein S18   ,1321326,1321553,4,3,internal,priB,rplI,rpsF,rplI,1320859,1322251,rpsF;priB;rpsR;rplI
651,rplI,CDS,COG0359,1320859,1321308,-,[J] Ribosomal protein L9   ,1320859,1321308,4,4,last,rpsR,,rpsF,rplI,1320859,1322251,rpsF;priB;rpsR;rplI
652,purD,CDS,COG0151,1322543,1323829,+,[F] Phosphoribosylamine-glycine ligase    ,1322543,1323829,1,1,single,,,purD,purD,1322543,1323829,purD
653,pnuC,CDS,COG3201,1323921,1324613,-,[H] Nicotinamide mononucleotide transporter   ,1323921,1324613,1,1,single,,,pnuC,pnuC,1323921,1324613,pnuC
654,cds-WP_005598115.1,CDS,COG1426,1327901,1328869,-,[S] Uncharacterized protein conserved in bacteria ,1327901,1328869,4,1,first,,ispG,cds-WP_005598115.1,cds-WP_005601670.1,1324741,1328869,cds-WP_005598115.1;ispG;hisS;cds-WP_005601670.1
654,ispG,CDS,COG0821,1326779,1327891,-,[I] Enzyme involved in the deoxyxylulose pathway,1326779,1327891,4,2,internal,cds-WP_005598115.1,hisS,cds-WP_005598115.1,cds-WP_005601670.1,1324741,1328869,cds-WP_005598115.1;ispG;hisS;cds-WP_005601670.1
654,hisS,CDS,COG0124,1325380,1326651,-,[J] Histidyl-tRNA synthetase    ,1325380,1326651,4,3,internal,ispG,cds-WP_005601670.1,cds-WP_005598115.1,cds-WP_005601670.1,1324741,1328869,cds-WP_005598115.1;ispG;hisS;cds-WP_005601670.1
654,cds-WP_005601670.1,CDS,COG2976,1324741,1325364,-,[S] Uncharacterized protein conserved in bacteria ,1324741,1325364,4,4,last,hisS,,cds-WP_005598115.1,cds-WP_005601670.1,1324741,1328869,cds-WP_005598115.1;ispG;hisS;cds-WP_005601670.1
655,cds-WP_005608404.1,CDS,COG0659,1329149,1330705,+,[P] Sulfate permease and related transporters (MFS,1329149,1330705,1,1,single,,,cds-WP_005608404.1,cds-WP_005608404.1,1329149,1330705,cds-WP_005608404.1
656,argH,CDS,COG0165,1331015,1332391,-,[E] Argininosuccinate lyase    ,1331015,1332391,1,1,single,,,argH,argH,1331015,1332391,argH
657,cds-WP_039709215.1,CDS,COG0673,1332673,1333716,-,[R] Predicted dehydrogenases and related proteins ,1332673,1333716,1,1,single,,,cds-WP_039709215.1,cds-WP_039709215.1,1332673,1333716,cds-WP_039709215.1
658,cds-WP_039709658.1,CDS,COG0475,1333964,1335772,+,"[P] Kef-type K+ transport systems, membrane components",1333964,1335772,1,1,single,,,cds-WP_039709658.1,cds-WP_039709658.1,1333964,1335772,cds-WP_039709658.1
659,cds-WP_039755275.1,CDS,COG1373,1335967,1337175,+,[R] Predicted ATPase (AAA+ superfamily)  ,1335967,1337175,1,1,single,,,cds-WP_039755275.1,cds-WP_039755275.1,1335967,1337175,cds-WP_039755275.1
660,cds-MIDG2331_RS06030,CDS,ROG0476,1337272,1338672,+,NA,1337272,1338672,3,1,first,,cds-WP_009874787.1,cds-MIDG2331_RS06030,cds-WP_009874788.1,1337272,1339830,cds-MIDG2331_RS06030;cds-WP_009874787.1;cds-WP_009874788.1
660,cds-WP_009874787.1,CDS,ROG2519,1338675,1339172,+,NA,1338675,1339172,3,2,internal,cds-MIDG2331_RS06030,cds-WP_009874788.1,cds-MIDG2331_RS06030,cds-WP_009874788.1,1337272,1339830,cds-MIDG2331_RS06030;cds-WP_009874787.1;cds-WP_009874788.1
660,cds-WP_009874788.1,CDS,ROG2794,1339186,1339830,+,NA,1339186,1339830,3,3,last,cds-WP_009874787.1,,cds-MIDG2331_RS06030,cds-WP_009874788.1,1337272,1339830,cds-MIDG2331_RS06030;cds-WP_009874787.1;cds-WP_009874788.1
661,cds-WP_039709216.1,CDS,COG0583,1340052,1340945,-,[K] Transcriptional regulator    ,1340052,1340945,1,1,single,,,cds-WP_039709216.1,cds-WP_039709216.1,1340052,1340945,cds-WP_039709216.1
662,cds-WP_039709217.1,CDS,COG4922,1341069,1341521,+,[S] Uncharacterized protein conserved in bacteria ,1341069,1341521,1,1,single,,,cds-WP_039709217.1,cds-WP_039709217.1,1341069,1341521,cds-WP_039709217.1
663,cds-WP_414973567.1,CDS,COG3677,1341644,1342537,-,[L] Transposase and inactivated derivatives  ,1341644,1342537,1,1,single,,,cds-WP_414973567.1,cds-WP_414973567.1,1341644,1342537,cds-WP_414973567.1
664,cds-WP_052245685.1,CDS,COG2207,1342634,1343476,+,[K] AraC-type DNA-binding domain-containing proteins  ,1342634,1343476,1,1,single,,,cds-WP_052245685.1,cds-WP_052245685.1,1342634,1343476,cds-WP_052245685.1
665,cds-WP_058230487.1,CDS,NA,1343535,1344434,-,NA,1343535,1344434,1,1,single,,,cds-WP_058230487.1,cds-WP_058230487.1,1343535,1344434,cds-WP_058230487.1
666,cds-WP_039709218.1,CDS,COG1902,1344525,1345595,+,"[C] NADH:flavin oxidoreductases, Old Yellow Enzyme family",1344525,1345595,2,1,first,,cds-WP_039709219.1,cds-WP_039709218.1,cds-WP_039709219.1,1344525,1346714,cds-WP_039709218.1;cds-WP_039709219.1
666,cds-WP_039709219.1,CDS,COG2141,1345677,1346714,+,"[C] Coenzyme F420-dependent N5,N10-methylene tetrahydromethanopterin reductase and",1345677,1346714,2,2,last,cds-WP_039709218.1,,cds-WP_039709218.1,cds-WP_039709219.1,1344525,1346714,cds-WP_039709218.1;cds-WP_039709219.1
667,cds-WP_269447637.1,CDS,COG2084,1346773,1347675,-,[I] 3-hydroxyisobutyrate dehydrogenase and related beta-hydroxyacid dehydrogenases,1346773,1347675,1,1,single,,,cds-WP_269447637.1,cds-WP_269447637.1,1346773,1347675,cds-WP_269447637.1
668,cds-WP_039709221.1,CDS,COG0778,1347954,1348616,+,[C] Nitroreductase     ,1347954,1348616,1,1,single,,,cds-WP_039709221.1,cds-WP_039709221.1,1347954,1348616,cds-WP_039709221.1
669,cds-WP_005601708.1,CDS,COG2095,1348770,1349387,+,[U] Multiple antibiotic transporter   ,1348770,1349387,1,1,single,,,cds-WP_005601708.1,cds-WP_005601708.1,1348770,1349387,cds-WP_005601708.1
670,cds-MIDG2331_RS06095,CDS,NA,1349466,1350028,+,NA,1349466,1350028,1,1,single,,,cds-MIDG2331_RS06095,cds-MIDG2331_RS06095,1349466,1350028,cds-MIDG2331_RS06095
671,yghU,CDS,COG0625,1350974,1351768,-,[O] Glutathione S-transferase    ,1350974,1351768,2,1,first,,fghA,yghU,fghA,1350102,1351768,yghU;fghA
671,fghA,CDS,COG0627,1350102,1350959,-,[R] Predicted esterase    ,1350102,1350959,2,2,last,yghU,,yghU,fghA,1350102,1351768,yghU;fghA
672,cds-WP_005598164.1,CDS,ROG1540,1352373,1352630,-,NA,1352373,1352630,2,1,first,,cds-WP_005612655.1,cds-WP_005598164.1,cds-WP_005612655.1,1351944,1352630,cds-WP_005598164.1;cds-WP_005612655.1
672,cds-WP_005612655.1,CDS,COG1487,1351944,1352363,-,"[R] Predicted nucleic acid-binding protein, contains PIN",1351944,1352363,2,2,last,cds-WP_005598164.1,,cds-WP_005598164.1,cds-WP_005612655.1,1351944,1352630,cds-WP_005598164.1;cds-WP_005612655.1
673,cds-WP_005615594.1,CDS,COG1062,1352780,1353898,-,"[C] Zn-dependent alcohol dehydrogenases, class III ",1352780,1353898,1,1,single,,,cds-WP_005615594.1,cds-WP_005615594.1,1352780,1353898,cds-WP_005615594.1
674,cds-MIDG2331_RS06125,CDS,COG1292,1354053,1356079,-,[M] Choline-glycine betaine transporter   ,1354053,1356079,1,1,single,,,cds-MIDG2331_RS06125,cds-MIDG2331_RS06125,1354053,1356079,cds-MIDG2331_RS06125
675,cds-WP_039709224.1,CDS,COG1670,1356376,1357086,+,"[J] Acetyltransferases, including N-acetylases of ribosomal proteins",1356376,1357086,2,1,first,,cds-WP_039709225.1,cds-WP_039709224.1,cds-WP_039709225.1,1356376,1357922,cds-WP_039709224.1;cds-WP_039709225.1
675,cds-WP_039709225.1,CDS,COG1801,1357080,1357922,+,[S] Uncharacterized conserved protein   ,1357080,1357922,2,2,last,cds-WP_039709224.1,,cds-WP_039709224.1,cds-WP_039709225.1,1356376,1357922,cds-WP_039709224.1;cds-WP_039709225.1
676,tehA,CDS,COG1275,1358001,1358951,-,[P] Tellurite resistance protein and related permeases,1358001,1358951,1,1,single,,,tehA,tehA,1358001,1358951,tehA
677,hxpB,CDS,COG0637,1359047,1359697,-,[R] Predicted phosphatase/phosphohexomutase    ,1359047,1359697,1,1,single,,,hxpB,hxpB,1359047,1359697,hxpB
678,cds-WP_005604973.1,CDS,COG1853,1359935,1360498,-,[R] Conserved protein/domain typically associated with flavoprotein,1359935,1360498,2,1,first,,cds-MIDG2331_RS11770,cds-WP_005604973.1,cds-MIDG2331_RS11770,1359875,1360498,cds-WP_005604973.1;cds-MIDG2331_RS11770
678,cds-MIDG2331_RS11770,CDS,COG3318,1359875,1359922,-,[R] Predicted metal-binding protein related to the,1359875,1359922,2,2,last,cds-WP_005604973.1,,cds-WP_005604973.1,cds-MIDG2331_RS11770,1359875,1360498,cds-WP_005604973.1;cds-MIDG2331_RS11770
679,cds-WP_005598177.1,CDS,COG1132,1360585,1362429,-,"[V] ABC-type multidrug transport system, ATPase and",1360585,1362429,1,1,single,,,cds-WP_005598177.1,cds-WP_005598177.1,1360585,1362429,cds-WP_005598177.1
680,cds-WP_039709227.1,CDS,COG3008,1363099,1365765,-,[R] Paraquat-inducible protein B   ,1363099,1365765,2,1,first,,luxS,cds-WP_039709227.1,luxS,1362535,1365765,cds-WP_039709227.1;luxS
680,luxS,CDS,COG1854,1362535,1363044,-,[T] LuxS protein involved in autoinducer AI2,1362535,1363044,2,2,last,cds-WP_039709227.1,,cds-WP_039709227.1,luxS,1362535,1365765,cds-WP_039709227.1;luxS
681,ybfE,CDS,ROG2075,1366939,1367223,-,NA,1366939,1367223,3,1,first,,fldA,ybfE,fur,1365913,1367223,ybfE;fldA;fur
681,fldA,CDS,COG0716,1366393,1366917,-,[C] Flavodoxins     ,1366393,1366917,3,2,internal,ybfE,fur,ybfE,fur,1365913,1367223,ybfE;fldA;fur
681,fur,CDS,COG0735,1365913,1366362,-,[P] Fe2+/Zn2+ uptake regulation proteins  ,1365913,1366362,3,3,last,fldA,,ybfE,fur,1365913,1367223,ybfE;fldA;fur
682,ybaK,CDS,COG2606,1367432,1367908,-,[S] Uncharacterized conserved protein   ,1367432,1367908,1,1,single,,,ybaK,ybaK,1367432,1367908,ybaK
683,cds-WP_005598190.1,CDS,NA,1367993,1368994,+,NA,1367993,1368994,2,1,first,,cds-WP_058230488.1,cds-WP_005598190.1,cds-WP_058230488.1,1367993,1370350,cds-WP_005598190.1;cds-WP_058230488.1
683,cds-WP_058230488.1,CDS,COG2252,1369055,1370350,+,[R] Permeases     ,1369055,1370350,2,2,last,cds-WP_005598190.1,,cds-WP_005598190.1,cds-WP_058230488.1,1367993,1370350,cds-WP_005598190.1;cds-WP_058230488.1
684,cds-WP_039709228.1,CDS,COG1553,1370460,1370810,+,[P] Uncharacterized conserved protein involved in intracellular,1370460,1370810,2,1,first,,cds-WP_005612678.1,cds-WP_039709228.1,cds-WP_005612678.1,1370460,1371997,cds-WP_039709228.1;cds-WP_005612678.1
684,cds-WP_005612678.1,CDS,COG2081,1370810,1371997,+,[R] Predicted flavoproteins    ,1370810,1371997,2,2,last,cds-WP_039709228.1,,cds-WP_039709228.1,cds-WP_005612678.1,1370460,1371997,cds-WP_039709228.1;cds-WP_005612678.1
685,infA,CDS,COG0361,1372075,1372293,-,[J] Translation initiation factor 1 (IF-1) ,1372075,1372293,1,1,single,,,infA,infA,1372075,1372293,infA
686,cds-WP_005598201.1,CDS,COG3726,1372386,1373048,-,[R] Uncharacterized membrane protein affecting hemolysin expression,1372386,1373048,1,1,single,,,cds-WP_005598201.1,cds-WP_005598201.1,1372386,1373048,cds-WP_005598201.1
687,serB,CDS,COG0560,1373141,1374001,+,[E] Phosphoserine phosphatase    ,1373141,1374001,3,1,first,,cds-WP_009875523.1,serB,cds-WP_005620436.1,1373141,1374797,serB;cds-WP_009875523.1;cds-WP_005620436.1
687,cds-WP_009875523.1,CDS,COG1666,1374060,1374551,+,[S] Uncharacterized protein conserved in bacteria ,1374060,1374551,3,2,internal,serB,cds-WP_005620436.1,serB,cds-WP_005620436.1,1373141,1374797,serB;cds-WP_009875523.1;cds-WP_005620436.1
687,cds-WP_005620436.1,CDS,NA,1374600,1374797,+,NA,1374600,1374797,3,3,last,cds-WP_009875523.1,,serB,cds-WP_005620436.1,1373141,1374797,serB;cds-WP_009875523.1;cds-WP_005620436.1
688,glgP,CDS,COG0058,1374905,1377304,+,[G] Glucan phosphorylase    ,1374905,1377304,1,1,single,,,glgP,glgP,1374905,1377304,glgP
689,malT,CDS,COG2909,1377382,1380099,-,[K] ATP-dependent transcriptional regulator   ,1377382,1380099,1,1,single,,,malT,malT,1377382,1380099,malT
690,malM,CDS,ROG8131,1380214,1381098,-,NA,1380214,1381098,1,1,single,,,malM,malM,1380214,1381098,malM
691,malK,CDS,COG3839,1382532,1383671,-,"[G] ABC-type sugar transport systems, ATPase components",1382532,1383671,2,1,first,,cds-WP_039709232.1,malK,cds-WP_039709232.1,1381170,1383671,malK;cds-WP_039709232.1
691,cds-WP_039709232.1,CDS,COG4580,1381170,1382462,-,[G] Maltoporin (phage lambda and maltose receptor),1381170,1382462,2,2,last,malK,,malK,cds-WP_039709232.1,1381170,1383671,malK;cds-WP_039709232.1
692,malE,CDS,COG2182,1384003,1385187,+,[G] Maltose-binding periplasmic proteins/domains   ,1384003,1385187,4,1,first,,malF,malE,malQ,1384003,1389866,malE;malF;malG;malQ
692,malF,CDS,COG1175,1385266,1386816,+,"[G] ABC-type sugar transport systems, permease components",1385266,1386816,4,2,internal,malE,malG,malE,malQ,1384003,1389866,malE;malF;malG;malQ
692,malG,CDS,COG3833,1386867,1387757,+,"[G] ABC-type maltose transport systems, permease component",1386867,1387757,4,3,internal,malF,malQ,malE,malQ,1384003,1389866,malE;malF;malG;malQ
692,malQ,CDS,COG1640,1387818,1389866,+,[G] 4-alpha-glucanotransferase     ,1387818,1389866,4,4,last,malG,,malE,malQ,1384003,1389866,malE;malF;malG;malQ
693,cds-WP_039709234.1,CDS,COG1966,1390084,1391670,+,"[T] Carbon starvation protein, predicted membrane protein",1390084,1391670,1,1,single,,,cds-WP_039709234.1,cds-WP_039709234.1,1390084,1391670,cds-WP_039709234.1
694,cds-WP_005598227.1,CDS,COG0084,1391744,1392538,+,[L] Mg-dependent DNase    ,1391744,1392538,1,1,single,,,cds-WP_005598227.1,cds-WP_005598227.1,1391744,1392538,cds-WP_005598227.1
695,gorA,CDS,COG1249,1392597,1393967,-,"[C] Pyruvate/2-oxoglutarate dehydrogenase complex, dihydrolipoamide dehydrogenase (E3)",1392597,1393967,1,1,single,,,gorA,gorA,1392597,1393967,gorA
696,cds-WP_005598231.1,CDS,COG2862,1394053,1394571,-,[S] Predicted membrane protein   ,1394053,1394571,1,1,single,,,cds-WP_005598231.1,cds-WP_005598231.1,1394053,1394571,cds-WP_005598231.1
697,cds-WP_005601781.1,CDS,COG0778,1394673,1395311,-,[C] Nitroreductase     ,1394673,1395311,1,1,single,,,cds-WP_005601781.1,cds-WP_005601781.1,1394673,1395311,cds-WP_005601781.1
698,cds-WP_005608471.1,CDS,COG4167,1396500,1397300,-,"[V] ABC-type antimicrobial peptide transport system, ATPase",1396500,1397300,3,1,first,,cds-WP_005598238.1,cds-WP_005608471.1,cds-WP_009875257.1,1395474,1397300,cds-WP_005608471.1;cds-WP_005598238.1;cds-WP_009875257.1
698,cds-WP_005598238.1,CDS,COG1296,1395767,1396471,-,[E] Predicted branched-chain amino acid permease (azaleucine,1395767,1396471,3,2,internal,cds-WP_005608471.1,cds-WP_009875257.1,cds-WP_005608471.1,cds-WP_009875257.1,1395474,1397300,cds-WP_005608471.1;cds-WP_005598238.1;cds-WP_009875257.1
698,cds-WP_009875257.1,CDS,COG4541,1395474,1395767,-,[S] Predicted membrane protein   ,1395474,1395767,3,3,last,cds-WP_005598238.1,,cds-WP_005608471.1,cds-WP_009875257.1,1395474,1397300,cds-WP_005608471.1;cds-WP_005598238.1;cds-WP_009875257.1
699,cds-WP_005612697.1,CDS,COG0126,1398594,1399769,-,[G] 3-phosphoglycerate kinase    ,1398594,1399769,2,1,first,,fbaA,cds-WP_005612697.1,fbaA,1397416,1399769,cds-WP_005612697.1;fbaA
699,fbaA,CDS,COG0191,1397416,1398492,-,[G] Fructose/tagatose bisphosphate aldolase   ,1397416,1398492,2,2,last,cds-WP_005612697.1,,cds-WP_005612697.1,fbaA,1397416,1399769,cds-WP_005612697.1;fbaA
700,cds-WP_005598255.1,CDS,COG0471,1403126,1404517,-,[P] Di- and tricarboxylate transporters  ,1403126,1404517,3,1,first,,sdcA,cds-WP_005598255.1,cds-WP_005619201.1,1399927,1404517,cds-WP_005598255.1;sdcA;cds-WP_005619201.1
700,sdcA,CDS,COG0471,1401547,1402821,-,[P] Di- and tricarboxylate transporters  ,1401547,1402821,3,2,internal,cds-WP_005598255.1,cds-WP_005619201.1,cds-WP_005598255.1,cds-WP_005619201.1,1399927,1404517,cds-WP_005598255.1;sdcA;cds-WP_005619201.1
700,cds-WP_005619201.1,CDS,COG0471,1399927,1401315,-,[P] Di- and tricarboxylate transporters  ,1399927,1401315,3,3,last,sdcA,,cds-WP_005598255.1,cds-WP_005619201.1,1399927,1404517,cds-WP_005598255.1;sdcA;cds-WP_005619201.1
701,pstS,CDS,COG0226,1411558,1412601,-,"[P] ABC-type phosphate transport system, periplasmic component",1411558,1412601,7,1,first,,pstC,pstS,parE,1404712,1412601,pstS;pstC;pstA;pstB;phoB;phoR;parE
701,pstC,CDS,COG0573,1410456,1411409,-,"[P] ABC-type phosphate transport system, permease component",1410456,1411409,7,2,internal,pstS,pstA,pstS,parE,1404712,1412601,pstS;pstC;pstA;pstB;phoB;phoR;parE
701,pstA,CDS,COG0581,1409605,1410348,-,"[P] ABC-type phosphate transport system, permease component",1409605,1410348,7,3,internal,pstC,pstB,pstS,parE,1404712,1412601,pstS;pstC;pstA;pstB;phoB;phoR;parE
701,pstB,CDS,COG1117,1408817,1409596,-,"[P] ABC-type phosphate transport system, ATPase component",1408817,1409596,7,4,internal,pstA,phoB,pstS,parE,1404712,1412601,pstS;pstC;pstA;pstB;phoB;phoR;parE
701,phoB,CDS,COG0745,1407996,1408637,-,[TK] Response regulators consisting of a CheY-like,1407996,1408637,7,5,internal,pstB,phoR,pstS,parE,1404712,1412601,pstS;pstC;pstA;pstB;phoB;phoR;parE
701,phoR,CDS,COG0642,1406703,1407996,-,[T] Signal transduction histidine kinase  ,1406703,1407996,7,6,internal,phoB,parE,pstS,parE,1404712,1412601,pstS;pstC;pstA;pstB;phoB;phoR;parE
701,parE,CDS,COG0187,1404712,1406625,-,"[L] Type IIA topoisomerase (DNA gyrase/topo II,",1404712,1406625,7,7,last,phoR,,pstS,parE,1404712,1412601,pstS;pstC;pstA;pstB;phoB;phoR;parE
702,cueR,CDS,COG0789,1412723,1413109,-,[K] Predicted transcriptional regulators   ,1412723,1413109,1,1,single,,,cueR,cueR,1412723,1413109,cueR
703,cds-WP_005605032.1,CDS,COG3019,1413195,1413647,+,[R] Predicted metal-binding protein   ,1413195,1413647,3,1,first,,cds-WP_005612714.1,cds-WP_005605032.1,cds-WP_012263156.1,1413195,1416254,cds-WP_005605032.1;cds-WP_005612714.1;cds-WP_012263156.1
703,cds-WP_005612714.1,CDS,COG2608,1413665,1413865,+,[P] Copper chaperone    ,1413665,1413865,3,2,internal,cds-WP_005605032.1,cds-WP_012263156.1,cds-WP_005605032.1,cds-WP_012263156.1,1413195,1416254,cds-WP_005605032.1;cds-WP_005612714.1;cds-WP_012263156.1
703,cds-WP_012263156.1,CDS,COG2217,1414104,1416254,+,[P] Cation transport ATPase   ,1414104,1416254,3,3,last,cds-WP_005612714.1,,cds-WP_005605032.1,cds-WP_012263156.1,1413195,1416254,cds-WP_005605032.1;cds-WP_005612714.1;cds-WP_012263156.1
704,cds-WP_005598283.1,CDS,COG0778,1417211,1417786,-,[C] Nitroreductase     ,1417211,1417786,2,1,first,,cds-WP_005620429.1,cds-WP_005598283.1,cds-WP_005620429.1,1416362,1417786,cds-WP_005598283.1;cds-WP_005620429.1
704,cds-WP_005620429.1,CDS,COG4221,1416362,1417183,-,[R] Short-chain alcohol dehydrogenase of unknown specificity,1416362,1417183,2,2,last,cds-WP_005598283.1,,cds-WP_005598283.1,cds-WP_005620429.1,1416362,1417786,cds-WP_005598283.1;cds-WP_005620429.1
705,sppA,CDS,COG0616,1417889,1419745,+,[OU] Periplasmic serine proteases (ClpP class) ,1417889,1419745,1,1,single,,,sppA,sppA,1417889,1419745,sppA
706,cds-WP_039709239.1,CDS,COG3719,1419880,1420647,+,[J] Ribonuclease I    ,1419880,1420647,2,1,first,,cds-WP_005598290.1,cds-WP_039709239.1,cds-WP_005598290.1,1419880,1421169,cds-WP_039709239.1;cds-WP_005598290.1
706,cds-WP_005598290.1,CDS,COG3091,1420648,1421169,+,[S] Uncharacterized protein conserved in bacteria ,1420648,1421169,2,2,last,cds-WP_039709239.1,,cds-WP_039709239.1,cds-WP_005598290.1,1419880,1421169,cds-WP_039709239.1;cds-WP_005598290.1
707,cds-WP_005601799.1,CDS,COG1252,1421274,1422560,+,"[C] NADH dehydrogenase, FAD-containing subunit  ",1421274,1422560,1,1,single,,,cds-WP_005601799.1,cds-WP_005601799.1,1421274,1422560,cds-WP_005601799.1
708,cds-WP_039709241.1,CDS,COG2183,1422752,1425079,-,[K] Transcriptional accessory protein   ,1422752,1425079,1,1,single,,,cds-WP_039709241.1,cds-WP_039709241.1,1422752,1425079,cds-WP_039709241.1
709,rlmN,CDS,COG0820,1425756,1426937,-,[R] Predicted Fe-S-cluster redox enzyme  ,1425756,1426937,2,1,first,,pilW,rlmN,pilW,1425154,1426937,rlmN;pilW
709,pilW,CDS,COG3063,1425154,1425702,-,[NU] Tfp pilus assembly protein PilF ,1425154,1425702,2,2,last,rlmN,,rlmN,pilW,1425154,1426937,rlmN;pilW
710,rna-MIDG2331_RS06460,tRNA,NA,1427563,1427638,-,NA,1427563,1427638,4,1,first,,rna-MIDG2331_RS06455,rna-MIDG2331_RS06460,rna-MIDG2331_RS06445,1427187,1427638,rna-MIDG2331_RS06460;rna-MIDG2331_RS06455;rna-MIDG2331_RS06450;rna-MIDG2331_RS06445
710,rna-MIDG2331_RS06455,tRNA,NA,1427440,1427515,-,NA,1427440,1427515,4,2,internal,rna-MIDG2331_RS06460,rna-MIDG2331_RS06450,rna-MIDG2331_RS06460,rna-MIDG2331_RS06445,1427187,1427638,rna-MIDG2331_RS06460;rna-MIDG2331_RS06455;rna-MIDG2331_RS06450;rna-MIDG2331_RS06445
710,rna-MIDG2331_RS06450,tRNA,NA,1427314,1427389,-,NA,1427314,1427389,4,3,internal,rna-MIDG2331_RS06455,rna-MIDG2331_RS06445,rna-MIDG2331_RS06460,rna-MIDG2331_RS06445,1427187,1427638,rna-MIDG2331_RS06460;rna-MIDG2331_RS06455;rna-MIDG2331_RS06450;rna-MIDG2331_RS06445
710,rna-MIDG2331_RS06445,tRNA,NA,1427187,1427262,-,NA,1427187,1427262,4,4,last,rna-MIDG2331_RS06450,,rna-MIDG2331_RS06460,rna-MIDG2331_RS06445,1427187,1427638,rna-MIDG2331_RS06460;rna-MIDG2331_RS06455;rna-MIDG2331_RS06450;rna-MIDG2331_RS06445
711,gltX,CDS,COG0008,1427842,1429281,+,[J] Glutamyl- and glutaminyl-tRNA synthetases  ,1427842,1429281,2,1,first,,rna-MIDG2331_RS06470,gltX,rna-MIDG2331_RS06470,1427842,1429406,gltX;rna-MIDG2331_RS06470
711,rna-MIDG2331_RS06470,tRNA,NA,1429331,1429406,+,NA,1429331,1429406,2,2,last,gltX,,gltX,rna-MIDG2331_RS06470,1427842,1429406,gltX;rna-MIDG2331_RS06470
712,cds-WP_005612726.1,CDS,COG0582,1429586,1430806,+,[L] Integrase     ,1429586,1430806,1,1,single,,,cds-WP_005612726.1,cds-WP_005612726.1,1429586,1430806,cds-WP_005612726.1
713,cds-WP_039709488.1,CDS,NA,1431563,1432384,+,NA,1431563,1432384,1,1,single,,,cds-WP_039709488.1,cds-WP_039709488.1,1431563,1432384,cds-WP_039709488.1
714,cds-WP_039768145.1,CDS,COG3311,1432616,1432855,+,[K] Predicted transcriptional regulator   ,1432616,1432855,2,1,first,,cds-WP_039768147.1,cds-WP_039768145.1,cds-WP_039768147.1,1432616,1433247,cds-WP_039768145.1;cds-WP_039768147.1
714,cds-WP_039768147.1,CDS,NA,1432867,1433247,+,NA,1432867,1433247,2,2,last,cds-WP_039768145.1,,cds-WP_039768145.1,cds-WP_039768147.1,1432616,1433247,cds-WP_039768145.1;cds-WP_039768147.1
715,cds-WP_058230489.1,CDS,COG3561,1433535,1434260,+,[K] Phage anti-repressor protein   ,1433535,1434260,2,1,first,,cds-WP_039709484.1,cds-WP_058230489.1,cds-WP_039709484.1,1433535,1434651,cds-WP_058230489.1;cds-WP_039709484.1
715,cds-WP_039709484.1,CDS,ROG6044,1434265,1434651,+,NA,1434265,1434651,2,2,last,cds-WP_058230489.1,,cds-WP_058230489.1,cds-WP_039709484.1,1433535,1434651,cds-WP_058230489.1;cds-WP_039709484.1
716,cds-WP_039709483.1,CDS,NA,1434942,1435130,-,NA,1434942,1435130,1,1,single,,,cds-WP_039709483.1,cds-WP_039709483.1,1434942,1435130,cds-WP_039709483.1
717,cds-WP_052250595.1,CDS,NA,1435353,1436015,+,NA,1435353,1436015,5,1,first,,cds-WP_014991324.1,cds-WP_052250595.1,cds-WP_039768152.1,1435353,1438911,cds-WP_052250595.1;cds-WP_014991324.1;cds-WP_039768150.1;cds-WP_014991326.1;cds-WP_039768152.1
717,cds-WP_014991324.1,CDS,NA,1436008,1436349,+,NA,1436008,1436349,5,2,internal,cds-WP_052250595.1,cds-WP_039768150.1,cds-WP_052250595.1,cds-WP_039768152.1,1435353,1438911,cds-WP_052250595.1;cds-WP_014991324.1;cds-WP_039768150.1;cds-WP_014991326.1;cds-WP_039768152.1
717,cds-WP_039768150.1,CDS,NA,1436342,1436545,+,NA,1436342,1436545,5,3,internal,cds-WP_014991324.1,cds-WP_014991326.1,cds-WP_052250595.1,cds-WP_039768152.1,1435353,1438911,cds-WP_052250595.1;cds-WP_014991324.1;cds-WP_039768150.1;cds-WP_014991326.1;cds-WP_039768152.1
717,cds-WP_014991326.1,CDS,NA,1436538,1436762,+,NA,1436538,1436762,5,4,internal,cds-WP_039768150.1,cds-WP_039768152.1,cds-WP_052250595.1,cds-WP_039768152.1,1435353,1438911,cds-WP_052250595.1;cds-WP_014991324.1;cds-WP_039768150.1;cds-WP_014991326.1;cds-WP_039768152.1
717,cds-WP_039768152.1,CDS,COG5519,1436740,1438911,+,[L] Superfamily II helicase and inactivated derivatives,1436740,1438911,5,5,last,cds-WP_014991326.1,,cds-WP_052250595.1,cds-WP_039768152.1,1435353,1438911,cds-WP_052250595.1;cds-WP_014991324.1;cds-WP_039768150.1;cds-WP_014991326.1;cds-WP_039768152.1
718,yefM,CDS,COG2161,1440179,1440430,+,[D] Antitoxin of toxin-antitoxin stability system ,1440179,1440430,2,1,first,,cds-WP_005605064.1,yefM,cds-WP_005605064.1,1440179,1440687,yefM;cds-WP_005605064.1
718,cds-WP_005605064.1,CDS,COG4115,1440427,1440687,+,[S] Uncharacterized protein conserved in bacteria ,1440427,1440687,2,2,last,yefM,,yefM,cds-WP_005605064.1,1440179,1440687,yefM;cds-WP_005605064.1
719,lpxK,CDS,COG1663,1441015,1441995,-,[M] Tetraacyldisaccharide-1-P 4'-kinase    ,1441015,1441995,2,1,first,,cds-WP_005598320.1,lpxK,cds-WP_005598320.1,1440846,1441995,lpxK;cds-WP_005598320.1
719,cds-WP_005598320.1,CDS,COG2835,1440846,1441013,-,[S] Uncharacterized conserved protein   ,1440846,1441013,2,2,last,lpxK,,lpxK,cds-WP_005598320.1,1440846,1441995,lpxK;cds-WP_005598320.1
720,clpP,CDS,COG0740,1443347,1443937,-,[OU] Protease subunit of ATP-dependent Clp proteases,1443347,1443937,2,1,first,,clpX,clpP,clpX,1442089,1443937,clpP;clpX
720,clpX,CDS,COG1219,1442089,1443347,-,"[O] ATP-dependent protease Clp, ATPase subunit ",1442089,1443347,2,2,last,clpP,,clpP,clpX,1442089,1443937,clpP;clpX
721,cds-WP_005620423.1,CDS,COG2166,1444059,1444451,+,[R] SufE protein probably involved in Fe-S,1444059,1444451,1,1,single,,,cds-WP_005620423.1,cds-WP_005620423.1,1444059,1444451,cds-WP_005620423.1
722,rna-MIDG2331_RS06580,tRNA,NA,1444631,1444707,-,NA,1444631,1444707,2,1,first,,rna-MIDG2331_RS06575,rna-MIDG2331_RS06580,rna-MIDG2331_RS06575,1444513,1444707,rna-MIDG2331_RS06580;rna-MIDG2331_RS06575
722,rna-MIDG2331_RS06575,tRNA,NA,1444513,1444589,-,NA,1444513,1444589,2,2,last,rna-MIDG2331_RS06580,,rna-MIDG2331_RS06580,rna-MIDG2331_RS06575,1444513,1444707,rna-MIDG2331_RS06580;rna-MIDG2331_RS06575
723,ettA,CDS,COG0488,1445670,1447340,-,[R] ATPase components of ABC transporters with,1445670,1447340,2,1,first,,dnaQ,ettA,dnaQ,1444822,1447340,ettA;dnaQ
723,dnaQ,CDS,COG0847,1444822,1445583,-,"[L] DNA polymerase III, epsilon subunit and",1444822,1445583,2,2,last,ettA,,ettA,dnaQ,1444822,1447340,ettA;dnaQ
724,cds-WP_005608512.1,CDS,COG0599,1447505,1447843,+,[S] Uncharacterized homolog of gamma-carboxymuconolactone decarboxylase subunit,1447505,1447843,2,1,first,,cds-WP_005598332.1,cds-WP_005608512.1,cds-WP_005598332.1,1447505,1448204,cds-WP_005608512.1;cds-WP_005598332.1
724,cds-WP_005598332.1,CDS,COG0607,1447836,1448204,+,[P] Rhodanese-related sulfurtransferase    ,1447836,1448204,2,2,last,cds-WP_005608512.1,,cds-WP_005608512.1,cds-WP_005598332.1,1447505,1448204,cds-WP_005608512.1;cds-WP_005598332.1
725,cds-WP_005615696.1,CDS,ROG3493,1448313,1448633,+,NA,1448313,1448633,1,1,single,,,cds-WP_005615696.1,cds-WP_005615696.1,1448313,1448633,cds-WP_005615696.1
726,mlaF,CDS,COG1127,1452764,1453567,-,[Q] ABC-type transport system involved in resistance,1452764,1453567,7,1,first,,mlaE,mlaF,murA,1448691,1453567,mlaF;mlaE;mlaD;mlaC;cds-WP_005601837.1;cds-WP_005598336.1;murA
726,mlaE,CDS,COG0767,1451995,1452825,-,[Q] ABC-type transport system involved in resistance,1451995,1452825,7,2,internal,mlaF,mlaD,mlaF,murA,1448691,1453567,mlaF;mlaE;mlaD;mlaC;cds-WP_005601837.1;cds-WP_005598336.1;murA
726,mlaD,CDS,COG1463,1451449,1451976,-,[Q] ABC-type transport system involved in resistance,1451449,1451976,7,3,internal,mlaE,mlaC,mlaF,murA,1448691,1453567,mlaF;mlaE;mlaD;mlaC;cds-WP_005601837.1;cds-WP_005598336.1;murA
726,mlaC,CDS,COG2854,1450733,1451371,-,[Q] ABC-type transport system involved in resistance,1450733,1451371,7,4,internal,mlaD,cds-WP_005601837.1,mlaF,murA,1448691,1453567,mlaF;mlaE;mlaD;mlaC;cds-WP_005601837.1;cds-WP_005598336.1;murA
726,cds-WP_005601837.1,CDS,COG3113,1450370,1450723,-,[R] Predicted NTP binding protein (contains STAS,1450370,1450723,7,5,internal,mlaC,cds-WP_005598336.1,mlaF,murA,1448691,1453567,mlaF;mlaE;mlaD;mlaC;cds-WP_005601837.1;cds-WP_005598336.1;murA
726,cds-WP_005598336.1,CDS,COG5007,1450097,1450357,-,"[K] Predicted transcriptional regulator, BolA superfamily ",1450097,1450357,7,6,internal,cds-WP_005601837.1,murA,mlaF,murA,1448691,1453567,mlaF;mlaE;mlaD;mlaC;cds-WP_005601837.1;cds-WP_005598336.1;murA
726,murA,CDS,COG0766,1448691,1449965,-,[M] UDP-N-acetylglucosamine enolpyruvyl transferase   ,1448691,1449965,7,7,last,cds-WP_005598336.1,,mlaF,murA,1448691,1453567,mlaF;mlaE;mlaD;mlaC;cds-WP_005601837.1;cds-WP_005598336.1;murA
727,cds-WP_005598348.1,CDS,COG0265,1453828,1455219,+,"[O] Trypsin-like serine proteases, typically periplasmic, contain",1453828,1455219,1,1,single,,,cds-WP_005598348.1,cds-WP_005598348.1,1453828,1455219,cds-WP_005598348.1
728,argR,CDS,COG1438,1456146,1456607,-,[K] Arginine repressor    ,1456146,1456607,2,1,first,,cds-WP_005598349.1,argR,cds-WP_005598349.1,1455259,1456607,argR;cds-WP_005598349.1
728,cds-WP_005598349.1,CDS,COG1090,1455259,1456146,-,[R] Predicted nucleoside-diphosphate sugar epimerase  ,1455259,1456146,2,2,last,argR,,argR,cds-WP_005598349.1,1455259,1456607,argR;cds-WP_005598349.1
729,mdh,CDS,COG0039,1456801,1457754,+,[C] Malate/lactate dehydrogenases    ,1456801,1457754,1,1,single,,,mdh,mdh,1456801,1457754,mdh
730,cds-WP_005598355.1,CDS,NA,1457844,1458113,+,NA,1457844,1458113,1,1,single,,,cds-WP_005598355.1,cds-WP_005598355.1,1457844,1458113,cds-WP_005598355.1
731,adk,CDS,COG0563,1458181,1458825,-,[F] Adenylate kinase and related kinases ,1458181,1458825,1,1,single,,,adk,adk,1458181,1458825,adk
732,cds-WP_005620410.1,CDS,COG1629,1458977,1461100,-,"[P] Outer membrane receptor proteins, mostly Fe",1458977,1461100,1,1,single,,,cds-WP_005620410.1,cds-WP_005620410.1,1458977,1461100,cds-WP_005620410.1
733,cds-WP_005618833.1,CDS,NA,1461277,1462557,-,NA,1461277,1462557,1,1,single,,,cds-WP_005618833.1,cds-WP_005618833.1,1461277,1462557,cds-WP_005618833.1
734,zipA,CDS,COG3115,1465888,1466898,-,[D] Cell division protein   ,1465888,1466898,3,1,first,,ligA,zipA,galE,1462696,1466898,zipA;ligA;galE
734,ligA,CDS,COG0272,1463776,1465824,-,[L] NAD-dependent DNA ligase (contains BRCT domain,1463776,1465824,3,2,internal,zipA,galE,zipA,galE,1462696,1466898,zipA;ligA;galE
734,galE,CDS,COG1087,1462696,1463712,-,[M] UDP-glucose 4-epimerase    ,1462696,1463712,3,3,last,ligA,,zipA,galE,1462696,1466898,zipA;ligA;galE
735,cysZ,CDS,COG2981,1467018,1467899,+,[E] Uncharacterized protein involved in cysteine biosynthesis,1467018,1467899,1,1,single,,,cysZ,cysZ,1467018,1467899,cysZ
736,cds-WP_039709252.1,CDS,COG3187,1467959,1468285,-,[O] Heat shock protein   ,1467959,1468285,1,1,single,,,cds-WP_039709252.1,cds-WP_039709252.1,1467959,1468285,cds-WP_039709252.1
737,gnd,CDS,COG0362,1468377,1469831,-,[G] 6-phosphogluconate dehydrogenase    ,1468377,1469831,1,1,single,,,gnd,gnd,1468377,1469831,gnd
738,cds-WP_231944204.1,CDS,NA,1470044,1470493,-,NA,1470044,1470493,1,1,single,,,cds-WP_231944204.1,cds-WP_231944204.1,1470044,1470493,cds-WP_231944204.1
739,cds-WP_005601870.1,CDS,COG1794,1470679,1471368,-,[M] Aspartate racemase    ,1470679,1471368,1,1,single,,,cds-WP_005601870.1,cds-WP_005601870.1,1470679,1471368,cds-WP_005601870.1
740,cds-WP_039709253.1,CDS,ROG2472,1471471,1472790,-,NA,1471471,1472790,1,1,single,,,cds-WP_039709253.1,cds-WP_039709253.1,1471471,1472790,cds-WP_039709253.1
741,nudE,CDS,COG0494,1476095,1476652,-,[LR] NTP pyrophosphohydrolases including oxidative damage repair,1476095,1476652,4,1,first,,cysQ,nudE,pgl,1472923,1476652,nudE;cysQ;zwf;pgl
741,cysQ,CDS,COG1218,1475267,1476082,-,[P] 3'-Phosphoadenosine 5'-phosphosulfate (PAPS) 3'-phosphatase  ,1475267,1476082,4,2,internal,nudE,zwf,nudE,pgl,1472923,1476652,nudE;cysQ;zwf;pgl
741,zwf,CDS,COG0364,1473708,1475195,-,[G] Glucose-6-phosphate 1-dehydrogenase    ,1473708,1475195,4,3,internal,cysQ,pgl,nudE,pgl,1472923,1476652,nudE;cysQ;zwf;pgl
741,pgl,CDS,COG0363,1472923,1473621,-,[G] 6-phosphogluconolactonase/Glucosamine-6-phosphate isomerase/deaminase    ,1472923,1473621,4,4,last,zwf,,nudE,pgl,1472923,1476652,nudE;cysQ;zwf;pgl
742,hslR,CDS,COG1188,1476795,1477199,+,[J] Ribosome-associated heat shock protein implicated in,1476795,1477199,2,1,first,,hslO,hslR,hslO,1476795,1478220,hslR;hslO
742,hslO,CDS,COG1281,1477330,1478220,+,[O] Disulfide bond chaperones of the HSP33,1477330,1478220,2,2,last,hslR,,hslR,hslO,1476795,1478220,hslR;hslO
743,cds-WP_005598398.1,CDS,COG2704,1478288,1479622,-,[R] Anaerobic C4-dicarboxylate transporter   ,1478288,1479622,1,1,single,,,cds-WP_005598398.1,cds-WP_005598398.1,1478288,1479622,cds-WP_005598398.1
744,cds-WP_039709256.1,CDS,COG0078,1480475,1481479,+,[E] Ornithine carbamoyltransferase    ,1480475,1481479,2,1,first,,arcC,cds-WP_039709256.1,arcC,1480475,1482448,cds-WP_039709256.1;arcC
744,arcC,CDS,COG0549,1481501,1482448,+,[E] Carbamate kinase    ,1481501,1482448,2,2,last,cds-WP_039709256.1,,cds-WP_039709256.1,arcC,1480475,1482448,cds-WP_039709256.1;arcC
745,cds-WP_039709257.1,CDS,COG1263,1482696,1484117,-,"[G] Phosphotransferase system IIC components, glucose/maltose/N-acetylglucosamine-specific ",1482696,1484117,1,1,single,,,cds-WP_039709257.1,cds-WP_039709257.1,1482696,1484117,cds-WP_039709257.1
746,thiP,CDS,COG1178,1484949,1486574,-,"[P] ABC-type Fe3+ transport system, permease component",1484949,1486574,2,1,first,,thiQ,thiP,thiQ,1484308,1486574,thiP;thiQ
746,thiQ,CDS,COG3840,1484308,1484952,-,"[H] ABC-type thiamine transport system, ATPase component",1484308,1484952,2,2,last,thiP,,thiP,thiQ,1484308,1486574,thiP;thiQ
747,ptsH,CDS,COG1925,1486811,1487068,+,"[G] Phosphotransferase system, HPr-related proteins  ",1486811,1487068,3,1,first,,ptsI,ptsH,crr,1486811,1489498,ptsH;ptsI;crr
747,ptsI,CDS,COG1080,1487192,1488913,+,[G] Phosphoenolpyruvate-protein kinase (PTS system EI component,1487192,1488913,3,2,internal,ptsH,crr,ptsH,crr,1486811,1489498,ptsH;ptsI;crr
747,crr,CDS,COG2190,1488998,1489498,+,[G] Phosphotransferase system IIA components  ,1488998,1489498,3,3,last,ptsI,,ptsH,crr,1486811,1489498,ptsH;ptsI;crr
748,miaB,CDS,COG0621,1489683,1491110,+,[J] 2-methylthioadenine synthetase    ,1489683,1491110,1,1,single,,,miaB,miaB,1489683,1491110,miaB
749,uvrD,CDS,COG0210,1491312,1493510,+,[L] Superfamily I DNA and RNA helicases,1491312,1493510,1,1,single,,,uvrD,uvrD,1491312,1493510,uvrD
750,hypB,CDS,COG0378,1493714,1494523,+,[OK] Ni2+-binding GTPase involved in regulation of,1493714,1494523,3,1,first,,hypD,hypB,hypE,1493714,1496665,hypB;hypD;hypE
750,hypD,CDS,COG0409,1494535,1495650,+,[O] Hydrogenase maturation factor   ,1494535,1495650,3,2,internal,hypB,hypE,hypB,hypE,1493714,1496665,hypB;hypD;hypE
750,hypE,CDS,COG0309,1495652,1496665,+,[O] Hydrogenase maturation factor   ,1495652,1496665,3,3,last,hypD,,hypB,hypE,1493714,1496665,hypB;hypD;hypE
751,apxIIIC,CDS,COG2994,1503804,1504325,-,[O] ACP:hemolysin acyltransferase (hemolysin-activating protein)  ,1503804,1504325,4,1,first,,cds-WP_005620396.1,apxIIIC,cds-WP_039709261.1,1497005,1504325,apxIIIC;cds-WP_005620396.1;cds-WP_005605166.1;cds-WP_039709261.1
751,cds-WP_005620396.1,CDS,COG2931,1500642,1503800,-,[Q] RTX toxins and related Ca2+-binding proteins,1500642,1503800,4,2,internal,apxIIIC,cds-WP_005605166.1,apxIIIC,cds-WP_039709261.1,1497005,1504325,apxIIIC;cds-WP_005620396.1;cds-WP_005605166.1;cds-WP_039709261.1
751,cds-WP_005605166.1,CDS,COG2274,1498450,1500585,-,"[V] ABC-type bacteriocin/lantibiotic exporters, contain an N-terminal",1498450,1500585,4,3,internal,cds-WP_005620396.1,cds-WP_039709261.1,apxIIIC,cds-WP_039709261.1,1497005,1504325,apxIIIC;cds-WP_005620396.1;cds-WP_005605166.1;cds-WP_039709261.1
751,cds-WP_039709261.1,CDS,COG1566,1497005,1498438,-,[V] Multidrug resistance efflux pump  ,1497005,1498438,4,4,last,cds-WP_005605166.1,,apxIIIC,cds-WP_039709261.1,1497005,1504325,apxIIIC;cds-WP_005620396.1;cds-WP_005605166.1;cds-WP_039709261.1
752,hypF,CDS,COG0068,1504767,1507070,-,[O] Hydrogenase maturation factor   ,1504767,1507070,1,1,single,,,hypF,hypF,1504767,1507070,hypF
753,hybO,CDS,COG1740,1507305,1508447,+,"[C] Ni,Fe-hydrogenase I small subunit  ",1507305,1508447,7,1,first,,hybA,hybO,hybG,1507305,1513656,hybO;hybA;hybB;hybC;cds-WP_005598434.1;hybE;hybG
753,hybA,CDS,COG0437,1508440,1509477,+,[C] Fe-S-cluster-containing hydrogenase components 1  ,1508440,1509477,7,2,internal,hybO,hybB,hybO,hybG,1507305,1513656,hybO;hybA;hybB;hybC;cds-WP_005598434.1;hybE;hybG
753,hybB,CDS,COG5557,1509470,1510651,+,[C] Polysulphide reductase    ,1509470,1510651,7,3,internal,hybA,hybC,hybO,hybG,1507305,1513656,hybO;hybA;hybB;hybC;cds-WP_005598434.1;hybE;hybG
753,hybC,CDS,COG0374,1510648,1512357,+,"[C] Ni,Fe-hydrogenase I large subunit  ",1510648,1512357,7,4,internal,hybB,cds-WP_005598434.1,hybO,hybG,1507305,1513656,hybO;hybA;hybB;hybC;cds-WP_005598434.1;hybE;hybG
753,cds-WP_005598434.1,CDS,COG0680,1512357,1512854,+,"[C] Ni,Fe-hydrogenase maturation factor   ",1512357,1512854,7,5,internal,hybC,hybE,hybO,hybG,1507305,1513656,hybO;hybA;hybB;hybC;cds-WP_005598434.1;hybE;hybG
753,hybE,CDS,ROG0539,1512847,1513350,+,NA,1512847,1513350,7,6,internal,cds-WP_005598434.1,hybG,hybO,hybG,1507305,1513656,hybO;hybA;hybB;hybC;cds-WP_005598434.1;hybE;hybG
753,hybG,CDS,COG0298,1513378,1513656,+,[O] Hydrogenase maturation factor   ,1513378,1513656,7,7,last,hybE,,hybO,hybG,1507305,1513656,hybO;hybA;hybB;hybC;cds-WP_005598434.1;hybE;hybG
754,hypA,CDS,COG0375,1513751,1514092,-,[R] Zn finger protein HypA/HybF (possibly regulating,1513751,1514092,1,1,single,,,hypA,hypA,1513751,1514092,hypA
755,rna-MIDG2331_RS06900,tRNA,NA,1514214,1514289,-,NA,1514214,1514289,1,1,single,,,rna-MIDG2331_RS06900,rna-MIDG2331_RS06900,1514214,1514289,rna-MIDG2331_RS06900
756,mobH,CDS,ROG0271,1515496,1517382,-,NA,1515496,1517382,2,1,first,,cds-WP_081043523.1,mobH,cds-WP_081043523.1,1514592,1517382,mobH;cds-WP_081043523.1
756,cds-WP_081043523.1,CDS,ROG8437,1514592,1515434,-,NA,1514592,1515434,2,2,last,mobH,,mobH,cds-WP_081043523.1,1514592,1517382,mobH;cds-WP_081043523.1
757,cds-WP_058230491.1,CDS,COG2236,1517620,1518324,+,[R] Predicted phosphoribosyltransferases    ,1517620,1518324,1,1,single,,,cds-WP_058230491.1,cds-WP_058230491.1,1517620,1518324,cds-WP_058230491.1
758,cds-WP_231944205.1,CDS,COG1510,1518640,1519320,-,[K] Predicted transcriptional regulators   ,1518640,1519320,1,1,single,,,cds-WP_231944205.1,cds-WP_231944205.1,1518640,1519320,cds-WP_231944205.1
759,cds-WP_058230493.1,CDS,NA,1519627,1519914,-,NA,1519627,1519914,1,1,single,,,cds-WP_058230493.1,cds-WP_058230493.1,1519627,1519914,cds-WP_058230493.1
760,cds-WP_005653495.1,CDS,NA,1520161,1520352,+,NA,1520161,1520352,2,1,first,,cds-WP_020910025.1,cds-WP_005653495.1,cds-WP_020910025.1,1520161,1520957,cds-WP_005653495.1;cds-WP_020910025.1
760,cds-WP_020910025.1,CDS,COG1961,1520367,1520957,+,"[L] Site-specific recombinases, DNA invertase Pin homologs",1520367,1520957,2,2,last,cds-WP_005653495.1,,cds-WP_005653495.1,cds-WP_020910025.1,1520161,1520957,cds-WP_005653495.1;cds-WP_020910025.1
761,cds-WP_020910026.1,CDS,NA,1521040,1521483,+,NA,1521040,1521483,1,1,single,,,cds-WP_020910026.1,cds-WP_020910026.1,1521040,1521483,cds-WP_020910026.1
762,cds-WP_020910027.1,CDS,COG1002,1521560,1522321,-,"[V] Type II restriction enzyme, methylase subunits",1521560,1522321,1,1,single,,,cds-WP_020910027.1,cds-WP_020910027.1,1521560,1522321,cds-WP_020910027.1
763,cds-WP_020910028.1,CDS,ROG3718,1522425,1523378,-,NA,1522425,1523378,1,1,single,,,cds-WP_020910028.1,cds-WP_020910028.1,1522425,1523378,cds-WP_020910028.1
764,cds-WP_005653503.1,CDS,NA,1523922,1524155,-,NA,1523922,1524155,3,1,first,,cds-WP_005687602.1,cds-WP_005653503.1,cds-WP_005667862.1,1523509,1524155,cds-WP_005653503.1;cds-WP_005687602.1;cds-WP_005667862.1
764,cds-WP_005687602.1,CDS,NA,1523671,1523919,-,NA,1523671,1523919,3,2,internal,cds-WP_005653503.1,cds-WP_005667862.1,cds-WP_005653503.1,cds-WP_005667862.1,1523509,1524155,cds-WP_005653503.1;cds-WP_005687602.1;cds-WP_005667862.1
764,cds-WP_005667862.1,CDS,ROG7407,1523509,1523667,-,NA,1523509,1523667,3,3,last,cds-WP_005687602.1,,cds-WP_005653503.1,cds-WP_005667862.1,1523509,1524155,cds-WP_005653503.1;cds-WP_005687602.1;cds-WP_005667862.1
765,cds-WP_044509376.1,CDS,ROG1035,1524240,1524596,-,NA,1524240,1524596,1,1,single,,,cds-WP_044509376.1,cds-WP_044509376.1,1524240,1524596,cds-WP_044509376.1
766,cds-WP_020910030.1,CDS,ROG1890,1524977,1525414,+,NA,1524977,1525414,4,1,first,,cds-WP_005687598.1,cds-WP_020910030.1,cds-WP_005667853.1,1524977,1528790,cds-WP_020910030.1;cds-WP_005687598.1;cds-WP_005687597.1;cds-WP_005667853.1
766,cds-WP_005687598.1,CDS,ROG1010,1525411,1526352,+,NA,1525411,1526352,4,2,internal,cds-WP_020910030.1,cds-WP_005687597.1,cds-WP_020910030.1,cds-WP_005667853.1,1524977,1528790,cds-WP_020910030.1;cds-WP_005687598.1;cds-WP_005687597.1;cds-WP_005667853.1
766,cds-WP_005687597.1,CDS,ROG1517,1526367,1528367,+,NA,1526367,1528367,4,3,internal,cds-WP_005687598.1,cds-WP_005667853.1,cds-WP_020910030.1,cds-WP_005667853.1,1524977,1528790,cds-WP_020910030.1;cds-WP_005687598.1;cds-WP_005687597.1;cds-WP_005667853.1
766,cds-WP_005667853.1,CDS,NA,1528383,1528790,+,NA,1528383,1528790,4,4,last,cds-WP_005687597.1,,cds-WP_020910030.1,cds-WP_005667853.1,1524977,1528790,cds-WP_020910030.1;cds-WP_005687598.1;cds-WP_005687597.1;cds-WP_005667853.1
767,cds-WP_047922037.1,CDS,NA,1528835,1529014,-,NA,1528835,1529014,1,1,single,,,cds-WP_047922037.1,cds-WP_047922037.1,1528835,1529014,cds-WP_047922037.1
768,cds-WP_047922052.1,CDS,NA,1529211,1529567,+,NA,1529211,1529567,1,1,single,,,cds-WP_047922052.1,cds-WP_047922052.1,1529211,1529567,cds-WP_047922052.1
769,cds-WP_053007201.1,CDS,ROG1640,1539147,1539467,-,NA,1539147,1539467,12,1,first,,cds-WP_005750915.1,cds-WP_053007201.1,cds-WP_040975703.1,1529594,1539467,cds-WP_053007201.1;cds-WP_005750915.1;cds-WP_005653541.1;cds-WP_011271844.1;cds-WP_047922049.1;cds-WP_047922050.1;cds-WP_005687589.1;cds-WP_005653518.1;cds-WP_058230494.1;cds-WP_005687593.1;cds-WP_005667837.1;cds-WP_040975703.1
769,cds-WP_005750915.1,CDS,ROG5121,1538898,1539143,-,NA,1538898,1539143,12,2,internal,cds-WP_053007201.1,cds-WP_005653541.1,cds-WP_053007201.1,cds-WP_040975703.1,1529594,1539467,cds-WP_053007201.1;cds-WP_005750915.1;cds-WP_005653541.1;cds-WP_011271844.1;cds-WP_047922049.1;cds-WP_047922050.1;cds-WP_005687589.1;cds-WP_005653518.1;cds-WP_058230494.1;cds-WP_005687593.1;cds-WP_005667837.1;cds-WP_040975703.1
769,cds-WP_005653541.1,CDS,ROG1634,1538477,1538878,-,NA,1538477,1538878,12,3,internal,cds-WP_005750915.1,cds-WP_011271844.1,cds-WP_053007201.1,cds-WP_040975703.1,1529594,1539467,cds-WP_053007201.1;cds-WP_005750915.1;cds-WP_005653541.1;cds-WP_011271844.1;cds-WP_047922049.1;cds-WP_047922050.1;cds-WP_005687589.1;cds-WP_005653518.1;cds-WP_058230494.1;cds-WP_005687593.1;cds-WP_005667837.1;cds-WP_040975703.1
769,cds-WP_011271844.1,CDS,ROG1650,1538086,1538457,-,NA,1538086,1538457,12,4,internal,cds-WP_005653541.1,cds-WP_047922049.1,cds-WP_053007201.1,cds-WP_040975703.1,1529594,1539467,cds-WP_053007201.1;cds-WP_005750915.1;cds-WP_005653541.1;cds-WP_011271844.1;cds-WP_047922049.1;cds-WP_047922050.1;cds-WP_005687589.1;cds-WP_005653518.1;cds-WP_058230494.1;cds-WP_005687593.1;cds-WP_005667837.1;cds-WP_040975703.1
769,cds-WP_047922049.1,CDS,ROG0991,1537430,1538074,-,NA,1537430,1538074,12,5,internal,cds-WP_011271844.1,cds-WP_047922050.1,cds-WP_053007201.1,cds-WP_040975703.1,1529594,1539467,cds-WP_053007201.1;cds-WP_005750915.1;cds-WP_005653541.1;cds-WP_011271844.1;cds-WP_047922049.1;cds-WP_047922050.1;cds-WP_005687589.1;cds-WP_005653518.1;cds-WP_058230494.1;cds-WP_005687593.1;cds-WP_005667837.1;cds-WP_040975703.1
769,cds-WP_047922050.1,CDS,ROG0907,1536561,1537430,-,NA,1536561,1537430,12,6,internal,cds-WP_047922049.1,cds-WP_005687589.1,cds-WP_053007201.1,cds-WP_040975703.1,1529594,1539467,cds-WP_053007201.1;cds-WP_005750915.1;cds-WP_005653541.1;cds-WP_011271844.1;cds-WP_047922049.1;cds-WP_047922050.1;cds-WP_005687589.1;cds-WP_005653518.1;cds-WP_058230494.1;cds-WP_005687593.1;cds-WP_005667837.1;cds-WP_040975703.1
769,cds-WP_005687589.1,CDS,ROG0811,1535150,1536550,-,NA,1535150,1536550,12,7,internal,cds-WP_047922050.1,cds-WP_005653518.1,cds-WP_053007201.1,cds-WP_040975703.1,1529594,1539467,cds-WP_053007201.1;cds-WP_005750915.1;cds-WP_005653541.1;cds-WP_011271844.1;cds-WP_047922049.1;cds-WP_047922050.1;cds-WP_005687589.1;cds-WP_005653518.1;cds-WP_058230494.1;cds-WP_005687593.1;cds-WP_005667837.1;cds-WP_040975703.1
769,cds-WP_005653518.1,CDS,ROG0899,1534733,1535140,-,NA,1534733,1535140,12,8,internal,cds-WP_005687589.1,cds-WP_058230494.1,cds-WP_053007201.1,cds-WP_040975703.1,1529594,1539467,cds-WP_053007201.1;cds-WP_005750915.1;cds-WP_005653541.1;cds-WP_011271844.1;cds-WP_047922049.1;cds-WP_047922050.1;cds-WP_005687589.1;cds-WP_005653518.1;cds-WP_058230494.1;cds-WP_005687593.1;cds-WP_005667837.1;cds-WP_040975703.1
769,cds-WP_058230494.1,CDS,ROG0797,1531847,1534717,-,NA,1531847,1534717,12,9,internal,cds-WP_005653518.1,cds-WP_005687593.1,cds-WP_053007201.1,cds-WP_040975703.1,1529594,1539467,cds-WP_053007201.1;cds-WP_005750915.1;cds-WP_005653541.1;cds-WP_011271844.1;cds-WP_047922049.1;cds-WP_047922050.1;cds-WP_005687589.1;cds-WP_005653518.1;cds-WP_058230494.1;cds-WP_005687593.1;cds-WP_005667837.1;cds-WP_040975703.1
769,cds-WP_005687593.1,CDS,ROG2672,1531432,1531875,-,NA,1531432,1531875,12,10,internal,cds-WP_058230494.1,cds-WP_005667837.1,cds-WP_053007201.1,cds-WP_040975703.1,1529594,1539467,cds-WP_053007201.1;cds-WP_005750915.1;cds-WP_005653541.1;cds-WP_011271844.1;cds-WP_047922049.1;cds-WP_047922050.1;cds-WP_005687589.1;cds-WP_005653518.1;cds-WP_058230494.1;cds-WP_005687593.1;cds-WP_005667837.1;cds-WP_040975703.1
769,cds-WP_005667837.1,CDS,NA,1531099,1531422,-,NA,1531099,1531422,12,11,internal,cds-WP_005687593.1,cds-WP_040975703.1,cds-WP_053007201.1,cds-WP_040975703.1,1529594,1539467,cds-WP_053007201.1;cds-WP_005750915.1;cds-WP_005653541.1;cds-WP_011271844.1;cds-WP_047922049.1;cds-WP_047922050.1;cds-WP_005687589.1;cds-WP_005653518.1;cds-WP_058230494.1;cds-WP_005687593.1;cds-WP_005667837.1;cds-WP_040975703.1
769,cds-WP_040975703.1,CDS,ROG0967,1529594,1531090,-,NA,1529594,1531090,12,12,last,cds-WP_005667837.1,,cds-WP_053007201.1,cds-WP_040975703.1,1529594,1539467,cds-WP_053007201.1;cds-WP_005750915.1;cds-WP_005653541.1;cds-WP_011271844.1;cds-WP_047922049.1;cds-WP_047922050.1;cds-WP_005687589.1;cds-WP_005653518.1;cds-WP_058230494.1;cds-WP_005687593.1;cds-WP_005667837.1;cds-WP_040975703.1
770,pilL2,CDS,ROG1251,1544882,1545511,-,NA,1544882,1545511,7,1,first,,cds-WP_012564936.1,pilL2,cds-WP_012564939.1,1539628,1545511,pilL2;cds-WP_012564936.1;cds-WP_011271840.1;cds-WP_011271841.1;traD;cds-WP_005687581.1;cds-WP_012564939.1
770,cds-WP_012564936.1,CDS,ROG1189,1544138,1544878,-,NA,1544138,1544878,7,2,internal,pilL2,cds-WP_011271840.1,pilL2,cds-WP_012564939.1,1539628,1545511,pilL2;cds-WP_012564936.1;cds-WP_011271840.1;cds-WP_011271841.1;traD;cds-WP_005687581.1;cds-WP_012564939.1
770,cds-WP_011271840.1,CDS,NA,1543401,1544159,-,NA,1543401,1544159,7,3,internal,cds-WP_012564936.1,cds-WP_011271841.1,pilL2,cds-WP_012564939.1,1539628,1545511,pilL2;cds-WP_012564936.1;cds-WP_011271840.1;cds-WP_011271841.1;traD;cds-WP_005687581.1;cds-WP_012564939.1
770,cds-WP_011271841.1,CDS,ROG1100,1542879,1543385,-,NA,1542879,1543385,7,4,internal,cds-WP_011271840.1,traD,pilL2,cds-WP_012564939.1,1539628,1545511,pilL2;cds-WP_012564936.1;cds-WP_011271840.1;cds-WP_011271841.1;traD;cds-WP_005687581.1;cds-WP_012564939.1
770,traD,CDS,ROG0174,1540633,1542882,-,NA,1540633,1542882,7,5,internal,cds-WP_011271841.1,cds-WP_005687581.1,pilL2,cds-WP_012564939.1,1539628,1545511,pilL2;cds-WP_012564936.1;cds-WP_011271840.1;cds-WP_011271841.1;traD;cds-WP_005687581.1;cds-WP_012564939.1
770,cds-WP_005687581.1,CDS,NA,1540314,1540649,-,NA,1540314,1540649,7,6,internal,traD,cds-WP_012564939.1,pilL2,cds-WP_012564939.1,1539628,1545511,pilL2;cds-WP_012564936.1;cds-WP_011271840.1;cds-WP_011271841.1;traD;cds-WP_005687581.1;cds-WP_012564939.1
770,cds-WP_012564939.1,CDS,ROG0935,1539628,1540314,-,NA,1539628,1540314,7,7,last,cds-WP_005687581.1,,pilL2,cds-WP_012564939.1,1539628,1545511,pilL2;cds-WP_012564936.1;cds-WP_011271840.1;cds-WP_011271841.1;traD;cds-WP_005687581.1;cds-WP_012564939.1
771,cds-WP_047922047.1,CDS,ROG1688,1545610,1546341,-,NA,1545610,1546341,1,1,single,,,cds-WP_047922047.1,cds-WP_047922047.1,1545610,1546341,cds-WP_047922047.1
772,cds-WP_047922046.1,CDS,ROG1637,1546432,1546635,-,NA,1546432,1546635,1,1,single,,,cds-WP_047922046.1,cds-WP_047922046.1,1546432,1546635,cds-WP_047922046.1
773,cds-WP_001339197.1,CDS,ROG0762,1546833,1548041,+,NA,1546833,1548041,1,1,single,,,cds-WP_001339197.1,cds-WP_001339197.1,1546833,1548041,cds-WP_001339197.1
774,cds-WP_000275180.1,CDS,COG2207,1548051,1548467,-,[K] AraC-type DNA-binding domain-containing proteins  ,1548051,1548467,1,1,single,,,cds-WP_000275180.1,cds-WP_000275180.1,1548051,1548467,cds-WP_000275180.1
775,tetC,CDS,COG1309,1548555,1549148,+,[K] Transcriptional regulator    ,1548555,1549148,1,1,single,,,tetC,tetC,1548555,1549148,tetC
776,tet(B),CDS,COG0477,1549261,1550466,-,[GEPR] Permeases of the major facilitator superfamily,1549261,1550466,1,1,single,,,tet(B),tet(B),1549261,1550466,tet(B)
777,tetR(B),CDS,ROG6516,1550548,1551170,+,NA,1550548,1551170,1,1,single,,,tetR(B),tetR(B),1550548,1551170,tetR(B)
778,cds-WP_001280391.1,CDS,COG0640,1551148,1551771,-,[K] Predicted transcriptional regulators   ,1551148,1551771,1,1,single,,,cds-WP_001280391.1,cds-WP_001280391.1,1551148,1551771,cds-WP_001280391.1
779,cds-WP_000562370.1,CDS,COG2329,1552221,1552541,-,[R] Uncharacterized enzyme involved in biosynthesis of,1552221,1552541,2,1,first,,cds-WP_000460651.1,cds-WP_000562370.1,cds-WP_000460651.1,1551842,1552541,cds-WP_000562370.1;cds-WP_000460651.1
779,cds-WP_000460651.1,CDS,COG4747,1551842,1552228,-,[R] ACT domain-containing protein   ,1551842,1552228,2,2,last,cds-WP_000562370.1,,cds-WP_000562370.1,cds-WP_000460651.1,1551842,1552541,cds-WP_000562370.1;cds-WP_000460651.1
780,gltS_2,CDS,COG0786,1552985,1554190,+,[E] Na+/glutamate symporter    ,1552985,1554190,1,1,single,,,gltS_2,gltS_2,1552985,1554190,gltS_2
781,cds-WP_001303004.1,CDS,COG0583,1554421,1554546,+,[K] Transcriptional regulator    ,1554421,1554546,1,1,single,,,cds-WP_001303004.1,cds-WP_001303004.1,1554421,1554546,cds-WP_001303004.1
782,cds-WP_230306568.1,CDS,NA,1555824,1556183,-,NA,1555824,1556183,2,1,first,,cds-WP_001352368.1,cds-WP_230306568.1,cds-WP_001352368.1,1554556,1556183,cds-WP_230306568.1;cds-WP_001352368.1
782,cds-WP_001352368.1,CDS,ROG0762,1554556,1555764,-,NA,1554556,1555764,2,2,last,cds-WP_230306568.1,,cds-WP_230306568.1,cds-WP_001352368.1,1554556,1556183,cds-WP_230306568.1;cds-WP_001352368.1
783,radC,CDS,COG2003,1556276,1556746,-,[L] DNA repair proteins   ,1556276,1556746,1,1,single,,,radC,radC,1556276,1556746,radC
784,cds-WP_047922032.1,CDS,NA,1556885,1557526,-,NA,1556885,1557526,1,1,single,,,cds-WP_047922032.1,cds-WP_047922032.1,1556885,1557526,cds-WP_047922032.1
785,cds-WP_011271832.1,CDS,ROG1138,1557641,1558069,-,NA,1557641,1558069,1,1,single,,,cds-WP_011271832.1,cds-WP_011271832.1,1557641,1558069,cds-WP_011271832.1
786,cds-WP_012564926.1,CDS,COG0550,1558954,1560999,-,[L] Topoisomerase IA    ,1558954,1560999,1,1,single,,,cds-WP_012564926.1,cds-WP_012564926.1,1558954,1560999,cds-WP_012564926.1
787,cds-WP_012564925.1,CDS,ROG7244,1561090,1561647,+,NA,1561090,1561647,1,1,single,,,cds-WP_012564925.1,cds-WP_012564925.1,1561090,1561647,cds-WP_012564925.1
788,cds-WP_050951544.1,CDS,COG0629,1562408,1562830,-,[L] Single-stranded DNA-binding protein   ,1562408,1562830,2,1,first,,cds-WP_047922027.1,cds-WP_050951544.1,cds-WP_047922027.1,1561863,1562830,cds-WP_050951544.1;cds-WP_047922027.1
788,cds-WP_047922027.1,CDS,NA,1561863,1562381,-,NA,1561863,1562381,2,2,last,cds-WP_050951544.1,,cds-WP_050951544.1,cds-WP_047922027.1,1561863,1562830,cds-WP_050951544.1;cds-WP_047922027.1
789,cds-WP_005667775.1,CDS,ROG1005,1563565,1564320,-,NA,1563565,1564320,2,1,first,,cds-WP_005653583.1,cds-WP_005667775.1,cds-WP_005653583.1,1563077,1564320,cds-WP_005667775.1;cds-WP_005653583.1
789,cds-WP_005653583.1,CDS,ROG1626,1563077,1563550,-,NA,1563077,1563550,2,2,last,cds-WP_005667775.1,,cds-WP_005667775.1,cds-WP_005653583.1,1563077,1564320,cds-WP_005667775.1;cds-WP_005653583.1
790,cds-WP_012564922.1,CDS,ROG1133,1564545,1565768,-,NA,1564545,1565768,1,1,single,,,cds-WP_012564922.1,cds-WP_012564922.1,1564545,1565768,cds-WP_012564922.1
791,cds-WP_005653598.1,CDS,COG0455,1569507,1570343,-,[D] ATPases involved in chromosome partitioning ,1569507,1570343,4,1,first,,dnaB,cds-WP_005653598.1,cds-WP_005653590.1,1565918,1570343,cds-WP_005653598.1;dnaB;cds-WP_058230495.1;cds-WP_005653590.1
791,dnaB,CDS,COG0305,1568150,1569505,-,[L] Replicative DNA helicase   ,1568150,1569505,4,2,internal,cds-WP_005653598.1,cds-WP_058230495.1,cds-WP_005653598.1,cds-WP_005653590.1,1565918,1570343,cds-WP_005653598.1;dnaB;cds-WP_058230495.1;cds-WP_005653590.1
791,cds-WP_058230495.1,CDS,ROG0962,1566469,1568157,-,NA,1566469,1568157,4,3,internal,dnaB,cds-WP_005653590.1,cds-WP_005653598.1,cds-WP_005653590.1,1565918,1570343,cds-WP_005653598.1;dnaB;cds-WP_058230495.1;cds-WP_005653590.1
791,cds-WP_005653590.1,CDS,ROG0760,1565918,1566469,-,NA,1565918,1566469,4,4,last,cds-WP_058230495.1,,cds-WP_005653598.1,cds-WP_005653590.1,1565918,1570343,cds-WP_005653598.1;dnaB;cds-WP_058230495.1;cds-WP_005653590.1
792,rna-MIDG2331_RS07260,tRNA,NA,1570847,1570922,-,NA,1570847,1570922,5,1,first,,rna-MIDG2331_RS07255,rna-MIDG2331_RS07260,rna-MIDG2331_RS07240,1570419,1570922,rna-MIDG2331_RS07260;rna-MIDG2331_RS07255;rna-MIDG2331_RS07250;rna-MIDG2331_RS07245;rna-MIDG2331_RS07240
792,rna-MIDG2331_RS07255,tRNA,NA,1570749,1570835,-,NA,1570749,1570835,5,2,internal,rna-MIDG2331_RS07260,rna-MIDG2331_RS07250,rna-MIDG2331_RS07260,rna-MIDG2331_RS07240,1570419,1570922,rna-MIDG2331_RS07260;rna-MIDG2331_RS07255;rna-MIDG2331_RS07250;rna-MIDG2331_RS07245;rna-MIDG2331_RS07240
792,rna-MIDG2331_RS07250,tRNA,NA,1570647,1570722,-,NA,1570647,1570722,5,3,internal,rna-MIDG2331_RS07255,rna-MIDG2331_RS07245,rna-MIDG2331_RS07260,rna-MIDG2331_RS07240,1570419,1570922,rna-MIDG2331_RS07260;rna-MIDG2331_RS07255;rna-MIDG2331_RS07250;rna-MIDG2331_RS07245;rna-MIDG2331_RS07240
792,rna-MIDG2331_RS07245,tRNA,NA,1570538,1570624,-,NA,1570538,1570624,5,4,internal,rna-MIDG2331_RS07250,rna-MIDG2331_RS07240,rna-MIDG2331_RS07260,rna-MIDG2331_RS07240,1570419,1570922,rna-MIDG2331_RS07260;rna-MIDG2331_RS07255;rna-MIDG2331_RS07250;rna-MIDG2331_RS07245;rna-MIDG2331_RS07240
792,rna-MIDG2331_RS07240,tRNA,NA,1570419,1570505,-,NA,1570419,1570505,5,5,last,rna-MIDG2331_RS07245,,rna-MIDG2331_RS07260,rna-MIDG2331_RS07240,1570419,1570922,rna-MIDG2331_RS07260;rna-MIDG2331_RS07255;rna-MIDG2331_RS07250;rna-MIDG2331_RS07245;rna-MIDG2331_RS07240
793,mfd,CDS,COG1197,1571090,1574539,-,[LK] Transcription-repair coupling factor (superfamily II helicase),1571090,1574539,1,1,single,,,mfd,mfd,1571090,1574539,mfd
794,pepN,CDS,COG0308,1574641,1577250,+,[E] Aminopeptidase N    ,1574641,1577250,1,1,single,,,pepN,pepN,1574641,1577250,pepN
795,plsY,CDS,COG0344,1577388,1577978,-,[S] Predicted membrane protein   ,1577388,1577978,1,1,single,,,plsY,plsY,1577388,1577978,plsY
796,folB,CDS,COG1539,1578050,1578403,+,[H] Dihydroneopterin aldolase    ,1578050,1578403,1,1,single,,,folB,folB,1578050,1578403,folB
797,cdd,CDS,COG0295,1578512,1579405,+,[F] Cytidine deaminase    ,1578512,1579405,1,1,single,,,cdd,cdd,1578512,1579405,cdd
798,ftsY,CDS,COG0552,1581144,1582877,-,[U] Signal recognition particle GTPase  ,1581144,1582877,3,1,first,,ftsE,ftsY,ftsX,1579452,1582877,ftsY;ftsE;ftsX
798,ftsE,CDS,COG2884,1580400,1581053,-,[D] Predicted ATPase involved in cell division,1580400,1581053,3,2,internal,ftsY,ftsX,ftsY,ftsX,1579452,1582877,ftsY;ftsE;ftsX
798,ftsX,CDS,COG2177,1579452,1580390,-,[D] Cell division protein   ,1579452,1580390,3,3,last,ftsE,,ftsY,ftsX,1579452,1582877,ftsY;ftsE;ftsX
799,rsmD,CDS,COG0742,1582955,1583548,+,[L] N6-adenine-specific methylase    ,1582955,1583548,1,1,single,,,rsmD,rsmD,1582955,1583548,rsmD
800,cds-WP_005598462.1,CDS,COG3099,1583613,1583924,+,[S] Uncharacterized protein conserved in bacteria ,1583613,1583924,2,1,first,,hpaC,cds-WP_005598462.1,hpaC,1583613,1584452,cds-WP_005598462.1;hpaC
800,hpaC,CDS,COG1853,1583940,1584452,+,[R] Conserved protein/domain typically associated with flavoprotein,1583940,1584452,2,2,last,cds-WP_005598462.1,,cds-WP_005598462.1,hpaC,1583613,1584452,cds-WP_005598462.1;hpaC
801,tehB,CDS,COG3615,1584567,1585439,+,"[P] Uncharacterized protein/domain, possibly involved in tellurite",1584567,1585439,1,1,single,,,tehB,tehB,1584567,1585439,tehB
802,artP,CDS,COG4161,1587666,1588400,-,"[E] ABC-type arginine transport system, ATPase component",1587666,1588400,4,1,first,,cds-WP_005619670.1,artP,artM,1585567,1588400,artP;cds-WP_005619670.1;artQ;artM
802,cds-WP_005619670.1,CDS,COG0834,1586927,1587646,-,"[ET] ABC-type amino acid transport/signal transduction systems,",1586927,1587646,4,2,internal,artP,artQ,artP,artM,1585567,1588400,artP;cds-WP_005619670.1;artQ;artM
802,artQ,CDS,COG4215,1586250,1586921,-,"[E] ABC-type arginine transport system, permease component",1586250,1586921,4,3,internal,cds-WP_005619670.1,artM,artP,artM,1585567,1588400,artP;cds-WP_005619670.1;artQ;artM
802,artM,CDS,COG4160,1585567,1586250,-,"[E] ABC-type arginine/histidine transport system, permease component",1585567,1586250,4,4,last,artQ,,artP,artM,1585567,1588400,artP;cds-WP_005619670.1;artQ;artM
803,cds-WP_005601953.1,CDS,COG1881,1588625,1589122,-,[R] Phospholipid-binding protein    ,1588625,1589122,1,1,single,,,cds-WP_005601953.1,cds-WP_005601953.1,1588625,1589122,cds-WP_005601953.1
804,cds-WP_005619672.1,CDS,COG0530,1589195,1590157,+,[P] Ca2+/Na+ antiporter    ,1589195,1590157,1,1,single,,,cds-WP_005619672.1,cds-WP_005619672.1,1589195,1590157,cds-WP_005619672.1
805,cds-WP_005619674.1,CDS,COG4679,1590509,1590880,-,[S] Phage-related protein    ,1590509,1590880,2,1,first,,cds-WP_005598477.1,cds-WP_005619674.1,cds-WP_005598477.1,1590235,1590880,cds-WP_005619674.1;cds-WP_005598477.1
805,cds-WP_005598477.1,CDS,COG3620,1590235,1590528,-,[K] Predicted transcriptional regulator with C-terminal CBS,1590235,1590528,2,2,last,cds-WP_005619674.1,,cds-WP_005619674.1,cds-WP_005598477.1,1590235,1590880,cds-WP_005619674.1;cds-WP_005598477.1
806,cds-WP_039709264.1,CDS,COG4232,1591074,1592825,+,[OC] Thiol:disulfide interchange protein   ,1591074,1592825,2,1,first,,cds-WP_005608594.1,cds-WP_039709264.1,cds-WP_005608594.1,1591074,1593452,cds-WP_039709264.1;cds-WP_005608594.1
806,cds-WP_005608594.1,CDS,COG3101,1592883,1593452,+,[S] Uncharacterized protein conserved in bacteria ,1592883,1593452,2,2,last,cds-WP_039709264.1,,cds-WP_039709264.1,cds-WP_005608594.1,1591074,1593452,cds-WP_039709264.1;cds-WP_005608594.1
807,rsmI,CDS,COG0313,1593496,1594350,-,[R] Predicted methyltransferases    ,1593496,1594350,1,1,single,,,rsmI,rsmI,1593496,1594350,rsmI
808,cds-WP_039709265.1,CDS,COG3107,1594423,1596171,+,[R] Putative lipoprotein    ,1594423,1596171,4,1,first,,cds-WP_005598490.1,cds-WP_039709265.1,dolP,1594423,1597713,cds-WP_039709265.1;cds-WP_005598490.1;cds-WP_039709266.1;dolP
808,cds-WP_005598490.1,CDS,COG0792,1596146,1596517,+,[L] Predicted endonuclease distantly related to archaeal,1596146,1596517,4,2,internal,cds-WP_039709265.1,cds-WP_039709266.1,cds-WP_039709265.1,dolP,1594423,1597713,cds-WP_039709265.1;cds-WP_005598490.1;cds-WP_039709266.1;dolP
808,cds-WP_039709266.1,CDS,COG0279,1596526,1597104,+,[G] Phosphoheptose isomerase    ,1596526,1597104,4,3,internal,cds-WP_005598490.1,dolP,cds-WP_039709265.1,dolP,1594423,1597713,cds-WP_039709265.1;cds-WP_005598490.1;cds-WP_039709266.1;dolP
808,dolP,CDS,COG2823,1597126,1597713,+,[R] Predicted periplasmic or secreted lipoprotein ,1597126,1597713,4,4,last,cds-WP_039709266.1,,cds-WP_039709265.1,dolP,1594423,1597713,cds-WP_039709265.1;cds-WP_005598490.1;cds-WP_039709266.1;dolP
809,mltF,CDS,COG4623,1597925,1599376,-,[M] Predicted soluble lytic transglycosylase fused to,1597925,1599376,2,1,first,,cds-WP_005598497.1,mltF,cds-WP_005598497.1,1597783,1599376,mltF;cds-WP_005598497.1
809,cds-WP_005598497.1,CDS,NA,1597783,1597920,-,NA,1597783,1597920,2,2,last,mltF,,mltF,cds-WP_005598497.1,1597783,1599376,mltF;cds-WP_005598497.1
810,rna-MIDG2331_RS07415,tRNA,NA,1599777,1599871,-,NA,1599777,1599871,3,1,first,,rna-MIDG2331_RS07410,rna-MIDG2331_RS07415,rna-MIDG2331_RS07405,1599538,1599871,rna-MIDG2331_RS07415;rna-MIDG2331_RS07410;rna-MIDG2331_RS07405
810,rna-MIDG2331_RS07410,tRNA,NA,1599687,1599763,-,NA,1599687,1599763,3,2,internal,rna-MIDG2331_RS07415,rna-MIDG2331_RS07405,rna-MIDG2331_RS07415,rna-MIDG2331_RS07405,1599538,1599871,rna-MIDG2331_RS07415;rna-MIDG2331_RS07410;rna-MIDG2331_RS07405
810,rna-MIDG2331_RS07405,tRNA,NA,1599538,1599614,-,NA,1599538,1599614,3,3,last,rna-MIDG2331_RS07410,,rna-MIDG2331_RS07415,rna-MIDG2331_RS07405,1599538,1599871,rna-MIDG2331_RS07415;rna-MIDG2331_RS07410;rna-MIDG2331_RS07405
811,ccmA,CDS,COG4133,1604492,1605127,-,[O] ABC-type transport system involved in cytochrome,1604492,1605127,6,1,first,,ccmB,ccmA,cds-WP_005601968.1,1600163,1605127,ccmA;ccmB;cds-WP_005598508.1;ccmD;ccmE;cds-WP_005601968.1
811,ccmB,CDS,COG2386,1603833,1604495,-,[O] ABC-type transport system involved in cytochrome,1603833,1604495,6,2,internal,ccmA,cds-WP_005598508.1,ccmA,cds-WP_005601968.1,1600163,1605127,ccmA;ccmB;cds-WP_005598508.1;ccmD;ccmE;cds-WP_005601968.1
811,cds-WP_005598508.1,CDS,COG0755,1603051,1603782,-,[O] ABC-type transport system involved in cytochrome,1603051,1603782,6,3,internal,ccmB,ccmD,ccmA,cds-WP_005601968.1,1600163,1605127,ccmA;ccmB;cds-WP_005598508.1;ccmD;ccmE;cds-WP_005601968.1
811,ccmD,CDS,COG3114,1602841,1603038,-,[U] Heme exporter protein D  ,1602841,1603038,6,4,internal,cds-WP_005598508.1,ccmE,ccmA,cds-WP_005601968.1,1600163,1605127,ccmA;ccmB;cds-WP_005598508.1;ccmD;ccmE;cds-WP_005601968.1
811,ccmE,CDS,COG2332,1602112,1602657,-,[O] Cytochrome c-type biogenesis protein CcmE ,1602112,1602657,6,5,internal,ccmD,cds-WP_005601968.1,ccmA,cds-WP_005601968.1,1600163,1605127,ccmA;ccmB;cds-WP_005598508.1;ccmD;ccmE;cds-WP_005601968.1
811,cds-WP_005601968.1,CDS,COG1138,1600163,1602112,-,[O] Cytochrome c biogenesis factor  ,1600163,1602112,6,6,last,ccmE,,ccmA,cds-WP_005601968.1,1600163,1605127,ccmA;ccmB;cds-WP_005598508.1;ccmD;ccmE;cds-WP_005601968.1
812,hda,CDS,NA,1605268,1605978,-,NA,1605268,1605978,1,1,single,,,hda,hda,1605268,1605978,hda
813,rna-MIDG2331_RS07475,rRNA,NA,1609946,1611487,-,NA,1609946,1611487,5,1,first,,rna-MIDG2331_RS07470,rna-MIDG2331_RS07475,rrf_3,1606217,1611487,rna-MIDG2331_RS07475;rna-MIDG2331_RS07470;rna-MIDG2331_RS07465;rna-MIDG2331_RS07460;rrf_3
813,rna-MIDG2331_RS07470,tRNA,NA,1609787,1609863,-,NA,1609787,1609863,5,2,internal,rna-MIDG2331_RS07475,rna-MIDG2331_RS07465,rna-MIDG2331_RS07475,rrf_3,1606217,1611487,rna-MIDG2331_RS07475;rna-MIDG2331_RS07470;rna-MIDG2331_RS07465;rna-MIDG2331_RS07460;rrf_3
813,rna-MIDG2331_RS07465,tRNA,NA,1609660,1609735,-,NA,1609660,1609735,5,3,internal,rna-MIDG2331_RS07470,rna-MIDG2331_RS07460,rna-MIDG2331_RS07475,rrf_3,1606217,1611487,rna-MIDG2331_RS07475;rna-MIDG2331_RS07470;rna-MIDG2331_RS07465;rna-MIDG2331_RS07460;rrf_3
813,rna-MIDG2331_RS07460,rRNA,NA,1606492,1609393,-,NA,1606492,1609393,5,4,internal,rna-MIDG2331_RS07465,rrf_3,rna-MIDG2331_RS07475,rrf_3,1606217,1611487,rna-MIDG2331_RS07475;rna-MIDG2331_RS07470;rna-MIDG2331_RS07465;rna-MIDG2331_RS07460;rrf_3
813,rrf_3,rRNA,NA,1606217,1606332,-,NA,1606217,1606332,5,5,last,rna-MIDG2331_RS07460,,rna-MIDG2331_RS07475,rrf_3,1606217,1611487,rna-MIDG2331_RS07475;rna-MIDG2331_RS07470;rna-MIDG2331_RS07465;rna-MIDG2331_RS07460;rrf_3
814,cds-WP_005598525.1,CDS,ROG1743,1611972,1612805,+,NA,1611972,1612805,1,1,single,,,cds-WP_005598525.1,cds-WP_005598525.1,1611972,1612805,cds-WP_005598525.1
815,cds-WP_039709270.1,CDS,COG3630,1612987,1613244,+,"[C] Na+-transporting methylmalonyl-CoA/oxaloacetate decarboxylase, gamma subunit ",1612987,1613244,3,1,first,,oadA,cds-WP_039709270.1,cds-WP_005598530.1,1612987,1616383,cds-WP_039709270.1;oadA;cds-WP_005598530.1
815,oadA,CDS,COG5016,1613260,1615062,+,[C] Pyruvate/oxaloacetate carboxyltransferase    ,1613260,1615062,3,2,internal,cds-WP_039709270.1,cds-WP_005598530.1,cds-WP_039709270.1,cds-WP_005598530.1,1612987,1616383,cds-WP_039709270.1;oadA;cds-WP_005598530.1
815,cds-WP_005598530.1,CDS,COG1883,1615079,1616383,+,"[C] Na+-transporting methylmalonyl-CoA/oxaloacetate decarboxylase, beta subunit ",1615079,1616383,3,3,last,oadA,,cds-WP_039709270.1,cds-WP_005598530.1,1612987,1616383,cds-WP_039709270.1;oadA;cds-WP_005598530.1
816,cds-WP_005601984.1,CDS,COG2824,1616516,1616839,+,[P] Uncharacterized Zn-ribbon-containing protein involved in phosphonate,1616516,1616839,1,1,single,,,cds-WP_005601984.1,cds-WP_005601984.1,1616516,1616839,cds-WP_005601984.1
817,cds-WP_039709271.1,CDS,COG1858,1617011,1618411,+,[P] Cytochrome c peroxidase   ,1617011,1618411,1,1,single,,,cds-WP_039709271.1,cds-WP_039709271.1,1617011,1618411,cds-WP_039709271.1
818,cds-WP_005601986.1,CDS,COG0762,1618772,1619305,-,[S] Predicted integral membrane protein  ,1618772,1619305,2,1,first,,yggU,cds-WP_005601986.1,yggU,1618477,1619305,cds-WP_005601986.1;yggU
818,yggU,CDS,COG1872,1618477,1618770,-,[S] Uncharacterized conserved protein   ,1618477,1618770,2,2,last,cds-WP_005601986.1,,cds-WP_005601986.1,yggU,1618477,1619305,cds-WP_005601986.1;yggU
819,yceD,CDS,COG1399,1622833,1623357,-,"[R] Predicted metal-binding, possibly nucleic acid-binding protein",1622833,1623357,6,1,first,,rpmF,yceD,cds-WP_005598541.1,1619427,1623357,yceD;rpmF;plsX;cds-WP_039709272.1;trmB;cds-WP_005598541.1
819,rpmF,CDS,COG0333,1622645,1622815,-,[J] Ribosomal protein L32   ,1622645,1622815,6,2,internal,yceD,plsX,yceD,cds-WP_005598541.1,1619427,1623357,yceD;rpmF;plsX;cds-WP_039709272.1;trmB;cds-WP_005598541.1
819,plsX,CDS,COG0416,1621586,1622620,-,[I] Fatty acid/phospholipid biosynthesis enzyme  ,1621586,1622620,6,3,internal,rpmF,cds-WP_039709272.1,yceD,cds-WP_005598541.1,1619427,1623357,yceD;rpmF;plsX;cds-WP_039709272.1;trmB;cds-WP_005598541.1
819,cds-WP_039709272.1,CDS,COG0332,1620624,1621574,-,[I] 3-oxoacyl-[acyl-carrier-protein] synthase III   ,1620624,1621574,6,4,internal,plsX,trmB,yceD,cds-WP_005598541.1,1619427,1623357,yceD;rpmF;plsX;cds-WP_039709272.1;trmB;cds-WP_005598541.1
819,trmB,CDS,COG0220,1619824,1620576,-,[R] Predicted S-adenosylmethionine-dependent methyltransferase   ,1619824,1620576,6,5,internal,cds-WP_039709272.1,cds-WP_005598541.1,yceD,cds-WP_005598541.1,1619427,1623357,yceD;rpmF;plsX;cds-WP_039709272.1;trmB;cds-WP_005598541.1
819,cds-WP_005598541.1,CDS,COG3171,1619427,1619768,-,[S] Uncharacterized protein conserved in bacteria ,1619427,1619768,6,6,last,trmB,,yceD,cds-WP_005598541.1,1619427,1623357,yceD;rpmF;plsX;cds-WP_039709272.1;trmB;cds-WP_005598541.1
820,cds-WP_005615785.1,CDS,COG4137,1623577,1624368,+,"[R] ABC-type uncharacterized transport system, permease component",1623577,1624368,2,1,first,,cds-WP_005620489.1,cds-WP_005615785.1,cds-WP_005620489.1,1623577,1625726,cds-WP_005615785.1;cds-WP_005620489.1
820,cds-WP_005620489.1,CDS,COG4536,1624464,1625726,+,[P] Putative Mg2+ and Co2+ transporter CorB,1624464,1625726,2,2,last,cds-WP_005615785.1,,cds-WP_005615785.1,cds-WP_005620489.1,1623577,1625726,cds-WP_005615785.1;cds-WP_005620489.1
821,cds-WP_005598562.1,CDS,COG0733,1626105,1627619,+,[R] Na+-dependent transporters of the SNF family,1626105,1627619,2,1,first,,cds-WP_005618985.1,cds-WP_005598562.1,cds-WP_005618985.1,1626105,1627722,cds-WP_005598562.1;cds-WP_005618985.1
821,cds-WP_005618985.1,CDS,NA,1627630,1627722,+,NA,1627630,1627722,2,2,last,cds-WP_005598562.1,,cds-WP_005598562.1,cds-WP_005618985.1,1626105,1627722,cds-WP_005598562.1;cds-WP_005618985.1
822,manX,CDS,COG3444,1628007,1628978,+,"[G] Phosphotransferase system, mannose/fructose/N-acetylgalactosamine-specific component IIB ",1628007,1628978,6,1,first,,cds-WP_005598566.1,manX,cds-WP_005605308.1,1628007,1632977,manX;cds-WP_005598566.1;cds-WP_005598569.1;cds-WP_005618984.1;manA;cds-WP_005605308.1
822,cds-WP_005598566.1,CDS,COG3715,1628991,1629791,+,"[G] Phosphotransferase system, mannose/fructose/N-acetylgalactosamine-specific component IIC ",1628991,1629791,6,2,internal,manX,cds-WP_005598569.1,manX,cds-WP_005605308.1,1628007,1632977,manX;cds-WP_005598566.1;cds-WP_005598569.1;cds-WP_005618984.1;manA;cds-WP_005605308.1
822,cds-WP_005598569.1,CDS,COG3716,1629805,1630641,+,"[G] Phosphotransferase system, mannose/fructose/N-acetylgalactosamine-specific component IID ",1629805,1630641,6,3,internal,cds-WP_005598566.1,cds-WP_005618984.1,manX,cds-WP_005605308.1,1628007,1632977,manX;cds-WP_005598566.1;cds-WP_005598569.1;cds-WP_005618984.1;manA;cds-WP_005605308.1
822,cds-WP_005618984.1,CDS,COG4811,1630740,1631198,+,[S] Predicted membrane protein   ,1630740,1631198,6,4,internal,cds-WP_005598569.1,manA,manX,cds-WP_005605308.1,1628007,1632977,manX;cds-WP_005598566.1;cds-WP_005598569.1;cds-WP_005618984.1;manA;cds-WP_005605308.1
822,manA,CDS,COG1482,1631195,1632400,+,[G] Phosphomannose isomerase    ,1631195,1632400,6,5,internal,cds-WP_005618984.1,cds-WP_005605308.1,manX,cds-WP_005605308.1,1628007,1632977,manX;cds-WP_005598566.1;cds-WP_005598569.1;cds-WP_005618984.1;manA;cds-WP_005605308.1
822,cds-WP_005605308.1,CDS,COG4521,1632462,1632977,+,"[P] ABC-type taurine transport system, periplasmic component",1632462,1632977,6,6,last,manA,,manX,cds-WP_005605308.1,1628007,1632977,manX;cds-WP_005598566.1;cds-WP_005598569.1;cds-WP_005618984.1;manA;cds-WP_005605308.1
823,apxIB,CDS,COG2274,1634504,1636627,-,"[V] ABC-type bacteriocin/lantibiotic exporters, contain an N-terminal",1634504,1636627,2,1,first,,apxID,apxIB,apxID,1633059,1636627,apxIB;apxID
823,apxID,CDS,COG1566,1633059,1634495,-,[V] Multidrug resistance efflux pump  ,1633059,1634495,2,2,last,apxIB,,apxIB,apxID,1633059,1636627,apxIB;apxID
824,cds-WP_005608612.1,CDS,NA,1636708,1637010,-,NA,1636708,1637010,1,1,single,,,cds-WP_005608612.1,cds-WP_005608612.1,1636708,1637010,cds-WP_005608612.1
825,cds-WP_005605312.1,CDS,COG1840,1637482,1638522,+,"[P] ABC-type Fe3+ transport system, periplasmic component",1637482,1638522,3,1,first,,cds-WP_005608614.1,cds-WP_005605312.1,fbpC,1637482,1641784,cds-WP_005605312.1;cds-WP_005608614.1;fbpC
825,cds-WP_005608614.1,CDS,COG1178,1638628,1640691,+,"[P] ABC-type Fe3+ transport system, permease component",1638628,1640691,3,2,internal,cds-WP_005605312.1,fbpC,cds-WP_005605312.1,fbpC,1637482,1641784,cds-WP_005605312.1;cds-WP_005608614.1;fbpC
825,fbpC,CDS,COG3842,1640738,1641784,+,"[E] ABC-type spermidine/putrescine transport systems, ATPase components",1640738,1641784,3,3,last,cds-WP_005608614.1,,cds-WP_005605312.1,fbpC,1637482,1641784,cds-WP_005605312.1;cds-WP_005608614.1;fbpC
826,mpl,CDS,COG0773,1641875,1643239,-,[M] UDP-N-acetylmuramate-alanine ligase    ,1641875,1643239,1,1,single,,,mpl,mpl,1641875,1643239,mpl
827,fbp,CDS,COG0158,1643362,1644366,+,"[G] Fructose-1,6-bisphosphatase     ",1643362,1644366,1,1,single,,,fbp,fbp,1643362,1644366,fbp
828,cds-WP_144435021.1-2,CDS,ROG1067,1645082,1645297,-,NA,1645082,1645297,2,1,first,,cds-WP_058230496.1,cds-WP_144435021.1-2,cds-WP_058230496.1,1644522,1645297,cds-WP_144435021.1-2;cds-WP_058230496.1
828,cds-WP_058230496.1,CDS,COG3328,1644522,1645085,-,[L] Transposase and inactivated derivatives  ,1644522,1645085,2,2,last,cds-WP_144435021.1-2,,cds-WP_144435021.1-2,cds-WP_058230496.1,1644522,1645297,cds-WP_144435021.1-2;cds-WP_058230496.1
829,cds-MIDG2331_RS11810,CDS,COG3677,1645370,1645432,-,[L] Transposase and inactivated derivatives  ,1645370,1645432,1,1,single,,,cds-MIDG2331_RS11810,cds-MIDG2331_RS11810,1645370,1645432,cds-MIDG2331_RS11810
830,rpsL,CDS,COG0048,1649646,1650020,-,[J] Ribosomal protein S12   ,1649646,1650020,4,1,first,,rpsG,rpsL,tuf,1645588,1650020,rpsL;rpsG;fusA;tuf
830,rpsG,CDS,COG0049,1649039,1649509,-,[J] Ribosomal protein S7   ,1649039,1649509,4,2,internal,rpsL,fusA,rpsL,tuf,1645588,1650020,rpsL;rpsG;fusA;tuf
830,fusA,CDS,COG0480,1646834,1648939,-,[J] Translation elongation factors (GTPases)  ,1646834,1648939,4,3,internal,rpsG,tuf,rpsL,tuf,1645588,1650020,rpsL;rpsG;fusA;tuf
830,tuf,CDS,COG0050,1645588,1646772,-,[J] GTPases - translation elongation factors ,1645588,1646772,4,4,last,fusA,,rpsL,tuf,1645588,1650020,rpsL;rpsG;fusA;tuf
831,waaF,CDS,COG0859,1651176,1652213,-,[M] ADP-heptose:LPS heptosyltransferase    ,1651176,1652213,2,1,first,,rfaC,waaF,rfaC,1650142,1652213,waaF;rfaC
831,rfaC,CDS,COG0859,1650142,1651101,-,[M] ADP-heptose:LPS heptosyltransferase    ,1650142,1651101,2,2,last,waaF,,waaF,rfaC,1650142,1652213,waaF;rfaC
832,cds-WP_005599908.1,CDS,ROG2426,1652295,1652699,-,NA,1652295,1652699,1,1,single,,,cds-WP_005599908.1,cds-WP_005599908.1,1652295,1652699,cds-WP_005599908.1
833,cds-WP_039709275.1,CDS,COG3061,1652821,1654212,-,[M] Cell envelope opacity-associated protein A ,1652821,1654212,1,1,single,,,cds-WP_039709275.1,cds-WP_039709275.1,1652821,1654212,cds-WP_039709275.1
834,cds-WP_005599904.1,CDS,COG1555,1654513,1654857,+,[L] DNA uptake protein and related DNA-binding,1654513,1654857,1,1,single,,,cds-WP_005599904.1,cds-WP_005599904.1,1654513,1654857,cds-WP_005599904.1
835,asd_2,CDS,COG0688,1655008,1655898,+,[I] Phosphatidylserine decarboxylase    ,1655008,1655898,1,1,single,,,asd_2,asd_2,1655008,1655898,asd_2
836,hsdR,CDS,COG4096,1656015,1658378,+,"[V] Type I site-specific restriction-modification system, R",1656015,1658378,5,1,first,,cds-WP_039709277.1,hsdR,cds-WP_005599934.1,1656015,1663256,hsdR;cds-WP_039709277.1;cds-WP_005608627.1;cds-WP_058230497.1;cds-WP_005599934.1
836,cds-WP_039709277.1,CDS,COG0286,1658462,1659931,+,[V] Type I restriction-modification system methyltransferase subunit,1658462,1659931,5,2,internal,hsdR,cds-WP_005608627.1,hsdR,cds-WP_005599934.1,1656015,1663256,hsdR;cds-WP_039709277.1;cds-WP_005608627.1;cds-WP_058230497.1;cds-WP_005599934.1
836,cds-WP_005608627.1,CDS,COG3943,1659940,1660935,+,[R] Virulence protein    ,1659940,1660935,5,3,internal,cds-WP_039709277.1,cds-WP_058230497.1,hsdR,cds-WP_005599934.1,1656015,1663256,hsdR;cds-WP_039709277.1;cds-WP_005608627.1;cds-WP_058230497.1;cds-WP_005599934.1
836,cds-WP_058230497.1,CDS,COG0732,1660932,1662401,+,[V] Restriction endonuclease S subunits  ,1660932,1662401,5,4,internal,cds-WP_005608627.1,cds-WP_005599934.1,hsdR,cds-WP_005599934.1,1656015,1663256,hsdR;cds-WP_039709277.1;cds-WP_005608627.1;cds-WP_058230497.1;cds-WP_005599934.1
836,cds-WP_005599934.1,CDS,COG4974,1662453,1663256,+,[L] Site-specific recombinase XerD   ,1662453,1663256,5,5,last,cds-WP_058230497.1,,hsdR,cds-WP_005599934.1,1656015,1663256,hsdR;cds-WP_039709277.1;cds-WP_005608627.1;cds-WP_058230497.1;cds-WP_005599934.1
837,cds-WP_081043521.1,CDS,COG0732,1663296,1664579,-,[V] Restriction endonuclease S subunits  ,1663296,1664579,1,1,single,,,cds-WP_081043521.1,cds-WP_081043521.1,1663296,1664579,cds-WP_081043521.1
838,gshAB,CDS,COG2918,1664766,1667039,+,[H] Gamma-glutamylcysteine synthetase    ,1664766,1667039,1,1,single,,,gshAB,gshAB,1664766,1667039,gshAB
839,cds-WP_005619829.1,CDS,ROG0188,1667131,1667751,-,NA,1667131,1667751,1,1,single,,,cds-WP_005619829.1,cds-WP_005619829.1,1667131,1667751,cds-WP_005619829.1
840,cds-WP_039709282.1,CDS,COG0814,1667951,1669153,+,[E] Amino acid permeases   ,1667951,1669153,1,1,single,,,cds-WP_039709282.1,cds-WP_039709282.1,1667951,1669153,cds-WP_039709282.1
841,cds-WP_005598606.1,CDS,COG3691,1669217,1669510,-,[S] Uncharacterized protein conserved in bacteria ,1669217,1669510,1,1,single,,,cds-WP_005598606.1,cds-WP_005598606.1,1669217,1669510,cds-WP_005598606.1
842,cds-WP_005620526.1,CDS,COG4989,1669650,1670552,+,[R] Predicted oxidoreductase    ,1669650,1670552,1,1,single,,,cds-WP_005620526.1,cds-WP_005620526.1,1669650,1670552,cds-WP_005620526.1
843,cds-WP_039709283.1,CDS,COG1022,1670615,1672390,-,[I] Long-chain acyl-CoA synthetases (AMP-forming)  ,1670615,1672390,1,1,single,,,cds-WP_039709283.1,cds-WP_039709283.1,1670615,1672390,cds-WP_039709283.1
844,mqo,CDS,COG0579,1672571,1674046,-,[R] Predicted dehydrogenase    ,1672571,1674046,1,1,single,,,mqo,mqo,1672571,1674046,mqo
845,cds-WP_005602056.1,CDS,NA,1674154,1674567,-,NA,1674154,1674567,1,1,single,,,cds-WP_005602056.1,cds-WP_005602056.1,1674154,1674567,cds-WP_005602056.1
846,cds-WP_005598617.1,CDS,ROG6708,1674787,1675128,+,NA,1674787,1675128,2,1,first,,cds-WP_005598619.1,cds-WP_005598617.1,cds-WP_005598619.1,1674787,1675595,cds-WP_005598617.1;cds-WP_005598619.1
846,cds-WP_005598619.1,CDS,COG4125,1675170,1675595,+,[S] Predicted membrane protein   ,1675170,1675595,2,2,last,cds-WP_005598617.1,,cds-WP_005598617.1,cds-WP_005598619.1,1674787,1675595,cds-WP_005598617.1;cds-WP_005598619.1
847,mglB,CDS,COG1879,1678255,1679247,-,"[G] ABC-type sugar transport system, periplasmic component",1678255,1679247,3,1,first,,mglA,mglB,mglC,1675666,1679247,mglB;mglA;mglC
847,mglA,CDS,COG1129,1676693,1678192,-,"[G] ABC-type sugar transport system, ATPase component",1676693,1678192,3,2,internal,mglB,mglC,mglB,mglC,1675666,1679247,mglB;mglA;mglC
847,mglC,CDS,COG4211,1675666,1676676,-,"[G] ABC-type glucose/galactose transport system, permease component",1675666,1676676,3,3,last,mglA,,mglB,mglC,1675666,1679247,mglB;mglA;mglC
848,ompA,CDS,COG2885,1679501,1680607,-,[M] Outer membrane protein and related peptidoglycan-associated,1679501,1680607,1,1,single,,,ompA,ompA,1679501,1680607,ompA
849,ydiJ,CDS,COG0277,1681035,1684124,+,[C] FAD/FMN-containing dehydrogenases    ,1681035,1684124,1,1,single,,,ydiJ,ydiJ,1681035,1684124,ydiJ
850,cds-WP_005598632.1,CDS,COG2050,1684257,1684682,+,"[Q] Uncharacterized protein, possibly involved in aromatic",1684257,1684682,1,1,single,,,cds-WP_005598632.1,cds-WP_005598632.1,1684257,1684682,cds-WP_005598632.1
851,yidC,CDS,COG0706,1684835,1686463,+,[U] Preprotein translocase subunit YidC  ,1684835,1686463,1,1,single,,,yidC,yidC,1684835,1686463,yidC
852,napF,CDS,COG1145,1692535,1693065,-,[C] Ferredoxin     ,1692535,1693065,7,1,first,,cds-WP_005598644.1,napF,cds-WP_005605279.1,1686748,1693065,napF;cds-WP_005598644.1;napA;napG;napH;cds-WP_005598639.1;cds-WP_005605279.1
852,cds-WP_005598644.1,CDS,COG3062,1692263,1692532,-,[P] Uncharacterized protein involved in formation of,1692263,1692532,7,2,internal,napF,napA,napF,cds-WP_005605279.1,1686748,1693065,napF;cds-WP_005598644.1;napA;napG;napH;cds-WP_005598639.1;cds-WP_005605279.1
852,napA,CDS,COG0243,1689748,1692231,-,"[C] Anaerobic dehydrogenases, typically selenocysteine-containing  ",1689748,1692231,7,3,internal,cds-WP_005598644.1,napG,napF,cds-WP_005605279.1,1686748,1693065,napF;cds-WP_005598644.1;napA;napG;napH;cds-WP_005598639.1;cds-WP_005605279.1
852,napG,CDS,COG1145,1688708,1689613,-,[C] Ferredoxin     ,1688708,1689613,7,4,internal,napA,napH,napF,cds-WP_005605279.1,1686748,1693065,napF;cds-WP_005598644.1;napA;napG;napH;cds-WP_005598639.1;cds-WP_005605279.1
852,napH,CDS,COG0348,1687815,1688708,-,[C] Polyferredoxin     ,1687815,1688708,7,5,internal,napG,cds-WP_005598639.1,napF,cds-WP_005605279.1,1686748,1693065,napF;cds-WP_005598644.1;napA;napG;napH;cds-WP_005598639.1;cds-WP_005605279.1
852,cds-WP_005598639.1,CDS,COG3043,1687374,1687796,-,[C] Nitrate reductase cytochrome c-type subunit ,1687374,1687796,7,6,internal,napH,cds-WP_005605279.1,napF,cds-WP_005605279.1,1686748,1693065,napF;cds-WP_005598644.1;napA;napG;napH;cds-WP_005598639.1;cds-WP_005605279.1
852,cds-WP_005605279.1,CDS,COG3005,1686748,1687362,-,"[C] Nitrate/TMAO reductases, membrane-bound tetraheme cytochrome c",1686748,1687362,7,7,last,cds-WP_005598639.1,,napF,cds-WP_005605279.1,1686748,1693065,napF;cds-WP_005598644.1;napA;napG;napH;cds-WP_005598639.1;cds-WP_005605279.1
853,cds-WP_039709284.1,CDS,COG2249,1693264,1693839,+,[R] Putative NADPH-quinone reductase (modulator of drug,1693264,1693839,1,1,single,,,cds-WP_039709284.1,cds-WP_039709284.1,1693264,1693839,cds-WP_039709284.1
854,cds-WP_144435020.1-2,CDS,COG2963,1694855,1695308,-,[L] Transposase and inactivated derivatives  ,1694855,1695308,2,1,first,,cds-WP_144435020.1-2_2,cds-WP_144435020.1-2,cds-WP_144435020.1-2_2,1693975,1695308,cds-WP_144435020.1-2;cds-WP_144435020.1-2_2
854,cds-WP_144435020.1-2_2,CDS,NA,1693975,1694855,-,NA,1693975,1694855,2,2,last,cds-WP_144435020.1-2,,cds-WP_144435020.1-2,cds-WP_144435020.1-2_2,1693975,1695308,cds-WP_144435020.1-2;cds-WP_144435020.1-2_2
855,cds-WP_012263235.1,CDS,COG4314,1695412,1695924,-,[C] Predicted lipoprotein involved in nitrous oxide,1695412,1695924,1,1,single,,,cds-WP_012263235.1,cds-WP_012263235.1,1695412,1695924,cds-WP_012263235.1
856,rne,CDS,COG1530,1696085,1699072,-,[J] Ribonucleases G and E  ,1696085,1699072,1,1,single,,,rne,rne,1696085,1699072,rne
857,cds-WP_005598659.1,CDS,ROG0285,1699473,1700549,+,NA,1699473,1700549,1,1,single,,,cds-WP_005598659.1,cds-WP_005598659.1,1699473,1700549,cds-WP_005598659.1
858,cds-WP_039709285.1,CDS,COG1755,1700619,1701140,-,[S] Uncharacterized protein conserved in bacteria ,1700619,1701140,1,1,single,,,cds-WP_039709285.1,cds-WP_039709285.1,1700619,1701140,cds-WP_039709285.1
859,ubiD,CDS,COG0043,1701290,1702753,-,[H] 3-polyprenyl-4-hydroxybenzoate decarboxylase and related decarboxylases ,1701290,1702753,1,1,single,,,ubiD,ubiD,1701290,1702753,ubiD
860,znuA,CDS,COG4531,1702899,1703876,+,"[P] ABC-type Zn2+ transport system, periplasmic component/surface",1702899,1703876,1,1,single,,,znuA,znuA,1702899,1703876,znuA
861,cds-WP_144435021.1-3,CDS,ROG1067,1704535,1704750,-,NA,1704535,1704750,2,1,first,,cds-WP_058230496.1-2,cds-WP_144435021.1-3,cds-WP_058230496.1-2,1703975,1704750,cds-WP_144435021.1-3;cds-WP_058230496.1-2
861,cds-WP_058230496.1-2,CDS,COG3328,1703975,1704538,-,[L] Transposase and inactivated derivatives  ,1703975,1704538,2,2,last,cds-WP_144435021.1-3,,cds-WP_144435021.1-3,cds-WP_058230496.1-2,1703975,1704750,cds-WP_144435021.1-3;cds-WP_058230496.1-2
862,cds-MIDG2331_RS11815,CDS,COG3677,1704823,1704885,-,[L] Transposase and inactivated derivatives  ,1704823,1704885,1,1,single,,,cds-MIDG2331_RS11815,cds-MIDG2331_RS11815,1704823,1704885,cds-MIDG2331_RS11815
863,cds-WP_039709296.1,CDS,COG0678,1704978,1705712,-,[O] Peroxiredoxin     ,1704978,1705712,1,1,single,,,cds-WP_039709296.1,cds-WP_039709296.1,1704978,1705712,cds-WP_039709296.1
864,oxyR,CDS,COG0583,1705837,1706730,+,[K] Transcriptional regulator    ,1705837,1706730,4,1,first,,fabR,oxyR,rnr,1705837,1710292,oxyR;fabR;cds-WP_039709293.1;rnr
864,fabR,CDS,COG1309,1706723,1707355,+,[K] Transcriptional regulator    ,1706723,1707355,4,2,internal,oxyR,cds-WP_039709293.1,oxyR,rnr,1705837,1710292,oxyR;fabR;cds-WP_039709293.1;rnr
864,cds-WP_039709293.1,CDS,COG0526,1707355,1707870,+,[OC] Thiol-disulfide isomerase and thioredoxins  ,1707355,1707870,4,3,internal,fabR,rnr,oxyR,rnr,1705837,1710292,oxyR;fabR;cds-WP_039709293.1;rnr
864,rnr,CDS,COG0557,1707938,1710292,+,[K] Exoribonuclease R    ,1707938,1710292,4,4,last,cds-WP_039709293.1,,oxyR,rnr,1705837,1710292,oxyR;fabR;cds-WP_039709293.1;rnr
865,cds-WP_039709590.1,CDS,NA,1710405,1710869,+,NA,1710405,1710869,1,1,single,,,cds-WP_039709590.1,cds-WP_039709590.1,1710405,1710869,cds-WP_039709590.1
866,tyrS,CDS,COG0162,1711215,1712405,+,[J] Tyrosyl-tRNA synthetase    ,1711215,1712405,1,1,single,,,tyrS,tyrS,1711215,1712405,tyrS
867,rpsU,CDS,COG0828,1716441,1716656,-,[J] Ribosomal protein S21   ,1716441,1716656,3,1,first,,dnaG,rpsU,rpoD,1712558,1716656,rpsU;dnaG;rpoD
867,dnaG,CDS,COG0358,1714522,1716264,-,[L] DNA primase (bacterial type)  ,1714522,1716264,3,2,internal,rpsU,rpoD,rpsU,rpoD,1712558,1716656,rpsU;dnaG;rpoD
867,rpoD,CDS,COG0568,1712558,1714420,-,"[K] DNA-directed RNA polymerase, sigma subunit (sigma70/sigma32)",1712558,1714420,3,3,last,dnaG,,rpsU,rpoD,1712558,1716656,rpsU;dnaG;rpoD
868,cds-WP_231944206.1,CDS,COG3274,1717981,1718958,-,[S] Uncharacterized protein conserved in bacteria ,1717981,1718958,2,1,first,,rfbB,cds-WP_231944206.1,rfbB,1716894,1718958,cds-WP_231944206.1;rfbB
868,rfbB,CDS,COG1088,1716894,1717967,-,"[M] dTDP-D-glucose 4,6-dehydratase    ",1716894,1717967,2,2,last,cds-WP_231944206.1,,cds-WP_231944206.1,rfbB,1716894,1718958,cds-WP_231944206.1;rfbB
869,cds-WP_012263245.1,CDS,COG3765,1729379,1730491,-,[M] Chain length determinant protein  ,1729379,1730491,11,1,first,,cds-WP_171823685.1,cds-WP_012263245.1,cds-WP_228369113.1,1719045,1730491,cds-WP_012263245.1;cds-WP_171823685.1;cds-WP_012263247.1;cds-WP_012263248.1;cds-WP_005608732.1;cds-WP_039709289.1;cds-WP_039709667.1;glf;cds-WP_039709290.1;cds-WP_039709291.1;cds-WP_228369113.1
869,cds-WP_171823685.1,CDS,ROG1617,1728573,1729376,-,NA,1728573,1729376,11,2,internal,cds-WP_012263245.1,cds-WP_012263247.1,cds-WP_012263245.1,cds-WP_228369113.1,1719045,1730491,cds-WP_012263245.1;cds-WP_171823685.1;cds-WP_012263247.1;cds-WP_012263248.1;cds-WP_005608732.1;cds-WP_039709289.1;cds-WP_039709667.1;glf;cds-WP_039709290.1;cds-WP_039709291.1;cds-WP_228369113.1
869,cds-WP_012263247.1,CDS,COG0438,1727485,1728552,-,[M] Glycosyltransferase     ,1727485,1728552,11,3,internal,cds-WP_171823685.1,cds-WP_012263248.1,cds-WP_012263245.1,cds-WP_228369113.1,1719045,1730491,cds-WP_012263245.1;cds-WP_171823685.1;cds-WP_012263247.1;cds-WP_012263248.1;cds-WP_005608732.1;cds-WP_039709289.1;cds-WP_039709667.1;glf;cds-WP_039709290.1;cds-WP_039709291.1;cds-WP_228369113.1
869,cds-WP_012263248.1,CDS,COG0463,1726424,1727476,-,[M] Glycosyltransferases involved in cell wall biogenesis,1726424,1727476,11,4,internal,cds-WP_012263247.1,cds-WP_005608732.1,cds-WP_012263245.1,cds-WP_228369113.1,1719045,1730491,cds-WP_012263245.1;cds-WP_171823685.1;cds-WP_012263247.1;cds-WP_012263248.1;cds-WP_005608732.1;cds-WP_039709289.1;cds-WP_039709667.1;glf;cds-WP_039709290.1;cds-WP_039709291.1;cds-WP_228369113.1
869,cds-WP_005608732.1,CDS,ROG1116,1725358,1726407,-,NA,1725358,1726407,11,5,internal,cds-WP_012263248.1,cds-WP_039709289.1,cds-WP_012263245.1,cds-WP_228369113.1,1719045,1730491,cds-WP_012263245.1;cds-WP_171823685.1;cds-WP_012263247.1;cds-WP_012263248.1;cds-WP_005608732.1;cds-WP_039709289.1;cds-WP_039709667.1;glf;cds-WP_039709290.1;cds-WP_039709291.1;cds-WP_228369113.1
869,cds-WP_039709289.1,CDS,NA,1724024,1725355,-,NA,1724024,1725355,11,6,internal,cds-WP_005608732.1,cds-WP_039709667.1,cds-WP_012263245.1,cds-WP_228369113.1,1719045,1730491,cds-WP_012263245.1;cds-WP_171823685.1;cds-WP_012263247.1;cds-WP_012263248.1;cds-WP_005608732.1;cds-WP_039709289.1;cds-WP_039709667.1;glf;cds-WP_039709290.1;cds-WP_039709291.1;cds-WP_228369113.1
869,cds-WP_039709667.1,CDS,COG2244,1722576,1724027,-,[R] Membrane protein involved in the export,1722576,1724027,11,7,internal,cds-WP_039709289.1,glf,cds-WP_012263245.1,cds-WP_228369113.1,1719045,1730491,cds-WP_012263245.1;cds-WP_171823685.1;cds-WP_012263247.1;cds-WP_012263248.1;cds-WP_005608732.1;cds-WP_039709289.1;cds-WP_039709667.1;glf;cds-WP_039709290.1;cds-WP_039709291.1;cds-WP_228369113.1
869,glf,CDS,COG0562,1721436,1722533,-,[M] UDP-galactopyranose mutase    ,1721436,1722533,11,8,internal,cds-WP_039709667.1,cds-WP_039709290.1,cds-WP_012263245.1,cds-WP_228369113.1,1719045,1730491,cds-WP_012263245.1;cds-WP_171823685.1;cds-WP_012263247.1;cds-WP_012263248.1;cds-WP_005608732.1;cds-WP_039709289.1;cds-WP_039709667.1;glf;cds-WP_039709290.1;cds-WP_039709291.1;cds-WP_228369113.1
869,cds-WP_039709290.1,CDS,COG2148,1720108,1721418,-,[M] Sugar transferases involved in lipopolysaccharide synthesis,1720108,1721418,11,9,internal,glf,cds-WP_039709291.1,cds-WP_012263245.1,cds-WP_228369113.1,1719045,1730491,cds-WP_012263245.1;cds-WP_171823685.1;cds-WP_012263247.1;cds-WP_012263248.1;cds-WP_005608732.1;cds-WP_039709289.1;cds-WP_039709667.1;glf;cds-WP_039709290.1;cds-WP_039709291.1;cds-WP_228369113.1
869,cds-WP_039709291.1,CDS,COG1835,1719625,1720104,-,[I] Predicted acyltransferases    ,1719625,1720104,11,10,internal,cds-WP_039709290.1,cds-WP_228369113.1,cds-WP_012263245.1,cds-WP_228369113.1,1719045,1730491,cds-WP_012263245.1;cds-WP_171823685.1;cds-WP_012263247.1;cds-WP_012263248.1;cds-WP_005608732.1;cds-WP_039709289.1;cds-WP_039709667.1;glf;cds-WP_039709290.1;cds-WP_039709291.1;cds-WP_228369113.1
869,cds-WP_228369113.1,CDS,COG1835,1719045,1719392,-,[I] Predicted acyltransferases    ,1719045,1719392,11,11,last,cds-WP_039709291.1,,cds-WP_012263245.1,cds-WP_228369113.1,1719045,1730491,cds-WP_012263245.1;cds-WP_171823685.1;cds-WP_012263247.1;cds-WP_012263248.1;cds-WP_005608732.1;cds-WP_039709289.1;cds-WP_039709667.1;glf;cds-WP_039709290.1;cds-WP_039709291.1;cds-WP_228369113.1
870,erpA,CDS,COG0316,1730637,1730978,+,[S] Uncharacterized conserved protein   ,1730637,1730978,1,1,single,,,erpA,erpA,1730637,1730978,erpA
871,cds-WP_039709287.1,CDS,COG1575,1731056,1731964,-,"[H] 1,4-dihydroxy-2-naphthoate octaprenyltransferase    ",1731056,1731964,1,1,single,,,cds-WP_039709287.1,cds-WP_039709287.1,1731056,1731964,cds-WP_039709287.1
872,tsaA,CDS,COG1720,1732061,1732819,+,[S] Uncharacterized conserved protein   ,1732061,1732819,2,1,first,,cds-WP_005602096.1,tsaA,cds-WP_005602096.1,1732061,1733577,tsaA;cds-WP_005602096.1
872,cds-WP_005602096.1,CDS,COG3471,1732861,1733577,+,[S] Predicted periplasmic/secreted protein   ,1732861,1733577,2,2,last,tsaA,,tsaA,cds-WP_005602096.1,1732061,1733577,tsaA;cds-WP_005602096.1
873,aqpZ,CDS,COG0580,1733723,1734409,+,[G] Glycerol uptake facilitator and related permeases,1733723,1734409,1,1,single,,,aqpZ,aqpZ,1733723,1734409,aqpZ
874,cds-WP_005605333.1,CDS,NA,1734478,1734615,+,NA,1734478,1734615,1,1,single,,,cds-WP_005605333.1,cds-WP_005605333.1,1734478,1734615,cds-WP_005605333.1
875,slyD,CDS,COG1047,1734758,1735351,+,[O] FKBP-type peptidyl-prolyl cis-trans isomerases 2 ,1734758,1735351,1,1,single,,,slyD,slyD,1734758,1735351,slyD
876,ilvA,CDS,COG1171,1735477,1737003,+,[E] Threonine dehydratase    ,1735477,1737003,4,1,first,,glmM,ilvA,serA,1735477,1740588,ilvA;glmM;rpiA;serA
876,glmM,CDS,COG1109,1737075,1738409,+,[G] Phosphomannomutase     ,1737075,1738409,4,2,internal,ilvA,rpiA,ilvA,serA,1735477,1740588,ilvA;glmM;rpiA;serA
876,rpiA,CDS,COG0120,1738556,1739215,+,[G] Ribose 5-phosphate isomerase   ,1738556,1739215,4,3,internal,glmM,serA,ilvA,serA,1735477,1740588,ilvA;glmM;rpiA;serA
876,serA,CDS,COG0111,1739359,1740588,+,[HE] Phosphoglycerate dehydrogenase and related dehydrogenases ,1739359,1740588,4,4,last,rpiA,,ilvA,serA,1735477,1740588,ilvA;glmM;rpiA;serA
877,cds-MIDG2331_RS11820,CDS,COG3677,1740740,1740802,+,[L] Transposase and inactivated derivatives  ,1740740,1740802,1,1,single,,,cds-MIDG2331_RS11820,cds-MIDG2331_RS11820,1740740,1740802,cds-MIDG2331_RS11820
878,cds-WP_144435021.1-4,CDS,ROG1067,1740875,1741090,+,NA,1740875,1741090,2,1,first,,cds-WP_058230466.1-2,cds-WP_144435021.1-4,cds-WP_058230466.1-2,1740875,1741650,cds-WP_144435021.1-4;cds-WP_058230466.1-2
878,cds-WP_058230466.1-2,CDS,COG3328,1741087,1741650,+,[L] Transposase and inactivated derivatives  ,1741087,1741650,2,2,last,cds-WP_144435021.1-4,,cds-WP_144435021.1-4,cds-WP_058230466.1-2,1740875,1741650,cds-WP_144435021.1-4;cds-WP_058230466.1-2
879,cds-WP_414973567.1-2,CDS,COG3677,1741884,1742777,-,[L] Transposase and inactivated derivatives  ,1741884,1742777,1,1,single,,,cds-WP_414973567.1-2,cds-WP_414973567.1-2,1741884,1742777,cds-WP_414973567.1-2
880,pdxY,CDS,COG2240,1742920,1743780,-,[H] Pyridoxal/pyridoxine/pyridoxamine kinase    ,1742920,1743780,1,1,single,,,pdxY,pdxY,1742920,1743780,pdxY
881,rna-MIDG2331_RS08070,tRNA,NA,1743881,1743956,+,NA,1743881,1743956,1,1,single,,,rna-MIDG2331_RS08070,rna-MIDG2331_RS08070,1743881,1743956,rna-MIDG2331_RS08070
882,accA,CDS,COG0825,1744084,1745037,-,[I] Acetyl-CoA carboxylase alpha subunit  ,1744084,1745037,1,1,single,,,accA,accA,1744084,1745037,accA
883,cds-WP_005608765.1,CDS,COG0204,1746569,1747315,-,[I] 1-acyl-sn-glycerol-3-phosphate acyltransferase    ,1746569,1747315,2,1,first,,cds-WP_005598726.1,cds-WP_005608765.1,cds-WP_005598726.1,1745154,1747315,cds-WP_005608765.1;cds-WP_005598726.1
883,cds-WP_005598726.1,CDS,COG2132,1745154,1746566,-,[Q] Putative multicopper oxidases   ,1745154,1746566,2,2,last,cds-WP_005608765.1,,cds-WP_005608765.1,cds-WP_005598726.1,1745154,1747315,cds-WP_005608765.1;cds-WP_005598726.1
884,tpx,CDS,COG2077,1747458,1747958,+,[O] Peroxiredoxin     ,1747458,1747958,1,1,single,,,tpx,tpx,1747458,1747958,tpx
885,mnmE,CDS,COG0486,1748081,1749439,+,[R] Predicted GTPase    ,1748081,1749439,1,1,single,,,mnmE,mnmE,1748081,1749439,mnmE
886,cds-WP_005602150.1,CDS,COG3830,1750915,1751187,-,[T] ACT domain-containing protein   ,1750915,1751187,2,1,first,,cds-WP_039709591.1,cds-WP_005602150.1,cds-WP_039709591.1,1749547,1751187,cds-WP_005602150.1;cds-WP_039709591.1
886,cds-WP_039709591.1,CDS,COG2848,1749547,1750902,-,[S] Uncharacterized conserved protein   ,1749547,1750902,2,2,last,cds-WP_005602150.1,,cds-WP_005602150.1,cds-WP_039709591.1,1749547,1751187,cds-WP_005602150.1;cds-WP_039709591.1
887,cds-WP_005598738.1,CDS,COG1741,1751325,1752014,-,[R] Pirin-related protein    ,1751325,1752014,1,1,single,,,cds-WP_005598738.1,cds-WP_005598738.1,1751325,1752014,cds-WP_005598738.1
888,cds-WP_005598741.1,CDS,COG0783,1752330,1752899,+,[P] DNA-binding ferritin-like protein (oxidative damage protectant),1752330,1752899,1,1,single,,,cds-WP_005598741.1,cds-WP_005598741.1,1752330,1752899,cds-WP_005598741.1
889,cds-WP_005598743.1,CDS,COG2932,1753132,1753434,+,[K] Predicted transcriptional regulator   ,1753132,1753434,1,1,single,,,cds-WP_005598743.1,cds-WP_005598743.1,1753132,1753434,cds-WP_005598743.1
890,cds-WP_039709297.1,CDS,ROG0998,1753581,1754945,+,NA,1753581,1754945,1,1,single,,,cds-WP_039709297.1,cds-WP_039709297.1,1753581,1754945,cds-WP_039709297.1
891,yccS,CDS,COG1289,1755013,1757187,-,[S] Predicted membrane protein   ,1755013,1757187,1,1,single,,,yccS,yccS,1755013,1757187,yccS
892,mgsA,CDS,COG1803,1757269,1757727,-,[G] Methylglyoxal synthase    ,1757269,1757727,1,1,single,,,mgsA,mgsA,1757269,1757727,mgsA
893,thrC,CDS,COG0498,1757860,1759140,+,[E] Threonine synthase    ,1757860,1759140,1,1,single,,,thrC,thrC,1757860,1759140,thrC
894,cds-MIDG2331_RS11340,CDS,COG2963,1759226,1760625,+,[L] Transposase and inactivated derivatives  ,1759226,1760625,1,1,single,,,cds-MIDG2331_RS11340,cds-MIDG2331_RS11340,1759226,1760625,cds-MIDG2331_RS11340
895,cds-WP_039709668.1,CDS,NA,1763564,1764241,-,NA,1763564,1764241,2,1,first,,cds-WP_039709300.1,cds-WP_039709668.1,cds-WP_039709300.1,1760684,1764241,cds-WP_039709668.1;cds-WP_039709300.1
895,cds-WP_039709300.1,CDS,COG0525,1760684,1763548,-,[J] Valyl-tRNA synthetase    ,1760684,1763548,2,2,last,cds-WP_039709668.1,,cds-WP_039709668.1,cds-WP_039709300.1,1760684,1764241,cds-WP_039709668.1;cds-WP_039709300.1
896,cds-WP_039709303.1,CDS,COG2927,1766299,1766736,-,"[L] DNA polymerase III, chi subunit ",1766299,1766736,5,1,first,,cds-WP_039709302.1,cds-WP_039709303.1,cds-WP_331709057.1,1764509,1766736,cds-WP_039709303.1;cds-WP_039709302.1;cds-WP_039709301.1;cds-WP_231944209.1;cds-WP_331709057.1
896,cds-WP_039709302.1,CDS,COG2153,1765850,1766281,-,[R] Predicted acyltransferase    ,1765850,1766281,5,2,internal,cds-WP_039709303.1,cds-WP_039709301.1,cds-WP_039709303.1,cds-WP_331709057.1,1764509,1766736,cds-WP_039709303.1;cds-WP_039709302.1;cds-WP_039709301.1;cds-WP_231944209.1;cds-WP_331709057.1
896,cds-WP_039709301.1,CDS,COG3318,1765270,1765848,-,[R] Predicted metal-binding protein related to the,1765270,1765848,5,3,internal,cds-WP_039709302.1,cds-WP_231944209.1,cds-WP_039709303.1,cds-WP_331709057.1,1764509,1766736,cds-WP_039709303.1;cds-WP_039709302.1;cds-WP_039709301.1;cds-WP_231944209.1;cds-WP_331709057.1
896,cds-WP_231944209.1,CDS,COG3177,1764806,1765258,-,[S] Uncharacterized conserved protein   ,1764806,1765258,5,4,internal,cds-WP_039709301.1,cds-WP_331709057.1,cds-WP_039709303.1,cds-WP_331709057.1,1764509,1766736,cds-WP_039709303.1;cds-WP_039709302.1;cds-WP_039709301.1;cds-WP_231944209.1;cds-WP_331709057.1
896,cds-WP_331709057.1,CDS,COG3177,1764509,1764799,-,[S] Uncharacterized conserved protein   ,1764509,1764799,5,5,last,cds-WP_231944209.1,,cds-WP_039709303.1,cds-WP_331709057.1,1764509,1766736,cds-WP_039709303.1;cds-WP_039709302.1;cds-WP_039709301.1;cds-WP_231944209.1;cds-WP_331709057.1
897,lysM,CDS,COG1652,1766988,1767431,+,[S] Uncharacterized protein containing LysM domain ,1766988,1767431,1,1,single,,,lysM,lysM,1766988,1767431,lysM
898,tig,CDS,COG0544,1767633,1768934,+,[O] FKBP-type peptidyl-prolyl cis-trans isomerase (trigger factor),1767633,1768934,1,1,single,,,tig,tig,1767633,1768934,tig
899,cds-WP_039709305.1,CDS,COG0607,1769067,1769516,+,[P] Rhodanese-related sulfurtransferase    ,1769067,1769516,4,1,first,,secB,cds-WP_039709305.1,cysE,1769067,1772063,cds-WP_039709305.1;secB;gpsA;cysE
899,secB,CDS,COG1952,1769541,1770041,+,[U] Preprotein translocase subunit SecB  ,1769541,1770041,4,2,internal,cds-WP_039709305.1,gpsA,cds-WP_039709305.1,cysE,1769067,1772063,cds-WP_039709305.1;secB;gpsA;cysE
899,gpsA,CDS,COG0240,1770226,1771236,+,[C] Glycerol-3-phosphate dehydrogenase    ,1770226,1771236,4,3,internal,secB,cysE,cds-WP_039709305.1,cysE,1769067,1772063,cds-WP_039709305.1;secB;gpsA;cysE
899,cysE,CDS,COG1045,1771248,1772063,+,[E] Serine acetyltransferase    ,1771248,1772063,4,4,last,gpsA,,cds-WP_039709305.1,cysE,1769067,1772063,cds-WP_039709305.1;secB;gpsA;cysE
900,tuf_2,CDS,COG0050,1772258,1773442,-,[J] GTPases - translation elongation factors ,1772258,1773442,1,1,single,,,tuf_2,tuf_2,1772258,1773442,tuf_2
901,rna-MIDG2331_RS08235,tRNA,NA,1773875,1773950,-,NA,1773875,1773950,4,1,first,,rna-MIDG2331_RS08230,rna-MIDG2331_RS08235,rna-MIDG2331_RS08220,1773556,1773950,rna-MIDG2331_RS08235;rna-MIDG2331_RS08230;rna-MIDG2331_RS08225;rna-MIDG2331_RS08220
901,rna-MIDG2331_RS08230,tRNA,NA,1773754,1773838,-,NA,1773754,1773838,4,2,internal,rna-MIDG2331_RS08235,rna-MIDG2331_RS08225,rna-MIDG2331_RS08235,rna-MIDG2331_RS08220,1773556,1773950,rna-MIDG2331_RS08235;rna-MIDG2331_RS08230;rna-MIDG2331_RS08225;rna-MIDG2331_RS08220
901,rna-MIDG2331_RS08225,tRNA,NA,1773635,1773709,-,NA,1773635,1773709,4,3,internal,rna-MIDG2331_RS08230,rna-MIDG2331_RS08220,rna-MIDG2331_RS08235,rna-MIDG2331_RS08220,1773556,1773950,rna-MIDG2331_RS08235;rna-MIDG2331_RS08230;rna-MIDG2331_RS08225;rna-MIDG2331_RS08220
901,rna-MIDG2331_RS08220,tRNA,NA,1773556,1773631,-,NA,1773556,1773631,4,4,last,rna-MIDG2331_RS08225,,rna-MIDG2331_RS08235,rna-MIDG2331_RS08220,1773556,1773950,rna-MIDG2331_RS08235;rna-MIDG2331_RS08230;rna-MIDG2331_RS08225;rna-MIDG2331_RS08220
902,coaA,CDS,COG1072,1774196,1775146,+,[H] Panthothenate kinase    ,1774196,1775146,1,1,single,,,coaA,coaA,1774196,1775146,coaA
903,cds-WP_005598787.1,CDS,COG0526,1775281,1775823,+,[OC] Thiol-disulfide isomerase and thioredoxins  ,1775281,1775823,3,1,first,,cds-WP_005605432.1,cds-WP_005598787.1,ccmI,1775281,1777209,cds-WP_005598787.1;cds-WP_005605432.1;ccmI
903,cds-WP_005605432.1,CDS,COG3088,1775804,1776295,+,[O] Uncharacterized protein involved in biosynthesis of,1775804,1776295,3,2,internal,cds-WP_005598787.1,ccmI,cds-WP_005598787.1,ccmI,1775281,1777209,cds-WP_005598787.1;cds-WP_005605432.1;ccmI
903,ccmI,CDS,COG4235,1776295,1777209,+,[O] Cytochrome c biogenesis factor  ,1776295,1777209,3,3,last,cds-WP_005605432.1,,cds-WP_005598787.1,ccmI,1775281,1777209,cds-WP_005598787.1;cds-WP_005605432.1;ccmI
904,mog,CDS,COG0521,1777281,1777865,+,[H] Molybdopterin biosynthesis enzymes   ,1777281,1777865,1,1,single,,,mog,mog,1777281,1777865,mog
905,glnB,CDS,COG0347,1777976,1778314,+,[E] Nitrogen regulatory protein PII  ,1777976,1778314,1,1,single,,,glnB,glnB,1777976,1778314,glnB
906,lspA,CDS,COG0597,1778393,1778875,+,[MU] Lipoprotein signal peptidase   ,1778393,1778875,3,1,first,,ispH,lspA,cds-WP_005598800.1,1778393,1780068,lspA;ispH;cds-WP_005598800.1
906,ispH,CDS,COG0761,1778876,1779820,+,[IM] Penicillin tolerance protein   ,1778876,1779820,3,2,internal,lspA,cds-WP_005598800.1,lspA,cds-WP_005598800.1,1778393,1780068,lspA;ispH;cds-WP_005598800.1
906,cds-WP_005598800.1,CDS,COG2938,1779820,1780068,+,[S] Uncharacterized conserved protein   ,1779820,1780068,3,3,last,ispH,,lspA,cds-WP_005598800.1,1778393,1780068,lspA;ispH;cds-WP_005598800.1
907,hutW,CDS,COG3721,1780736,1782553,-,[P] Putative heme iron utilization protein ,1780736,1782553,2,1,first,,cds-WP_005598802.1,hutW,cds-WP_005598802.1,1780137,1782553,hutW;cds-WP_005598802.1
907,cds-WP_005598802.1,CDS,COG0702,1780137,1780736,-,[MG] Predicted nucleoside-diphosphate-sugar epimerases   ,1780137,1780736,2,2,last,hutW,,hutW,cds-WP_005598802.1,1780137,1782553,hutW;cds-WP_005598802.1
908,lysA,CDS,COG0019,1783393,1784643,-,[E] Diaminopimelate decarboxylase    ,1783393,1784643,2,1,first,,cds-WP_005598806.1,lysA,cds-WP_005598806.1,1782710,1784643,lysA;cds-WP_005598806.1
908,cds-WP_005598806.1,CDS,COG0625,1782710,1783327,-,[O] Glutathione S-transferase    ,1782710,1783327,2,2,last,lysA,,lysA,cds-WP_005598806.1,1782710,1784643,lysA;cds-WP_005598806.1
909,lptM,CDS,COG5567,1784766,1784879,-,[N] Predicted small periplasmic lipoprotein  ,1784766,1784879,1,1,single,,,lptM,lptM,1784766,1784879,lptM
910,frdA,CDS,COG1053,1786562,1788361,-,"[C] Succinate dehydrogenase/fumarate reductase, flavoprotein subunit ",1786562,1788361,4,1,first,,cds-WP_012263269.1,frdA,frdD,1785057,1788361,frdA;cds-WP_012263269.1;frdC;frdD
910,cds-WP_012263269.1,CDS,COG0479,1785815,1786549,-,"[C] Succinate dehydrogenase/fumarate reductase, Fe-S protein subunit",1785815,1786549,4,2,internal,frdA,frdC,frdA,frdD,1785057,1788361,frdA;cds-WP_012263269.1;frdC;frdD
910,frdC,CDS,COG3029,1785414,1785806,-,[C] Fumarate reductase subunit C  ,1785414,1785806,4,3,internal,cds-WP_012263269.1,frdD,frdA,frdD,1785057,1788361,frdA;cds-WP_012263269.1;frdC;frdD
910,frdD,CDS,COG3080,1785057,1785401,-,[C] Fumarate reductase subunit D  ,1785057,1785401,4,4,last,frdC,,frdA,frdD,1785057,1788361,frdA;cds-WP_012263269.1;frdC;frdD
911,epmA,CDS,COG2269,1788704,1789687,+,"[J] Truncated, possibly inactive, lysyl-tRNA synthetase (class",1788704,1789687,1,1,single,,,epmA,epmA,1788704,1789687,epmA
912,dapF,CDS,COG0253,1789769,1790593,-,[E] Diaminopimelate epimerase    ,1789769,1790593,1,1,single,,,dapF,dapF,1789769,1790593,dapF
913,cds-WP_009875241.1,CDS,COG2704,1790774,1792096,+,[R] Anaerobic C4-dicarboxylate transporter   ,1790774,1792096,1,1,single,,,cds-WP_009875241.1,cds-WP_009875241.1,1790774,1792096,cds-WP_009875241.1
914,cds-WP_039709309.1,CDS,NA,1792542,1793606,-,NA,1792542,1793606,2,1,first,,cds-WP_005598830.1,cds-WP_039709309.1,cds-WP_005598830.1,1792168,1793606,cds-WP_039709309.1;cds-WP_005598830.1
914,cds-WP_005598830.1,CDS,COG0239,1792168,1792539,-,[D] Integral membrane protein possibly involved in,1792168,1792539,2,2,last,cds-WP_039709309.1,,cds-WP_039709309.1,cds-WP_005598830.1,1792168,1793606,cds-WP_039709309.1;cds-WP_005598830.1
915,cds-WP_039709310.1,CDS,COG2377,1793701,1794810,+,[O] Predicted molecular chaperone distantly related to,1793701,1794810,2,1,first,,murQ,cds-WP_039709310.1,murQ,1793701,1795777,cds-WP_039709310.1;murQ
915,murQ,CDS,COG2103,1794863,1795777,+,[R] Predicted sugar phosphate isomerase  ,1794863,1795777,2,2,last,cds-WP_039709310.1,,cds-WP_039709310.1,murQ,1793701,1795777,cds-WP_039709310.1;murQ
916,prmA,CDS,COG2264,1795844,1796725,-,[J] Ribosomal protein L11 methylase  ,1795844,1796725,1,1,single,,,prmA,prmA,1795844,1796725,prmA
917,cds-WP_005619269.1,CDS,COG4453,1797279,1797539,-,[S] Uncharacterized protein conserved in bacteria ,1797279,1797539,2,1,first,,cds-WP_005598840.1,cds-WP_005619269.1,cds-WP_005598840.1,1796808,1797539,cds-WP_005619269.1;cds-WP_005598840.1
917,cds-WP_005598840.1,CDS,COG0454,1796808,1797275,-,[KR] Histone acetyltransferase HPA2 and related acetyltransferases,1796808,1797275,2,2,last,cds-WP_005619269.1,,cds-WP_005619269.1,cds-WP_005598840.1,1796808,1797539,cds-WP_005619269.1;cds-WP_005598840.1
918,tldD,CDS,COG0312,1797660,1799120,-,[R] Predicted Zn-dependent proteases and their inactivated,1797660,1799120,1,1,single,,,tldD,tldD,1797660,1799120,tldD
919,tilS,CDS,COG0037,1799250,1800509,+,[D] Predicted ATPase of the PP-loop superfamily,1799250,1800509,1,1,single,,,tilS,tilS,1799250,1800509,tilS
920,xerD,CDS,COG4974,1800828,1801721,-,[L] Site-specific recombinase XerD   ,1800828,1801721,2,1,first,,cds-WP_005602215.1,xerD,cds-WP_005602215.1,1800536,1801721,xerD;cds-WP_005602215.1
920,cds-WP_005602215.1,CDS,NA,1800536,1800826,-,NA,1800536,1800826,2,2,last,xerD,,xerD,cds-WP_005602215.1,1800536,1801721,xerD;cds-WP_005602215.1
921,rna-MIDG2331_RS08445,tRNA,NA,1807853,1807929,-,NA,1807853,1807929,11,1,first,,rna-MIDG2331_RS08440,rna-MIDG2331_RS08445,rna-MIDG2331_RS08395,1801835,1807929,rna-MIDG2331_RS08445;rna-MIDG2331_RS08440;rna-MIDG2331_RS08435;rna-MIDG2331_RS08430;rna-MIDG2331_RS08425;rna-MIDG2331_RS08420;rna-MIDG2331_RS08415;rrf_5;rrf_4;rna-MIDG2331_RS08400;rna-MIDG2331_RS08395
921,rna-MIDG2331_RS08440,tRNA,NA,1807747,1807822,-,NA,1807747,1807822,11,2,internal,rna-MIDG2331_RS08445,rna-MIDG2331_RS08435,rna-MIDG2331_RS08445,rna-MIDG2331_RS08395,1801835,1807929,rna-MIDG2331_RS08445;rna-MIDG2331_RS08440;rna-MIDG2331_RS08435;rna-MIDG2331_RS08430;rna-MIDG2331_RS08425;rna-MIDG2331_RS08420;rna-MIDG2331_RS08415;rrf_5;rrf_4;rna-MIDG2331_RS08400;rna-MIDG2331_RS08395
921,rna-MIDG2331_RS08435,tRNA,NA,1807642,1807718,-,NA,1807642,1807718,11,3,internal,rna-MIDG2331_RS08440,rna-MIDG2331_RS08430,rna-MIDG2331_RS08445,rna-MIDG2331_RS08395,1801835,1807929,rna-MIDG2331_RS08445;rna-MIDG2331_RS08440;rna-MIDG2331_RS08435;rna-MIDG2331_RS08430;rna-MIDG2331_RS08425;rna-MIDG2331_RS08420;rna-MIDG2331_RS08415;rrf_5;rrf_4;rna-MIDG2331_RS08400;rna-MIDG2331_RS08395
921,rna-MIDG2331_RS08430,rRNA,NA,1805902,1807443,-,NA,1805902,1807443,11,4,internal,rna-MIDG2331_RS08435,rna-MIDG2331_RS08425,rna-MIDG2331_RS08445,rna-MIDG2331_RS08395,1801835,1807929,rna-MIDG2331_RS08445;rna-MIDG2331_RS08440;rna-MIDG2331_RS08435;rna-MIDG2331_RS08430;rna-MIDG2331_RS08425;rna-MIDG2331_RS08420;rna-MIDG2331_RS08415;rrf_5;rrf_4;rna-MIDG2331_RS08400;rna-MIDG2331_RS08395
921,rna-MIDG2331_RS08425,tRNA,NA,1805743,1805819,-,NA,1805743,1805819,11,5,internal,rna-MIDG2331_RS08430,rna-MIDG2331_RS08420,rna-MIDG2331_RS08445,rna-MIDG2331_RS08395,1801835,1807929,rna-MIDG2331_RS08445;rna-MIDG2331_RS08440;rna-MIDG2331_RS08435;rna-MIDG2331_RS08430;rna-MIDG2331_RS08425;rna-MIDG2331_RS08420;rna-MIDG2331_RS08415;rrf_5;rrf_4;rna-MIDG2331_RS08400;rna-MIDG2331_RS08395
921,rna-MIDG2331_RS08420,tRNA,NA,1805616,1805691,-,NA,1805616,1805691,11,6,internal,rna-MIDG2331_RS08425,rna-MIDG2331_RS08415,rna-MIDG2331_RS08445,rna-MIDG2331_RS08395,1801835,1807929,rna-MIDG2331_RS08445;rna-MIDG2331_RS08440;rna-MIDG2331_RS08435;rna-MIDG2331_RS08430;rna-MIDG2331_RS08425;rna-MIDG2331_RS08420;rna-MIDG2331_RS08415;rrf_5;rrf_4;rna-MIDG2331_RS08400;rna-MIDG2331_RS08395
921,rna-MIDG2331_RS08415,rRNA,NA,1802448,1805349,-,NA,1802448,1805349,11,7,internal,rna-MIDG2331_RS08420,rrf_5,rna-MIDG2331_RS08445,rna-MIDG2331_RS08395,1801835,1807929,rna-MIDG2331_RS08445;rna-MIDG2331_RS08440;rna-MIDG2331_RS08435;rna-MIDG2331_RS08430;rna-MIDG2331_RS08425;rna-MIDG2331_RS08420;rna-MIDG2331_RS08415;rrf_5;rrf_4;rna-MIDG2331_RS08400;rna-MIDG2331_RS08395
921,rrf_5,rRNA,NA,1802221,1802336,-,NA,1802221,1802336,11,8,internal,rna-MIDG2331_RS08415,rrf_4,rna-MIDG2331_RS08445,rna-MIDG2331_RS08395,1801835,1807929,rna-MIDG2331_RS08445;rna-MIDG2331_RS08440;rna-MIDG2331_RS08435;rna-MIDG2331_RS08430;rna-MIDG2331_RS08425;rna-MIDG2331_RS08420;rna-MIDG2331_RS08415;rrf_5;rrf_4;rna-MIDG2331_RS08400;rna-MIDG2331_RS08395
921,rrf_4,rRNA,NA,1802049,1802164,-,NA,1802049,1802164,11,9,internal,rrf_5,rna-MIDG2331_RS08400,rna-MIDG2331_RS08445,rna-MIDG2331_RS08395,1801835,1807929,rna-MIDG2331_RS08445;rna-MIDG2331_RS08440;rna-MIDG2331_RS08435;rna-MIDG2331_RS08430;rna-MIDG2331_RS08425;rna-MIDG2331_RS08420;rna-MIDG2331_RS08415;rrf_5;rrf_4;rna-MIDG2331_RS08400;rna-MIDG2331_RS08395
921,rna-MIDG2331_RS08400,tRNA,NA,1801960,1802036,-,NA,1801960,1802036,11,10,internal,rrf_4,rna-MIDG2331_RS08395,rna-MIDG2331_RS08445,rna-MIDG2331_RS08395,1801835,1807929,rna-MIDG2331_RS08445;rna-MIDG2331_RS08440;rna-MIDG2331_RS08435;rna-MIDG2331_RS08430;rna-MIDG2331_RS08425;rna-MIDG2331_RS08420;rna-MIDG2331_RS08415;rrf_5;rrf_4;rna-MIDG2331_RS08400;rna-MIDG2331_RS08395
921,rna-MIDG2331_RS08395,tRNA,NA,1801835,1801910,-,NA,1801835,1801910,11,11,last,rna-MIDG2331_RS08400,,rna-MIDG2331_RS08445,rna-MIDG2331_RS08395,1801835,1807929,rna-MIDG2331_RS08445;rna-MIDG2331_RS08440;rna-MIDG2331_RS08435;rna-MIDG2331_RS08430;rna-MIDG2331_RS08425;rna-MIDG2331_RS08420;rna-MIDG2331_RS08415;rrf_5;rrf_4;rna-MIDG2331_RS08400;rna-MIDG2331_RS08395
922,cds-WP_005598862.1,CDS,ROG4451,1810132,1811202,-,NA,1810132,1811202,3,1,first,,wzyE,cds-WP_005598862.1,wecG,1808089,1811202,cds-WP_005598862.1;wzyE;wecG
922,wzyE,CDS,NA,1808798,1810135,-,NA,1808798,1810135,3,2,internal,cds-WP_005598862.1,wecG,cds-WP_005598862.1,wecG,1808089,1811202,cds-WP_005598862.1;wzyE;wecG
922,wecG,CDS,COG1922,1808089,1808814,-,[M] Teichoic acid biosynthesis proteins  ,1808089,1808814,3,3,last,wzyE,,cds-WP_005598862.1,wecG,1808089,1811202,cds-WP_005598862.1;wzyE;wecG
923,hcp,CDS,COG1151,1811480,1813135,+,[C] 6Fe-6S prismane cluster-containing protein  ,1811480,1813135,2,1,first,,hcr,hcp,hcr,1811480,1814277,hcp;hcr
923,hcr,CDS,COG1018,1813258,1814277,+,[C] Flavodoxin reductases (ferredoxin-NADPH reductases) family 1,1813258,1814277,2,2,last,hcp,,hcp,hcr,1811480,1814277,hcp;hcr
924,wecA,CDS,COG0472,1820715,1821788,-,[M] UDP-N-acetylmuramyl pentapeptide phosphotransferase/UDP-N-acetylglucosamine-1-phosphate transferase  ,1820715,1821788,7,1,first,,cds-WP_039709315.1,wecA,wzxE,1814319,1821788,wecA;cds-WP_039709315.1;wecB;wecC;rffC;rffA;wzxE
924,cds-WP_039709315.1,CDS,COG3765,1819802,1820680,-,[M] Chain length determinant protein  ,1819802,1820680,7,2,internal,wecA,wecB,wecA,wzxE,1814319,1821788,wecA;cds-WP_039709315.1;wecB;wecC;rffC;rffA;wzxE
924,wecB,CDS,COG0381,1818682,1819818,-,[M] UDP-N-acetylglucosamine 2-epimerase    ,1818682,1819818,7,3,internal,cds-WP_039709315.1,wecC,wecA,wzxE,1814319,1821788,wecA;cds-WP_039709315.1;wecB;wecC;rffC;rffA;wzxE
924,wecC,CDS,COG0677,1817332,1818603,-,[M] UDP-N-acetyl-D-mannosaminuronate dehydrogenase    ,1817332,1818603,7,4,internal,wecB,rffC,wecA,wzxE,1814319,1821788,wecA;cds-WP_039709315.1;wecB;wecC;rffC;rffA;wzxE
924,rffC,CDS,COG0454,1816709,1817332,-,[KR] Histone acetyltransferase HPA2 and related acetyltransferases,1816709,1817332,7,5,internal,wecC,rffA,wecA,wzxE,1814319,1821788,wecA;cds-WP_039709315.1;wecB;wecC;rffC;rffA;wzxE
924,rffA,CDS,COG0399,1815557,1816702,-,[M] Predicted pyridoxal phosphate-dependent enzyme apparently involved,1815557,1816702,7,6,internal,rffC,wzxE,wecA,wzxE,1814319,1821788,wecA;cds-WP_039709315.1;wecB;wecC;rffC;rffA;wzxE
924,wzxE,CDS,COG2244,1814319,1815569,-,[R] Membrane protein involved in the export,1814319,1815569,7,7,last,rffA,,wecA,wzxE,1814319,1821788,wecA;cds-WP_039709315.1;wecB;wecC;rffC;rffA;wzxE
925,hemL,CDS,COG0001,1822086,1823366,+,[H] Glutamate-1-semialdehyde aminotransferase    ,1822086,1823366,1,1,single,,,hemL,hemL,1822086,1823366,hemL
926,murJ,CDS,COG0728,1824508,1826079,-,"[R] Uncharacterized membrane protein, putative virulence factor",1824508,1826079,2,1,first,,cds-WP_005602250.1,murJ,cds-WP_005602250.1,1823421,1826079,murJ;cds-WP_005602250.1
926,cds-WP_005602250.1,CDS,COG0477,1823421,1824488,-,[GEPR] Permeases of the major facilitator superfamily,1823421,1824488,2,2,last,murJ,,murJ,cds-WP_005602250.1,1823421,1826079,murJ;cds-WP_005602250.1
927,rpsT,CDS,COG0268,1826471,1826734,+,[J] Ribosomal protein S20   ,1826471,1826734,1,1,single,,,rpsT,rpsT,1826471,1826734,rpsT
928,selA,CDS,COG1921,1831361,1832746,-,[E] Selenocysteine synthase [seryl-tRNASer selenium transferase] ,1831361,1832746,4,1,first,,selB,selA,trkA,1826791,1832746,selA;selB;rsmB;trkA
928,selB,CDS,COG3276,1829529,1831364,-,[J] Selenocysteine-specific translation elongation factor  ,1829529,1831364,4,2,internal,selA,rsmB,selA,trkA,1826791,1832746,selA;selB;rsmB;trkA
928,rsmB,CDS,COG0144,1828217,1829515,-,[J] tRNA and rRNA cytosine-C5-methylases  ,1828217,1829515,4,3,internal,selB,trkA,selA,trkA,1826791,1832746,selA;selB;rsmB;trkA
928,trkA,CDS,COG0569,1826791,1828167,-,"[P] K+ transport systems, NAD-binding component ",1826791,1828167,4,4,last,rsmB,,selA,trkA,1826791,1832746,selA;selB;rsmB;trkA
929,rna-MIDG2331_RS08550,tRNA,NA,1832813,1832907,+,NA,1832813,1832907,2,1,first,,mioC,rna-MIDG2331_RS08550,mioC,1832813,1833366,rna-MIDG2331_RS08550;mioC
929,mioC,CDS,COG0716,1832923,1833366,+,[C] Flavodoxins     ,1832923,1833366,2,2,last,rna-MIDG2331_RS08550,,rna-MIDG2331_RS08550,mioC,1832813,1833366,rna-MIDG2331_RS08550;mioC
930,cds-MIDG2331_RS08565,CDS,COG3386,1835745,1836095,-,[G] Gluconolactonase     ,1835745,1836095,2,1,first,,cds-WP_039709594.1,cds-MIDG2331_RS08565,cds-WP_039709594.1,1834204,1836095,cds-MIDG2331_RS08565;cds-WP_039709594.1
930,cds-WP_039709594.1,CDS,COG1070,1834204,1835661,-,[G] Sugar (pentulose and hexulose) kinases ,1834204,1835661,2,2,last,cds-MIDG2331_RS08565,,cds-MIDG2331_RS08565,cds-WP_039709594.1,1834204,1836095,cds-MIDG2331_RS08565;cds-WP_039709594.1
931,cds-WP_039709353.1,CDS,NA,1836494,1836676,-,NA,1836494,1836676,1,1,single,,,cds-WP_039709353.1,cds-WP_039709353.1,1836494,1836676,cds-WP_039709353.1
932,cds-WP_414973569.1,CDS,COG3677,1836931,1837005,-,[L] Transposase and inactivated derivatives  ,1836931,1837005,1,1,single,,,cds-WP_414973569.1,cds-WP_414973569.1,1836931,1837005,cds-WP_414973569.1
933,cds-WP_039709323.1,CDS,COG0810,1842651,1843400,-,"[M] Periplasmic protein TonB, links inner and",1842651,1843400,5,1,first,,cds-WP_005602270.1,cds-WP_039709323.1,cds-WP_039709320.1,1837169,1843400,cds-WP_039709323.1;cds-WP_005602270.1;cds-WP_039709322.1;cds-WP_039709321.1;cds-WP_039709320.1
933,cds-WP_005602270.1,CDS,COG0811,1841961,1842629,-,[U] Biopolymer transport proteins   ,1841961,1842629,5,2,internal,cds-WP_039709323.1,cds-WP_039709322.1,cds-WP_039709323.1,cds-WP_039709320.1,1837169,1843400,cds-WP_039709323.1;cds-WP_005602270.1;cds-WP_039709322.1;cds-WP_039709321.1;cds-WP_039709320.1
933,cds-WP_039709322.1,CDS,COG0848,1841551,1841961,-,[U] Biopolymer transport protein   ,1841551,1841961,5,3,internal,cds-WP_005602270.1,cds-WP_039709321.1,cds-WP_039709323.1,cds-WP_039709320.1,1837169,1843400,cds-WP_039709323.1;cds-WP_005602270.1;cds-WP_039709322.1;cds-WP_039709321.1;cds-WP_039709320.1
933,cds-WP_039709321.1,CDS,NA,1839879,1841522,-,NA,1839879,1841522,5,4,internal,cds-WP_039709322.1,cds-WP_039709320.1,cds-WP_039709323.1,cds-WP_039709320.1,1837169,1843400,cds-WP_039709323.1;cds-WP_005602270.1;cds-WP_039709322.1;cds-WP_039709321.1;cds-WP_039709320.1
933,cds-WP_039709320.1,CDS,COG4771,1837169,1839865,-,[P] Outer membrane receptor for ferrienterochelin and,1837169,1839865,5,5,last,cds-WP_039709321.1,,cds-WP_039709323.1,cds-WP_039709320.1,1837169,1843400,cds-WP_039709323.1;cds-WP_005602270.1;cds-WP_039709322.1;cds-WP_039709321.1;cds-WP_039709320.1
934,yiaK,CDS,COG2055,1844091,1845090,-,[C] Malate/L-lactate dehydrogenases    ,1844091,1845090,2,1,first,,cds-MIDG2331_RS08600,yiaK,cds-MIDG2331_RS08600,1843676,1845090,yiaK;cds-MIDG2331_RS08600
934,cds-MIDG2331_RS08600,CDS,COG2431,1843676,1844020,-,[S] Predicted membrane protein   ,1843676,1844020,2,2,last,yiaK,,yiaK,cds-MIDG2331_RS08600,1843676,1845090,yiaK;cds-MIDG2331_RS08600
935,cds-WP_039709325.1,CDS,COG3545,1845319,1845861,+,[R] Predicted esterase of the alpha/beta hydrolase,1845319,1845861,1,1,single,,,cds-WP_039709325.1,cds-WP_039709325.1,1845319,1845861,cds-WP_039709325.1
936,cds-MIDG2331_RS08620,CDS,COG0019,1846144,1846544,-,[E] Diaminopimelate decarboxylase    ,1846144,1846544,2,1,first,,cds-MIDG2331_RS11355,cds-MIDG2331_RS08620,cds-MIDG2331_RS11355,1845905,1846544,cds-MIDG2331_RS08620;cds-MIDG2331_RS11355
936,cds-MIDG2331_RS11355,CDS,COG0702,1845905,1846177,-,[MG] Predicted nucleoside-diphosphate-sugar epimerases   ,1845905,1846177,2,2,last,cds-MIDG2331_RS08620,,cds-MIDG2331_RS08620,cds-MIDG2331_RS11355,1845905,1846544,cds-MIDG2331_RS08620;cds-MIDG2331_RS11355
937,lptM_2,CDS,COG5567,1846610,1846723,-,[N] Predicted small periplasmic lipoprotein  ,1846610,1846723,1,1,single,,,lptM_2,lptM_2,1846610,1846723,lptM_2
938,cds-WP_171823686.1,CDS,NA,1847343,1848254,-,NA,1847343,1848254,1,1,single,,,cds-WP_171823686.1,cds-WP_171823686.1,1847343,1848254,cds-WP_171823686.1
939,cds-WP_058230502.1,CDS,ROG4224,1848335,1850035,-,NA,1848335,1850035,1,1,single,,,cds-WP_058230502.1,cds-WP_058230502.1,1848335,1850035,cds-WP_058230502.1
940,cds-WP_039768213.1,CDS,COG1887,1857143,1858285,-,[M] Putative glycosyl/glycerophosphate transferases involved in teichoic,1857143,1858285,6,1,first,,tagD,cds-WP_039768213.1,cds-WP_039709328.1,1850216,1858285,cds-WP_039768213.1;tagD;cds-WP_039709330.1;cds-WP_058230503.1;cds-WP_039709329.1;cds-WP_039709328.1
940,tagD,CDS,COG0615,1856662,1857090,-,[MI] Cytidylyltransferase     ,1856662,1857090,6,2,internal,cds-WP_039768213.1,cds-WP_039709330.1,cds-WP_039768213.1,cds-WP_039709328.1,1850216,1858285,cds-WP_039768213.1;tagD;cds-WP_039709330.1;cds-WP_058230503.1;cds-WP_039709329.1;cds-WP_039709328.1
940,cds-WP_039709330.1,CDS,COG3475,1855512,1856654,-,[M] LPS biosynthesis protein   ,1855512,1856654,6,3,internal,tagD,cds-WP_058230503.1,cds-WP_039768213.1,cds-WP_039709328.1,1850216,1858285,cds-WP_039768213.1;tagD;cds-WP_039709330.1;cds-WP_058230503.1;cds-WP_039709329.1;cds-WP_039709328.1
940,cds-WP_058230503.1,CDS,COG1887,1852535,1855492,-,[M] Putative glycosyl/glycerophosphate transferases involved in teichoic,1852535,1855492,6,4,internal,cds-WP_039709330.1,cds-WP_039709329.1,cds-WP_039768213.1,cds-WP_039709328.1,1850216,1858285,cds-WP_039768213.1;tagD;cds-WP_039709330.1;cds-WP_058230503.1;cds-WP_039709329.1;cds-WP_039709328.1
940,cds-WP_039709329.1,CDS,COG0463,1851488,1852522,-,[M] Glycosyltransferases involved in cell wall biogenesis,1851488,1852522,6,5,internal,cds-WP_058230503.1,cds-WP_039709328.1,cds-WP_039768213.1,cds-WP_039709328.1,1850216,1858285,cds-WP_039768213.1;tagD;cds-WP_039709330.1;cds-WP_058230503.1;cds-WP_039709329.1;cds-WP_039709328.1
940,cds-WP_039709328.1,CDS,NA,1850216,1851463,-,NA,1850216,1851463,6,6,last,cds-WP_039709329.1,,cds-WP_039768213.1,cds-WP_039709328.1,1850216,1858285,cds-WP_039768213.1;tagD;cds-WP_039709330.1;cds-WP_058230503.1;cds-WP_039709329.1;cds-WP_039709328.1
941,cds-WP_012263298.1,CDS,COG1596,1858464,1859651,+,[M] Periplasmic protein involved in polysaccharide export,1858464,1859651,4,1,first,,cds-WP_039709597.1,cds-WP_012263298.1,cds-WP_039709333.1,1858464,1862278,cds-WP_012263298.1;cds-WP_039709597.1;cds-WP_039709332.1;cds-WP_039709333.1
941,cds-WP_039709597.1,CDS,COG3524,1859677,1860834,+,[M] Capsule polysaccharide export protein  ,1859677,1860834,4,2,internal,cds-WP_012263298.1,cds-WP_039709332.1,cds-WP_012263298.1,cds-WP_039709333.1,1858464,1862278,cds-WP_012263298.1;cds-WP_039709597.1;cds-WP_039709332.1;cds-WP_039709333.1
941,cds-WP_039709332.1,CDS,COG1682,1860834,1861631,+,"[GM] ABC-type polysaccharide/polyol phosphate export systems, permease",1860834,1861631,4,3,internal,cds-WP_039709597.1,cds-WP_039709333.1,cds-WP_012263298.1,cds-WP_039709333.1,1858464,1862278,cds-WP_012263298.1;cds-WP_039709597.1;cds-WP_039709332.1;cds-WP_039709333.1
941,cds-WP_039709333.1,CDS,COG1134,1861628,1862278,+,"[GM] ABC-type polysaccharide/polyol phosphate transport system, ATPase",1861628,1862278,4,4,last,cds-WP_039709332.1,,cds-WP_012263298.1,cds-WP_039709333.1,1858464,1862278,cds-WP_012263298.1;cds-WP_039709597.1;cds-WP_039709332.1;cds-WP_039709333.1
942,modF,CDS,COG1119,1862475,1863932,-,"[P] ABC-type molybdenum transport system, ATPase component/photorepair",1862475,1863932,1,1,single,,,modF,modF,1862475,1863932,modF
943,fmt,CDS,COG0223,1864025,1864975,-,[J] Methionyl-tRNA formyltransferase    ,1864025,1864975,1,1,single,,,fmt,fmt,1864025,1864975,fmt
944,cds-WP_039709336.1,CDS,COG2358,1865138,1866088,-,"[R] TRAP-type uncharacterized transport system, periplasmic component",1865138,1866088,1,1,single,,,cds-WP_039709336.1,cds-WP_039709336.1,1865138,1866088,cds-WP_039709336.1
945,cds-WP_005619629.1,CDS,COG1739,1866241,1866867,+,[S] Uncharacterized conserved protein   ,1866241,1866867,1,1,single,,,cds-WP_005619629.1,cds-WP_005619629.1,1866241,1866867,cds-WP_005619629.1
946,cds-WP_005598944.1,CDS,COG0168,1866948,1868426,+,"[P] Trk-type K+ transport systems, membrane components",1866948,1868426,2,1,first,,hemG,cds-WP_005598944.1,hemG,1866948,1868968,cds-WP_005598944.1;hemG
946,hemG,CDS,COG4635,1868441,1868968,+,[CH] Flavodoxin     ,1868441,1868968,2,2,last,cds-WP_005598944.1,,cds-WP_005598944.1,hemG,1866948,1868968,cds-WP_005598944.1;hemG
947,mscL,CDS,COG1970,1869072,1869461,+,[M] Large-conductance mechanosensitive channel   ,1869072,1869461,1,1,single,,,mscL,mscL,1869072,1869461,mscL
948,cds-WP_005619626.1,CDS,COG0797,1873090,1873653,-,[M] Lipoproteins     ,1873090,1873653,5,1,first,,cds-WP_005602317.1,cds-WP_005619626.1,lipA,1869591,1873653,cds-WP_005619626.1;cds-WP_005602317.1;ybeD;lipB;lipA
948,cds-WP_005602317.1,CDS,COG1686,1871816,1872994,-,[M] D-alanyl-D-alanine carboxypeptidase    ,1871816,1872994,5,2,internal,cds-WP_005619626.1,ybeD,cds-WP_005619626.1,lipA,1869591,1873653,cds-WP_005619626.1;cds-WP_005602317.1;ybeD;lipB;lipA
948,ybeD,CDS,COG2921,1871383,1871682,-,[S] Uncharacterized conserved protein   ,1871383,1871682,5,3,internal,cds-WP_005602317.1,lipB,cds-WP_005619626.1,lipA,1869591,1873653,cds-WP_005619626.1;cds-WP_005602317.1;ybeD;lipB;lipA
948,lipB,CDS,COG0321,1870695,1871351,-,[H] Lipoate-protein ligase B   ,1870695,1871351,5,4,internal,ybeD,lipA,cds-WP_005619626.1,lipA,1869591,1873653,cds-WP_005619626.1;cds-WP_005602317.1;ybeD;lipB;lipA
948,lipA,CDS,COG0320,1869591,1870583,-,[H] Lipoate synthase    ,1869591,1870583,5,5,last,lipB,,cds-WP_005619626.1,lipA,1869591,1873653,cds-WP_005619626.1;cds-WP_005602317.1;ybeD;lipB;lipA
949,rsfS,CDS,COG0799,1877478,1877792,-,[S] Uncharacterized homolog of plant Iojap protein,1877478,1877792,4,1,first,,rlmH,rsfS,rodA,1873828,1877792,rsfS;rlmH;mrdA;rodA
949,rlmH,CDS,COG1576,1876988,1877455,-,[S] Uncharacterized conserved protein   ,1876988,1877455,4,2,internal,rsfS,mrdA,rsfS,rodA,1873828,1877792,rsfS;rlmH;mrdA;rodA
949,mrdA,CDS,COG0768,1874945,1876906,-,[M] Cell division protein FtsI/penicillin-binding protein 2,1874945,1876906,4,3,internal,rlmH,rodA,rsfS,rodA,1873828,1877792,rsfS;rlmH;mrdA;rodA
949,rodA,CDS,COG0772,1873828,1874952,-,[D] Bacterial cell division membrane protein ,1873828,1874952,4,4,last,mrdA,,rsfS,rodA,1873828,1877792,rsfS;rlmH;mrdA;rodA
950,mutS,CDS,COG0249,1878014,1880608,-,[L] Mismatch repair ATPase (MutS family) ,1878014,1880608,1,1,single,,,mutS,mutS,1878014,1880608,mutS
951,cds-WP_039709338.1,CDS,COG0765,1881545,1882261,-,"[E] ABC-type amino acid transport system, permease",1881545,1882261,2,1,first,,cds-WP_005602327.1,cds-WP_039709338.1,cds-WP_005602327.1,1880774,1882261,cds-WP_039709338.1;cds-WP_005602327.1
951,cds-WP_005602327.1,CDS,COG1126,1880774,1881523,-,"[E] ABC-type polar amino acid transport system,",1880774,1881523,2,2,last,cds-WP_039709338.1,,cds-WP_039709338.1,cds-WP_005602327.1,1880774,1882261,cds-WP_039709338.1;cds-WP_005602327.1
952,cds-WP_039709339.1,CDS,COG3681,1882409,1883707,-,[S] Uncharacterized conserved protein   ,1882409,1883707,1,1,single,,,cds-WP_039709339.1,cds-WP_039709339.1,1882409,1883707,cds-WP_039709339.1
953,cds-WP_005602335.1,CDS,COG2846,1883979,1884473,+,[D] Regulator of cell morphogenesis and NO,1883979,1884473,1,1,single,,,cds-WP_005602335.1,cds-WP_005602335.1,1883979,1884473,cds-WP_005602335.1
954,cds-WP_005619623.1,CDS,COG2076,1884552,1884881,-,[P] Membrane transporters of cations and cationic,1884552,1884881,1,1,single,,,cds-WP_005619623.1,cds-WP_005619623.1,1884552,1884881,cds-WP_005619623.1
955,cds-WP_005602339.1,CDS,COG3691,1884969,1885259,-,[S] Uncharacterized protein conserved in bacteria ,1884969,1885259,1,1,single,,,cds-WP_005602339.1,cds-WP_005602339.1,1884969,1885259,cds-WP_005602339.1
956,cds-WP_005613185.1,CDS,COG2979,1885413,1886045,-,[S] Uncharacterized protein conserved in bacteria ,1885413,1886045,1,1,single,,,cds-WP_005613185.1,cds-WP_005613185.1,1885413,1886045,cds-WP_005613185.1
957,ureE,CDS,COG2371,1888859,1889422,-,[O] Urease accessory protein UreE  ,1888859,1889422,5,1,first,,cds-WP_162474625.1,ureE,cds-WP_005598989.1,1886218,1889422,ureE;cds-WP_162474625.1;ureG;cds-WP_039709340.1;cds-WP_005598989.1
957,cds-WP_162474625.1,CDS,COG0830,1888164,1888847,-,[O] Urease accessory protein UreF  ,1888164,1888847,5,2,internal,ureE,ureG,ureE,cds-WP_005598989.1,1886218,1889422,ureE;cds-WP_162474625.1;ureG;cds-WP_039709340.1;cds-WP_005598989.1
957,ureG,CDS,COG0378,1887508,1888143,-,[OK] Ni2+-binding GTPase involved in regulation of,1887508,1888143,5,3,internal,cds-WP_162474625.1,cds-WP_039709340.1,ureE,cds-WP_005598989.1,1886218,1889422,ureE;cds-WP_162474625.1;ureG;cds-WP_039709340.1;cds-WP_005598989.1
957,cds-WP_039709340.1,CDS,COG0829,1886527,1887339,-,[O] Urease accessory protein UreH  ,1886527,1887339,5,4,internal,ureG,cds-WP_005598989.1,ureE,cds-WP_005598989.1,1886218,1889422,ureE;cds-WP_162474625.1;ureG;cds-WP_039709340.1;cds-WP_005598989.1
957,cds-WP_005598989.1,CDS,COG1359,1886218,1886511,-,[S] Uncharacterized conserved protein   ,1886218,1886511,5,5,last,cds-WP_039709340.1,,ureE,cds-WP_005598989.1,1886218,1889422,ureE;cds-WP_162474625.1;ureG;cds-WP_039709340.1;cds-WP_005598989.1
958,cds-WP_039709343.1,CDS,COG0625,1889495,1890112,-,[O] Glutathione S-transferase    ,1889495,1890112,1,1,single,,,cds-WP_039709343.1,cds-WP_039709343.1,1889495,1890112,cds-WP_039709343.1
959,cds-WP_005599015.1,CDS,ROG3889,1895661,1896074,-,NA,1895661,1896074,8,1,first,,cbiM,cds-WP_005599015.1,ureC,1890236,1896074,cds-WP_005599015.1;cbiM;cds-WP_005605608.1;cds-WP_005618092.1;cds-WP_039709345.1;ureA;ureB;ureC
959,cbiM,CDS,COG0310,1895052,1895660,-,"[P] ABC-type Co2+ transport system, permease component",1895052,1895660,8,2,internal,cds-WP_005599015.1,cds-WP_005605608.1,cds-WP_005599015.1,ureC,1890236,1896074,cds-WP_005599015.1;cbiM;cds-WP_005605608.1;cds-WP_005618092.1;cds-WP_039709345.1;ureA;ureB;ureC
959,cds-WP_005605608.1,CDS,NA,1894428,1895045,-,NA,1894428,1895045,8,3,internal,cbiM,cds-WP_005618092.1,cds-WP_005599015.1,ureC,1890236,1896074,cds-WP_005599015.1;cbiM;cds-WP_005605608.1;cds-WP_005618092.1;cds-WP_039709345.1;ureA;ureB;ureC
959,cds-WP_005618092.1,CDS,COG1122,1893776,1894405,-,"[P] ABC-type cobalt transport system, ATPase component",1893776,1894405,8,4,internal,cds-WP_005605608.1,cds-WP_039709345.1,cds-WP_005599015.1,ureC,1890236,1896074,cds-WP_005599015.1;cbiM;cds-WP_005605608.1;cds-WP_005618092.1;cds-WP_039709345.1;ureA;ureB;ureC
959,cds-WP_039709345.1,CDS,COG4413,1892837,1893739,-,[E] Urea transporter    ,1892837,1893739,8,5,internal,cds-WP_005618092.1,ureA,cds-WP_005599015.1,ureC,1890236,1896074,cds-WP_005599015.1;cbiM;cds-WP_005605608.1;cds-WP_005618092.1;cds-WP_039709345.1;ureA;ureB;ureC
959,ureA,CDS,COG0831,1892463,1892765,-,[E] Urea amidohydrolase (urease) gamma subunit ,1892463,1892765,8,6,internal,cds-WP_039709345.1,ureB,cds-WP_005599015.1,ureC,1890236,1896074,cds-WP_005599015.1;cbiM;cds-WP_005605608.1;cds-WP_005618092.1;cds-WP_039709345.1;ureA;ureB;ureC
959,ureB,CDS,COG0832,1891965,1892270,-,[E] Urea amidohydrolase (urease) beta subunit ,1891965,1892270,8,7,internal,ureA,ureC,cds-WP_005599015.1,ureC,1890236,1896074,cds-WP_005599015.1;cbiM;cds-WP_005605608.1;cds-WP_005618092.1;cds-WP_039709345.1;ureA;ureB;ureC
959,ureC,CDS,COG0804,1890236,1891954,-,[E] Urea amidohydrolase (urease) alpha subunit ,1890236,1891954,8,8,last,ureB,,cds-WP_005599015.1,ureC,1890236,1896074,cds-WP_005599015.1;cbiM;cds-WP_005605608.1;cds-WP_005618092.1;cds-WP_039709345.1;ureA;ureB;ureC
960,cds-WP_005599017.1,CDS,COG5266,1896143,1896829,-,"[P] ABC-type Co2+ transport system, periplasmic component",1896143,1896829,1,1,single,,,cds-WP_005599017.1,cds-WP_005599017.1,1896143,1896829,cds-WP_005599017.1
961,cds-WP_005605611.1,CDS,COG0583,1897031,1897930,+,[K] Transcriptional regulator    ,1897031,1897930,1,1,single,,,cds-WP_005605611.1,cds-WP_005605611.1,1897031,1897930,cds-WP_005605611.1
962,cds-WP_005602360.1,CDS,ROG2334,1898009,1898470,-,NA,1898009,1898470,1,1,single,,,cds-WP_005602360.1,cds-WP_005602360.1,1898009,1898470,cds-WP_005602360.1
963,cds-WP_039709347.1,CDS,COG2213,1902374,1904263,-,"[G] Phosphotransferase system, mannitol-specific IIBC component ",1902374,1904263,4,1,first,,cds-WP_005599024.1,cds-WP_039709347.1,cds-WP_039709346.1,1898698,1904263,cds-WP_039709347.1;cds-WP_005599024.1;cds-WP_005599023.1;cds-WP_039709346.1
963,cds-WP_005599024.1,CDS,COG0246,1901148,1902287,-,[G] Mannitol-1-phosphate/altronate dehydrogenases    ,1901148,1902287,4,2,internal,cds-WP_039709347.1,cds-WP_005599023.1,cds-WP_039709347.1,cds-WP_039709346.1,1898698,1904263,cds-WP_039709347.1;cds-WP_005599024.1;cds-WP_005599023.1;cds-WP_039709346.1
963,cds-WP_005599023.1,CDS,COG3722,1900624,1901148,-,[K] Transcriptional regulator    ,1900624,1901148,4,3,internal,cds-WP_005599024.1,cds-WP_039709346.1,cds-WP_039709347.1,cds-WP_039709346.1,1898698,1904263,cds-WP_039709347.1;cds-WP_005599024.1;cds-WP_005599023.1;cds-WP_039709346.1
963,cds-WP_039709346.1,CDS,COG0471,1898698,1900563,-,[P] Di- and tricarboxylate transporters  ,1898698,1900563,4,4,last,cds-WP_005599023.1,,cds-WP_039709347.1,cds-WP_039709346.1,1898698,1904263,cds-WP_039709347.1;cds-WP_005599024.1;cds-WP_005599023.1;cds-WP_039709346.1
964,cds-WP_012263324.1,CDS,COG1349,1906524,1907282,-,[KG] Transcriptional regulators of sugar metabolism ,1906524,1907282,2,1,first,,glmS,cds-WP_012263324.1,glmS,1904568,1907282,cds-WP_012263324.1;glmS
964,glmS,CDS,COG0449,1904568,1906400,-,"[M] Glucosamine 6-phosphate synthetase, contains amidotransferase and",1904568,1906400,2,2,last,cds-WP_012263324.1,,cds-WP_012263324.1,glmS,1904568,1907282,cds-WP_012263324.1;glmS
965,cds-WP_005599028.1,CDS,ROG6708,1907420,1907620,-,NA,1907420,1907620,1,1,single,,,cds-WP_005599028.1,cds-WP_005599028.1,1907420,1907620,cds-WP_005599028.1
966,rimO,CDS,COG0621,1910638,1911969,-,[J] 2-methylthioadenine synthetase    ,1910638,1911969,3,1,first,,cds-WP_039709348.1,rimO,cds-WP_012263325.1,1907719,1911969,rimO;cds-WP_039709348.1;cds-WP_012263325.1
966,cds-WP_039709348.1,CDS,COG3914,1908760,1910622,-,"[O] Predicted O-linked N-acetylglucosamine transferase, SPINDLY family",1908760,1910622,3,2,internal,rimO,cds-WP_012263325.1,rimO,cds-WP_012263325.1,1907719,1911969,rimO;cds-WP_039709348.1;cds-WP_012263325.1
966,cds-WP_012263325.1,CDS,COG0438,1907719,1908711,-,[M] Glycosyltransferase     ,1907719,1908711,3,3,last,cds-WP_039709348.1,,rimO,cds-WP_012263325.1,1907719,1911969,rimO;cds-WP_039709348.1;cds-WP_012263325.1
967,cds-WP_039709350.1,CDS,NA,1912840,1913547,-,NA,1912840,1913547,2,1,first,,mtnN,cds-WP_039709350.1,mtnN,1912142,1913547,cds-WP_039709350.1;mtnN
967,mtnN,CDS,COG0775,1912142,1912840,-,[F] Nucleoside phosphorylase    ,1912142,1912840,2,2,last,cds-WP_039709350.1,,cds-WP_039709350.1,mtnN,1912142,1913547,cds-WP_039709350.1;mtnN
968,cds-WP_005599039.1,CDS,COG2900,1913614,1913835,-,[S] Uncharacterized protein conserved in bacteria ,1913614,1913835,1,1,single,,,cds-WP_005599039.1,cds-WP_005599039.1,1913614,1913835,cds-WP_005599039.1
969,fkpA,CDS,COG0545,1913926,1914657,+,[O] FKBP-type peptidyl-prolyl cis-trans isomerases 1 ,1913926,1914657,1,1,single,,,fkpA,fkpA,1913926,1914657,fkpA
970,cds-WP_005599043.1,CDS,COG2964,1914769,1915428,+,[S] Uncharacterized protein conserved in bacteria ,1914769,1915428,4,1,first,,tusD,cds-WP_005599043.1,tusB,1914769,1916461,cds-WP_005599043.1;tusD;tusC;tusB
970,tusD,CDS,COG1553,1915428,1915805,+,[P] Uncharacterized conserved protein involved in intracellular,1915428,1915805,4,2,internal,cds-WP_005599043.1,tusC,cds-WP_005599043.1,tusB,1914769,1916461,cds-WP_005599043.1;tusD;tusC;tusB
970,tusC,CDS,COG2923,1915805,1916179,+,[P] Uncharacterized protein involved in the oxidation,1915805,1916179,4,3,internal,tusD,tusB,cds-WP_005599043.1,tusB,1914769,1916461,cds-WP_005599043.1;tusD;tusC;tusB
970,tusB,CDS,COG2168,1916192,1916461,+,[P] Uncharacterized conserved protein involved in oxidation,1916192,1916461,4,4,last,tusC,,cds-WP_005599043.1,tusB,1914769,1916461,cds-WP_005599043.1;tusD;tusC;tusB
971,rna-MIDG2331_RS08995,rRNA,NA,1920328,1921869,-,NA,1920328,1921869,4,1,first,,rna-MIDG2331_RS08990,rna-MIDG2331_RS08995,rrf_6,1916705,1921869,rna-MIDG2331_RS08995;rna-MIDG2331_RS08990;rna-MIDG2331_RS08985;rrf_6
971,rna-MIDG2331_RS08990,tRNA,NA,1920100,1920175,-,NA,1920100,1920175,4,2,internal,rna-MIDG2331_RS08995,rna-MIDG2331_RS08985,rna-MIDG2331_RS08995,rrf_6,1916705,1921869,rna-MIDG2331_RS08995;rna-MIDG2331_RS08990;rna-MIDG2331_RS08985;rrf_6
971,rna-MIDG2331_RS08985,rRNA,NA,1916980,1919881,-,NA,1916980,1919881,4,3,internal,rna-MIDG2331_RS08990,rrf_6,rna-MIDG2331_RS08995,rrf_6,1916705,1921869,rna-MIDG2331_RS08995;rna-MIDG2331_RS08990;rna-MIDG2331_RS08985;rrf_6
971,rrf_6,rRNA,NA,1916705,1916820,-,NA,1916705,1916820,4,4,last,rna-MIDG2331_RS08985,,rna-MIDG2331_RS08995,rrf_6,1916705,1921869,rna-MIDG2331_RS08995;rna-MIDG2331_RS08990;rna-MIDG2331_RS08985;rrf_6
972,cds-WP_005602406.1,CDS,COG3312,1928894,1929277,-,"[C] F0F1-type ATP synthase, subunit I ",1928894,1929277,9,1,first,,atpB,cds-WP_005602406.1,cds-WP_005599058.1,1922342,1929277,cds-WP_005602406.1;atpB;atpE;atpF;atpH;atpA;atpG;atpD;cds-WP_005599058.1
972,atpB,CDS,COG0356,1928081,1928869,-,"[C] F0F1-type ATP synthase, subunit a ",1928081,1928869,9,2,internal,cds-WP_005602406.1,atpE,cds-WP_005602406.1,cds-WP_005599058.1,1922342,1929277,cds-WP_005602406.1;atpB;atpE;atpF;atpH;atpA;atpG;atpD;cds-WP_005599058.1
972,atpE,CDS,COG0636,1927708,1927962,-,"[C] F0F1-type ATP synthase, subunit c/Archaeal/vacuolar-type H+-ATPase,",1927708,1927962,9,3,internal,atpB,atpF,cds-WP_005602406.1,cds-WP_005599058.1,1922342,1929277,cds-WP_005602406.1;atpB;atpE;atpF;atpH;atpA;atpG;atpD;cds-WP_005599058.1
972,atpF,CDS,COG0711,1927178,1927648,-,"[C] F0F1-type ATP synthase, subunit b ",1927178,1927648,9,4,internal,atpE,atpH,cds-WP_005602406.1,cds-WP_005599058.1,1922342,1929277,cds-WP_005602406.1;atpB;atpE;atpF;atpH;atpA;atpG;atpD;cds-WP_005599058.1
972,atpH,CDS,COG0712,1926631,1927164,-,"[C] F0F1-type ATP synthase, delta subunit (mitochondrial",1926631,1927164,9,5,internal,atpF,atpA,cds-WP_005602406.1,cds-WP_005599058.1,1922342,1929277,cds-WP_005602406.1;atpB;atpE;atpF;atpH;atpA;atpG;atpD;cds-WP_005599058.1
972,atpA,CDS,COG0056,1925077,1926618,-,"[C] F0F1-type ATP synthase, alpha subunit ",1925077,1926618,9,6,internal,atpH,atpG,cds-WP_005602406.1,cds-WP_005599058.1,1922342,1929277,cds-WP_005602406.1;atpB;atpE;atpF;atpH;atpA;atpG;atpD;cds-WP_005599058.1
972,atpG,CDS,COG0224,1924188,1925054,-,"[C] F0F1-type ATP synthase, gamma subunit ",1924188,1925054,9,7,internal,atpA,atpD,cds-WP_005602406.1,cds-WP_005599058.1,1922342,1929277,cds-WP_005602406.1;atpB;atpE;atpF;atpH;atpA;atpG;atpD;cds-WP_005599058.1
972,atpD,CDS,COG0055,1922801,1924174,-,"[C] F0F1-type ATP synthase, beta subunit ",1922801,1924174,9,8,internal,atpG,cds-WP_005599058.1,cds-WP_005602406.1,cds-WP_005599058.1,1922342,1929277,cds-WP_005602406.1;atpB;atpE;atpF;atpH;atpA;atpG;atpD;cds-WP_005599058.1
972,cds-WP_005599058.1,CDS,COG0355,1922342,1922761,-,"[C] F0F1-type ATP synthase, epsilon subunit (mitochondrial",1922342,1922761,9,9,last,atpD,,cds-WP_005602406.1,cds-WP_005599058.1,1922342,1929277,cds-WP_005602406.1;atpB;atpE;atpF;atpH;atpA;atpG;atpD;cds-WP_005599058.1
973,mnmG,CDS,COG0445,1930355,1932247,-,[D] NAD/FAD-utilizing enzyme apparently involved in cell,1930355,1932247,2,1,first,,rsmG,mnmG,rsmG,1929638,1932247,mnmG;rsmG
973,rsmG,CDS,COG0357,1929638,1930255,-,[M] Predicted S-adenosylmethionine-dependent methyltransferase involved in bacterial,1929638,1930255,2,2,last,mnmG,,mnmG,rsmG,1929638,1932247,mnmG;rsmG
974,cds-WP_005599082.1,CDS,COG0561,1932697,1933509,+,[R] Predicted hydrolases of the HAD superfamily,1932697,1933509,1,1,single,,,cds-WP_005599082.1,cds-WP_005599082.1,1932697,1933509,cds-WP_005599082.1
975,cds-WP_005605659.1,CDS,COG0834,1933559,1934341,-,"[ET] ABC-type amino acid transport/signal transduction systems,",1933559,1934341,1,1,single,,,cds-WP_005605659.1,cds-WP_005605659.1,1933559,1934341,cds-WP_005605659.1
976,cds-WP_005605663.1,CDS,ROG2633,1935032,1935409,-,NA,1935032,1935409,2,1,first,,cds-WP_005599087.1,cds-WP_005605663.1,cds-WP_005599087.1,1934553,1935409,cds-WP_005605663.1;cds-WP_005599087.1
976,cds-WP_005599087.1,CDS,COG3012,1934553,1935029,-,[S] Uncharacterized protein conserved in bacteria ,1934553,1935029,2,2,last,cds-WP_005605663.1,,cds-WP_005605663.1,cds-WP_005599087.1,1934553,1935409,cds-WP_005605663.1;cds-WP_005599087.1
977,cds-WP_039755312.1,CDS,COG3444,1937144,1938112,-,"[G] Phosphotransferase system, mannose/fructose/N-acetylgalactosamine-specific component IIB ",1937144,1938112,3,1,first,,cds-WP_005602418.1,cds-WP_039755312.1,manZ,1935497,1938112,cds-WP_039755312.1;cds-WP_005602418.1;manZ
977,cds-WP_005602418.1,CDS,COG3715,1936335,1937129,-,"[G] Phosphotransferase system, mannose/fructose/N-acetylgalactosamine-specific component IIC ",1936335,1937129,3,2,internal,cds-WP_039755312.1,manZ,cds-WP_039755312.1,manZ,1935497,1938112,cds-WP_039755312.1;cds-WP_005602418.1;manZ
977,manZ,CDS,COG3716,1935497,1936324,-,"[G] Phosphotransferase system, mannose/fructose/N-acetylgalactosamine-specific component IID ",1935497,1936324,3,3,last,cds-WP_005602418.1,,cds-WP_039755312.1,manZ,1935497,1938112,cds-WP_039755312.1;cds-WP_005602418.1;manZ
978,cds-WP_005618129.1,CDS,COG2610,1938302,1939651,-,[GE] H+/gluconate symporter and related permeases ,1938302,1939651,1,1,single,,,cds-WP_005618129.1,cds-WP_005618129.1,1938302,1939651,cds-WP_005618129.1
979,cds-WP_005618131.1,CDS,COG3265,1939829,1940344,+,[G] Gluconate kinase    ,1939829,1940344,1,1,single,,,cds-WP_005618131.1,cds-WP_005618131.1,1939829,1940344,cds-WP_005618131.1
980,gntR,CDS,COG1609,1940416,1941414,-,[K] Transcriptional regulators    ,1940416,1941414,1,1,single,,,gntR,gntR,1940416,1941414,gntR
981,cds-WP_009874978.1,CDS,COG1609,1941537,1942526,+,[K] Transcriptional regulators    ,1941537,1942526,6,1,first,,rbsD,cds-WP_009874978.1,rbsK,1941537,1947452,cds-WP_009874978.1;rbsD;rbsA;rbsC;rbsB;rbsK
981,rbsD,CDS,COG1869,1942647,1943066,+,"[G] ABC-type ribose transport system, auxiliary component",1942647,1943066,6,2,internal,cds-WP_009874978.1,rbsA,cds-WP_009874978.1,rbsK,1941537,1947452,cds-WP_009874978.1;rbsD;rbsA;rbsC;rbsB;rbsK
981,rbsA,CDS,COG1129,1943079,1944560,+,"[G] ABC-type sugar transport system, ATPase component",1943079,1944560,6,3,internal,rbsD,rbsC,cds-WP_009874978.1,rbsK,1941537,1947452,cds-WP_009874978.1;rbsD;rbsA;rbsC;rbsB;rbsK
981,rbsC,CDS,COG1172,1944613,1945572,+,"[G] Ribose/xylose/arabinose/galactoside ABC-type transport systems, permease components",1944613,1945572,6,4,internal,rbsA,rbsB,cds-WP_009874978.1,rbsK,1941537,1947452,cds-WP_009874978.1;rbsD;rbsA;rbsC;rbsB;rbsK
981,rbsB,CDS,COG1879,1945596,1946468,+,"[G] ABC-type sugar transport system, periplasmic component",1945596,1946468,6,5,internal,rbsC,rbsK,cds-WP_009874978.1,rbsK,1941537,1947452,cds-WP_009874978.1;rbsD;rbsA;rbsC;rbsB;rbsK
981,rbsK,CDS,COG0524,1946541,1947452,+,"[G] Sugar kinases, ribokinase family  ",1946541,1947452,6,6,last,rbsB,,cds-WP_009874978.1,rbsK,1941537,1947452,cds-WP_009874978.1;rbsD;rbsA;rbsC;rbsB;rbsK
982,cds-WP_039709363.1,CDS,COG0243,1947687,1950104,+,"[C] Anaerobic dehydrogenases, typically selenocysteine-containing  ",1947687,1950104,5,1,first,,cds-WP_005602440.1,cds-WP_039709363.1,napF_2,1947687,1952749,cds-WP_039709363.1;cds-WP_005602440.1;cds-WP_039709364.1;dmsD;napF_2
982,cds-WP_005602440.1,CDS,COG0437,1950114,1950731,+,[C] Fe-S-cluster-containing hydrogenase components 1  ,1950114,1950731,5,2,internal,cds-WP_039709363.1,cds-WP_039709364.1,cds-WP_039709363.1,napF_2,1947687,1952749,cds-WP_039709363.1;cds-WP_005602440.1;cds-WP_039709364.1;dmsD;napF_2
982,cds-WP_039709364.1,CDS,COG3302,1950733,1951566,+,[R] DMSO reductase anchor subunit  ,1950733,1951566,5,3,internal,cds-WP_005602440.1,dmsD,cds-WP_039709363.1,napF_2,1947687,1952749,cds-WP_039709363.1;cds-WP_005602440.1;cds-WP_039709364.1;dmsD;napF_2
982,dmsD,CDS,COG3381,1951622,1952227,+,[R] Uncharacterized component of anaerobic dehydrogenases ,1951622,1952227,5,4,internal,cds-WP_039709364.1,napF_2,cds-WP_039709363.1,napF_2,1947687,1952749,cds-WP_039709363.1;cds-WP_005602440.1;cds-WP_039709364.1;dmsD;napF_2
982,napF_2,CDS,COG1145,1952231,1952749,+,[C] Ferredoxin     ,1952231,1952749,5,5,last,dmsD,,cds-WP_039709363.1,napF_2,1947687,1952749,cds-WP_039709363.1;cds-WP_005602440.1;cds-WP_039709364.1;dmsD;napF_2
983,cds-WP_039709367.1,CDS,ROG6736,1952746,1953375,-,NA,1952746,1953375,1,1,single,,,cds-WP_039709367.1,cds-WP_039709367.1,1952746,1953375,cds-WP_039709367.1
984,cds-WP_039709368.1,CDS,COG4823,1953655,1954146,+,[V] Abortive infection bacteriophage resistance protein ,1953655,1954146,2,1,first,,cds-MIDG2331_RS11715,cds-WP_039709368.1,cds-MIDG2331_RS11715,1953655,1954673,cds-WP_039709368.1;cds-MIDG2331_RS11715
984,cds-MIDG2331_RS11715,CDS,COG4823,1954215,1954673,+,[V] Abortive infection bacteriophage resistance protein ,1954215,1954673,2,2,last,cds-WP_039709368.1,,cds-WP_039709368.1,cds-MIDG2331_RS11715,1953655,1954673,cds-WP_039709368.1;cds-MIDG2331_RS11715
985,purL,CDS,COG0046,1955527,1959423,-,"[F] Phosphoribosylformylglycinamidine (FGAM) synthase, synthetase domain ",1955527,1959423,2,1,first,,cds-WP_005599134.1,purL,cds-WP_005599134.1,1954829,1959423,purL;cds-WP_005599134.1
985,cds-WP_005599134.1,CDS,NA,1954829,1955470,-,NA,1954829,1955470,2,2,last,purL,,purL,cds-WP_005599134.1,1954829,1959423,purL;cds-WP_005599134.1
986,cds-WP_005602463.1,CDS,COG1349,1959650,1960396,+,[KG] Transcriptional regulators of sugar metabolism ,1959650,1960396,1,1,single,,,cds-WP_005602463.1,cds-WP_005602463.1,1959650,1960396,cds-WP_005602463.1
987,fucI,CDS,COG2407,1960618,1962384,+,[G] L-fucose isomerase and related proteins ,1960618,1962384,6,1,first,,fucK,fucI,fucO,1960618,1967779,fucI;fucK;fucU;cds-WP_005609108.1;fucP;fucO
987,fucK,CDS,COG1070,1962461,1963894,+,[G] Sugar (pentulose and hexulose) kinases ,1962461,1963894,6,2,internal,fucI,fucU,fucI,fucO,1960618,1967779,fucI;fucK;fucU;cds-WP_005609108.1;fucP;fucO
987,fucU,CDS,COG4154,1964029,1964463,+,[G] Fucose dissimilation pathway protein FucU ,1964029,1964463,6,3,internal,fucK,cds-WP_005609108.1,fucI,fucO,1960618,1967779,fucI;fucK;fucU;cds-WP_005609108.1;fucP;fucO
987,cds-WP_005609108.1,CDS,COG0235,1964514,1965164,+,[G] Ribulose-5-phosphate 4-epimerase and related epimerases and,1964514,1965164,6,4,internal,fucU,fucP,fucI,fucO,1960618,1967779,fucI;fucK;fucU;cds-WP_005609108.1;fucP;fucO
987,fucP,CDS,COG0738,1965219,1966508,+,[G] Fucose permease    ,1965219,1966508,6,5,internal,cds-WP_005609108.1,fucO,fucI,fucO,1960618,1967779,fucI;fucK;fucU;cds-WP_005609108.1;fucP;fucO
987,fucO,CDS,COG1454,1966628,1967779,+,"[C] Alcohol dehydrogenase, class IV  ",1966628,1967779,6,6,last,fucP,,fucI,fucO,1960618,1967779,fucI;fucK;fucU;cds-WP_005609108.1;fucP;fucO
988,cds-WP_039709370.1,CDS,COG3477,1967981,1968622,+,[S] Predicted periplasmic/secreted protein   ,1967981,1968622,1,1,single,,,cds-WP_039709370.1,cds-WP_039709370.1,1967981,1968622,cds-WP_039709370.1
989,cds-WP_039709371.1,CDS,COG0765,1968824,1969483,+,"[E] ABC-type amino acid transport system, permease",1968824,1969483,4,1,first,,cds-WP_039709372.1,cds-WP_039709371.1,cds-WP_039709381.1,1968824,1971770,cds-WP_039709371.1;cds-WP_039709372.1;cds-MIDG2331_RS11525;cds-WP_039709381.1
989,cds-WP_039709372.1,CDS,COG0765,1969473,1970141,+,"[E] ABC-type amino acid transport system, permease",1969473,1970141,4,2,internal,cds-WP_039709371.1,cds-MIDG2331_RS11525,cds-WP_039709371.1,cds-WP_039709381.1,1968824,1971770,cds-WP_039709371.1;cds-WP_039709372.1;cds-MIDG2331_RS11525;cds-WP_039709381.1
989,cds-MIDG2331_RS11525,CDS,COG1126,1970142,1970870,+,"[E] ABC-type polar amino acid transport system,",1970142,1970870,4,3,internal,cds-WP_039709372.1,cds-WP_039709381.1,cds-WP_039709371.1,cds-WP_039709381.1,1968824,1971770,cds-WP_039709371.1;cds-WP_039709372.1;cds-MIDG2331_RS11525;cds-WP_039709381.1
989,cds-WP_039709381.1,CDS,COG0834,1970934,1971770,+,"[ET] ABC-type amino acid transport/signal transduction systems,",1970934,1971770,4,4,last,cds-MIDG2331_RS11525,,cds-WP_039709371.1,cds-WP_039709381.1,1968824,1971770,cds-WP_039709371.1;cds-WP_039709372.1;cds-MIDG2331_RS11525;cds-WP_039709381.1
990,cds-WP_039709373.1,CDS,COG3563,1971903,1973972,+,[M] Capsule polysaccharide export protein  ,1971903,1973972,2,1,first,,cds-WP_005610771.1,cds-WP_039709373.1,cds-WP_005610771.1,1971903,1975215,cds-WP_039709373.1;cds-WP_005610771.1
990,cds-WP_005610771.1,CDS,COG3562,1973995,1975215,+,[M] Capsule polysaccharide export protein  ,1973995,1975215,2,2,last,cds-WP_039709373.1,,cds-WP_039709373.1,cds-WP_005610771.1,1971903,1975215,cds-WP_039709373.1;cds-WP_005610771.1
991,cds-WP_005599168.1,CDS,ROG0755,1975284,1976246,-,NA,1975284,1976246,1,1,single,,,cds-WP_005599168.1,cds-WP_005599168.1,1975284,1976246,cds-WP_005599168.1
992,cds-WP_039709374.1,CDS,COG3037,1977702,1979507,-,[S] Uncharacterized protein conserved in bacteria ,1977702,1979507,3,1,first,,cds-WP_005602496.1,cds-WP_039709374.1,cds-WP_005602494.1,1976407,1979507,cds-WP_039709374.1;cds-WP_005602496.1;cds-WP_005602494.1
992,cds-WP_005602496.1,CDS,COG1762,1977158,1977625,-,[GT] Phosphotransferase system mannitol/fructose-specific IIA domain (Ntr-type),1977158,1977625,3,2,internal,cds-WP_039709374.1,cds-WP_005602494.1,cds-WP_039709374.1,cds-WP_005602494.1,1976407,1979507,cds-WP_039709374.1;cds-WP_005602496.1;cds-WP_005602494.1
992,cds-WP_005602494.1,CDS,COG0269,1976407,1977087,-,[G] 3-hexulose-6-phosphate synthase and related proteins ,1976407,1977087,3,3,last,cds-WP_005602496.1,,cds-WP_039709374.1,cds-WP_005602494.1,1976407,1979507,cds-WP_039709374.1;cds-WP_005602496.1;cds-WP_005602494.1
993,ulaG,CDS,COG2220,1979981,1981072,+,[R] Predicted Zn-dependent hydrolases of the beta-lactamase,1979981,1981072,4,1,first,,ulaR,ulaG,araD,1979981,1983573,ulaG;ulaR;cds-WP_012263356.1;araD
993,ulaR,CDS,COG1349,1981174,1981920,+,[KG] Transcriptional regulators of sugar metabolism ,1981174,1981920,4,2,internal,ulaG,cds-WP_012263356.1,ulaG,araD,1979981,1983573,ulaG;ulaR;cds-WP_012263356.1;araD
993,cds-WP_012263356.1,CDS,COG3623,1982006,1982866,+,[G] Putative L-xylulose-5-phosphate 3-epimerase   ,1982006,1982866,4,3,internal,ulaR,araD,ulaG,araD,1979981,1983573,ulaG;ulaR;cds-WP_012263356.1;araD
993,araD,CDS,COG0235,1982860,1983573,+,[G] Ribulose-5-phosphate 4-epimerase and related epimerases and,1982860,1983573,4,4,last,cds-WP_012263356.1,,ulaG,araD,1979981,1983573,ulaG;ulaR;cds-WP_012263356.1;araD
994,cds-WP_005613287.1,CDS,COG0545,1983725,1984354,-,[O] FKBP-type peptidyl-prolyl cis-trans isomerases 1 ,1983725,1984354,1,1,single,,,cds-WP_005613287.1,cds-WP_005613287.1,1983725,1984354,cds-WP_005613287.1
995,cds-MIDG2331_RS09300,CDS,NA,1984681,1985410,+,NA,1984681,1985410,1,1,single,,,cds-MIDG2331_RS09300,cds-MIDG2331_RS09300,1984681,1985410,cds-MIDG2331_RS09300
996,cds-WP_005599189.1,CDS,ROG2619,1985534,1985722,-,NA,1985534,1985722,1,1,single,,,cds-WP_005599189.1,cds-WP_005599189.1,1985534,1985722,cds-WP_005599189.1
997,cds-WP_005599190.1,CDS,NA,1985756,1986190,+,NA,1985756,1986190,1,1,single,,,cds-WP_005599190.1,cds-WP_005599190.1,1985756,1986190,cds-WP_005599190.1
998,cds-WP_427833029.1,CDS,NA,1986337,1986600,+,NA,1986337,1986600,2,1,first,,cds-WP_462675109.1,cds-WP_427833029.1,cds-WP_462675109.1,1986337,1987743,cds-WP_427833029.1;cds-WP_462675109.1
998,cds-WP_462675109.1,CDS,ROG3350,1986616,1987743,+,NA,1986616,1987743,2,2,last,cds-WP_427833029.1,,cds-WP_427833029.1,cds-WP_462675109.1,1986337,1987743,cds-WP_427833029.1;cds-WP_462675109.1
999,rfaD,CDS,COG0451,1987803,1988729,-,[MG] Nucleoside-diphosphate-sugar epimerases    ,1987803,1988729,1,1,single,,,rfaD,rfaD,1987803,1988729,rfaD
1000,def,CDS,COG0242,1988869,1989381,-,[J] N-formylmethionyl-tRNA deformylase    ,1988869,1989381,1,1,single,,,def,def,1988869,1989381,def
1001,dprA,CDS,COG0758,1989567,1990721,+,[LU] Predicted Rossmann fold nucleotide-binding protein involved,1989567,1990721,1,1,single,,,dprA,dprA,1989567,1990721,dprA
1002,cds-WP_039709377.1,CDS,COG1297,1990765,1992771,-,[S] Predicted membrane protein   ,1990765,1992771,1,1,single,,,cds-WP_039709377.1,cds-WP_039709377.1,1990765,1992771,cds-WP_039709377.1
1003,cds-WP_005599206.1,CDS,COG3414,1994357,1994629,-,"[G] Phosphotransferase system, galactitol-specific IIB component ",1994357,1994629,2,1,first,,cds-WP_005599204.1,cds-WP_005599206.1,cds-WP_005599204.1,1992993,1994629,cds-WP_005599206.1;cds-WP_005599204.1
1003,cds-WP_005599204.1,CDS,COG3037,1992993,1994348,-,[S] Uncharacterized protein conserved in bacteria ,1992993,1994348,2,2,last,cds-WP_005599206.1,,cds-WP_005599206.1,cds-WP_005599204.1,1992993,1994629,cds-WP_005599206.1;cds-WP_005599204.1
1004,secE,CDS,COG0690,1994932,1995345,+,[U] Preprotein translocase subunit SecE  ,1994932,1995345,6,1,first,,nusG,secE,rplL,1994932,1998529,secE;nusG;rplK;rplA;rplJ;rplL
1004,nusG,CDS,COG0250,1995347,1995910,+,[K] Transcription antiterminator    ,1995347,1995910,6,2,internal,secE,rplK,secE,rplL,1994932,1998529,secE;nusG;rplK;rplA;rplJ;rplL
1004,rplK,CDS,COG0080,1996198,1996626,+,[J] Ribosomal protein L11   ,1996198,1996626,6,3,internal,nusG,rplA,secE,rplL,1994932,1998529,secE;nusG;rplK;rplA;rplJ;rplL
1004,rplA,CDS,COG0081,1996631,1997320,+,[J] Ribosomal protein L1   ,1996631,1997320,6,4,internal,rplK,rplJ,secE,rplL,1994932,1998529,secE;nusG;rplK;rplA;rplJ;rplL
1004,rplJ,CDS,COG0244,1997609,1998100,+,[J] Ribosomal protein L10   ,1997609,1998100,6,5,internal,rplA,rplL,secE,rplL,1994932,1998529,secE;nusG;rplK;rplA;rplJ;rplL
1004,rplL,CDS,COG0222,1998161,1998529,+,[J] Ribosomal protein L7/L12   ,1998161,1998529,6,6,last,rplJ,,secE,rplL,1994932,1998529,secE;nusG;rplK;rplA;rplJ;rplL
1005,cds-WP_005599215.1,CDS,ROG1061,1998693,1998965,+,NA,1998693,1998965,2,1,first,,cds-WP_039709382.1,cds-WP_005599215.1,cds-WP_039709382.1,1998693,2000226,cds-WP_005599215.1;cds-WP_039709382.1
1005,cds-WP_039709382.1,CDS,COG3550,1998970,2000226,+,[R] Uncharacterized protein related to capsule biosynthesis,1998970,2000226,2,2,last,cds-WP_005599215.1,,cds-WP_005599215.1,cds-WP_039709382.1,1998693,2000226,cds-WP_005599215.1;cds-WP_039709382.1
1006,cds-WP_039709378.1,CDS,NA,2000385,2000603,+,NA,2000385,2000603,2,1,first,,cds-WP_005602529.1,cds-WP_039709378.1,cds-WP_005602529.1,2000385,2001153,cds-WP_039709378.1;cds-WP_005602529.1
1006,cds-WP_005602529.1,CDS,COG4353,2000662,2001153,+,[S] Uncharacterized conserved protein   ,2000662,2001153,2,2,last,cds-WP_039709378.1,,cds-WP_039709378.1,cds-WP_005602529.1,2000385,2001153,cds-WP_039709378.1;cds-WP_005602529.1
1007,cds-WP_005602530.1,CDS,NA,2001228,2001542,+,NA,2001228,2001542,2,1,first,,cds-WP_171823680.1,cds-WP_005602530.1,cds-WP_171823680.1,2001228,2001731,cds-WP_005602530.1;cds-WP_171823680.1
1007,cds-WP_171823680.1,CDS,ROG1602,2001558,2001731,+,NA,2001558,2001731,2,2,last,cds-WP_005602530.1,,cds-WP_005602530.1,cds-WP_171823680.1,2001228,2001731,cds-WP_005602530.1;cds-WP_171823680.1
1008,cds-WP_420000839.1,CDS,COG3677,2001806,2002729,+,[L] Transposase and inactivated derivatives  ,2001806,2002729,1,1,single,,,cds-WP_420000839.1,cds-WP_420000839.1,2001806,2002729,cds-WP_420000839.1
1009,cds-WP_231944213.1,CDS,NA,2002835,2003449,+,NA,2002835,2003449,1,1,single,,,cds-WP_231944213.1,cds-WP_231944213.1,2002835,2003449,cds-WP_231944213.1
1010,rpoB,CDS,COG0085,2003804,2007832,+,"[K] DNA-directed RNA polymerase, beta subunit/140 kD",2003804,2007832,2,1,first,,rpoC,rpoB,rpoC,2003804,2012229,rpoB;rpoC
1010,rpoC,CDS,COG0086,2007958,2012229,+,"[K] DNA-directed RNA polymerase, beta' subunit/160 kD",2007958,2012229,2,2,last,rpoB,,rpoB,rpoC,2003804,2012229,rpoB;rpoC
1011,cds-WP_005613299.1,CDS,ROG7001,2012302,2013933,+,NA,2012302,2013933,1,1,single,,,cds-WP_005613299.1,cds-WP_005613299.1,2012302,2013933,cds-WP_005613299.1
1012,cds-WP_162835170.1,CDS,COG3093,2014205,2014345,-,[R] Plasmid maintenance system antidote protein ,2014205,2014345,1,1,single,,,cds-WP_162835170.1,cds-WP_162835170.1,2014205,2014345,cds-WP_162835170.1
1013,vapB,CDS,COG4456,2014453,2014683,+,[S] Virulence-associated protein and related proteins ,2014453,2014683,2,1,first,,vapC,vapB,vapC,2014453,2015081,vapB;vapC
1013,vapC,CDS,COG1487,2014683,2015081,+,"[R] Predicted nucleic acid-binding protein, contains PIN",2014683,2015081,2,2,last,vapB,,vapB,vapC,2014453,2015081,vapB;vapC
1014,cds-WP_005609158.1,CDS,COG3059,2015216,2015632,-,[S] Predicted membrane protein   ,2015216,2015632,1,1,single,,,cds-WP_005609158.1,cds-WP_005609158.1,2015216,2015632,cds-WP_005609158.1
1015,cds-WP_039709386.1,CDS,COG4902,2015879,2016529,+,[S] Uncharacterized protein conserved in archaea ,2015879,2016529,1,1,single,,,cds-WP_039709386.1,cds-WP_039709386.1,2015879,2016529,cds-WP_039709386.1
1016,cds-WP_039709387.1,CDS,COG2064,2016604,2017263,-,[NU] Flp pilus assembly protein TadC ,2016604,2017263,1,1,single,,,cds-WP_039709387.1,cds-WP_039709387.1,2016604,2017263,cds-WP_039709387.1
1017,cds-WP_039709388.1,CDS,NA,2017663,2018334,-,NA,2017663,2018334,2,1,first,,cds-WP_160260668.1,cds-WP_039709388.1,cds-WP_160260668.1,2017509,2018334,cds-WP_039709388.1;cds-WP_160260668.1
1017,cds-WP_160260668.1,CDS,NA,2017509,2017670,-,NA,2017509,2017670,2,2,last,cds-WP_039709388.1,,cds-WP_039709388.1,cds-WP_160260668.1,2017509,2018334,cds-WP_039709388.1;cds-WP_160260668.1
1018,hslV,CDS,COG5405,2019994,2020515,-,"[O] ATP-dependent protease HslVU (ClpYQ), peptidase subunit",2019994,2020515,2,1,first,,hslU,hslV,hslU,2018406,2020515,hslV;hslU
1018,hslU,CDS,COG1220,2018406,2019728,-,"[O] ATP-dependent protease HslVU (ClpYQ), ATPase subunit",2018406,2019728,2,2,last,hslV,,hslV,hslU,2018406,2020515,hslV;hslU
1019,sfsA,CDS,COG1489,2020593,2021306,-,"[R] DNA-binding protein, stimulates sugar fermentation ",2020593,2021306,1,1,single,,,sfsA,sfsA,2020593,2021306,sfsA
1020,gloA2,CDS,COG0346,2021612,2022004,-,[E] Lactoylglutathione lyase and related lyases ,2021612,2022004,1,1,single,,,gloA2,gloA2,2021612,2022004,gloA2
1021,mutY,CDS,COG1194,2022102,2023247,+,[L] A/G-specific DNA glycosylase   ,2022102,2023247,3,1,first,,cds-WP_005599252.1,mutY,mltC,2022102,2024641,mutY;cds-WP_005599252.1;mltC
1021,cds-WP_005599252.1,CDS,COG2924,2023251,2023526,+,[CO] Fe-S cluster protector protein  ,2023251,2023526,3,2,internal,mutY,mltC,mutY,mltC,2022102,2024641,mutY;cds-WP_005599252.1;mltC
1021,mltC,CDS,COG0741,2023544,2024641,+,[M] Soluble lytic murein transglycosylase and related,2023544,2024641,3,3,last,cds-WP_005599252.1,,mutY,mltC,2022102,2024641,mutY;cds-WP_005599252.1;mltC
1022,rna-MIDG2331_RS09500,tRNA,NA,2024766,2024841,+,NA,2024766,2024841,4,1,first,,rna-MIDG2331_RS09505,rna-MIDG2331_RS09500,rna-MIDG2331_RS09515,2024766,2025224,rna-MIDG2331_RS09500;rna-MIDG2331_RS09505;rna-MIDG2331_RS09510;rna-MIDG2331_RS09515
1022,rna-MIDG2331_RS09505,tRNA,NA,2024847,2024922,+,NA,2024847,2024922,4,2,internal,rna-MIDG2331_RS09500,rna-MIDG2331_RS09510,rna-MIDG2331_RS09500,rna-MIDG2331_RS09515,2024766,2025224,rna-MIDG2331_RS09500;rna-MIDG2331_RS09505;rna-MIDG2331_RS09510;rna-MIDG2331_RS09515
1022,rna-MIDG2331_RS09510,tRNA,NA,2025055,2025130,+,NA,2025055,2025130,4,3,internal,rna-MIDG2331_RS09505,rna-MIDG2331_RS09515,rna-MIDG2331_RS09500,rna-MIDG2331_RS09515,2024766,2025224,rna-MIDG2331_RS09500;rna-MIDG2331_RS09505;rna-MIDG2331_RS09510;rna-MIDG2331_RS09515
1022,rna-MIDG2331_RS09515,tRNA,NA,2025149,2025224,+,NA,2025149,2025224,4,4,last,rna-MIDG2331_RS09510,,rna-MIDG2331_RS09500,rna-MIDG2331_RS09515,2024766,2025224,rna-MIDG2331_RS09500;rna-MIDG2331_RS09505;rna-MIDG2331_RS09510;rna-MIDG2331_RS09515
1023,cds-MIDG2331_RS11370,CDS,COG1192,2025334,2026169,+,[D] ATPases involved in chromosome partitioning ,2025334,2026169,4,1,first,,cds-WP_005619377.1,cds-MIDG2331_RS11370,cds-WP_039709393.1,2025334,2027742,cds-MIDG2331_RS11370;cds-WP_005619377.1;cds-WP_005620157.1;cds-WP_039709393.1
1023,cds-WP_005619377.1,CDS,COG0305,2026166,2026486,+,[L] Replicative DNA helicase   ,2026166,2026486,4,2,internal,cds-MIDG2331_RS11370,cds-WP_005620157.1,cds-MIDG2331_RS11370,cds-WP_039709393.1,2025334,2027742,cds-MIDG2331_RS11370;cds-WP_005619377.1;cds-WP_005620157.1;cds-WP_039709393.1
1023,cds-WP_005620157.1,CDS,ROG0271,2026470,2026826,+,NA,2026470,2026826,4,3,internal,cds-WP_005619377.1,cds-WP_039709393.1,cds-MIDG2331_RS11370,cds-WP_039709393.1,2025334,2027742,cds-MIDG2331_RS11370;cds-WP_005619377.1;cds-WP_005620157.1;cds-WP_039709393.1
1023,cds-WP_039709393.1,CDS,ROG5398,2026852,2027742,+,NA,2026852,2027742,4,4,last,cds-WP_005620157.1,,cds-MIDG2331_RS11370,cds-WP_039709393.1,2025334,2027742,cds-MIDG2331_RS11370;cds-WP_005619377.1;cds-WP_005620157.1;cds-WP_039709393.1
1024,cds-WP_162029584.1,CDS,NA,2028281,2028547,+,NA,2028281,2028547,2,1,first,,cds-WP_039709394.1,cds-WP_162029584.1,cds-WP_039709394.1,2028281,2029706,cds-WP_162029584.1;cds-WP_039709394.1
1024,cds-WP_039709394.1,CDS,COG2850,2028519,2029706,+,[S] Uncharacterized conserved protein   ,2028519,2029706,2,2,last,cds-WP_162029584.1,,cds-WP_162029584.1,cds-WP_039709394.1,2028281,2029706,cds-WP_162029584.1;cds-WP_039709394.1
1025,cds-WP_005609171.1,CDS,COG3328,2030294,2031229,-,[L] Transposase and inactivated derivatives  ,2030294,2031229,1,1,single,,,cds-WP_005609171.1,cds-WP_005609171.1,2030294,2031229,cds-WP_005609171.1
1026,cds-WP_005602577.1,CDS,ROG3585,2033493,2034449,-,NA,2033493,2034449,2,1,first,,cds-WP_039709671.1,cds-WP_005602577.1,cds-WP_039709671.1,2031422,2034449,cds-WP_005602577.1;cds-WP_039709671.1
1026,cds-WP_039709671.1,CDS,COG2274,2031422,2033503,-,"[V] ABC-type bacteriocin/lantibiotic exporters, contain an N-terminal",2031422,2033503,2,2,last,cds-WP_005602577.1,,cds-WP_005602577.1,cds-WP_039709671.1,2031422,2034449,cds-WP_005602577.1;cds-WP_039709671.1
1027,cds-WP_005602578.1,CDS,NA,2034549,2034713,+,NA,2034549,2034713,1,1,single,,,cds-WP_005602578.1,cds-WP_005602578.1,2034549,2034713,cds-WP_005602578.1
1028,rna-MIDG2331_RS09580,tRNA,NA,2035483,2035558,+,NA,2035483,2035558,1,1,single,,,rna-MIDG2331_RS09580,rna-MIDG2331_RS09580,2035483,2035558,rna-MIDG2331_RS09580
1029,ffh,CDS,COG0541,2035981,2037372,+,[U] Signal recognition particle GTPase  ,2035981,2037372,1,1,single,,,ffh,ffh,2035981,2037372,ffh
1030,cds-WP_039709396.1,CDS,COG0737,2037527,2039191,-,"[F] 5'-nucleotidase/2',3'-cyclic phosphodiesterase and related esterases ",2037527,2039191,1,1,single,,,cds-WP_039709396.1,cds-WP_039709396.1,2037527,2039191,cds-WP_039709396.1
1031,cds-WP_039709397.1,CDS,COG0654,2039383,2040549,-,[HC] 2-polyprenyl-6-methoxyphenol hydroxylase and related FAD-dependent oxidoreductases,2039383,2040549,1,1,single,,,cds-WP_039709397.1,cds-WP_039709397.1,2039383,2040549,cds-WP_039709397.1
1032,cds-WP_058230505.1,CDS,COG0606,2040755,2042281,+,[O] Predicted ATPase with chaperone activity ,2040755,2042281,1,1,single,,,cds-WP_058230505.1,cds-WP_058230505.1,2040755,2042281,cds-WP_058230505.1
1033,cds-WP_005609185.1,CDS,ROG0077,2042404,2043498,+,NA,2042404,2043498,1,1,single,,,cds-WP_005609185.1,cds-WP_005609185.1,2042404,2043498,cds-WP_005609185.1
1034,menD,CDS,COG1165,2044313,2046019,-,"[H] 2-succinyl-6-hydroxy-2,4-cyclohexadiene-1-carboxylate synthase    ",2044313,2046019,2,1,first,,menH,menD,menH,2043549,2046019,menD;menH
1034,menH,CDS,COG0596,2043549,2044313,-,[R] Predicted hydrolases or acyltransferases (alpha/beta hydrolase,2043549,2044313,2,2,last,menD,,menD,menH,2043549,2046019,menD;menH
1035,cds-WP_005609191.1,CDS,COG2755,2046272,2046865,+,[E] Lysophospholipase L1 and related esterases ,2046272,2046865,6,1,first,,cds-WP_005599263.1,cds-WP_005609191.1,nagA,2046272,2051423,cds-WP_005609191.1;cds-WP_005599263.1;cds-WP_005599264.1;nanA;nagB;nagA
1035,cds-WP_005599263.1,CDS,COG3010,2046903,2047592,+,[G] Putative N-acetylmannosamine-6-phosphate epimerase   ,2046903,2047592,6,2,internal,cds-WP_005609191.1,cds-WP_005599264.1,cds-WP_005609191.1,nagA,2046272,2051423,cds-WP_005609191.1;cds-WP_005599263.1;cds-WP_005599264.1;nanA;nagB;nagA
1035,cds-WP_005599264.1,CDS,COG1940,2047602,2048474,+,[KG] Transcriptional regulator/sugar kinase   ,2047602,2048474,6,3,internal,cds-WP_005599263.1,nanA,cds-WP_005609191.1,nagA,2046272,2051423,cds-WP_005609191.1;cds-WP_005599263.1;cds-WP_005599264.1;nanA;nagB;nagA
1035,nanA,CDS,COG0329,2048495,2049373,+,[EM] Dihydrodipicolinate synthase/N-acetylneuraminate lyase   ,2048495,2049373,6,4,internal,cds-WP_005599264.1,nagB,cds-WP_005609191.1,nagA,2046272,2051423,cds-WP_005609191.1;cds-WP_005599263.1;cds-WP_005599264.1;nanA;nagB;nagA
1035,nagB,CDS,COG0363,2049423,2050226,+,[G] 6-phosphogluconolactonase/Glucosamine-6-phosphate isomerase/deaminase    ,2049423,2050226,6,5,internal,nanA,nagA,cds-WP_005609191.1,nagA,2046272,2051423,cds-WP_005609191.1;cds-WP_005599263.1;cds-WP_005599264.1;nanA;nagB;nagA
1035,nagA,CDS,COG1820,2050278,2051423,+,[G] N-acetylglucosamine-6-phosphate deacetylase    ,2050278,2051423,6,6,last,nagB,,cds-WP_005609191.1,nagA,2046272,2051423,cds-WP_005609191.1;cds-WP_005599263.1;cds-WP_005599264.1;nanA;nagB;nagA
1036,fumC,CDS,COG0114,2051573,2052967,-,[C] Fumarase     ,2051573,2052967,1,1,single,,,fumC,fumC,2051573,2052967,fumC
1037,cds-WP_005609196.1,CDS,COG3070,2053122,2053778,-,[K] Regulator of competence-specific genes  ,2053122,2053778,1,1,single,,,cds-WP_005609196.1,cds-WP_005609196.1,2053122,2053778,cds-WP_005609196.1
1038,rpsJ,CDS,COG0051,2054186,2054497,+,[J] Ribosomal protein S10   ,2054186,2054497,32,1,first,,rplC,rpsJ,rplS,2054186,2070174,rpsJ;rplC;rplD;rplW;rplB;rpsS;rplV;rpsC;rplP;rpmC;rpsQ;rplN;rplX;rplE;rpsN;rpsH;rplF;rplR;rpsE;rpmD;rplO;secY;rpmJ;rpsM;rpsK;rpsD;cds-WP_005619415.1;rplQ;rpsP;rimM;trmD;rplS
1038,rplC,CDS,COG0087,2054523,2055149,+,[J] Ribosomal protein L3   ,2054523,2055149,32,2,internal,rpsJ,rplD,rpsJ,rplS,2054186,2070174,rpsJ;rplC;rplD;rplW;rplB;rpsS;rplV;rpsC;rplP;rpmC;rpsQ;rplN;rplX;rplE;rpsN;rpsH;rplF;rplR;rpsE;rpmD;rplO;secY;rpmJ;rpsM;rpsK;rpsD;cds-WP_005619415.1;rplQ;rpsP;rimM;trmD;rplS
1038,rplD,CDS,COG0088,2055165,2055767,+,[J] Ribosomal protein L4   ,2055165,2055767,32,3,internal,rplC,rplW,rpsJ,rplS,2054186,2070174,rpsJ;rplC;rplD;rplW;rplB;rpsS;rplV;rpsC;rplP;rpmC;rpsQ;rplN;rplX;rplE;rpsN;rpsH;rplF;rplR;rpsE;rpmD;rplO;secY;rpmJ;rpsM;rpsK;rpsD;cds-WP_005619415.1;rplQ;rpsP;rimM;trmD;rplS
1038,rplW,CDS,COG0089,2055764,2056069,+,[J] Ribosomal protein L23   ,2055764,2056069,32,4,internal,rplD,rplB,rpsJ,rplS,2054186,2070174,rpsJ;rplC;rplD;rplW;rplB;rpsS;rplV;rpsC;rplP;rpmC;rpsQ;rplN;rplX;rplE;rpsN;rpsH;rplF;rplR;rpsE;rpmD;rplO;secY;rpmJ;rpsM;rpsK;rpsD;cds-WP_005619415.1;rplQ;rpsP;rimM;trmD;rplS
1038,rplB,CDS,COG0090,2056090,2056911,+,[J] Ribosomal protein L2   ,2056090,2056911,32,5,internal,rplW,rpsS,rpsJ,rplS,2054186,2070174,rpsJ;rplC;rplD;rplW;rplB;rpsS;rplV;rpsC;rplP;rpmC;rpsQ;rplN;rplX;rplE;rpsN;rpsH;rplF;rplR;rpsE;rpmD;rplO;secY;rpmJ;rpsM;rpsK;rpsD;cds-WP_005619415.1;rplQ;rpsP;rimM;trmD;rplS
1038,rpsS,CDS,COG0185,2056939,2057214,+,[J] Ribosomal protein S19   ,2056939,2057214,32,6,internal,rplB,rplV,rpsJ,rplS,2054186,2070174,rpsJ;rplC;rplD;rplW;rplB;rpsS;rplV;rpsC;rplP;rpmC;rpsQ;rplN;rplX;rplE;rpsN;rpsH;rplF;rplR;rpsE;rpmD;rplO;secY;rpmJ;rpsM;rpsK;rpsD;cds-WP_005619415.1;rplQ;rpsP;rimM;trmD;rplS
1038,rplV,CDS,COG0091,2057225,2057557,+,[J] Ribosomal protein L22   ,2057225,2057557,32,7,internal,rpsS,rpsC,rpsJ,rplS,2054186,2070174,rpsJ;rplC;rplD;rplW;rplB;rpsS;rplV;rpsC;rplP;rpmC;rpsQ;rplN;rplX;rplE;rpsN;rpsH;rplF;rplR;rpsE;rpmD;rplO;secY;rpmJ;rpsM;rpsK;rpsD;cds-WP_005619415.1;rplQ;rpsP;rimM;trmD;rplS
1038,rpsC,CDS,COG0092,2057576,2058283,+,[J] Ribosomal protein S3   ,2057576,2058283,32,8,internal,rplV,rplP,rpsJ,rplS,2054186,2070174,rpsJ;rplC;rplD;rplW;rplB;rpsS;rplV;rpsC;rplP;rpmC;rpsQ;rplN;rplX;rplE;rpsN;rpsH;rplF;rplR;rpsE;rpmD;rplO;secY;rpmJ;rpsM;rpsK;rpsD;cds-WP_005619415.1;rplQ;rpsP;rimM;trmD;rplS
1038,rplP,CDS,COG0197,2058297,2058707,+,[J] Ribosomal protein L16/L10E   ,2058297,2058707,32,9,internal,rpsC,rpmC,rpsJ,rplS,2054186,2070174,rpsJ;rplC;rplD;rplW;rplB;rpsS;rplV;rpsC;rplP;rpmC;rpsQ;rplN;rplX;rplE;rpsN;rpsH;rplF;rplR;rpsE;rpmD;rplO;secY;rpmJ;rpsM;rpsK;rpsD;cds-WP_005619415.1;rplQ;rpsP;rimM;trmD;rplS
1038,rpmC,CDS,COG0255,2058707,2058898,+,[J] Ribosomal protein L29   ,2058707,2058898,32,10,internal,rplP,rpsQ,rpsJ,rplS,2054186,2070174,rpsJ;rplC;rplD;rplW;rplB;rpsS;rplV;rpsC;rplP;rpmC;rpsQ;rplN;rplX;rplE;rpsN;rpsH;rplF;rplR;rpsE;rpmD;rplO;secY;rpmJ;rpsM;rpsK;rpsD;cds-WP_005619415.1;rplQ;rpsP;rimM;trmD;rplS
1038,rpsQ,CDS,COG0186,2058898,2059152,+,[J] Ribosomal protein S17   ,2058898,2059152,32,11,internal,rpmC,rplN,rpsJ,rplS,2054186,2070174,rpsJ;rplC;rplD;rplW;rplB;rpsS;rplV;rpsC;rplP;rpmC;rpsQ;rplN;rplX;rplE;rpsN;rpsH;rplF;rplR;rpsE;rpmD;rplO;secY;rpmJ;rpsM;rpsK;rpsD;cds-WP_005619415.1;rplQ;rpsP;rimM;trmD;rplS
1038,rplN,CDS,COG0093,2059392,2059763,+,[J] Ribosomal protein L14   ,2059392,2059763,32,12,internal,rpsQ,rplX,rpsJ,rplS,2054186,2070174,rpsJ;rplC;rplD;rplW;rplB;rpsS;rplV;rpsC;rplP;rpmC;rpsQ;rplN;rplX;rplE;rpsN;rpsH;rplF;rplR;rpsE;rpmD;rplO;secY;rpmJ;rpsM;rpsK;rpsD;cds-WP_005619415.1;rplQ;rpsP;rimM;trmD;rplS
1038,rplX,CDS,COG0198,2059774,2060085,+,[J] Ribosomal protein L24   ,2059774,2060085,32,13,internal,rplN,rplE,rpsJ,rplS,2054186,2070174,rpsJ;rplC;rplD;rplW;rplB;rpsS;rplV;rpsC;rplP;rpmC;rpsQ;rplN;rplX;rplE;rpsN;rpsH;rplF;rplR;rpsE;rpmD;rplO;secY;rpmJ;rpsM;rpsK;rpsD;cds-WP_005619415.1;rplQ;rpsP;rimM;trmD;rplS
1038,rplE,CDS,COG0094,2060103,2060642,+,[J] Ribosomal protein L5   ,2060103,2060642,32,14,internal,rplX,rpsN,rpsJ,rplS,2054186,2070174,rpsJ;rplC;rplD;rplW;rplB;rpsS;rplV;rpsC;rplP;rpmC;rpsQ;rplN;rplX;rplE;rpsN;rpsH;rplF;rplR;rpsE;rpmD;rplO;secY;rpmJ;rpsM;rpsK;rpsD;cds-WP_005619415.1;rplQ;rpsP;rimM;trmD;rplS
1038,rpsN,CDS,COG0199,2060654,2060959,+,[J] Ribosomal protein S14   ,2060654,2060959,32,15,internal,rplE,rpsH,rpsJ,rplS,2054186,2070174,rpsJ;rplC;rplD;rplW;rplB;rpsS;rplV;rpsC;rplP;rpmC;rpsQ;rplN;rplX;rplE;rpsN;rpsH;rplF;rplR;rpsE;rpmD;rplO;secY;rpmJ;rpsM;rpsK;rpsD;cds-WP_005619415.1;rplQ;rpsP;rimM;trmD;rplS
1038,rpsH,CDS,COG0096,2060996,2061388,+,[J] Ribosomal protein S8   ,2060996,2061388,32,16,internal,rpsN,rplF,rpsJ,rplS,2054186,2070174,rpsJ;rplC;rplD;rplW;rplB;rpsS;rplV;rpsC;rplP;rpmC;rpsQ;rplN;rplX;rplE;rpsN;rpsH;rplF;rplR;rpsE;rpmD;rplO;secY;rpmJ;rpsM;rpsK;rpsD;cds-WP_005619415.1;rplQ;rpsP;rimM;trmD;rplS
1038,rplF,CDS,COG0097,2061405,2061938,+,[J] Ribosomal protein L6P/L9E   ,2061405,2061938,32,17,internal,rpsH,rplR,rpsJ,rplS,2054186,2070174,rpsJ;rplC;rplD;rplW;rplB;rpsS;rplV;rpsC;rplP;rpmC;rpsQ;rplN;rplX;rplE;rpsN;rpsH;rplF;rplR;rpsE;rpmD;rplO;secY;rpmJ;rpsM;rpsK;rpsD;cds-WP_005619415.1;rplQ;rpsP;rimM;trmD;rplS
1038,rplR,CDS,COG0256,2061953,2062306,+,[J] Ribosomal protein L18   ,2061953,2062306,32,18,internal,rplF,rpsE,rpsJ,rplS,2054186,2070174,rpsJ;rplC;rplD;rplW;rplB;rpsS;rplV;rpsC;rplP;rpmC;rpsQ;rplN;rplX;rplE;rpsN;rpsH;rplF;rplR;rpsE;rpmD;rplO;secY;rpmJ;rpsM;rpsK;rpsD;cds-WP_005619415.1;rplQ;rpsP;rimM;trmD;rplS
1038,rpsE,CDS,COG0098,2062321,2062821,+,[J] Ribosomal protein S5   ,2062321,2062821,32,19,internal,rplR,rpmD,rpsJ,rplS,2054186,2070174,rpsJ;rplC;rplD;rplW;rplB;rpsS;rplV;rpsC;rplP;rpmC;rpsQ;rplN;rplX;rplE;rpsN;rpsH;rplF;rplR;rpsE;rpmD;rplO;secY;rpmJ;rpsM;rpsK;rpsD;cds-WP_005619415.1;rplQ;rpsP;rimM;trmD;rplS
1038,rpmD,CDS,COG1841,2062828,2063007,+,[J] Ribosomal protein L30/L7E   ,2062828,2063007,32,20,internal,rpsE,rplO,rpsJ,rplS,2054186,2070174,rpsJ;rplC;rplD;rplW;rplB;rpsS;rplV;rpsC;rplP;rpmC;rpsQ;rplN;rplX;rplE;rpsN;rpsH;rplF;rplR;rpsE;rpmD;rplO;secY;rpmJ;rpsM;rpsK;rpsD;cds-WP_005619415.1;rplQ;rpsP;rimM;trmD;rplS
1038,rplO,CDS,COG0200,2063012,2063446,+,[J] Ribosomal protein L15   ,2063012,2063446,32,21,internal,rpmD,secY,rpsJ,rplS,2054186,2070174,rpsJ;rplC;rplD;rplW;rplB;rpsS;rplV;rpsC;rplP;rpmC;rpsQ;rplN;rplX;rplE;rpsN;rpsH;rplF;rplR;rpsE;rpmD;rplO;secY;rpmJ;rpsM;rpsK;rpsD;cds-WP_005619415.1;rplQ;rpsP;rimM;trmD;rplS
1038,secY,CDS,COG0201,2063450,2064772,+,[U] Preprotein translocase subunit SecY  ,2063450,2064772,32,22,internal,rplO,rpmJ,rpsJ,rplS,2054186,2070174,rpsJ;rplC;rplD;rplW;rplB;rpsS;rplV;rpsC;rplP;rpmC;rpsQ;rplN;rplX;rplE;rpsN;rpsH;rplF;rplR;rpsE;rpmD;rplO;secY;rpmJ;rpsM;rpsK;rpsD;cds-WP_005619415.1;rplQ;rpsP;rimM;trmD;rplS
1038,rpmJ,CDS,COG0257,2064798,2064911,+,[J] Ribosomal protein L36   ,2064798,2064911,32,23,internal,secY,rpsM,rpsJ,rplS,2054186,2070174,rpsJ;rplC;rplD;rplW;rplB;rpsS;rplV;rpsC;rplP;rpmC;rpsQ;rplN;rplX;rplE;rpsN;rpsH;rplF;rplR;rpsE;rpmD;rplO;secY;rpmJ;rpsM;rpsK;rpsD;cds-WP_005619415.1;rplQ;rpsP;rimM;trmD;rplS
1038,rpsM,CDS,COG0099,2065048,2065404,+,[J] Ribosomal protein S13   ,2065048,2065404,32,24,internal,rpmJ,rpsK,rpsJ,rplS,2054186,2070174,rpsJ;rplC;rplD;rplW;rplB;rpsS;rplV;rpsC;rplP;rpmC;rpsQ;rplN;rplX;rplE;rpsN;rpsH;rplF;rplR;rpsE;rpmD;rplO;secY;rpmJ;rpsM;rpsK;rpsD;cds-WP_005619415.1;rplQ;rpsP;rimM;trmD;rplS
1038,rpsK,CDS,COG0100,2065421,2065810,+,[J] Ribosomal protein S11   ,2065421,2065810,32,25,internal,rpsM,rpsD,rpsJ,rplS,2054186,2070174,rpsJ;rplC;rplD;rplW;rplB;rpsS;rplV;rpsC;rplP;rpmC;rpsQ;rplN;rplX;rplE;rpsN;rpsH;rplF;rplR;rpsE;rpmD;rplO;secY;rpmJ;rpsM;rpsK;rpsD;cds-WP_005619415.1;rplQ;rpsP;rimM;trmD;rplS
1038,rpsD,CDS,COG0522,2065839,2066465,+,[J] Ribosomal protein S4 and related proteins,2065839,2066465,32,26,internal,rpsK,cds-WP_005619415.1,rpsJ,rplS,2054186,2070174,rpsJ;rplC;rplD;rplW;rplB;rpsS;rplV;rpsC;rplP;rpmC;rpsQ;rplN;rplX;rplE;rpsN;rpsH;rplF;rplR;rpsE;rpmD;rplO;secY;rpmJ;rpsM;rpsK;rpsD;cds-WP_005619415.1;rplQ;rpsP;rimM;trmD;rplS
1038,cds-WP_005619415.1,CDS,COG0202,2066531,2067520,+,"[K] DNA-directed RNA polymerase, alpha subunit/40 kD",2066531,2067520,32,27,internal,rpsD,rplQ,rpsJ,rplS,2054186,2070174,rpsJ;rplC;rplD;rplW;rplB;rpsS;rplV;rpsC;rplP;rpmC;rpsQ;rplN;rplX;rplE;rpsN;rpsH;rplF;rplR;rpsE;rpmD;rplO;secY;rpmJ;rpsM;rpsK;rpsD;cds-WP_005619415.1;rplQ;rpsP;rimM;trmD;rplS
1038,rplQ,CDS,COG0203,2067556,2067939,+,[J] Ribosomal protein L17   ,2067556,2067939,32,28,internal,cds-WP_005619415.1,rpsP,rpsJ,rplS,2054186,2070174,rpsJ;rplC;rplD;rplW;rplB;rpsS;rplV;rpsC;rplP;rpmC;rpsQ;rplN;rplX;rplE;rpsN;rpsH;rplF;rplR;rpsE;rpmD;rplO;secY;rpmJ;rpsM;rpsK;rpsD;cds-WP_005619415.1;rplQ;rpsP;rimM;trmD;rplS
1038,rpsP,CDS,COG0228,2068176,2068424,+,[J] Ribosomal protein S16   ,2068176,2068424,32,29,internal,rplQ,rimM,rpsJ,rplS,2054186,2070174,rpsJ;rplC;rplD;rplW;rplB;rpsS;rplV;rpsC;rplP;rpmC;rpsQ;rplN;rplX;rplE;rpsN;rpsH;rplF;rplR;rpsE;rpmD;rplO;secY;rpmJ;rpsM;rpsK;rpsD;cds-WP_005619415.1;rplQ;rpsP;rimM;trmD;rplS
1038,rimM,CDS,COG0806,2068458,2068985,+,"[J] RimM protein, required for 16S rRNA",2068458,2068985,32,30,internal,rpsP,trmD,rpsJ,rplS,2054186,2070174,rpsJ;rplC;rplD;rplW;rplB;rpsS;rplV;rpsC;rplP;rpmC;rpsQ;rplN;rplX;rplE;rpsN;rpsH;rplF;rplR;rpsE;rpmD;rplO;secY;rpmJ;rpsM;rpsK;rpsD;cds-WP_005619415.1;rplQ;rpsP;rimM;trmD;rplS
1038,trmD,CDS,COG0336,2069043,2069798,+,[J] tRNA-(guanine-N1)-methyltransferase     ,2069043,2069798,32,31,internal,rimM,rplS,rpsJ,rplS,2054186,2070174,rpsJ;rplC;rplD;rplW;rplB;rpsS;rplV;rpsC;rplP;rpmC;rpsQ;rplN;rplX;rplE;rpsN;rpsH;rplF;rplR;rpsE;rpmD;rplO;secY;rpmJ;rpsM;rpsK;rpsD;cds-WP_005619415.1;rplQ;rpsP;rimM;trmD;rplS
1038,rplS,CDS,COG0335,2069824,2070174,+,[J] Ribosomal protein L19   ,2069824,2070174,32,32,last,trmD,,rpsJ,rplS,2054186,2070174,rpsJ;rplC;rplD;rplW;rplB;rpsS;rplV;rpsC;rplP;rpmC;rpsQ;rplN;rplX;rplE;rpsN;rpsH;rplF;rplR;rpsE;rpmD;rplO;secY;rpmJ;rpsM;rpsK;rpsD;cds-WP_005619415.1;rplQ;rpsP;rimM;trmD;rplS
1039,cds-WP_009875146.1,CDS,COG2850,2070344,2071537,-,[S] Uncharacterized conserved protein   ,2070344,2071537,1,1,single,,,cds-WP_009875146.1,cds-WP_009875146.1,2070344,2071537,cds-WP_009875146.1
1040,cds-WP_039709673.1,CDS,COG0614,2071753,2072868,+,"[P] ABC-type Fe3+-hydroxamate transport system, periplasmic component",2071753,2072868,6,1,first,,cds-WP_039709399.1,cds-WP_039709673.1,cds-WP_039768265.1,2071753,2077145,cds-WP_039709673.1;cds-WP_039709399.1;cds-WP_039709400.1;cds-WP_005618265.1;cds-WP_039709401.1;cds-WP_039768265.1
1040,cds-WP_039709399.1,CDS,COG0609,2072871,2073908,+,"[P] ABC-type Fe3+-siderophore transport system, permease component",2072871,2073908,6,2,internal,cds-WP_039709673.1,cds-WP_039709400.1,cds-WP_039709673.1,cds-WP_039768265.1,2071753,2077145,cds-WP_039709673.1;cds-WP_039709399.1;cds-WP_039709400.1;cds-WP_005618265.1;cds-WP_039709401.1;cds-WP_039768265.1
1040,cds-WP_039709400.1,CDS,COG4559,2073924,2074691,+,"[P] ABC-type hemin transport system, ATPase component",2073924,2074691,6,3,internal,cds-WP_039709399.1,cds-WP_005618265.1,cds-WP_039709673.1,cds-WP_039768265.1,2071753,2077145,cds-WP_039709673.1;cds-WP_039709399.1;cds-WP_039709400.1;cds-WP_005618265.1;cds-WP_039709401.1;cds-WP_039768265.1
1040,cds-WP_005618265.1,CDS,COG3794,2074701,2075132,+,[C] Plastocyanin     ,2074701,2075132,6,4,internal,cds-WP_039709400.1,cds-WP_039709401.1,cds-WP_039709673.1,cds-WP_039768265.1,2071753,2077145,cds-WP_039709673.1;cds-WP_039709399.1;cds-WP_039709400.1;cds-WP_005618265.1;cds-WP_039709401.1;cds-WP_039768265.1
1040,cds-WP_039709401.1,CDS,COG0614,2075141,2076247,+,"[P] ABC-type Fe3+-hydroxamate transport system, periplasmic component",2075141,2076247,6,5,internal,cds-WP_005618265.1,cds-WP_039768265.1,cds-WP_039709673.1,cds-WP_039768265.1,2071753,2077145,cds-WP_039709673.1;cds-WP_039709399.1;cds-WP_039709400.1;cds-WP_005618265.1;cds-WP_039709401.1;cds-WP_039768265.1
1040,cds-WP_039768265.1,CDS,ROG0435,2076306,2077145,+,NA,2076306,2077145,6,6,last,cds-WP_039709401.1,,cds-WP_039709673.1,cds-WP_039768265.1,2071753,2077145,cds-WP_039709673.1;cds-WP_039709399.1;cds-WP_039709400.1;cds-WP_005618265.1;cds-WP_039709401.1;cds-WP_039768265.1
1041,cds-WP_005609230.1,CDS,COG3005,2080291,2080911,-,"[C] Nitrate/TMAO reductases, membrane-bound tetraheme cytochrome c",2080291,2080911,3,1,first,,torA_2,cds-WP_005609230.1,torD,2077199,2080911,cds-WP_005609230.1;torA_2;torD
1041,torA_2,CDS,COG0243,2077798,2080281,-,"[C] Anaerobic dehydrogenases, typically selenocysteine-containing  ",2077798,2080281,3,2,internal,cds-WP_005609230.1,torD,cds-WP_005609230.1,torD,2077199,2080911,cds-WP_005609230.1;torA_2;torD
1041,torD,CDS,COG3381,2077199,2077798,-,[R] Uncharacterized component of anaerobic dehydrogenases ,2077199,2077798,3,3,last,torA_2,,cds-WP_005609230.1,torD,2077199,2080911,cds-WP_005609230.1;torA_2;torD
1042,glyQ,CDS,COG0752,2081105,2082019,+,"[J] Glycyl-tRNA synthetase, alpha subunit  ",2081105,2082019,1,1,single,,,glyQ,glyQ,2081105,2082019,glyQ
1043,cds-WP_005609232.1,CDS,COG2852,2082074,2082445,+,[S] Uncharacterized protein conserved in bacteria ,2082074,2082445,1,1,single,,,cds-WP_005609232.1,cds-WP_005609232.1,2082074,2082445,cds-WP_005609232.1
1044,cds-WP_012263394.1,CDS,COG3680,2082918,2083322,+,[S] Uncharacterized protein conserved in bacteria ,2082918,2083322,2,1,first,,glyS,cds-WP_012263394.1,glyS,2082918,2085426,cds-WP_012263394.1;glyS
1044,glyS,CDS,COG0751,2083360,2085426,+,"[J] Glycyl-tRNA synthetase, beta subunit  ",2083360,2085426,2,2,last,cds-WP_012263394.1,,cds-WP_012263394.1,glyS,2082918,2085426,cds-WP_012263394.1;glyS
1045,cds-WP_012478590.1,CDS,COG0500,2085560,2086327,+,[QR] SAM-dependent methyltransferases    ,2085560,2086327,1,1,single,,,cds-WP_012478590.1,cds-WP_012478590.1,2085560,2086327,cds-WP_012478590.1
1046,cds-WP_039709674.1,CDS,NA,2086467,2086757,+,NA,2086467,2086757,1,1,single,,,cds-WP_039709674.1,cds-WP_039709674.1,2086467,2086757,cds-WP_039709674.1
1047,xerC,CDS,COG4973,2086848,2087768,+,[L] Site-specific recombinase XerC   ,2086848,2087768,1,1,single,,,xerC,xerC,2086848,2087768,xerC
1048,cds-WP_005599373.1,CDS,COG2832,2087772,2088161,-,[S] Uncharacterized protein conserved in bacteria ,2087772,2088161,1,1,single,,,cds-WP_005599373.1,cds-WP_005599373.1,2087772,2088161,cds-WP_005599373.1
1049,lpxH,CDS,COG2908,2089013,2089711,-,[S] Uncharacterized protein conserved in bacteria ,2089013,2089711,2,1,first,,cds-WP_005602658.1,lpxH,cds-WP_005602658.1,2088225,2089711,lpxH;cds-WP_005602658.1
1049,cds-WP_005602658.1,CDS,COG0463,2088225,2089016,-,[M] Glycosyltransferases involved in cell wall biogenesis,2088225,2089016,2,2,last,lpxH,,lpxH,cds-WP_005602658.1,2088225,2089711,lpxH;cds-WP_005602658.1
1050,cds-WP_005599387.1,CDS,COG0084,2090336,2091124,-,[L] Mg-dependent DNase    ,2090336,2091124,2,1,first,,cds-WP_005599386.1,cds-WP_005599387.1,cds-WP_005599386.1,2089777,2091124,cds-WP_005599387.1;cds-WP_005599386.1
1050,cds-WP_005599386.1,CDS,ROG1394,2089777,2090301,-,NA,2089777,2090301,2,2,last,cds-WP_005599387.1,,cds-WP_005599387.1,cds-WP_005599386.1,2089777,2091124,cds-WP_005599387.1;cds-WP_005599386.1
1051,cds-WP_420000845.1-2,CDS,COG3677,2091872,2092759,+,[L] Transposase and inactivated derivatives  ,2091872,2092759,1,1,single,,,cds-WP_420000845.1-2,cds-WP_420000845.1-2,2091872,2092759,cds-WP_420000845.1-2
1052,cds-WP_005599392.1,CDS,COG1566,2094811,2095974,-,[V] Multidrug resistance efflux pump  ,2094811,2095974,2,1,first,,cds-WP_005616192.1,cds-WP_005599392.1,cds-WP_005616192.1,2092871,2095974,cds-WP_005599392.1;cds-WP_005616192.1
1052,cds-WP_005616192.1,CDS,COG0577,2092871,2094811,-,"[V] ABC-type antimicrobial peptide transport system, permease",2092871,2094811,2,2,last,cds-WP_005599392.1,,cds-WP_005599392.1,cds-WP_005616192.1,2092871,2095974,cds-WP_005599392.1;cds-WP_005616192.1
1053,cds-WP_005616194.1,CDS,COG3713,2096107,2096883,-,[M] Outer membrane protein V  ,2096107,2096883,1,1,single,,,cds-WP_005616194.1,cds-WP_005616194.1,2096107,2096883,cds-WP_005616194.1
1054,mltG,CDS,COG1559,2098853,2099887,-,[R] Predicted periplasmic solute-binding protein  ,2098853,2099887,3,1,first,,tmk,mltG,cds-WP_012263399.1,2097237,2099887,mltG;tmk;cds-WP_012263399.1
1054,tmk,CDS,COG0125,2098223,2098849,-,[F] Thymidylate kinase    ,2098223,2098849,3,2,internal,mltG,cds-WP_012263399.1,mltG,cds-WP_012263399.1,2097237,2099887,mltG;tmk;cds-WP_012263399.1
1054,cds-WP_012263399.1,CDS,NA,2097237,2098220,-,NA,2097237,2098220,3,3,last,tmk,,mltG,cds-WP_012263399.1,2097237,2099887,mltG;tmk;cds-WP_012263399.1
1055,rna-MIDG2331_RS09975,tRNA,NA,2100216,2100291,-,NA,2100216,2100291,3,1,first,,rna-MIDG2331_RS09970,rna-MIDG2331_RS09975,rna-MIDG2331_RS09965,2100007,2100291,rna-MIDG2331_RS09975;rna-MIDG2331_RS09970;rna-MIDG2331_RS09965
1055,rna-MIDG2331_RS09970,tRNA,NA,2100117,2100192,-,NA,2100117,2100192,3,2,internal,rna-MIDG2331_RS09975,rna-MIDG2331_RS09965,rna-MIDG2331_RS09975,rna-MIDG2331_RS09965,2100007,2100291,rna-MIDG2331_RS09975;rna-MIDG2331_RS09970;rna-MIDG2331_RS09965
1055,rna-MIDG2331_RS09965,tRNA,NA,2100007,2100082,-,NA,2100007,2100082,3,3,last,rna-MIDG2331_RS09970,,rna-MIDG2331_RS09975,rna-MIDG2331_RS09965,2100007,2100291,rna-MIDG2331_RS09975;rna-MIDG2331_RS09970;rna-MIDG2331_RS09965
1056,acpP,CDS,COG0236,2100486,2100719,-,[IQ] Acyl carrier protein   ,2100486,2100719,1,1,single,,,acpP,acpP,2100486,2100719,acpP
1057,rpe,CDS,COG0036,2100983,2101657,-,[G] Pentose-5-phosphate-3-epimerase     ,2100983,2101657,1,1,single,,,rpe,rpe,2100983,2101657,rpe
1058,cds-WP_005599422.1,CDS,COG0254,2101879,2102148,+,[J] Ribosomal protein L31   ,2101879,2102148,2,1,first,,ykgO,cds-WP_005599422.1,ykgO,2101879,2102287,cds-WP_005599422.1;ykgO
1058,ykgO,CDS,COG0257,2102162,2102287,+,[J] Ribosomal protein L36   ,2102162,2102287,2,2,last,cds-WP_005599422.1,,cds-WP_005599422.1,ykgO,2101879,2102287,cds-WP_005599422.1;ykgO
1059,mrcB,CDS,COG0744,2102392,2104794,-,[M] Membrane carboxypeptidase (penicillin-binding protein)  ,2102392,2104794,1,1,single,,,mrcB,mrcB,2102392,2104794,mrcB
1060,menB,CDS,COG0447,2104873,2105730,-,[H] Dihydroxynaphthoic acid synthase   ,2104873,2105730,1,1,single,,,menB,menB,2104873,2105730,menB
1061,recG,CDS,COG1200,2108075,2110156,-,[LK] RecG-like helicase    ,2108075,2110156,3,1,first,,rpoZ,recG,cds-WP_005609259.1,2105865,2110156,recG;rpoZ;cds-WP_005609259.1
1061,rpoZ,CDS,COG1758,2107667,2107948,-,"[K] DNA-directed RNA polymerase, subunit K/omega ",2107667,2107948,3,2,internal,recG,cds-WP_005609259.1,recG,cds-WP_005609259.1,2105865,2110156,recG;rpoZ;cds-WP_005609259.1
1061,cds-WP_005609259.1,CDS,COG0317,2105865,2107571,-,[TK] Guanosine polyphosphate pyrophosphohydrolases/synthetases   ,2105865,2107571,3,3,last,rpoZ,,recG,cds-WP_005609259.1,2105865,2110156,recG;rpoZ;cds-WP_005609259.1
1062,cds-WP_005599447.1,CDS,ROG1540,2110708,2110995,-,NA,2110708,2110995,2,1,first,,cds-WP_039709408.1,cds-WP_005599447.1,cds-WP_039709408.1,2110280,2110995,cds-WP_005599447.1;cds-WP_039709408.1
1062,cds-WP_039709408.1,CDS,COG1487,2110280,2110708,-,"[R] Predicted nucleic acid-binding protein, contains PIN",2110280,2110708,2,2,last,cds-WP_005599447.1,,cds-WP_005599447.1,cds-WP_039709408.1,2110280,2110995,cds-WP_005599447.1;cds-WP_039709408.1
1063,proS,CDS,COG0442,2111201,2112916,+,[J] Prolyl-tRNA synthetase    ,2111201,2112916,1,1,single,,,proS,proS,2111201,2112916,proS
1064,cds-WP_005606496.1,CDS,COG1595,2113173,2113754,-,"[K] DNA-directed RNA polymerase specialized sigma subunit,",2113173,2113754,2,1,first,,cds-WP_005602684.1,cds-WP_005606496.1,cds-WP_005602684.1,2112982,2113754,cds-WP_005606496.1;cds-WP_005602684.1
1064,cds-WP_005602684.1,CDS,ROG2431,2112982,2113170,-,NA,2112982,2113170,2,2,last,cds-WP_005606496.1,,cds-WP_005606496.1,cds-WP_005602684.1,2112982,2113754,cds-WP_005606496.1;cds-WP_005602684.1
1065,msrP,CDS,COG2041,2113843,2114799,+,[R] Sulfite oxidase and related enzymes ,2113843,2114799,2,1,first,,cds-WP_005599453.1,msrP,cds-WP_005599453.1,2113843,2115392,msrP;cds-WP_005599453.1
1065,cds-WP_005599453.1,CDS,COG2717,2114799,2115392,+,[S] Predicted membrane protein   ,2114799,2115392,2,2,last,msrP,,msrP,cds-WP_005599453.1,2113843,2115392,msrP;cds-WP_005599453.1
1066,rpoH,CDS,COG0568,2115503,2116453,-,"[K] DNA-directed RNA polymerase, sigma subunit (sigma70/sigma32)",2115503,2116453,1,1,single,,,rpoH,rpoH,2115503,2116453,rpoH
1067,cds-WP_039709676.1,CDS,COG2271,2116602,2117939,-,[G] Sugar phosphate permease   ,2116602,2117939,1,1,single,,,cds-WP_039709676.1,cds-WP_039709676.1,2116602,2117939,cds-WP_039709676.1
1068,cds-WP_005602690.1,CDS,NA,2118514,2119026,+,NA,2118514,2119026,2,1,first,,cds-WP_005620646.1,cds-WP_005602690.1,cds-WP_005620646.1,2118514,2119496,cds-WP_005602690.1;cds-WP_005620646.1
1068,cds-WP_005620646.1,CDS,NA,2119029,2119496,+,NA,2119029,2119496,2,2,last,cds-WP_005602690.1,,cds-WP_005602690.1,cds-WP_005620646.1,2118514,2119496,cds-WP_005602690.1;cds-WP_005620646.1
1069,asnA,CDS,COG2502,2119539,2120531,-,[E] Asparagine synthetase A   ,2119539,2120531,1,1,single,,,asnA,asnA,2119539,2120531,asnA
1070,asnC,CDS,COG1522,2120713,2121174,+,[K] Transcriptional regulators    ,2120713,2121174,1,1,single,,,asnC,asnC,2120713,2121174,asnC
1071,udp,CDS,COG2820,2121363,2122127,+,[F] Uridine phosphorylase    ,2121363,2122127,1,1,single,,,udp,udp,2121363,2122127,udp
1072,cds-WP_005602696.1,CDS,COG3161,2122191,2122685,+,[H] 4-hydroxybenzoate synthetase (chorismate lyase)  ,2122191,2122685,1,1,single,,,cds-WP_005602696.1,cds-WP_005602696.1,2122191,2122685,cds-WP_005602696.1
1073,murI,CDS,COG0796,2122757,2123560,+,[M] Glutamate racemase    ,2122757,2123560,1,1,single,,,murI,murI,2122757,2123560,murI
1074,rna-MIDG2331_RS10105,rRNA,NA,2123927,2125468,+,NA,2123927,2125468,5,1,first,,rna-MIDG2331_RS10110,rna-MIDG2331_RS10105,rrf_7,2123927,2129197,rna-MIDG2331_RS10105;rna-MIDG2331_RS10110;rna-MIDG2331_RS10115;rna-MIDG2331_RS10120;rrf_7
1074,rna-MIDG2331_RS10110,tRNA,NA,2125551,2125627,+,NA,2125551,2125627,5,2,internal,rna-MIDG2331_RS10105,rna-MIDG2331_RS10115,rna-MIDG2331_RS10105,rrf_7,2123927,2129197,rna-MIDG2331_RS10105;rna-MIDG2331_RS10110;rna-MIDG2331_RS10115;rna-MIDG2331_RS10120;rrf_7
1074,rna-MIDG2331_RS10115,tRNA,NA,2125679,2125754,+,NA,2125679,2125754,5,3,internal,rna-MIDG2331_RS10110,rna-MIDG2331_RS10120,rna-MIDG2331_RS10105,rrf_7,2123927,2129197,rna-MIDG2331_RS10105;rna-MIDG2331_RS10110;rna-MIDG2331_RS10115;rna-MIDG2331_RS10120;rrf_7
1074,rna-MIDG2331_RS10120,rRNA,NA,2126021,2128922,+,NA,2126021,2128922,5,4,internal,rna-MIDG2331_RS10115,rrf_7,rna-MIDG2331_RS10105,rrf_7,2123927,2129197,rna-MIDG2331_RS10105;rna-MIDG2331_RS10110;rna-MIDG2331_RS10115;rna-MIDG2331_RS10120;rrf_7
1074,rrf_7,rRNA,NA,2129082,2129197,+,NA,2129082,2129197,5,5,last,rna-MIDG2331_RS10120,,rna-MIDG2331_RS10105,rrf_7,2123927,2129197,rna-MIDG2331_RS10105;rna-MIDG2331_RS10110;rna-MIDG2331_RS10115;rna-MIDG2331_RS10120;rrf_7
1075,cysG,CDS,COG0007,2136716,2138176,-,[H] Uroporphyrinogen-III methylase    ,2136716,2138176,6,1,first,,cds-WP_039709412.1,cysG,cysI,2129737,2138176,cysG;cds-WP_039709412.1;cysD;cds-WP_039709411.1;cds-WP_012263412.1;cysI
1075,cds-WP_039709412.1,CDS,COG0175,2135968,2136702,-,[EH] 3'-phosphoadenosine 5'-phosphosulfate sulfotransferase (PAPS reductase)/FAD synthetase,2135968,2136702,6,2,internal,cysG,cysD,cysG,cysI,2129737,2138176,cysG;cds-WP_039709412.1;cysD;cds-WP_039709411.1;cds-WP_012263412.1;cysI
1075,cysD,CDS,COG0175,2135027,2135953,-,[EH] 3'-phosphoadenosine 5'-phosphosulfate sulfotransferase (PAPS reductase)/FAD synthetase,2135027,2135953,6,3,internal,cds-WP_039709412.1,cds-WP_039709411.1,cysG,cysI,2129737,2138176,cysG;cds-WP_039709412.1;cysD;cds-WP_039709411.1;cds-WP_012263412.1;cysI
1075,cds-WP_039709411.1,CDS,COG2895,2133643,2134935,-,[P] GTPases - Sulfate adenylate transferase subunit,2133643,2134935,6,4,internal,cysD,cds-WP_012263412.1,cysG,cysI,2129737,2138176,cysG;cds-WP_039709412.1;cysD;cds-WP_039709411.1;cds-WP_012263412.1;cysI
1075,cds-WP_012263412.1,CDS,COG0369,2131531,2133342,-,"[P] Sulfite reductase, alpha subunit (flavoprotein) ",2131531,2133342,6,5,internal,cds-WP_039709411.1,cysI,cysG,cysI,2129737,2138176,cysG;cds-WP_039709412.1;cysD;cds-WP_039709411.1;cds-WP_012263412.1;cysI
1075,cysI,CDS,COG0155,2129737,2131503,-,"[P] Sulfite reductase, beta subunit (hemoprotein) ",2129737,2131503,6,6,last,cds-WP_012263412.1,,cysG,cysI,2129737,2138176,cysG;cds-WP_039709412.1;cysD;cds-WP_039709411.1;cds-WP_012263412.1;cysI
1076,cds-MIDG2331_RS10160,CDS,COG1613,2138451,2139456,+,"[P] ABC-type sulfate transport system, periplasmic component",2138451,2139456,4,1,first,,cysT,cds-MIDG2331_RS10160,cds-WP_039709416.1,2138451,2142201,cds-MIDG2331_RS10160;cysT;cysW;cds-WP_039709416.1
1076,cysT,CDS,COG0555,2139475,2140287,+,"[O] ABC-type sulfate transport system, permease component",2139475,2140287,4,2,internal,cds-MIDG2331_RS10160,cysW,cds-MIDG2331_RS10160,cds-WP_039709416.1,2138451,2142201,cds-MIDG2331_RS10160;cysT;cysW;cds-WP_039709416.1
1076,cysW,CDS,COG4208,2140306,2141121,+,"[P] ABC-type sulfate transport system, permease component",2140306,2141121,4,3,internal,cysT,cds-WP_039709416.1,cds-MIDG2331_RS10160,cds-WP_039709416.1,2138451,2142201,cds-MIDG2331_RS10160;cysT;cysW;cds-WP_039709416.1
1076,cds-WP_039709416.1,CDS,COG1118,2141131,2142201,+,"[P] ABC-type sulfate/molybdate transport systems, ATPase component",2141131,2142201,4,4,last,cysW,,cds-MIDG2331_RS10160,cds-WP_039709416.1,2138451,2142201,cds-MIDG2331_RS10160;cysT;cysW;cds-WP_039709416.1
1077,murB,CDS,COG0812,2144392,2145426,-,[M] UDP-N-acetylmuramate dehydrogenase    ,2144392,2145426,3,1,first,,cds-WP_005599499.1,murB,lldD,2142290,2145426,murB;cds-WP_005599499.1;lldD
1077,cds-WP_005599499.1,CDS,COG0340,2143619,2144383,-,[H] Biotin-(acetyl-CoA carboxylase) ligase   ,2143619,2144383,3,2,internal,murB,lldD,murB,lldD,2142290,2145426,murB;cds-WP_005599499.1;lldD
1077,lldD,CDS,COG1304,2142290,2143435,-,[C] L-lactate dehydrogenase (FMN-dependent) and related alpha-hydroxy,2142290,2143435,3,3,last,cds-WP_005599499.1,,murB,lldD,2142290,2145426,murB;cds-WP_005599499.1;lldD
1078,ompA_2,CDS,COG2885,2145576,2146670,-,[M] Outer membrane protein and related peptidoglycan-associated,2145576,2146670,1,1,single,,,ompA_2,ompA_2,2145576,2146670,ompA_2
1079,ilvC,CDS,COG0059,2147059,2148540,-,[EH] Ketol-acid reductoisomerase    ,2147059,2148540,1,1,single,,,ilvC,ilvC,2147059,2148540,ilvC
1080,cds-WP_005619054.1,CDS,COG2995,2148776,2150017,+,[S] Uncharacterized paraquat-inducible protein A  ,2148776,2150017,1,1,single,,,cds-WP_005619054.1,cds-WP_005619054.1,2148776,2150017,cds-WP_005619054.1
1081,cds-WP_005602734.1,CDS,COG1305,2150194,2151294,+,"[E] Transglutaminase-like enzymes, putative cysteine proteases ",2150194,2151294,3,1,first,,cds-WP_005599511.1,cds-WP_005602734.1,cds-WP_009874945.1,2150194,2151930,cds-WP_005602734.1;cds-WP_005599511.1;cds-WP_009874945.1
1081,cds-WP_005599511.1,CDS,ROG0353,2151266,2151619,+,NA,2151266,2151619,3,2,internal,cds-WP_005602734.1,cds-WP_009874945.1,cds-WP_005602734.1,cds-WP_009874945.1,2150194,2151930,cds-WP_005602734.1;cds-WP_005599511.1;cds-WP_009874945.1
1081,cds-WP_009874945.1,CDS,COG2608,2151616,2151930,+,[P] Copper chaperone    ,2151616,2151930,3,3,last,cds-WP_005599511.1,,cds-WP_005602734.1,cds-WP_009874945.1,2150194,2151930,cds-WP_005602734.1;cds-WP_005599511.1;cds-WP_009874945.1
1082,cds-WP_039709677.1,CDS,COG1979,2152158,2153342,-,"[C] Uncharacterized oxidoreductases, Fe-dependent alcohol dehydrogenase family",2152158,2153342,1,1,single,,,cds-WP_039709677.1,cds-WP_039709677.1,2152158,2153342,cds-WP_039709677.1
1083,cds-WP_039709419.1,CDS,COG0583,2153458,2154360,+,[K] Transcriptional regulator    ,2153458,2154360,1,1,single,,,cds-WP_039709419.1,cds-WP_039709419.1,2153458,2154360,cds-WP_039709419.1
1084,dapD,CDS,COG2171,2154564,2155388,+,[E] Tetrahydrodipicolinate N-succinyltransferase    ,2154564,2155388,3,1,first,,aroQ,dapD,cds-WP_005609325.1,2154564,2156698,dapD;aroQ;cds-WP_005609325.1
1084,aroQ,CDS,COG0757,2155453,2155917,+,[E] 3-dehydroquinate dehydratase II   ,2155453,2155917,3,2,internal,dapD,cds-WP_005609325.1,dapD,cds-WP_005609325.1,2154564,2156698,dapD;aroQ;cds-WP_005609325.1
1084,cds-WP_005609325.1,CDS,COG3774,2155910,2156698,+,[M] Mannosyltransferase OCH1 and related enzymes ,2155910,2156698,3,3,last,aroQ,,dapD,cds-WP_005609325.1,2154564,2156698,dapD;aroQ;cds-WP_005609325.1
1085,accB,CDS,COG0511,2156869,2157330,+,[I] Biotin carboxyl carrier protein  ,2156869,2157330,2,1,first,,accC,accB,accC,2156869,2158829,accB;accC
1085,accC,CDS,COG0439,2157486,2158829,+,[I] Biotin carboxylase    ,2157486,2158829,2,2,last,accB,,accB,accC,2156869,2158829,accB;accC
1086,mobA,CDS,COG0746,2158872,2159963,-,[H] Molybdopterin-guanine dinucleotide biosynthesis protein A ,2158872,2159963,1,1,single,,,mobA,mobA,2158872,2159963,mobA
1087,cds-WP_005599524.1,CDS,COG3084,2160050,2160319,+,[S] Uncharacterized protein conserved in bacteria ,2160050,2160319,2,1,first,,dsbA,cds-WP_005599524.1,dsbA,2160050,2161001,cds-WP_005599524.1;dsbA
1087,dsbA,CDS,COG1651,2160363,2161001,+,[O] Protein-disulfide isomerase    ,2160363,2161001,2,2,last,cds-WP_005599524.1,,cds-WP_005599524.1,dsbA,2160050,2161001,cds-WP_005599524.1;dsbA
1088,cds-WP_414826699.1,CDS,COG3676,2161093,2161359,-,[L] Transposase and inactivated derivatives  ,2161093,2161359,1,1,single,,,cds-WP_414826699.1,cds-WP_414826699.1,2161093,2161359,cds-WP_414826699.1
1089,cds-WP_005613436.1,CDS,COG3328,2161472,2161597,-,[L] Transposase and inactivated derivatives  ,2161472,2161597,1,1,single,,,cds-WP_005613436.1,cds-WP_005613436.1,2161472,2161597,cds-WP_005613436.1
1090,ftsN,CDS,COG3087,2161781,2162704,-,[D] Cell division protein   ,2161781,2162704,1,1,single,,,ftsN,ftsN,2161781,2162704,ftsN
1091,cds-WP_005619049.1,CDS,COG1393,2165432,2165782,-,"[P] Arsenate reductase and related proteins, glutaredoxin",2165432,2165782,4,1,first,,dapE,cds-WP_005619049.1,cds-WP_005602753.1,2162816,2165782,cds-WP_005619049.1;dapE;cds-WP_005605936.1;cds-WP_005602753.1
1091,dapE,CDS,COG0624,2164276,2165409,-,[E] Acetylornithine deacetylase/Succinyl-diaminopimelate desuccinylase and related deacylases,2164276,2165409,4,2,internal,cds-WP_005619049.1,cds-WP_005605936.1,cds-WP_005619049.1,cds-WP_005602753.1,2162816,2165782,cds-WP_005619049.1;dapE;cds-WP_005605936.1;cds-WP_005602753.1
1091,cds-WP_005605936.1,CDS,COG1876,2163589,2164257,-,[M] D-alanyl-D-alanine carboxypeptidase    ,2163589,2164257,4,3,internal,dapE,cds-WP_005602753.1,cds-WP_005619049.1,cds-WP_005602753.1,2162816,2165782,cds-WP_005619049.1;dapE;cds-WP_005605936.1;cds-WP_005602753.1
1091,cds-WP_005602753.1,CDS,COG3707,2162816,2163571,-,[T] Response regulator with putative antiterminator output,2162816,2163571,4,4,last,cds-WP_005605936.1,,cds-WP_005619049.1,cds-WP_005602753.1,2162816,2165782,cds-WP_005619049.1;dapE;cds-WP_005605936.1;cds-WP_005602753.1
1092,cds-WP_005602759.1,CDS,ROG1067,2165990,2166700,+,NA,2165990,2166700,1,1,single,,,cds-WP_005602759.1,cds-WP_005602759.1,2165990,2166700,cds-WP_005602759.1
1093,rluC,CDS,COG0564,2167658,2168623,-,"[J] Pseudouridylate synthases, 23S RNA-specific  ",2167658,2168623,2,1,first,,folP,rluC,folP,2166751,2168623,rluC;folP
1093,folP,CDS,COG0294,2166751,2167596,-,[H] Dihydropteroate synthase and related enzymes ,2166751,2167596,2,2,last,rluC,,rluC,folP,2166751,2168623,rluC;folP
1094,cds-WP_231944223.1,CDS,ROG2295,2169016,2171334,+,NA,2169016,2171334,1,1,single,,,cds-WP_231944223.1,cds-WP_231944223.1,2169016,2171334,cds-WP_231944223.1
1095,cds-WP_005605950.1,CDS,COG0668,2171490,2172401,+,[M] Small-conductance mechanosensitive channel   ,2171490,2172401,1,1,single,,,cds-WP_005605950.1,cds-WP_005605950.1,2171490,2172401,cds-WP_005605950.1
1096,cds-WP_039709423.1,CDS,ROG5589,2172597,2173775,+,NA,2172597,2173775,2,1,first,,cds-WP_039709424.1,cds-WP_039709423.1,cds-WP_039709424.1,2172597,2174539,cds-WP_039709423.1;cds-WP_039709424.1
1096,cds-WP_039709424.1,CDS,COG4947,2173787,2174539,+,[S] Uncharacterized protein conserved in bacteria ,2173787,2174539,2,2,last,cds-WP_039709423.1,,cds-WP_039709423.1,cds-WP_039709424.1,2172597,2174539,cds-WP_039709423.1;cds-WP_039709424.1
1097,recC,CDS,COG1330,2177564,2180908,-,[L] Exonuclease V gamma subunit  ,2177564,2180908,2,1,first,,ptrA,recC,ptrA,2174607,2180908,recC;ptrA
1097,ptrA,CDS,COG1025,2174607,2177555,-,"[O] Secreted/periplasmic Zn-dependent peptidases, insulinase-like  ",2174607,2177555,2,2,last,recC,,recC,ptrA,2174607,2180908,recC;ptrA
1098,cds-WP_005599579.1,CDS,COG4940,2182623,2183153,-,[U] Competence protein ComGF   ,2182623,2183153,4,1,first,,cds-WP_005609356.1,cds-WP_005599579.1,cds-WP_005605960.1,2181013,2183153,cds-WP_005599579.1;cds-WP_005609356.1;cds-WP_005599575.1;cds-WP_005605960.1
1098,cds-WP_005609356.1,CDS,COG4795,2181965,2182597,-,"[U] Type II secretory pathway, component PulJ",2181965,2182597,4,2,internal,cds-WP_005599579.1,cds-WP_005599575.1,cds-WP_005599579.1,cds-WP_005605960.1,2181013,2183153,cds-WP_005599579.1;cds-WP_005609356.1;cds-WP_005599575.1;cds-WP_005605960.1
1098,cds-WP_005599575.1,CDS,NA,2181299,2181955,-,NA,2181299,2181955,4,3,internal,cds-WP_005609356.1,cds-WP_005605960.1,cds-WP_005599579.1,cds-WP_005605960.1,2181013,2183153,cds-WP_005599579.1;cds-WP_005609356.1;cds-WP_005599575.1;cds-WP_005605960.1
1098,cds-WP_005605960.1,CDS,NA,2181013,2181309,-,NA,2181013,2181309,4,4,last,cds-WP_005599575.1,,cds-WP_005599579.1,cds-WP_005605960.1,2181013,2183153,cds-WP_005599579.1;cds-WP_005609356.1;cds-WP_005599575.1;cds-WP_005605960.1
1099,cds-WP_039709678.1,CDS,COG1067,2183882,2185519,-,[O] Predicted ATP-dependent protease   ,2183882,2185519,2,1,first,,fabA,cds-WP_039709678.1,fabA,2183241,2185519,cds-WP_039709678.1;fabA
1099,fabA,CDS,COG0764,2183241,2183771,-,[I] 3-hydroxymyristoyl/3-hydroxydecanoyl-(acyl carrier protein) dehydratases  ,2183241,2183771,2,2,last,cds-WP_039709678.1,,cds-WP_039709678.1,fabA,2183241,2185519,cds-WP_039709678.1;fabA
1100,matP,CDS,COG3120,2185604,2186050,+,[S] Uncharacterized protein conserved in bacteria ,2185604,2186050,1,1,single,,,matP,matP,2185604,2186050,matP
1101,cds-WP_039709429.1,CDS,COG0546,2187290,2187955,-,[R] Predicted phosphatases    ,2187290,2187955,2,1,first,,trpS,cds-WP_039709429.1,trpS,2186122,2187955,cds-WP_039709429.1;trpS
1101,trpS,CDS,COG0180,2186122,2187150,-,[J] Tryptophanyl-tRNA synthetase    ,2186122,2187150,2,2,last,cds-WP_039709429.1,,cds-WP_039709429.1,trpS,2186122,2187955,cds-WP_039709429.1;trpS
1102,cds-WP_005618340.1,CDS,NA,2188125,2188298,-,NA,2188125,2188298,1,1,single,,,cds-WP_005618340.1,cds-WP_005618340.1,2188125,2188298,cds-WP_005618340.1
1103,rppH,CDS,COG0494,2190149,2190769,-,[LR] NTP pyrophosphohydrolases including oxidative damage repair,2190149,2190769,3,1,first,,cds-WP_005616280.1,rppH,lgt,2188514,2190769,rppH;cds-WP_005616280.1;lgt
1103,cds-WP_005616280.1,CDS,COG0730,2189361,2190152,-,[R] Predicted permeases    ,2189361,2190152,3,2,internal,rppH,lgt,rppH,lgt,2188514,2190769,rppH;cds-WP_005616280.1;lgt
1103,lgt,CDS,COG0682,2188514,2189308,-,[M] Prolipoprotein diacylglyceryltransferase    ,2188514,2189308,3,3,last,cds-WP_005616280.1,,rppH,lgt,2188514,2190769,rppH;cds-WP_005616280.1;lgt
1104,cds-WP_005618342.1,CDS,COG4784,2191315,2192082,-,[R] Putative Zn-dependent protease   ,2191315,2192082,1,1,single,,,cds-WP_005618342.1,cds-WP_005618342.1,2191315,2192082,cds-WP_005618342.1
1105,ppa,CDS,COG0221,2192178,2192705,-,[C] Inorganic pyrophosphatase    ,2192178,2192705,1,1,single,,,ppa,ppa,2192178,2192705,ppa
1106,cds-WP_005618344.1,CDS,COG4123,2192779,2193489,+,[R] Predicted O-methyltransferase    ,2192779,2193489,1,1,single,,,cds-WP_005618344.1,cds-WP_005618344.1,2192779,2193489,cds-WP_005618344.1
1107,rraA,CDS,COG0684,2193536,2194033,-,[H] Demethylmenaquinone methyltransferase    ,2193536,2194033,1,1,single,,,rraA,rraA,2193536,2194033,rraA
1108,cds-WP_005602786.1,CDS,COG2116,2194252,2195046,+,[P] Formate/nitrite family of transporters  ,2194252,2195046,1,1,single,,,cds-WP_005602786.1,cds-WP_005602786.1,2194252,2195046,cds-WP_005602786.1
1109,cds-WP_011848676.1,CDS,COG2819,2195217,2196041,+,[R] Predicted hydrolase of the alpha/beta superfamily,2195217,2196041,1,1,single,,,cds-WP_011848676.1,cds-WP_011848676.1,2195217,2196041,cds-WP_011848676.1
1110,cds-WP_144435026.1,CDS,COG2963,2197070,2197523,-,[L] Transposase and inactivated derivatives  ,2197070,2197523,2,1,first,,cds-WP_144435026.1_2,cds-WP_144435026.1,cds-WP_144435026.1_2,2196190,2197523,cds-WP_144435026.1;cds-WP_144435026.1_2
1110,cds-WP_144435026.1_2,CDS,NA,2196190,2197070,-,NA,2196190,2197070,2,2,last,cds-WP_144435026.1,,cds-WP_144435026.1,cds-WP_144435026.1_2,2196190,2197523,cds-WP_144435026.1;cds-WP_144435026.1_2
1111,cds-WP_462675110.1,CDS,COG3677,2197516,2198505,-,[L] Transposase and inactivated derivatives  ,2197516,2198505,1,1,single,,,cds-WP_462675110.1,cds-WP_462675110.1,2197516,2198505,cds-WP_462675110.1
1112,dnaK,CDS,COG0443,2200001,2201899,-,[O] Molecular chaperone    ,2200001,2201899,2,1,first,,dnaJ,dnaK,dnaJ,2198629,2201899,dnaK;dnaJ
1112,dnaJ,CDS,COG0484,2198629,2199771,-,[O] DnaJ-class molecular chaperone with C-terminal Zn,2198629,2199771,2,2,last,dnaK,,dnaK,dnaJ,2198629,2201899,dnaK;dnaJ
1113,xylA,CDS,COG2115,2203817,2205136,-,[G] Xylose isomerase    ,2203817,2205136,2,1,first,,xylB,xylA,xylB,2202174,2205136,xylA;xylB
1113,xylB,CDS,COG1070,2202174,2203619,-,[G] Sugar (pentulose and hexulose) kinases ,2202174,2203619,2,2,last,xylA,,xylA,xylB,2202174,2205136,xylA;xylB
1114,xylF,CDS,COG4213,2205390,2206388,+,"[G] ABC-type xylose transport system, periplasmic component",2205390,2206388,3,1,first,,xylG,xylF,cds-WP_039709433.1,2205390,2209097,xylF;xylG;cds-WP_039709433.1
1114,xylG,CDS,COG1129,2206452,2207966,+,"[G] ABC-type sugar transport system, ATPase component",2206452,2207966,3,2,internal,xylF,cds-WP_039709433.1,xylF,cds-WP_039709433.1,2205390,2209097,xylF;xylG;cds-WP_039709433.1
1114,cds-WP_039709433.1,CDS,COG4214,2207970,2209097,+,"[G] ABC-type xylose transport system, permease component",2207970,2209097,3,3,last,xylG,,xylF,cds-WP_039709433.1,2205390,2209097,xylF;xylG;cds-WP_039709433.1
1115,cds-WP_005602801.1,CDS,COG2207,2209222,2210403,+,[K] AraC-type DNA-binding domain-containing proteins  ,2209222,2210403,2,1,first,,cds-WP_039709680.1,cds-WP_005602801.1,cds-WP_039709680.1,2209222,2212435,cds-WP_005602801.1;cds-WP_039709680.1
1115,cds-WP_039709680.1,CDS,COG3590,2210408,2212435,+,[O] Predicted metalloendopeptidase    ,2210408,2212435,2,2,last,cds-WP_005602801.1,,cds-WP_005602801.1,cds-WP_039709680.1,2209222,2212435,cds-WP_005602801.1;cds-WP_039709680.1
1116,cds-WP_005599649.1,CDS,ROG7447,2212510,2212737,+,NA,2212510,2212737,1,1,single,,,cds-WP_005599649.1,cds-WP_005599649.1,2212510,2212737,cds-WP_005599649.1
1117,metJ,CDS,COG3060,2214516,2214833,-,[KE] Transcriptional regulator of met regulon ,2214516,2214833,3,1,first,,cds-WP_039197920.1,metJ,panF,2212806,2214833,metJ;cds-WP_039197920.1;panF
1117,cds-WP_039197920.1,CDS,COG3924,2214223,2214462,-,[S] Predicted membrane protein   ,2214223,2214462,3,2,internal,metJ,panF,metJ,panF,2212806,2214833,metJ;cds-WP_039197920.1;panF
1117,panF,CDS,COG4145,2212806,2214230,-,[H] Na+/panthothenate symporter    ,2212806,2214230,3,3,last,cds-WP_039197920.1,,metJ,panF,2212806,2214833,metJ;cds-WP_039197920.1;panF
1118,cds-WP_039709434.1,CDS,COG2853,2215001,2215750,+,[M] Surface lipoprotein    ,2215001,2215750,1,1,single,,,cds-WP_039709434.1,cds-WP_039709434.1,2215001,2215750,cds-WP_039709434.1
1119,cds-WP_039709435.1,CDS,COG0676,2215825,2216634,+,[G] Uncharacterized enzymes related to aldose 1-epimerase,2215825,2216634,1,1,single,,,cds-WP_039709435.1,cds-WP_039709435.1,2215825,2216634,cds-WP_039709435.1
1120,cds-WP_058230508.1,CDS,COG4389,2216745,2218712,+,[L] Site-specific recombinase    ,2216745,2218712,1,1,single,,,cds-WP_058230508.1,cds-WP_058230508.1,2216745,2218712,cds-WP_058230508.1
1121,pgaA,CDS,ROG6308,2219484,2221958,+,NA,2219484,2221958,4,1,first,,pgaB,pgaA,cds-WP_005599669.1,2219484,2225275,pgaA;pgaB;pgaC;cds-WP_005599669.1
1121,pgaB,CDS,COG0726,2221973,2223745,+,[G] Predicted xylanase/chitin deacetylase   ,2221973,2223745,4,2,internal,pgaA,pgaC,pgaA,cds-WP_005599669.1,2219484,2225275,pgaA;pgaB;pgaC;cds-WP_005599669.1
1121,pgaC,CDS,COG1215,2223754,2224989,+,"[M] Glycosyltransferases, probably involved in cell wall",2223754,2224989,4,3,internal,pgaB,cds-WP_005599669.1,pgaA,cds-WP_005599669.1,2219484,2225275,pgaA;pgaB;pgaC;cds-WP_005599669.1
1121,cds-WP_005599669.1,CDS,NA,2224991,2225275,+,NA,2224991,2225275,4,4,last,pgaC,,pgaA,cds-WP_005599669.1,2219484,2225275,pgaA;pgaB;pgaC;cds-WP_005599669.1
1122,tpiA,CDS,COG0149,2225379,2226149,-,[G] Triosephosphate isomerase    ,2225379,2226149,1,1,single,,,tpiA,tpiA,2225379,2226149,tpiA
1123,truD,CDS,COG0585,2226424,2227437,+,[S] Uncharacterized conserved protein   ,2226424,2227437,4,1,first,,surE,truD,cds-WP_005599678.1,2226424,2229372,truD;surE;cds-WP_005602815.1;cds-WP_005599678.1
1123,surE,CDS,COG0496,2227437,2228201,+,[R] Predicted acid phosphatase   ,2227437,2228201,4,2,internal,truD,cds-WP_005602815.1,truD,cds-WP_005599678.1,2226424,2229372,truD;surE;cds-WP_005602815.1;cds-WP_005599678.1
1123,cds-WP_005602815.1,CDS,COG1238,2228201,2228785,+,[S] Predicted membrane protein   ,2228201,2228785,4,3,internal,surE,cds-WP_005599678.1,truD,cds-WP_005599678.1,2226424,2229372,truD;surE;cds-WP_005602815.1;cds-WP_005599678.1
1123,cds-WP_005599678.1,CDS,ROG0077,2228791,2229372,+,NA,2228791,2229372,4,4,last,cds-WP_005602815.1,,truD,cds-WP_005599678.1,2226424,2229372,truD;surE;cds-WP_005602815.1;cds-WP_005599678.1
1124,cds-WP_005599679.1,CDS,COG3221,2229458,2229655,+,"[P] ABC-type phosphate/phosphonate transport system, periplasmic component",2229458,2229655,2,1,first,,cds-WP_005618375.1,cds-WP_005599679.1,cds-WP_005618375.1,2229458,2230927,cds-WP_005599679.1;cds-WP_005618375.1
1124,cds-WP_005618375.1,CDS,COG0739,2229689,2230927,+,[M] Membrane proteins related to metalloendopeptidases ,2229689,2230927,2,2,last,cds-WP_005599679.1,,cds-WP_005599679.1,cds-WP_005618375.1,2229458,2230927,cds-WP_005599679.1;cds-WP_005618375.1
1125,cds-WP_039709438.1,CDS,COG2818,2231016,2231579,+,[L] 3-methyladenine DNA glycosylase   ,2231016,2231579,1,1,single,,,cds-WP_039709438.1,cds-WP_039709438.1,2231016,2231579,cds-WP_039709438.1
1126,cds-WP_005616320.1,CDS,COG3314,2233234,2233872,-,[S] Uncharacterized protein conserved in bacteria ,2233234,2233872,3,1,first,,cds-WP_005602825.1,cds-WP_005616320.1,cds-MIDG2331_RS11745,2231631,2233872,cds-WP_005616320.1;cds-WP_005602825.1;cds-MIDG2331_RS11745
1126,cds-WP_005602825.1,CDS,COG0700,2232773,2233237,-,[S] Uncharacterized membrane protein   ,2232773,2233237,3,2,internal,cds-WP_005616320.1,cds-MIDG2331_RS11745,cds-WP_005616320.1,cds-MIDG2331_RS11745,2231631,2233872,cds-WP_005616320.1;cds-WP_005602825.1;cds-MIDG2331_RS11745
1126,cds-MIDG2331_RS11745,CDS,COG2195,2231631,2232759,-,[E] Di- and tripeptidases   ,2231631,2232759,3,3,last,cds-WP_005602825.1,,cds-WP_005616320.1,cds-MIDG2331_RS11745,2231631,2233872,cds-WP_005616320.1;cds-WP_005602825.1;cds-MIDG2331_RS11745
1127,hemH,CDS,COG0276,2234050,2235009,-,[H] Protoheme ferro-lyase (ferrochelatase)   ,2234050,2235009,1,1,single,,,hemH,hemH,2234050,2235009,hemH
1128,rpmH,CDS,ROG3844,2235285,2235419,+,NA,2235285,2235419,3,1,first,,rnpA,rpmH,yidD,2235285,2236080,rpmH;rnpA;yidD
1128,rnpA,CDS,COG0594,2235452,2235817,+,[J] RNase P protein component  ,2235452,2235817,3,2,internal,rpmH,yidD,rpmH,yidD,2235285,2236080,rpmH;rnpA;yidD
1128,yidD,CDS,COG0759,2235775,2236080,+,[S] Uncharacterized conserved protein   ,2235775,2236080,3,3,last,rnpA,,rpmH,yidD,2235285,2236080,rpmH;rnpA;yidD
1129,glnA,CDS,COG0174,2236131,2237546,-,[E] Glutamine synthetase    ,2236131,2237546,1,1,single,,,glnA,glnA,2236131,2237546,glnA
1130,cds-WP_005599716.1,CDS,COG2510,2240771,2241199,-,[S] Predicted membrane protein   ,2240771,2241199,5,1,first,,cds-WP_005613474.1,cds-WP_005599716.1,cpdA,2237904,2241199,cds-WP_005599716.1;cds-WP_005613474.1;psiE_2;nudF;cpdA
1130,cds-WP_005613474.1,CDS,COG2091,2239983,2240711,-,[H] Phosphopantetheinyl transferase    ,2239983,2240711,5,2,internal,cds-WP_005599716.1,psiE_2,cds-WP_005599716.1,cpdA,2237904,2241199,cds-WP_005599716.1;cds-WP_005613474.1;psiE_2;nudF;cpdA
1130,psiE_2,CDS,COG3223,2239571,2239990,-,[S] Predicted membrane protein   ,2239571,2239990,5,3,internal,cds-WP_005613474.1,nudF,cds-WP_005599716.1,cpdA,2237904,2241199,cds-WP_005599716.1;cds-WP_005613474.1;psiE_2;nudF;cpdA
1130,nudF,CDS,COG0494,2238938,2239561,-,[LR] NTP pyrophosphohydrolases including oxidative damage repair,2238938,2239561,5,4,internal,psiE_2,cpdA,cds-WP_005599716.1,cpdA,2237904,2241199,cds-WP_005599716.1;cds-WP_005613474.1;psiE_2;nudF;cpdA
1130,cpdA,CDS,COG1409,2237904,2238731,-,[R] Predicted phosphohydrolases    ,2237904,2238731,5,5,last,nudF,,cds-WP_005599716.1,cpdA,2237904,2241199,cds-WP_005599716.1;cds-WP_005613474.1;psiE_2;nudF;cpdA
1131,nhaA,CDS,COG3004,2241377,2242561,+,[P] Na+/H+ antiporter    ,2241377,2242561,1,1,single,,,nhaA,nhaA,2241377,2242561,nhaA
1132,cds-WP_005618600.1,CDS,NA,2242704,2243192,+,NA,2242704,2243192,1,1,single,,,cds-WP_005618600.1,cds-WP_005618600.1,2242704,2243192,cds-WP_005618600.1
1133,proA,CDS,COG0014,2244507,2245745,-,[E] Gamma-glutamyl phosphate reductase   ,2244507,2245745,3,1,first,,cds-WP_026042279.1,proA,dtd,2243228,2245745,proA;cds-WP_026042279.1;dtd
1133,cds-WP_026042279.1,CDS,COG1295,2243659,2244489,-,[S] Predicted membrane protein   ,2243659,2244489,3,2,internal,proA,dtd,proA,dtd,2243228,2245745,proA;cds-WP_026042279.1;dtd
1133,dtd,CDS,COG1490,2243228,2243662,-,[J] D-Tyr-tRNAtyr deacylase    ,2243228,2243662,3,3,last,cds-WP_026042279.1,,proA,dtd,2243228,2245745,proA;cds-WP_026042279.1;dtd
1134,cds-WP_012263463.1,CDS,NA,2245946,2246125,+,NA,2245946,2246125,3,1,first,,cds-WP_231944224.1,cds-WP_012263463.1,cds-WP_039709440.1,2245946,2246890,cds-WP_012263463.1;cds-WP_231944224.1;cds-WP_039709440.1
1134,cds-WP_231944224.1,CDS,NA,2246125,2246301,+,NA,2246125,2246301,3,2,internal,cds-WP_012263463.1,cds-WP_039709440.1,cds-WP_012263463.1,cds-WP_039709440.1,2245946,2246890,cds-WP_012263463.1;cds-WP_231944224.1;cds-WP_039709440.1
1134,cds-WP_039709440.1,CDS,NA,2246258,2246890,+,NA,2246258,2246890,3,3,last,cds-WP_231944224.1,,cds-WP_012263463.1,cds-WP_039709440.1,2245946,2246890,cds-WP_012263463.1;cds-WP_231944224.1;cds-WP_039709440.1
1135,cds-WP_150112301.1,CDS,COG1629,2246984,2247358,+,"[P] Outer membrane receptor proteins, mostly Fe",2246984,2247358,2,1,first,,cds-WP_160264720.1,cds-WP_150112301.1,cds-WP_160264720.1,2246984,2248242,cds-WP_150112301.1;cds-WP_160264720.1
1135,cds-WP_160264720.1,CDS,COG4771,2247346,2248242,+,[P] Outer membrane receptor for ferrienterochelin and,2247346,2248242,2,2,last,cds-WP_150112301.1,,cds-WP_150112301.1,cds-WP_160264720.1,2246984,2248242,cds-WP_150112301.1;cds-WP_160264720.1
1136,cds-WP_039709441.1,CDS,NA,2248496,2249350,-,NA,2248496,2249350,1,1,single,,,cds-WP_039709441.1,cds-WP_039709441.1,2248496,2249350,cds-WP_039709441.1
1137,cds-WP_005599732.1,CDS,COG0810,2249470,2250714,-,"[M] Periplasmic protein TonB, links inner and",2249470,2250714,1,1,single,,,cds-WP_005599732.1,cds-WP_005599732.1,2249470,2250714,cds-WP_005599732.1
1138,mutL,CDS,COG0323,2251028,2252896,+,[L] DNA mismatch repair enzyme (predicted ATPase),2251028,2252896,1,1,single,,,mutL,mutL,2251028,2252896,mutL
1139,adhP,CDS,COG1064,2253096,2254145,+,[R] Zn-dependent alcohol dehydrogenases   ,2253096,2254145,1,1,single,,,adhP,adhP,2253096,2254145,adhP
1140,miaA,CDS,COG0324,2254277,2255221,+,[J] tRNA delta(2)-isopentenylpyrophosphate transferase   ,2254277,2255221,3,1,first,,hfq,miaA,hflX,2254277,2256969,miaA;hfq;hflX
1140,hfq,CDS,COG1923,2255286,2255564,+,[R] Uncharacterized host factor I protein ,2255286,2255564,3,2,internal,miaA,hflX,miaA,hflX,2254277,2256969,miaA;hfq;hflX
1140,hflX,CDS,COG2262,2255602,2256969,+,[R] GTPases     ,2255602,2256969,3,3,last,hfq,,miaA,hflX,2254277,2256969,miaA;hfq;hflX
1141,cds-WP_039709442.1,CDS,COG1611,2257005,2257565,-,[R] Predicted Rossmann fold nucleotide-binding protein ,2257005,2257565,1,1,single,,,cds-WP_039709442.1,cds-WP_039709442.1,2257005,2257565,cds-WP_039709442.1
1142,cds-WP_005602867.1,CDS,ROG1959,2257628,2257951,+,NA,2257628,2257951,1,1,single,,,cds-WP_005602867.1,cds-WP_005602867.1,2257628,2257951,cds-WP_005602867.1
1143,crp,CDS,COG0664,2258000,2258674,-,[T] cAMP-binding proteins - catabolite gene activator,2258000,2258674,1,1,single,,,crp,crp,2258000,2258674,crp
1144,slmA,CDS,COG1309,2258976,2259584,-,[K] Transcriptional regulator    ,2258976,2259584,2,1,first,,cds-WP_005599748.1,slmA,cds-WP_005599748.1,2258752,2259584,slmA;cds-WP_005599748.1
1144,cds-WP_005599748.1,CDS,COG3089,2258752,2258970,-,[S] Uncharacterized protein conserved in bacteria ,2258752,2258970,2,2,last,slmA,,slmA,cds-WP_005599748.1,2258752,2259584,slmA;cds-WP_005599748.1
1145,coaBC,CDS,COG0452,2260154,2261359,-,[H] Phosphopantothenoylcysteine synthetase/decarboxylase    ,2260154,2261359,2,1,first,,dut,coaBC,dut,2259690,2261359,coaBC;dut
1145,dut,CDS,COG0756,2259690,2260145,-,[F] dUTPase     ,2259690,2260145,2,2,last,coaBC,,coaBC,dut,2259690,2261359,coaBC;dut
1146,radC_2,CDS,COG2003,2261567,2262229,+,[L] DNA repair proteins   ,2261567,2262229,3,1,first,,rpmB,radC_2,rpmG,2261567,2262816,radC_2;rpmB;rpmG
1146,rpmB,CDS,COG0227,2262398,2262634,+,[J] Ribosomal protein L28   ,2262398,2262634,3,2,internal,radC_2,rpmG,radC_2,rpmG,2261567,2262816,radC_2;rpmB;rpmG
1146,rpmG,CDS,COG0267,2262646,2262816,+,[J] Ribosomal protein L33   ,2262646,2262816,3,3,last,rpmB,,radC_2,rpmG,2261567,2262816,radC_2;rpmB;rpmG
1147,cds-WP_005599767.1,CDS,NA,2263181,2263741,+,NA,2263181,2263741,1,1,single,,,cds-WP_005599767.1,cds-WP_005599767.1,2263181,2263741,cds-WP_005599767.1
1148,cds-WP_005599768.1,CDS,COG0160,2264022,2265386,+,[E] 4-aminobutyrate aminotransferase and related aminotransferases ,2264022,2265386,2,1,first,,ddc,cds-WP_005599768.1,ddc,2264022,2267050,cds-WP_005599768.1;ddc
1148,ddc,CDS,COG0076,2265515,2267050,+,[E] Glutamate decarboxylase and related PLP-dependent proteins,2265515,2267050,2,2,last,cds-WP_005599768.1,,cds-WP_005599768.1,ddc,2264022,2267050,cds-WP_005599768.1;ddc
1149,yedE,CDS,COG2391,2267396,2268616,-,[R] Predicted transporter component   ,2267396,2268616,2,1,first,,yedF,yedE,yedF,2267109,2268616,yedE;yedF
1149,yedF,CDS,COG0425,2267109,2267378,-,"[O] Predicted redox protein, regulator of disulfide",2267109,2267378,2,2,last,yedE,,yedE,yedF,2267109,2268616,yedE;yedF
1150,cds-WP_005599777.1,CDS,COG3085,2268911,2269243,+,[S] Uncharacterized protein conserved in bacteria ,2268911,2269243,1,1,single,,,cds-WP_005599777.1,cds-WP_005599777.1,2268911,2269243,cds-WP_005599777.1
1151,trmA,CDS,COG2265,2269394,2270500,+,[J] SAM-dependent methyltransferases related to tRNA (uracil-5-)-methyltransferase,2269394,2270500,1,1,single,,,trmA,trmA,2269394,2270500,trmA
1152,rna-MIDG2331_RS10825,tRNA,NA,2270606,2270695,+,NA,2270606,2270695,2,1,first,,rna-MIDG2331_RS10830,rna-MIDG2331_RS10825,rna-MIDG2331_RS10830,2270606,2270868,rna-MIDG2331_RS10825;rna-MIDG2331_RS10830
1152,rna-MIDG2331_RS10830,tRNA,NA,2270779,2270868,+,NA,2270779,2270868,2,2,last,rna-MIDG2331_RS10825,,rna-MIDG2331_RS10825,rna-MIDG2331_RS10830,2270606,2270868,rna-MIDG2331_RS10825;rna-MIDG2331_RS10830
1153,corA,CDS,COG0598,2271000,2271953,-,[P] Mg2+ and Co2+ transporters  ,2271000,2271953,1,1,single,,,corA,corA,2271000,2271953,corA
1154,ubiE,CDS,COG2226,2272254,2273030,+,[H] Methylase involved in ubiquinone/menaquinone biosynthesis ,2272254,2273030,7,1,first,,cds-WP_005602895.1,ubiE,hemB,2272254,2278047,ubiE;cds-WP_005602895.1;ubiB;tatA;tatB;tatC;hemB
1154,cds-WP_005602895.1,CDS,COG3165,2273056,2273688,+,[S] Uncharacterized protein conserved in bacteria ,2273056,2273688,7,2,internal,ubiE,ubiB,ubiE,hemB,2272254,2278047,ubiE;cds-WP_005602895.1;ubiB;tatA;tatB;tatC;hemB
1154,ubiB,CDS,COG0661,2273685,2275319,+,[R] Predicted unusual protein kinase  ,2273685,2275319,7,3,internal,cds-WP_005602895.1,tatA,ubiE,hemB,2272254,2278047,ubiE;cds-WP_005602895.1;ubiB;tatA;tatB;tatC;hemB
1154,tatA,CDS,COG1826,2275411,2275641,+,[U] Sec-independent protein secretion pathway components ,2275411,2275641,7,4,internal,ubiB,tatB,ubiE,hemB,2272254,2278047,ubiE;cds-WP_005602895.1;ubiB;tatA;tatB;tatC;hemB
1154,tatB,CDS,COG1826,2275645,2276232,+,[U] Sec-independent protein secretion pathway components ,2275645,2276232,7,5,internal,tatA,tatC,ubiE,hemB,2272254,2278047,ubiE;cds-WP_005602895.1;ubiB;tatA;tatB;tatC;hemB
1154,tatC,CDS,COG0805,2276222,2276968,+,[U] Sec-independent protein secretion pathway component TatC,2276222,2276968,7,6,internal,tatB,hemB,ubiE,hemB,2272254,2278047,ubiE;cds-WP_005602895.1;ubiB;tatA;tatB;tatC;hemB
1154,hemB,CDS,COG0113,2277028,2278047,+,[H] Delta-aminolevulinic acid dehydratase   ,2277028,2278047,7,7,last,tatC,,ubiE,hemB,2272254,2278047,ubiE;cds-WP_005602895.1;ubiB;tatA;tatB;tatC;hemB
1155,cds-WP_005618620.1,CDS,COG3671,2278134,2278496,+,[S] Predicted membrane protein   ,2278134,2278496,1,1,single,,,cds-WP_005618620.1,cds-WP_005618620.1,2278134,2278496,cds-WP_005618620.1
1156,mutM,CDS,COG0266,2278547,2279368,-,[L] Formamidopyrimidine-DNA glycosylase    ,2278547,2279368,1,1,single,,,mutM,mutM,2278547,2279368,mutM
1157,brnQ,CDS,COG1114,2279431,2280717,-,[E] Branched-chain amino acid permeases  ,2279431,2280717,1,1,single,,,brnQ,brnQ,2279431,2280717,brnQ
1158,fabD,CDS,COG0331,2281692,2282627,-,[I] (acyl-carrier-protein) S-malonyltransferase    ,2281692,2282627,2,1,first,,fabG,fabD,fabG,2280849,2282627,fabD;fabG
1158,fabG,CDS,COG1028,2280849,2281574,-,[IQR] Dehydrogenases with different specificities (related to,2280849,2281574,2,2,last,fabD,,fabD,fabG,2280849,2282627,fabD;fabG
1159,ispB,CDS,COG0142,2283477,2284472,-,[H] Geranylgeranyl pyrophosphate synthase   ,2283477,2284472,2,1,first,,cds-WP_039709515.1,ispB,cds-WP_039709515.1,2282694,2284472,ispB;cds-WP_039709515.1
1159,cds-WP_039709515.1,CDS,COG1636,2282694,2283440,-,[S] Uncharacterized protein conserved in bacteria ,2282694,2283440,2,2,last,ispB,,ispB,cds-WP_039709515.1,2282694,2284472,ispB;cds-WP_039709515.1
1160,cds-WP_005618427.1,CDS,COG4667,2284728,2285579,+,[R] Predicted esterase of the alpha-beta hydrolase,2284728,2285579,1,1,single,,,cds-WP_005618427.1,cds-WP_005618427.1,2284728,2285579,cds-WP_005618427.1
1161,cds-WP_005602917.1,CDS,COG0431,2285743,2286294,+,[R] Predicted flavoprotein    ,2285743,2286294,1,1,single,,,cds-WP_005602917.1,cds-WP_005602917.1,2285743,2286294,cds-WP_005602917.1
1162,cds-WP_005599813.1,CDS,COG2259,2286495,2286908,+,[S] Predicted membrane protein   ,2286495,2286908,1,1,single,,,cds-WP_005599813.1,cds-WP_005599813.1,2286495,2286908,cds-WP_005599813.1
1163,rplU,CDS,COG0261,2287261,2287572,+,[J] Ribosomal protein L21   ,2287261,2287572,3,1,first,,rpmA,rplU,cds-WP_005602920.1,2287261,2288874,rplU;rpmA;cds-WP_005602920.1
1163,rpmA,CDS,COG0211,2287593,2287850,+,[J] Ribosomal protein L27   ,2287593,2287850,3,2,internal,rplU,cds-WP_005602920.1,rplU,cds-WP_005602920.1,2287261,2288874,rplU;rpmA;cds-WP_005602920.1
1163,cds-WP_005602920.1,CDS,COG0697,2287885,2288874,+,[GER] Permeases of the drug/metabolite transporter (DMT),2287885,2288874,3,3,last,rpmA,,rplU,cds-WP_005602920.1,2287261,2288874,rplU;rpmA;cds-WP_005602920.1
1164,cds-WP_005599820.1,CDS,ROG3350,2289103,2290572,-,NA,2289103,2290572,1,1,single,,,cds-WP_005599820.1,cds-WP_005599820.1,2289103,2290572,cds-WP_005599820.1
1165,cds-WP_005602922.1,CDS,COG0561,2290688,2291497,-,[R] Predicted hydrolases of the HAD superfamily,2290688,2291497,1,1,single,,,cds-WP_005602922.1,cds-WP_005602922.1,2290688,2291497,cds-WP_005602922.1
1166,cds-WP_005599824.1,CDS,COG1040,2291617,2292294,+,[R] Predicted amidophosphoribosyltransferases    ,2291617,2292294,1,1,single,,,cds-WP_005599824.1,cds-WP_005599824.1,2291617,2292294,cds-WP_005599824.1
1167,rsmC,CDS,COG2813,2292729,2293718,-,[J] 16S RNA G1207 methylase RsmC ,2292729,2293718,1,1,single,,,rsmC,rsmC,2292729,2293718,rsmC
1168,cds-WP_005606599.1,CDS,COG3050,2293823,2294245,+,"[L] DNA polymerase III, psi subunit ",2293823,2294245,3,1,first,,rimI,cds-WP_005606599.1,srmB,2293823,2296035,cds-WP_005606599.1;rimI;srmB
1168,rimI,CDS,COG0456,2294238,2294675,+,[R] Acetyltransferases     ,2294238,2294675,3,2,internal,cds-WP_005606599.1,srmB,cds-WP_005606599.1,srmB,2293823,2296035,cds-WP_005606599.1;rimI;srmB
1168,srmB,CDS,COG0513,2294698,2296035,+,[LKJ] Superfamily II DNA and RNA helicases,2294698,2296035,3,3,last,rimI,,cds-WP_005606599.1,srmB,2293823,2296035,cds-WP_005606599.1;rimI;srmB
1169,pdxH,CDS,COG0259,2296110,2296739,+,[H] Pyridoxamine-phosphate oxidase    ,2296110,2296739,1,1,single,,,pdxH,pdxH,2296110,2296739,pdxH
1170,cds-WP_005602933.1,CDS,COG0747,2296811,2298448,-,"[E] ABC-type dipeptide transport system, periplasmic component",2296811,2298448,1,1,single,,,cds-WP_005602933.1,cds-WP_005602933.1,2296811,2298448,cds-WP_005602933.1
1171,cds-WP_005602934.1,CDS,COG1012,2298639,2300120,-,[C] NAD-dependent aldehyde dehydrogenases   ,2298639,2300120,1,1,single,,,cds-WP_005602934.1,cds-WP_005602934.1,2298639,2300120,cds-WP_005602934.1
1172,cds-WP_012263484.1,CDS,COG1584,2300326,2300895,-,[S] Predicted membrane protein   ,2300326,2300895,1,1,single,,,cds-WP_012263484.1,cds-WP_012263484.1,2300326,2300895,cds-WP_012263484.1
1173,cds-WP_005613535.1,CDS,COG1120,2301137,2301901,+,"[PH] ABC-type cobalamin/Fe3+-siderophores transport systems, ATPase components",2301137,2301901,4,1,first,,cds-WP_039709516.1,cds-WP_005613535.1,cds-WP_058230510.1,2301137,2306937,cds-WP_005613535.1;cds-WP_039709516.1;fhuB;cds-WP_058230510.1
1173,cds-WP_039709516.1,CDS,COG0614,2301901,2302857,+,"[P] ABC-type Fe3+-hydroxamate transport system, periplasmic component",2301901,2302857,4,2,internal,cds-WP_005613535.1,fhuB,cds-WP_005613535.1,cds-WP_058230510.1,2301137,2306937,cds-WP_005613535.1;cds-WP_039709516.1;fhuB;cds-WP_058230510.1
1173,fhuB,CDS,COG0609,2302851,2304803,+,"[P] ABC-type Fe3+-siderophore transport system, permease component",2302851,2304803,4,3,internal,cds-WP_039709516.1,cds-WP_058230510.1,cds-WP_005613535.1,cds-WP_058230510.1,2301137,2306937,cds-WP_005613535.1;cds-WP_039709516.1;fhuB;cds-WP_058230510.1
1173,cds-WP_058230510.1,CDS,COG1629,2304850,2306937,+,"[P] Outer membrane receptor proteins, mostly Fe",2304850,2306937,4,4,last,fhuB,,cds-WP_005613535.1,cds-WP_058230510.1,2301137,2306937,cds-WP_005613535.1;cds-WP_039709516.1;fhuB;cds-WP_058230510.1
1174,cds-WP_039709452.1,CDS,COG4390,2307004,2307321,+,[S] Uncharacterized protein conserved in bacteria ,2307004,2307321,1,1,single,,,cds-WP_039709452.1,cds-WP_039709452.1,2307004,2307321,cds-WP_039709452.1
1175,cds-WP_039709453.1,CDS,COG0152,2307411,2308268,-,[F] Phosphoribosylaminoimidazolesuccinocarboxamide (SAICAR) synthase   ,2307411,2308268,1,1,single,,,cds-WP_039709453.1,cds-WP_039709453.1,2307411,2308268,cds-WP_039709453.1
1176,hisG,CDS,COG0040,2308637,2309536,+,[E] ATP phosphoribosyltransferase    ,2308637,2309536,5,1,first,,hisD,hisG,hisB,2308637,2313741,hisG;hisD;hisC_2;cds-MIDG2331_RS11040;hisB
1176,hisD,CDS,COG0141,2309652,2310938,+,[E] Histidinol dehydrogenase    ,2309652,2310938,5,2,internal,hisG,hisC_2,hisG,hisB,2308637,2313741,hisG;hisD;hisC_2;cds-MIDG2331_RS11040;hisB
1176,hisC_2,CDS,COG0079,2311062,2312114,+,[E] Histidinol-phosphate/aromatic aminotransferase and cobyric acid decarboxylase,2311062,2312114,5,3,internal,hisD,cds-MIDG2331_RS11040,hisG,hisB,2308637,2313741,hisG;hisD;hisC_2;cds-MIDG2331_RS11040;hisB
1176,cds-MIDG2331_RS11040,CDS,COG1943,2312207,2312518,+,[L] Transposase and inactivated derivatives  ,2312207,2312518,5,4,internal,hisC_2,hisB,hisG,hisB,2308637,2313741,hisG;hisD;hisC_2;cds-MIDG2331_RS11040;hisB
1176,hisB,CDS,COG0131,2312650,2313741,+,[E] Imidazoleglycerol-phosphate dehydratase    ,2312650,2313741,5,5,last,cds-MIDG2331_RS11040,,hisG,hisB,2308637,2313741,hisG;hisD;hisC_2;cds-MIDG2331_RS11040;hisB
1177,cds-WP_039709456.1,CDS,ROG4956,2313859,2314416,+,NA,2313859,2314416,1,1,single,,,cds-WP_039709456.1,cds-WP_039709456.1,2313859,2314416,cds-WP_039709456.1
1178,cds-WP_414826700.1,CDS,COG4804,2314501,2315505,+,[S] Uncharacterized conserved protein   ,2314501,2315505,1,1,single,,,cds-WP_414826700.1,cds-WP_414826700.1,2314501,2315505,cds-WP_414826700.1
1179,hisH,CDS,COG0118,2315631,2316221,+,[E] Glutamine amidotransferase    ,2315631,2316221,4,1,first,,hisA,hisH,cds-WP_039709460.1,2315631,2318441,hisH;hisA;hisF;cds-WP_039709460.1
1179,hisA,CDS,COG0106,2316342,2317094,+,[E] Phosphoribosylformimino-5-aminoimidazole carboxamide ribonucleotide (ProFAR) isomerase ,2316342,2317094,4,2,internal,hisH,hisF,hisH,cds-WP_039709460.1,2315631,2318441,hisH;hisA;hisF;cds-WP_039709460.1
1179,hisF,CDS,COG0107,2317076,2317849,+,[E] Imidazoleglycerol-phosphate synthase    ,2317076,2317849,4,3,internal,hisA,cds-WP_039709460.1,hisH,cds-WP_039709460.1,2315631,2318441,hisH;hisA;hisF;cds-WP_039709460.1
1179,cds-WP_039709460.1,CDS,NA,2317902,2318441,+,NA,2317902,2318441,4,4,last,hisF,,hisH,cds-WP_039709460.1,2315631,2318441,hisH;hisA;hisF;cds-WP_039709460.1
1180,hisIE,CDS,COG0139,2318585,2319226,+,[E] Phosphoribosyl-AMP cyclohydrolase    ,2318585,2319226,1,1,single,,,hisIE,hisIE,2318585,2319226,hisIE
1181,cds-WP_039709462.1,CDS,COG1738,2319347,2320012,+,[S] Uncharacterized conserved protein   ,2319347,2320012,1,1,single,,,cds-WP_039709462.1,cds-WP_039709462.1,2319347,2320012,cds-WP_039709462.1
1182,map,CDS,COG0024,2320119,2320925,+,[J] Methionine aminopeptidase    ,2320119,2320925,1,1,single,,,map,map,2320119,2320925,map
1183,cds-WP_005606644.1,CDS,COG0524,2324101,2325024,-,"[G] Sugar kinases, ribokinase family  ",2324101,2325024,4,1,first,,cds-WP_039709464.1,cds-WP_005606644.1,cds-WP_039709463.1,2320994,2325024,cds-WP_005606644.1;cds-WP_039709464.1;cds-WP_005603137.1;cds-WP_039709463.1
1183,cds-WP_039709464.1,CDS,COG1621,2322611,2324047,-,[G] Beta-fructosidases (levanase/invertase)    ,2322611,2324047,4,2,internal,cds-WP_005606644.1,cds-WP_005603137.1,cds-WP_005606644.1,cds-WP_039709463.1,2320994,2325024,cds-WP_005606644.1;cds-WP_039709464.1;cds-WP_005603137.1;cds-WP_039709463.1
1183,cds-WP_005603137.1,CDS,COG1609,2321521,2322540,-,[K] Transcriptional regulators    ,2321521,2322540,4,3,internal,cds-WP_039709464.1,cds-WP_039709463.1,cds-WP_005606644.1,cds-WP_039709463.1,2320994,2325024,cds-WP_005606644.1;cds-WP_039709464.1;cds-WP_005603137.1;cds-WP_039709463.1
1183,cds-WP_039709463.1,CDS,ROG0471,2320994,2321488,-,NA,2320994,2321488,4,4,last,cds-WP_005603137.1,,cds-WP_005606644.1,cds-WP_039709463.1,2320994,2325024,cds-WP_005606644.1;cds-WP_039709464.1;cds-WP_005603137.1;cds-WP_039709463.1
1184,nirK,CDS,COG2132,2325168,2326247,+,[Q] Putative multicopper oxidases   ,2325168,2326247,1,1,single,,,nirK,nirK,2325168,2326247,nirK
1185,cds-WP_039709467.1,CDS,COG4591,2328445,2329617,-,"[M] ABC-type transport system, involved in lipoprotein",2328445,2329617,3,1,first,,lolD,cds-WP_039709467.1,lolE,2326316,2329617,cds-WP_039709467.1;lolD;lolE
1185,lolD,CDS,COG1136,2327566,2328246,-,"[V] ABC-type antimicrobial peptide transport system, ATPase",2327566,2328246,3,2,internal,cds-WP_039709467.1,lolE,cds-WP_039709467.1,lolE,2326316,2329617,cds-WP_039709467.1;lolD;lolE
1185,lolE,CDS,COG4591,2326316,2327566,-,"[M] ABC-type transport system, involved in lipoprotein",2326316,2327566,3,3,last,lolD,,cds-WP_039709467.1,lolE,2326316,2329617,cds-WP_039709467.1;lolD;lolE
1186,cds-WP_012263502.1,CDS,COG1052,2329742,2330692,-,[CHR] Lactate dehydrogenase and related dehydrogenases ,2329742,2330692,1,1,single,,,cds-WP_012263502.1,cds-WP_012263502.1,2329742,2330692,cds-WP_012263502.1
1187,cds-WP_005602995.1,CDS,COG5633,2333395,2333922,-,[R] Predicted periplasmic lipoprotein   ,2333395,2333922,4,1,first,,prmC,cds-WP_005602995.1,kdsA,2330749,2333922,cds-WP_005602995.1;prmC;cds-WP_005595561.1;kdsA
1187,prmC,CDS,COG2890,2332521,2333393,-,[J] Methylase of polypeptide chain release factors,2332521,2333393,4,2,internal,cds-WP_005602995.1,cds-WP_005595561.1,cds-WP_005602995.1,kdsA,2330749,2333922,cds-WP_005602995.1;prmC;cds-WP_005595561.1;kdsA
1187,cds-WP_005595561.1,CDS,COG2912,2331654,2332520,-,[S] Uncharacterized conserved protein   ,2331654,2332520,4,3,internal,prmC,kdsA,cds-WP_005602995.1,kdsA,2330749,2333922,cds-WP_005602995.1;prmC;cds-WP_005595561.1;kdsA
1187,kdsA,CDS,COG2877,2330749,2331603,-,[M] 3-deoxy-D-manno-octulosonic acid (KDO) 8-phosphate synthase ,2330749,2331603,4,4,last,cds-WP_005595561.1,,cds-WP_005602995.1,kdsA,2330749,2333922,cds-WP_005602995.1;prmC;cds-WP_005595561.1;kdsA
1188,prfA,CDS,COG0216,2333985,2335067,-,[J] Protein chain release factor A ,2333985,2335067,1,1,single,,,prfA,prfA,2333985,2335067,prfA
1189,cds-WP_005603161.1,CDS,COG2391,2336598,2337590,-,[R] Predicted transporter component   ,2336598,2337590,2,1,first,,cds-WP_009874749.1,cds-WP_005603161.1,cds-WP_009874749.1,2335219,2337590,cds-WP_005603161.1;cds-WP_009874749.1
1189,cds-WP_009874749.1,CDS,COG2897,2335219,2336589,-,[P] Rhodanese-related sulfurtransferase    ,2335219,2336589,2,2,last,cds-WP_005603161.1,,cds-WP_005603161.1,cds-WP_009874749.1,2335219,2337590,cds-WP_005603161.1;cds-WP_009874749.1
