reference_locus,gene,annotation
MIDG2331_RS00005,dnaA,chromosomal replication initiator protein DnaA
MIDG2331_RS00010,dnaN,DNA polymerase III subunit beta
MIDG2331_RS00015,recF,DNA replication/repair protein RecF
MIDG2331_RS00020,sodC,superoxide dismutase family protein
MIDG2331_RS00025,asd,aspartate-semialdehyde dehydrogenase
MIDG2331_RS00030,,porin
MIDG2331_RS00035,lpxB,lipid-A-disaccharide synthase
MIDG2331_RS00040,sohB,protease SohB
MIDG2331_RS00045,mraZ,division/cell wall cluster transcriptional repressor MraZ
MIDG2331_RS00050,rsmH,16S rRNA (cytosine(1402)-N(4))-methyltransferase RsmH
MIDG2331_RS00055,ftsL,cell division protein FtsL
MIDG2331_RS00060,,penicillin-binding transpeptidase domain-containing protein
MIDG2331_RS00065,murE,"UDP-N-acetylmuramoyl-L-alanyl-D-glutamate--2, 6-diaminopimelate ligase"
MIDG2331_RS00070,murF,UDP-N-acetylmuramoyl-tripeptide--D-alanyl-D- alanine ligase
MIDG2331_RS00075,mraY,phospho-N-acetylmuramoyl-pentapeptide- transferase
MIDG2331_RS00080,murD,UDP-N-acetylmuramoyl-L-alanine--D-glutamate ligase
MIDG2331_RS00085,ftsW,putative lipid II flippase FtsW
MIDG2331_RS00090,murG,undecaprenyldiphospho-muramoylpentapeptide beta-N-acetylglucosaminyltransferase
MIDG2331_RS00095,murC,UDP-N-acetylmuramate--L-alanine ligase
MIDG2331_RS00100,,D-alanine--D-alanine ligase
MIDG2331_RS00105,,cell division protein FtsQ/DivIB
MIDG2331_RS00110,ftsA,cell division protein FtsA
MIDG2331_RS00115,ftsZ,cell division protein FtsZ
MIDG2331_RS00120,lpxC,UDP-3-O-acyl-N-acetylglucosamine deacetylase
MIDG2331_RS00125,recN,DNA repair protein RecN
MIDG2331_RS00130,,ABC transporter ATP-binding protein
MIDG2331_RS00135,,ABC transporter permease
MIDG2331_RS00140,,ABC transporter permease
MIDG2331_RS00145,,ABC transporter substrate-binding protein
MIDG2331_RS00150,prfC,peptide chain release factor 3
MIDG2331_RS00155,,DUF805 domain-containing protein
MIDG2331_RS00160,,DUF805 domain-containing protein
MIDG2331_RS00165,pth,aminoacyl-tRNA hydrolase
MIDG2331_RS00170,ychF,redox-regulated ATPase YchF
MIDG2331_RS00175,,methyltransferase family protein
MIDG2331_RS00180,,hypothetical protein
MIDG2331_RS00185,,outer membrane lipoprotein
MIDG2331_RS00190,,VOC family protein
MIDG2331_RS00195,argS,arginine--tRNA ligase
MIDG2331_RS00200,cgtA,Obg family GTPase CgtA
MIDG2331_RS00205,,HI_0552 family protein
MIDG2331_RS00210,rlmB,23S rRNA (guanosine(2251)-2'-O)-methyltransferase RlmB
MIDG2331_RS00215,pssA,CDP-diacylglycerol--serine O-phosphatidyltransferase
MIDG2331_RS00220,ileS,isoleucine--tRNA ligase
MIDG2331_RS00225,ribF,bifunctional riboflavin kinase/FAD synthetase
MIDG2331_RS00230,nadR,multifunctional transcriptional regulator/nicotinamide-nucleotide adenylyltransferase/ribosylnicotinamide kinase NadR
MIDG2331_RS00235,,metallophosphoesterase family protein
MIDG2331_RS00240,arcA,two-component system response regulator ArcA
MIDG2331_RS00245,,porin family protein
MIDG2331_RS00250,,KdsC family phosphatase
MIDG2331_RS00255,,YggS family pyridoxal phosphate-dependent enzyme
MIDG2331_RS00260,typA,translational GTPase TypA
MIDG2331_RS00265,,GrxA family glutaredoxin
MIDG2331_RS00270,rph,ribonuclease PH
MIDG2331_RS00275,,YicC/YloC family endoribonuclease
MIDG2331_RS00280,ygfZ,CAF17-like 4Fe-4S cluster assembly/insertion protein YgfZ
MIDG2331_RS00285,,YfhL family 4Fe-4S dicluster ferredoxin
MIDG2331_RS00290,,response regulator
MIDG2331_RS00295,rlmKL,bifunctional 23S rRNA (guanine(2069)-N(7))-methyltransferase RlmK/23S rRNA (guanine(2445)-N(2))-methyltransferase RlmL
MIDG2331_RS00300,trmL,tRNA (uridine(34)/cytosine(34)/5- carboxymethylaminomethyluridine(34)-2'-O)- methyltransferase TrmL
MIDG2331_RS00305,tal,transaldolase
MIDG2331_RS00335,,ABC transporter substrate-binding protein
MIDG2331_RS00340,,ABC transporter substrate-binding protein
MIDG2331_RS00345,,ABC transporter permease subunit
MIDG2331_RS00350,,ABC transporter permease subunit
MIDG2331_RS00355,dppD,dipeptide ABC transporter ATP-binding protein
MIDG2331_RS00360,,peptide ABC transporter ATP-binding protein
MIDG2331_RS00365,psiE,phosphate-starvation-inducible protein PsiE
MIDG2331_RS00370,,hydrolase
MIDG2331_RS00375,,RidA family protein
MIDG2331_RS00380,,branched-chain amino acid aminotransferase
MIDG2331_RS00385,grxD,Grx4 family monothiol glutaredoxin
MIDG2331_RS00390,recR,recombination mediator RecR
MIDG2331_RS00395,,YbaB/EbfC family nucleoid-associated protein
MIDG2331_RS00400,,energy transducer TonB family protein
MIDG2331_RS00405,exbD,TonB system transport protein ExbD
MIDG2331_RS00410,exbB,TonB-system energizer ExbB
MIDG2331_RS00415,glpE,thiosulfate sulfurtransferase GlpE
MIDG2331_RS00420,,co-chaperone YbbN
MIDG2331_RS00425,dhaM,dihydroxyacetone kinase phosphoryl donor subunit DhaM
MIDG2331_RS00430,dhaL,dihydroxyacetone kinase subunit DhaL
MIDG2331_RS00435,dhaK,dihydroxyacetone kinase subunit DhaK
MIDG2331_RS00440,trxB,thioredoxin-disulfide reductase
MIDG2331_RS00445,kdsB,3-deoxy-manno-octulosonate cytidylyltransferase
MIDG2331_RS00450,,YidB family protein
MIDG2331_RS00455,nudC,NAD(+) diphosphatase
MIDG2331_RS00460,,pseudouridine synthase
MIDG2331_RS00465,,DMT family transporter
MIDG2331_RS00470,,FxsA family protein
MIDG2331_RS00475,pepQ,Xaa-Pro dipeptidase
MIDG2331_RS00480,tusA,sulfurtransferase TusA
MIDG2331_RS00485,rraB,ribonuclease E inhibitor RraB
MIDG2331_RS00490,yihA,ribosome biogenesis GTP-binding protein YihA/YsxC
MIDG2331_RS00495,,DUF805 domain-containing protein
MIDG2331_RS00500,,ZIP family metal transporter
MIDG2331_RS00505,ilvD,dihydroxy-acid dehydratase
MIDG2331_RS00510,ilvM,acetolactate synthase 2 small subunit
MIDG2331_RS00515,ilvG,acetolactate synthase 2 catalytic subunit
MIDG2331_RS00520,nrfA,ammonia-forming nitrite reductase cytochrome c552 subunit
MIDG2331_RS00525,nrfB,cytochrome c nitrite reductase pentaheme subunit
MIDG2331_RS00530,nrfC,cytochrome c nitrite reductase Fe-S protein
MIDG2331_RS00535,nrfD,cytochrome c nitrite reductase subunit NrfD
MIDG2331_RS00540,,YadA-like family protein
MIDG2331_RS00545,,uracil-xanthine permease family protein
MIDG2331_RS00550,putA,bifunctional proline dehydrogenase/L-glutamate gamma-semialdehyde dehydrogenase PutA
MIDG2331_RS00555,putP,sodium/proline symporter PutP
MIDG2331_RS00560,,IclR family transcriptional regulator
MIDG2331_RS00565,,5-formyltetrahydrofolate cyclo-ligase
MIDG2331_RS00570,,cell division protein ZapA
MIDG2331_RS00575,,UPF0149 family protein
MIDG2331_RS00580,hemE,uroporphyrinogen decarboxylase
MIDG2331_RS00585,,YjaG family protein
MIDG2331_RS00590,,HU family DNA-binding protein
MIDG2331_RS00595,,thymidylate synthase
MIDG2331_RS00600,,hypothetical protein
MIDG2331_RS00605,bioB,biotin synthase BioB
MIDG2331_RS00610,cspE,transcription antiterminator/RNA stability regulator CspE
MIDG2331_RS00615,proQ,RNA chaperone ProQ
MIDG2331_RS00620,prc,carboxy terminal-processing peptidase
MIDG2331_RS00625,,"L,D-transpeptidase family protein"
MIDG2331_RS00630,,YcbK family protein
MIDG2331_RS00635,,MBL fold metallo-hydrolase
MIDG2331_RS00640,,choline/ethanolamine kinase family protein
MIDG2331_RS00645,,YcfL family protein
MIDG2331_RS00650,hinT,purine nucleoside phosphoramidase
MIDG2331_RS00655,,metal ABC transporter permease
MIDG2331_RS00660,,metal ABC transporter permease
MIDG2331_RS00665,rnhB,ribonuclease HII
MIDG2331_RS00670,rsgA,small ribosomal subunit biogenesis GTPase RsgA
MIDG2331_RS00675,,transcriptional regulator GcvA
MIDG2331_RS00680,yjjG,pyrimidine 5'-nucleotidase
MIDG2331_RS00685,cysB,HTH-type transcriptional regulator CysB
MIDG2331_RS00690,,hypothetical protein
MIDG2331_RS00695,ansB,L-asparaginase 2
MIDG2331_RS00700,pyrG,glutamine hydrolyzing CTP synthase
MIDG2331_RS00705,,DUF2301 domain-containing membrane protein
MIDG2331_RS00710,leuD,3-isopropylmalate dehydratase small subunit
MIDG2331_RS00715,leuC,3-isopropylmalate dehydratase large subunit
MIDG2331_RS00720,,CdaR family transcriptional regulator
MIDG2331_RS00725,,GntP family permease
MIDG2331_RS00730,,glycerate kinase
MIDG2331_RS00735,,acylphosphatase
MIDG2331_RS00740,,DUF2813 domain-containing protein
MIDG2331_RS00745,ppnN,nucleotide 5'-monophosphate nucleosidase PpnN
MIDG2331_RS00750,dusA,tRNA dihydrouridine(20/20a) synthase DusA
MIDG2331_RS00755,,ribonucleotide-diphosphate reductase subunit beta
MIDG2331_RS00760,,ribonucleoside-diphosphate reductase subunit alpha
MIDG2331_RS00765,nfuA,Fe-S biogenesis protein NfuA
MIDG2331_RS00770,,Na(+)-translocating NADH-quinone reductase subunit A
MIDG2331_RS00775,,NADH:ubiquinone reductase (Na(+)-transporting) subunit B
MIDG2331_RS00780,,Na(+)-translocating NADH-quinone reductase subunit C
MIDG2331_RS00785,,NADH:ubiquinone reductase (Na(+)-transporting) subunit D
MIDG2331_RS00790,nqrE,NADH:ubiquinone reductase (Na(+)-transporting) subunit E
MIDG2331_RS00795,nqrF,NADH:ubiquinone reductase (Na(+)-transporting) subunit F
MIDG2331_RS00800,,FAD:protein FMN transferase
MIDG2331_RS00805,nqrM,(Na+)-NQR maturation NqrM
MIDG2331_RS00810,mnmA,tRNA 2-thiouridine(34) synthase MnmA
MIDG2331_RS00815,,3-phenylpropionate MFS transporter
MIDG2331_RS00820,proC,pyrroline-5-carboxylate reductase
MIDG2331_RS00825,rdgC,recombination-associated protein RdgC
MIDG2331_RS00830,,beta-phosphoglucomutase family hydrolase
MIDG2331_RS00835,nrdD,anaerobic ribonucleoside-triphosphate reductase
MIDG2331_RS00840,nrdG,anaerobic ribonucleoside-triphosphate reductase activating protein
MIDG2331_RS00845,rsxA,electron transport complex subunit RsxA
MIDG2331_RS00850,rsxB,electron transport complex subunit RsxB
MIDG2331_RS00855,rsxC,electron transport complex subunit RsxC
MIDG2331_RS00860,,trimeric intracellular cation channel family protein
MIDG2331_RS00865,rsxD,electron transport complex subunit RsxD
MIDG2331_RS00870,rsxG,electron transport complex subunit RsxG
MIDG2331_RS00875,,electron transport complex subunit E
MIDG2331_RS00880,lpxM,lauroyl-Kdo(2)-lipid IV(A) myristoyltransferase
MIDG2331_RS00885,,amidohydrolase family protein
MIDG2331_RS00890,thiB,thiamine ABC transporter substrate binding subunit
MIDG2331_RS00895,dksA,RNA polymerase-binding protein DksA
MIDG2331_RS00900,pcnB,polynucleotide adenylyltransferase PcnB
MIDG2331_RS00905,folK,2-amino-4-hydroxy-6- hydroxymethyldihydropteridine diphosphokinase
MIDG2331_RS00910,,YnbE family lipoprotein
MIDG2331_RS00915,,YdbH family protein
MIDG2331_RS00920,,hypothetical protein
MIDG2331_RS00925,gloA,lactoylglutathione lyase
MIDG2331_RS00930,rnt,ribonuclease T
MIDG2331_RS00935,,NRAMP family divalent metal transporter
MIDG2331_RS00940,tyrA,bifunctional chorismate mutase/prephenate dehydrogenase
MIDG2331_RS00945,,3-deoxy-7-phosphoheptulonate synthase
MIDG2331_RS00950,,glycosyltransferase family 9 protein
MIDG2331_RS00955,pyk,pyruvate kinase
MIDG2331_RS00960,sixA,phosphohistidine phosphatase SixA
MIDG2331_RS00965,dusB,tRNA dihydrouridine synthase DusB
MIDG2331_RS00970,fis,DNA-binding transcriptional regulator Fis
MIDG2331_RS00975,,sodium-dependent transporter
MIDG2331_RS00980,,Dam family site-specific DNA-(adenine-N6)-methyltransferase
MIDG2331_RS00985,aroB,3-dehydroquinate synthase
MIDG2331_RS00990,aroK,shikimate kinase AroK
MIDG2331_RS00995,,penicillin-binding protein 1A
MIDG2331_RS01000,,type IV pilus biogenesis protein PilM
MIDG2331_RS01005,,hypothetical protein
MIDG2331_RS01010,,hypothetical protein
MIDG2331_RS01015,,hypothetical protein
MIDG2331_RS01020,pilQ,type IV pilus secretin PilQ
MIDG2331_RS01025,nusB,transcription antitermination factor NusB
MIDG2331_RS01030,thiL,thiamine-phosphate kinase
MIDG2331_RS01035,,phosphatidylglycerophosphatase A family protein
MIDG2331_RS01040,,LysE family transporter
MIDG2331_RS01045,,TrmH family RNA methyltransferase
MIDG2331_RS01050,suhB,inositol-1-monophosphatase
MIDG2331_RS01055,dxs,1-deoxy-D-xylulose-5-phosphate synthase
MIDG2331_RS01070,glyA,serine hydroxymethyltransferase
MIDG2331_RS01075,,NAD(+) kinase
MIDG2331_RS01080,cas3f,type I-F CRISPR-associated helicase Cas3f
MIDG2331_RS01085,cas1f,type I-F CRISPR-associated endonuclease Cas1f
MIDG2331_RS01090,cas6f,type I-F CRISPR-associated endoribonuclease Cas6/Csy4
MIDG2331_RS01095,csy3,type I-F CRISPR-associated protein Csy3
MIDG2331_RS01100,csy2,type I-F CRISPR-associated protein Csy2
MIDG2331_RS01105,csy1,type I-F CRISPR-associated protein Csy1
MIDG2331_RS01110,thrS,threonine--tRNA ligase
MIDG2331_RS01115,,CsgG/HfaB family protein
MIDG2331_RS01120,,DUF4810 domain-containing protein
MIDG2331_RS01125,,DUF799 domain-containing protein
MIDG2331_RS01130,infC,translation initiation factor IF-3
MIDG2331_RS01135,rpmI,50S ribosomal protein L35
MIDG2331_RS01140,rplT,50S ribosomal protein L20
MIDG2331_RS01145,,hypothetical protein
MIDG2331_RS01150,,hypothetical protein
MIDG2331_RS01155,paeA,polyamine export protein PaeA
MIDG2331_RS01160,,TIGR01621 family pseudouridine synthase
MIDG2331_RS01165,,histidine phosphatase family protein
MIDG2331_RS01170,ruvX,Holliday junction resolvase RuvX
MIDG2331_RS01175,,YqgE/AlgH family protein
MIDG2331_RS01180,rsmE,16S rRNA (uracil(1498)-N(3))-methyltransferase
MIDG2331_RS01185,,YajG family lipoprotein
MIDG2331_RS01190,,BolA family protein
MIDG2331_RS01200,,copper resistance protein NlpE
MIDG2331_RS01205,,DciA family protein
MIDG2331_RS01210,secM,secA translation cis-regulator SecM
MIDG2331_RS01215,secA,preprotein translocase subunit SecA
MIDG2331_RS01220,,glycosyltransferase family 9 protein
MIDG2331_RS01225,mutT,8-oxo-dGTP diphosphatase MutT
MIDG2331_RS01230,argC,N-acetyl-gamma-glutamyl-phosphate reductase
MIDG2331_RS01235,argB,acetylglutamate kinase
MIDG2331_RS01240,,aspartate aminotransferase family protein
MIDG2331_RS01245,,transferrin-binding protein-like solute binding protein
MIDG2331_RS01265,rho,transcription termination factor Rho
MIDG2331_RS01270,cysK,cysteine synthase A
MIDG2331_RS01275,thrB,homoserine kinase
MIDG2331_RS01280,thrA,bifunctional aspartate kinase/homoserine dehydrogenase I
MIDG2331_RS01285,sodA,superoxide dismutase [Mn]
MIDG2331_RS01290,alr,alanine racemase
MIDG2331_RS01295,recD,exodeoxyribonuclease V subunit alpha
MIDG2331_RS01320,,aminoacyl-histidine dipeptidase
MIDG2331_RS01325,gpt,xanthine phosphoribosyltransferase
MIDG2331_RS01330,gmk,guanylate kinase
MIDG2331_RS01335,tdeA,toxin/drug exporter TdeA
MIDG2331_RS01340,,RnfH family protein
MIDG2331_RS01345,,type II toxin-antitoxin system RatA family toxin
MIDG2331_RS01350,modC,molybdenum ABC transporter ATP-binding protein ModC
MIDG2331_RS01355,modB,molybdate ABC transporter permease subunit
MIDG2331_RS01360,modA,molybdate ABC transporter substrate-binding protein
MIDG2331_RS01365,,ABC transporter permease
MIDG2331_RS01370,,ABC transporter ATP-binding protein
MIDG2331_RS01375,dnaX,DNA polymerase III subunit gamma/tau
MIDG2331_RS01380,apt,adenine phosphoribosyltransferase
MIDG2331_RS01385,,helix-turn-helix transcriptional regulator
MIDG2331_RS01390,,RidA family protein
MIDG2331_RS01395,,threonine synthase
MIDG2331_RS01400,,YbaK/prolyl-tRNA synthetase associated domain-containing protein
MIDG2331_RS01405,,metal ABC transporter ATP-binding protein
MIDG2331_RS01410,,metal ABC transporter substrate-binding protein
MIDG2331_RS01415,,TusE/DsrC/DsvC family sulfur relay protein
MIDG2331_RS01420,,Bax inhibitor-1 family protein
MIDG2331_RS01425,pgsA,CDP-diacylglycerol--glycerol-3-phosphate 3-phosphatidyltransferase
MIDG2331_RS01430,,TonB-dependent receptor domain-containing protein
MIDG2331_RS01435,uvrC,excinuclease ABC subunit UvrC
MIDG2331_RS01440,,TatD family hydrolase
MIDG2331_RS01445,rep,DNA helicase Rep
MIDG2331_RS01450,potA,spermidine/putrescine ABC transporter ATP-binding protein PotA
MIDG2331_RS01455,potB,spermidine/putrescine ABC transporter permease PotB
MIDG2331_RS01460,potC,spermidine/putrescine ABC transporter permease PotC
MIDG2331_RS01465,ruvA,Holliday junction branch migration protein RuvA
MIDG2331_RS01470,ruvB,Holliday junction branch migration DNA helicase RuvB
MIDG2331_RS01475,ubiG,bifunctional 2-polyprenyl-6-hydroxyphenol methylase/3-demethylubiquinol 3-O-methyltransferase UbiG
MIDG2331_RS01480,gyrA,DNA topoisomerase (ATP-hydrolyzing) subunit A
MIDG2331_RS01485,,type I restriction-modification system subunit M
MIDG2331_RS01490,,virulence RhuM family protein
MIDG2331_RS01495,,Abi family protein
MIDG2331_RS01500,,restriction endonuclease subunit S
MIDG2331_RS01505,,AAA family ATPase
MIDG2331_RS01510,,type I restriction endonuclease subunit R
MIDG2331_RS01515,,ABC transporter ATP-binding protein
MIDG2331_RS01520,tcdA,tRNA cyclic N6-threonylcarbamoyladenosine(37) synthase TcdA
MIDG2331_RS01525,,DUF5339 domain-containing protein
MIDG2331_RS01530,,cytochrome ubiquinol oxidase subunit I
MIDG2331_RS01535,cydB,cytochrome d ubiquinol oxidase subunit II
MIDG2331_RS01540,ybgE,cyd operon protein YbgE
MIDG2331_RS01545,ybgC,tol-pal system-associated acyl-CoA thioesterase
MIDG2331_RS01550,tolQ,protein TolQ
MIDG2331_RS01555,tolR,colicin uptake protein TolR
MIDG2331_RS01560,tolA,cell envelope integrity protein TolA
MIDG2331_RS01565,tolB,Tol-Pal system beta propeller repeat protein TolB
MIDG2331_RS01570,pal,peptidoglycan-associated lipoprotein Pal
MIDG2331_RS01575,,DMT family transporter
MIDG2331_RS01580,djlA,co-chaperone DjlA
MIDG2331_RS01585,dusC,tRNA dihydrouridine(16) synthase DusC
MIDG2331_RS01590,,YcjF family protein
MIDG2331_RS01595,,ABC transporter ATP-binding protein
MIDG2331_RS01600,,hypothetical protein
MIDG2331_RS01605,moeA,molybdopterin molybdotransferase MoeA
MIDG2331_RS01610,moeB,molybdopterin-synthase adenylyltransferase MoeB
MIDG2331_RS01620,rlmD,23S rRNA (uracil(1939)-C(5))-methyltransferase RlmD
MIDG2331_RS01625,,anti-phage deoxyguanosine triphosphatase
MIDG2331_RS01630,rapA,RNA polymerase-associated protein RapA
MIDG2331_RS01635,rluA,bifunctional tRNA pseudouridine(32) synthase/23S rRNA pseudouridine(746) synthase RluA
MIDG2331_RS01640,ampD,"1,6-anhydro-N-acetylmuramyl-L-alanine amidase AmpD"
MIDG2331_RS01645,,23S rRNA (adenine(2030)-N(6))-methyltransferase RlmJ
MIDG2331_RS01650,pyrE,orotate phosphoribosyltransferase
MIDG2331_RS01655,,5-methyltetrahydropteroyltriglutamate-- homocysteine S-methyltransferase
MIDG2331_RS01660,metC,cystathionine beta-lyase
MIDG2331_RS01665,dsbB,disulfide bond formation protein DsbB
MIDG2331_RS01670,nhaB,sodium/proton antiporter NhaB
MIDG2331_RS01675,fadR,fatty acid metabolism transcriptional regulator FadR
MIDG2331_RS01680,,PhoH family protein
MIDG2331_RS01685,,AEC family transporter
MIDG2331_RS01690,prfB,peptide chain release factor 2
MIDG2331_RS01695,selD,"selenide, water dikinase SelD"
MIDG2331_RS01700,,NUDIX hydrolase
MIDG2331_RS01705,ubiH,2-octaprenyl-6-methoxyphenyl hydroxylase
MIDG2331_RS01710,,hypothetical protein
MIDG2331_RS01715,,hypothetical protein
MIDG2331_RS01720,,hypothetical protein
MIDG2331_RS01725,,FAD-dependent monooxygenase
MIDG2331_RS01730,rapZ,RNase adapter RapZ
MIDG2331_RS01735,,PTS sugar transporter subunit IIA
MIDG2331_RS01740,lptB,LPS export ABC transporter ATP-binding protein
MIDG2331_RS01745,lptA,lipopolysaccharide transport periplasmic protein LptA
MIDG2331_RS01750,lptC,LPS export ABC transporter periplasmic protein LptC
MIDG2331_RS01755,ppc,phosphoenolpyruvate carboxylase
MIDG2331_RS01760,,TPM domain-containing protein
MIDG2331_RS01765,,TPM domain-containing protein
MIDG2331_RS01770,,LemA family protein
MIDG2331_RS01775,,fructose-specific PTS transporter subunit EIIC
MIDG2331_RS01780,fruK,1-phosphofructokinase
MIDG2331_RS01785,fruB,fused PTS fructose transporter subunit IIA/HPr protein
MIDG2331_RS01790,glgB,"1,4-alpha-glucan branching protein GlgB"
MIDG2331_RS01795,glgX,glycogen debranching protein GlgX
MIDG2331_RS01800,glgC,glucose-1-phosphate adenylyltransferase
MIDG2331_RS01805,glgA,glycogen synthase GlgA
MIDG2331_RS01810,,glycogen/starch/alpha-glucan phosphorylase
MIDG2331_RS01815,ndk,nucleoside-diphosphate kinase
MIDG2331_RS01820,metG,methionine--tRNA ligase
MIDG2331_RS01825,menC,o-succinylbenzoate synthase
MIDG2331_RS01830,rsuA,16S rRNA pseudouridine(516) synthase RsuA
MIDG2331_RS01835,,Bcr/CflA family multidrug efflux MFS transporter
MIDG2331_RS01840,,hypothetical protein
MIDG2331_RS01845,,TorD/DmsD family molecular chaperone
MIDG2331_RS01850,nfo,deoxyribonuclease IV
MIDG2331_RS01855,,NlpC/P60 family protein
MIDG2331_RS01860,,LexA family protein
MIDG2331_RS01865,grcA,autonomous glycyl radical cofactor GrcA
MIDG2331_RS01870,ung,uracil-DNA glycosylase
MIDG2331_RS01875,,VirK/YbjX family protein
MIDG2331_RS01880,,S8 family serine peptidase
MIDG2331_RS01885,hrpA,ATP-dependent RNA helicase HrpA
MIDG2331_RS01890,,DUF441 domain-containing protein
MIDG2331_RS01895,grpE,nucleotide exchange factor GrpE
MIDG2331_RS01900,,extracellular solute-binding protein
MIDG2331_RS01905,,MATE family efflux transporter
MIDG2331_RS01910,recB,exodeoxyribonuclease V subunit beta
MIDG2331_RS01915,lnt,apolipoprotein N-acyltransferase
MIDG2331_RS01920,corC,CNNM family magnesium/cobalt transport protein CorC
MIDG2331_RS01925,,curli polymerization inhibitor CsgI-related protein
MIDG2331_RS01930,,MIP/aquaporin family protein
MIDG2331_RS01935,glpK,glycerol kinase GlpK
MIDG2331_RS01940,lon,endopeptidase La
MIDG2331_RS01945,glpT,glycerol-3-phosphate transporter
MIDG2331_RS01950,glpQ,glycerophosphodiester phosphodiesterase
MIDG2331_RS01955,glpA,anaerobic glycerol-3-phosphate dehydrogenase subunit A
MIDG2331_RS01960,glpB,glycerol-3-phosphate dehydrogenase subunit GlpB
MIDG2331_RS01965,glpC,anaerobic glycerol-3-phosphate dehydrogenase subunit GlpC
MIDG2331_RS01970,ribD,bifunctional diaminohydroxyphosphoribosylaminopyrimidine deaminase/5-amino-6-(5-phosphoribosylamino)uracil reductase RibD
MIDG2331_RS01975,ribE,riboflavin synthase
MIDG2331_RS01980,,"bifunctional 3,4-dihydroxy-2-butanone-4-phosphate synthase/GTP cyclohydrolase II"
MIDG2331_RS01985,ribH,"6,7-dimethyl-8-ribityllumazine synthase"
MIDG2331_RS01990,greB,transcription elongation factor GreB
MIDG2331_RS01995,,KpsF/GutQ family sugar-phosphate isomerase
MIDG2331_RS02000,pepB,aminopeptidase PepB
MIDG2331_RS02005,,"5'-nucleotidase, lipoprotein e(P4) family"
MIDG2331_RS02010,,bile acid:sodium symporter family protein
MIDG2331_RS02015,,efflux RND transporter periplasmic adaptor subunit
MIDG2331_RS02020,,Cof-type HAD-IIB family hydrolase
MIDG2331_RS02025,leuA,2-isopropylmalate synthase
MIDG2331_RS02030,rpoE,RNA polymerase sigma factor RpoE
MIDG2331_RS02035,,sigma-E factor negative regulatory protein
MIDG2331_RS02040,,SoxR reducing system RseC family protein
MIDG2331_RS02045,fadD,long-chain-fatty-acid--CoA ligase FadD
MIDG2331_RS02050,upp,uracil phosphoribosyltransferase
MIDG2331_RS02055,rsmA,16S rRNA (adenine(1518)-N(6)/adenine(1519)-N(6))- dimethyltransferase RsmA
MIDG2331_RS02060,,peptidylprolyl isomerase
MIDG2331_RS02065,pyrR,bifunctional pyr operon transcriptional regulator/uracil phosphoribosyltransferase PyrR
MIDG2331_RS02070,hldE,bifunctional D-glycero-beta-D-manno-heptose-7-phosphate kinase/D-glycero-beta-D-manno-heptose 1-phosphate adenylyltransferase HldE
MIDG2331_RS02075,der,ribosome biogenesis GTPase Der
MIDG2331_RS02080,hemA,glutamyl-tRNA reductase
MIDG2331_RS02085,relA,GTP diphosphokinase
MIDG2331_RS02090,ispC,1-deoxy-D-xylulose-5-phosphate reductoisomerase
MIDG2331_RS02095,,"IS256 family transposase, variant Zn-binding type"
MIDG2331_RS02100,lpxA,acyl-ACP--UDP-N-acetylglucosamine O-acyltransferase
MIDG2331_RS02105,fabZ,3-hydroxyacyl-ACP dehydratase FabZ
MIDG2331_RS02110,lpxD,UDP-3-O-(3-hydroxymyristoyl)glucosamine N-acyltransferase
MIDG2331_RS02115,,OmpH/Skp family outer membrane protein
MIDG2331_RS02120,bamA,outer membrane protein assembly factor BamA
MIDG2331_RS02125,rseP,RIP metalloprotease RseP
MIDG2331_RS02130,,phosphatidate cytidylyltransferase
MIDG2331_RS02135,,isoprenyl transferase
MIDG2331_RS02140,gloB,hydroxyacylglutathione hydrolase
MIDG2331_RS02145,nagK,N-acetylglucosamine kinase
MIDG2331_RS02150,,phosphatase PAP2 family protein
MIDG2331_RS02155,yhbY,ribosome assembly RNA-binding protein YhbY
MIDG2331_RS02160,,glycosyltransferase family 2 protein
MIDG2331_RS02165,,D-alanyl-D-alanine carboxypeptidase family protein
MIDG2331_RS02170,,glycosyltransferase family 9 protein
MIDG2331_RS02175,argG,argininosuccinate synthase
MIDG2331_RS02180,rnhA,ribonuclease HI
MIDG2331_RS02185,,CvpA family protein
MIDG2331_RS02190,purF,amidophosphoribosyltransferase
MIDG2331_RS02195,,DUF5358 family protein
MIDG2331_RS02200,gdhA,NADP-specific glutamate dehydrogenase
MIDG2331_RS02205,bamE,outer membrane protein assembly factor BamE
MIDG2331_RS02210,yejK,nucleoid-associated protein YejK
MIDG2331_RS02215,,RidA family protein
MIDG2331_RS02220,pgeF,peptidoglycan editing factor PgeF
MIDG2331_RS02230,,YceK/YidQ family lipoprotein
MIDG2331_RS02235,leuB,3-isopropylmalate dehydrogenase
MIDG2331_RS02240,msrB,peptide-methionine (R)-S-oxide reductase MsrB
MIDG2331_RS02245,gap,type I glyceraldehyde-3-phosphate dehydrogenase
MIDG2331_RS02250,,rod shape-determining protein
MIDG2331_RS02255,mreC,rod shape-determining protein MreC
MIDG2331_RS02260,mreD,rod shape-determining protein MreD
MIDG2331_RS02265,,replication-associated recombination protein A
MIDG2331_RS02270,znuB,zinc ABC transporter permease subunit ZnuB
MIDG2331_RS02275,,class II glutamine amidotransferase
MIDG2331_RS02280,metX,homoserine O-acetyltransferase MetX
MIDG2331_RS02285,,SanA/YdcF family protein
MIDG2331_RS02290,,YadA-like family protein
MIDG2331_RS02295,,LutC/YkgG family protein
MIDG2331_RS02300,,LutB/LldF family L-lactate oxidation iron-sulfur protein
MIDG2331_RS02305,,(Fe-S)-binding protein
MIDG2331_RS02310,,L-lactate permease
MIDG2331_RS02315,,H-NS family histone-like protein
MIDG2331_RS02320,,Na+/H+ antiporter NhaC family protein
MIDG2331_RS02325,,substrate-binding domain-containing protein
MIDG2331_RS02330,sucD,succinate--CoA ligase subunit alpha
MIDG2331_RS02335,sucC,ADP-forming succinate--CoA ligase subunit beta
MIDG2331_RS02340,,VirK/YbjX family protein
MIDG2331_RS02345,odhB,2-oxoglutarate dehydrogenase complex dihydrolipoyllysine-residue succinyltransferase
MIDG2331_RS02350,sucA,2-oxoglutarate dehydrogenase E1 component
MIDG2331_RS02355,znuC,zinc ABC transporter ATP-binding protein ZnuC
MIDG2331_RS02360,mepM,murein DD-endopeptidase MepM
MIDG2331_RS02365,dsbC,bifunctional protein-disulfide isomerase/oxidoreductase DsbC
MIDG2331_RS02370,recJ,single-stranded-DNA-specific exonuclease RecJ
MIDG2331_RS02375,,OmpA family protein
MIDG2331_RS02380,,pyridoxal phosphatase
MIDG2331_RS02385,narQ,nitrate/nitrite two-component system sensor histidine kinase NarQ
MIDG2331_RS02390,,GNAT family N-acetyltransferase
MIDG2331_RS02395,rdgB,RdgB/HAM1 family non-canonical purine NTP pyrophosphatase
MIDG2331_RS02400,,YbjQ family protein
MIDG2331_RS02405,,formate--tetrahydrofolate ligase
MIDG2331_RS02410,,YcgN family cysteine cluster protein
MIDG2331_RS02415,,SDR family oxidoreductase
MIDG2331_RS02420,trpB,tryptophan synthase subunit beta
MIDG2331_RS02425,trpA,tryptophan synthase subunit alpha
MIDG2331_RS02430,,hypothetical protein
MIDG2331_RS02435,polA,DNA polymerase I
MIDG2331_RS02440,lolA,outer membrane lipoprotein periplasmic chaperone LolA
MIDG2331_RS02445,trpR,trp operon repressor
MIDG2331_RS02450,mtgA,monofunctional biosynthetic peptidoglycan transglycosylase
MIDG2331_RS02455,,carboxymuconolactone decarboxylase family protein
MIDG2331_RS02460,,SLAC1 anion channel family protein
MIDG2331_RS02465,,DUF5368 family protein
MIDG2331_RS02470,,NAD(P)/FAD-dependent oxidoreductase
MIDG2331_RS02475,,YgaP family membrane protein
MIDG2331_RS02480,,ArsR/SmtB family transcription factor
MIDG2331_RS02485,nfsA,oxygen-insensitive NADPH nitroreductase
MIDG2331_RS02490,,ATP-grasp domain-containing protein
MIDG2331_RS02495,,YdcF family protein
MIDG2331_RS02500,,malic enzyme-like NAD(P)-binding protein
MIDG2331_RS02505,rplY,50S ribosomal protein L25
MIDG2331_RS02510,,DUF1007 family protein
MIDG2331_RS02515,,nickel/cobalt transporter
MIDG2331_RS02520,,alanine/glycine:cation symporter family protein
MIDG2331_RS02535,,ABC transporter permease
MIDG2331_RS02540,,HesA/MoeB/ThiF family protein
MIDG2331_RS02550,thiH,2-iminoacetate synthase ThiH
MIDG2331_RS02555,tenA,thiaminase II
MIDG2331_RS02560,,ABC transporter substrate-binding protein
MIDG2331_RS02565,thiD,bifunctional hydroxymethylpyrimidine kinase/phosphomethylpyrimidine kinase
MIDG2331_RS02570,thiE,thiamine phosphate synthase
MIDG2331_RS02575,lepA,translation elongation factor 4
MIDG2331_RS02580,lepB,signal peptidase I
MIDG2331_RS02585,rnc,ribonuclease III
MIDG2331_RS02590,era,GTPase Era
MIDG2331_RS02595,recO,DNA repair protein RecO
MIDG2331_RS02600,,Flp pilus assembly protein
MIDG2331_RS02605,tadF,tight adherence pilus pseudopilin TadF
MIDG2331_RS02610,,TadE/TadG family type IV pilus assembly protein
MIDG2331_RS02615,,tetratricopeptide repeat protein
MIDG2331_RS02620,,type II secretion system F family protein
MIDG2331_RS02625,,type II secretion system F family protein
MIDG2331_RS02630,,CpaF family protein
MIDG2331_RS02635,,Flp operon protein D
MIDG2331_RS02640,,Rough colony protein B
MIDG2331_RS02645,,type II and III secretion system protein family protein
MIDG2331_RS02650,,SAF domain-containing protein
MIDG2331_RS02655,,A24 family peptidase
MIDG2331_RS02660,,Flp family type IVb pilin
MIDG2331_RS02665,,Flp family type IVb pilin
MIDG2331_RS02670,rhlB,ATP-dependent RNA helicase RhlB
MIDG2331_RS02675,,hypothetical protein
MIDG2331_RS02680,,helicase HerA-like C-terminal domain-containing protein
MIDG2331_RS02685,,ABC transporter substrate-binding protein
MIDG2331_RS02690,,ABC transporter permease
MIDG2331_RS02695,,TonB-dependent siderophore receptor
MIDG2331_RS02705,,ABC transporter ATP-binding protein/permease
MIDG2331_RS02710,rpsB,30S ribosomal protein S2
MIDG2331_RS02715,tsf,translation elongation factor Ts
MIDG2331_RS02720,,phosphoethanolamine transferase
MIDG2331_RS02725,pyrH,UMP kinase
MIDG2331_RS02730,frr,ribosome recycling factor
MIDG2331_RS02735,pdxR,MocR-like pyridoxine biosynthesis transcription factor PdxR
MIDG2331_RS02740,pdxS,pyridoxal 5'-phosphate synthase lyase subunit PdxS
MIDG2331_RS02745,pdxT,pyridoxal 5'-phosphate synthase glutaminase subunit PdxT
MIDG2331_RS02750,tadA,tRNA adenosine(34) deaminase TadA
MIDG2331_RS02755,,DEAD/DEAH box helicase
MIDG2331_RS02760,nlpI,lipoprotein NlpI
MIDG2331_RS02765,pnp,polyribonucleotide nucleotidyltransferase
MIDG2331_RS02770,parC,DNA topoisomerase IV subunit A
MIDG2331_RS02775,mukF,chromosome partition protein MukF
MIDG2331_RS02780,mukE,chromosome partition protein MukE
MIDG2331_RS02785,mukB,chromosome partition protein MukB
MIDG2331_RS02790,,sugar transporter
MIDG2331_RS02795,,DUF3413 domain-containing protein
MIDG2331_RS02800,,YejL family protein
MIDG2331_RS02805,,TetR/AcrR family transcriptional regulator
MIDG2331_RS02810,,efflux RND transporter periplasmic adaptor subunit
MIDG2331_RS02815,,efflux RND transporter permease subunit
MIDG2331_RS02820,glmU,bifunctional UDP-N-acetylglucosamine diphosphorylase/glucosamine-1-phosphate N-acetyltransferase GlmU
MIDG2331_RS02825,,CHY zinc finger protein
MIDG2331_RS02830,,DUF1919 domain-containing protein
MIDG2331_RS02835,,phospho-sugar mutase
MIDG2331_RS02840,guaA,glutamine-hydrolyzing GMP synthase
MIDG2331_RS02845,,hypothetical protein
MIDG2331_RS02850,guaB,IMP dehydrogenase
MIDG2331_RS02855,rlmE,23S rRNA (uridine(2552)-2'-O)-methyltransferase RlmE
MIDG2331_RS02860,ftsH,ATP-dependent zinc metalloprotease FtsH
MIDG2331_RS02865,,aromatic amino acid transport family protein
MIDG2331_RS02870,,aromatic amino acid transport family protein
MIDG2331_RS02875,glnD,bifunctional uridylyltransferase/uridylyl-removing protein GlnD
MIDG2331_RS02880,,Z-ring associated ZapG family protein
MIDG2331_RS02885,rplM,50S ribosomal protein L13
MIDG2331_RS02890,rpsI,30S ribosomal protein S9
MIDG2331_RS02895,yaaA,peroxide stress protein YaaA
MIDG2331_RS02900,,hypothetical protein
MIDG2331_RS02905,,cation diffusion facilitator family transporter
MIDG2331_RS02910,,Zn-ribbon-containing protein
MIDG2331_RS02915,,L-cystine transporter
MIDG2331_RS02920,,NAD(P)H-dependent oxidoreductase
MIDG2331_RS02925,pheS,phenylalanine--tRNA ligase subunit alpha
MIDG2331_RS02930,pheT,phenylalanine--tRNA ligase subunit beta
MIDG2331_RS02935,,integration host factor subunit alpha
MIDG2331_RS02940,,NlpC/P60 family protein
MIDG2331_RS02955,bioD,dethiobiotin synthase
MIDG2331_RS02960,,ROK family protein
MIDG2331_RS02965,rnd,ribonuclease D
MIDG2331_RS02970,lrp,leucine-responsive transcriptional regulator Lrp
MIDG2331_RS02975,,DNA translocase FtsK
MIDG2331_RS02980,ypfJ,KPN_02809 family neutral zinc metallopeptidase
MIDG2331_RS02985,aroG,3-deoxy-7-phosphoheptulonate synthase AroG
MIDG2331_RS02990,tsaB,tRNA (adenosine(37)-N6)-threonylcarbamoyltransferase complex dimerization subunit type 1 TsaB
MIDG2331_RS02995,,thymidine kinase
MIDG2331_RS03000,zapB,cell division protein ZapB
MIDG2331_RS03005,glpX,class II fructose-bisphosphatase
MIDG2331_RS03010,,Nif3-like dinuclear metal center hexameric protein
MIDG2331_RS03015,,MacB family efflux pump subunit
MIDG2331_RS03020,cpxA,envelope stress sensor histidine kinase CpxA
MIDG2331_RS03025,,response regulator
MIDG2331_RS03030,mazG,nucleoside triphosphate pyrophosphohydrolase
MIDG2331_RS03035,accD,"acetyl-CoA carboxylase, carboxyltransferase subunit beta"
MIDG2331_RS03040,folC,bifunctional tetrahydrofolate synthase/dihydrofolate synthase
MIDG2331_RS03050,rimP,ribosome maturation factor RimP
MIDG2331_RS03055,nusA,transcription termination factor NusA
MIDG2331_RS03060,infB,translation initiation factor IF-2
MIDG2331_RS03065,rbfA,30S ribosome-binding factor RbfA
MIDG2331_RS03070,truB,tRNA pseudouridine(55) synthase TruB
MIDG2331_RS03075,,lytic murein transglycosylase
MIDG2331_RS03080,,YegP family protein
MIDG2331_RS03085,,"IS256 family transposase, variant Zn-binding type"
MIDG2331_RS03090,pta,phosphate acetyltransferase
MIDG2331_RS03095,,acetate kinase
MIDG2331_RS03100,cpdB,"2',3'-cyclic-nucleotide 2'-phosphodiesterase"
MIDG2331_RS03110,,hypothetical protein
MIDG2331_RS03115,,DUF6953 family protein
MIDG2331_RS03120,,YodC family protein
MIDG2331_RS03125,,hypothetical protein
MIDG2331_RS03130,,hypothetical protein
MIDG2331_RS03135,,phage/plasmid replication domain-containing protein
MIDG2331_RS03140,,DNA-binding protein
MIDG2331_RS03145,,hypothetical protein
MIDG2331_RS03150,,hypothetical protein
MIDG2331_RS03155,,type II secretion system protein GspD
MIDG2331_RS03160,,EexN family lipoprotein
MIDG2331_RS03165,,hypothetical protein
MIDG2331_RS03170,,hypothetical protein
MIDG2331_RS03175,,DUF6953 family protein
MIDG2331_RS03180,,YodC family protein
MIDG2331_RS03185,,hypothetical protein
MIDG2331_RS03190,,hypothetical protein
MIDG2331_RS03195,,phage/plasmid replication domain-containing protein
MIDG2331_RS03200,,DNA-binding protein
MIDG2331_RS03205,,hypothetical protein
MIDG2331_RS03210,,hypothetical protein
MIDG2331_RS03215,,type II secretion system protein GspD
MIDG2331_RS03220,,EexN family lipoprotein
MIDG2331_RS03225,,hypothetical protein
MIDG2331_RS03230,,porin
MIDG2331_RS03235,priC,primosomal replication protein PriC
MIDG2331_RS03240,galU,UTP--glucose-1-phosphate uridylyltransferase GalU
MIDG2331_RS03245,,phosphohexomutase domain-containing protein
MIDG2331_RS03250,csrA,carbon storage regulator CsrA
MIDG2331_RS03255,alaS,alanine--tRNA ligase
MIDG2331_RS03260,,universal stress protein
MIDG2331_RS03265,,FNR family transcription factor
MIDG2331_RS03270,,ClpXP protease specificity-enhancing factor
MIDG2331_RS03275,sspA,stringent starvation protein SspA
MIDG2331_RS03280,purE,5-(carboxyamino)imidazole ribonucleotide mutase
MIDG2331_RS03285,,asparaginase
MIDG2331_RS03290,purK,5-(carboxyamino)imidazole ribonucleotide synthase
MIDG2331_RS03295,,amino acid aminotransferase
MIDG2331_RS03300,pepP,Xaa-Pro aminopeptidase
MIDG2331_RS03305,,ATP-binding protein
MIDG2331_RS03310,,type II toxin-antitoxin system VapC family toxin
MIDG2331_RS03315,,antitoxin
MIDG2331_RS03320,uvrB,excinuclease ABC subunit UvrB
MIDG2331_RS03325,efeO,iron uptake system protein EfeO
MIDG2331_RS03330,efeB,iron uptake transporter deferrochelatase/peroxidase subunit
MIDG2331_RS03335,,hypothetical protein
MIDG2331_RS03340,,PHP domain-containing protein
MIDG2331_RS03345,,hypothetical protein
MIDG2331_RS03350,sbcB,exodeoxyribonuclease I
MIDG2331_RS03355,,chloride channel protein
MIDG2331_RS03360,asnS,asparagine--tRNA ligase
MIDG2331_RS03365,epmB,EF-P beta-lysylation protein EpmB
MIDG2331_RS03370,,hypothetical protein
MIDG2331_RS03375,efp,elongation factor P
MIDG2331_RS03380,glnS,glutamine--tRNA ligase
MIDG2331_RS03385,,DHA2 family efflux MFS transporter permease subunit
MIDG2331_RS03390,,transglycosylase SLT domain-containing protein
MIDG2331_RS03395,hpt,hypoxanthine phosphoribosyltransferase
MIDG2331_RS03400,,methionine biosynthesis PLP-dependent protein
MIDG2331_RS03405,dapB,4-hydroxy-tetrahydrodipicolinate reductase
MIDG2331_RS03410,,hypothetical protein
MIDG2331_RS03415,,DUF4747 family protein
MIDG2331_RS03420,rlmM,23S rRNA (cytidine(2498)-2'-O)-methyltransferase RlmM
MIDG2331_RS03425,,DUF423 domain-containing protein
MIDG2331_RS03430,dld,D-lactate dehydrogenase
MIDG2331_RS03435,torA,trimethylamine-N-oxide reductase TorA
MIDG2331_RS03440,,NapC/NirT family cytochrome c
MIDG2331_RS03445,moaA,"GTP 3',8-cyclase MoaA"
MIDG2331_RS03450,moaC,cyclic pyranopterin monophosphate synthase MoaC
MIDG2331_RS03455,moaD,molybdopterin synthase sulfur carrier subunit
MIDG2331_RS03460,moaE,molybdopterin synthase catalytic subunit MoaE
MIDG2331_RS03465,ybeY,rRNA maturation RNase YbeY
MIDG2331_RS03470,,GNAT family N-acetyltransferase
MIDG2331_RS03475,topA,type I DNA topoisomerase
MIDG2331_RS03480,,LysR family transcriptional regulator
MIDG2331_RS03485,argA,amino-acid N-acetyltransferase
MIDG2331_RS03490,aroA,3-phosphoshikimate 1-carboxyvinyltransferase
MIDG2331_RS03495,hisC,histidinol-phosphate transaminase
MIDG2331_RS03500,,O-acetylhomoserine aminocarboxypropyltransferase/cysteine synthase family protein
MIDG2331_RS03505,serC,3-phosphoserine/phosphohydroxythreonine transaminase
MIDG2331_RS03510,,SNF2-related protein
MIDG2331_RS03515,,DEAD/DEAH box helicase family protein
MIDG2331_RS03520,,site-specific DNA-methyltransferase
MIDG2331_RS03525,,MurR/RpiR family transcriptional regulator
MIDG2331_RS03530,nanQ,N-acetylneuraminate anomerase
MIDG2331_RS03535,ppx,exopolyphosphatase
MIDG2331_RS03540,,DUF496 family protein
MIDG2331_RS03545,lysC,lysine-sensitive aspartokinase 3
MIDG2331_RS03550,nrdR,transcriptional regulator NrdR
MIDG2331_RS03555,,YcgL domain-containing protein
MIDG2331_RS03560,,replicative DNA helicase
MIDG2331_RS03565,,siderophore ABC transporter substrate-binding protein
MIDG2331_RS03570,,ABC transporter permease
MIDG2331_RS03575,,iron chelate uptake ABC transporter family permease subunit
MIDG2331_RS03580,,iron ABC transporter ATP-binding protein
MIDG2331_RS03585,,TIGR00153 family protein
MIDG2331_RS03590,,inorganic phosphate transporter
MIDG2331_RS03595,,TIGR04211 family SH3 domain-containing protein
MIDG2331_RS03600,,sulfurtransferase TusA family protein
MIDG2331_RS03605,,hemerythrin domain-containing protein
MIDG2331_RS03610,tgt,tRNA guanosine(34) transglycosylase Tgt
MIDG2331_RS03615,,DUF1439 domain-containing protein
MIDG2331_RS03620,cspD,cold shock domain-containing protein CspD
MIDG2331_RS03625,can,carbonate dehydratase
MIDG2331_RS03630,,acetolactate synthase 3 large subunit
MIDG2331_RS03635,ilvN,acetolactate synthase small subunit
MIDG2331_RS03640,pmbA,metalloprotease PmbA
MIDG2331_RS03645,yjgA,ribosome biogenesis factor YjgA
MIDG2331_RS03650,,SirB2 family protein
MIDG2331_RS03655,,UbiX family flavin prenyltransferase
MIDG2331_RS03660,,DUF554 domain-containing protein
MIDG2331_RS03665,,PNPOx family protein
MIDG2331_RS03670,yciH,stress response translation initiation inhibitor YciH
MIDG2331_RS03675,pyrF,orotidine-5'-phosphate decarboxylase
MIDG2331_RS03680,lapB,lipopolysaccharide assembly protein LapB
MIDG2331_RS03685,,LapA family protein
MIDG2331_RS03690,,integration host factor subunit beta
MIDG2331_RS03695,rpsA,30S ribosomal protein S1
MIDG2331_RS03700,cmk,(d)CMP kinase
MIDG2331_RS03705,degS,outer membrane-stress sensor serine endopeptidase DegS
MIDG2331_RS03715,secG,preprotein translocase subunit SecG
MIDG2331_RS03720,,DNA topoisomerase III
MIDG2331_RS03725,,alkaline phosphatase
MIDG2331_RS03730,mepA,penicillin-insensitive murein endopeptidase
MIDG2331_RS03735,aroC,chorismate synthase
MIDG2331_RS03740,mscK,mechanosensitive channel MscK
MIDG2331_RS03745,mscK,mechanosensitive channel MscK
MIDG2331_RS03750,menE,o-succinylbenzoate--CoA ligase
MIDG2331_RS03755,seqA,replication initiation negative regulator SeqA
MIDG2331_RS03760,,alpha/beta fold hydrolase
MIDG2331_RS03765,cmoA,carboxy-S-adenosyl-L-methionine synthase CmoA
MIDG2331_RS03770,,enoyl-ACP reductase FabI
MIDG2331_RS03775,,BrnT family toxin
MIDG2331_RS03780,,BrnA antitoxin family protein
MIDG2331_RS03785,,exoribonuclease II
MIDG2331_RS03790,,CidA/LrgA family protein
MIDG2331_RS03795,,LrgB family protein
MIDG2331_RS03800,apaH,bis(5'-nucleosyl)-tetraphosphatase (symmetrical) ApaH
MIDG2331_RS03810,,alternative ribosome-rescue factor A
MIDG2331_RS03815,,class I SAM-dependent methyltransferase
MIDG2331_RS03820,,AI-2E family transporter
MIDG2331_RS03825,,gluconeogenesis factor YvcK family protein
MIDG2331_RS03830,queA,tRNA preQ1(34) S-adenosylmethionine ribosyltransferase-isomerase QueA
MIDG2331_RS03835,,DNA internalization-related competence protein ComEC/Rec2
MIDG2331_RS03840,sstT,serine/threonine transporter SstT
MIDG2331_RS03845,,diacylglycerol kinase
MIDG2331_RS03850,ushA,bifunctional UDP-sugar hydrolase/5'-nucleotidase UshA
MIDG2331_RS03855,,DUF4298 domain-containing protein
MIDG2331_RS03860,,hypothetical protein
MIDG2331_RS03875,lpdA,dihydrolipoyl dehydrogenase
MIDG2331_RS03880,aceF,pyruvate dehydrogenase complex dihydrolipoyllysine-residue acetyltransferase
MIDG2331_RS03885,aceE,"pyruvate dehydrogenase (acetyl-transferring), homodimeric type"
MIDG2331_RS03890,pyrD,quinone-dependent dihydroorotate dehydrogenase
MIDG2331_RS03895,,ribose-phosphate pyrophosphokinase
MIDG2331_RS03900,ispE,4-(cytidine 5'-diphospho)-2-C-methyl-D-erythritol kinase
MIDG2331_RS03905,lolB,lipoprotein insertase outer membrane protein LolB
MIDG2331_RS03910,msbA,lipid A ABC transporter ATP-binding protein/permease MsbA
MIDG2331_RS03915,,CidB/LrgB family autolysis modulator
MIDG2331_RS03920,,CidA/LrgA family protein
MIDG2331_RS03925,,ATP-dependent DNA helicase
MIDG2331_RS03930,,hypothetical protein
MIDG2331_RS03935,uvrA,excinuclease ABC subunit UvrA
MIDG2331_RS03940,,single-stranded DNA-binding protein
MIDG2331_RS03945,,LysR family transcriptional regulator
MIDG2331_RS03950,,zinc-dependent alcohol dehydrogenase family protein
MIDG2331_RS03955,,Cd(II)/Pb(II)-responsive transcriptional regulator
MIDG2331_RS03960,,cation diffusion facilitator family transporter
MIDG2331_RS03965,,zinc-dependent alcohol dehydrogenase family protein
MIDG2331_RS03970,,AAA family ATPase
MIDG2331_RS03975,,ATP-binding protein
MIDG2331_RS03980,,LysR family transcriptional regulator
MIDG2331_RS03985,,NAD(P)H-dependent flavin oxidoreductase
MIDG2331_RS03990,,MFS transporter
MIDG2331_RS03995,,MmcQ/YjbR family DNA-binding protein
MIDG2331_RS04000,,peptide ABC transporter ATP-binding protein
MIDG2331_RS04005,,ABC transporter permease subunit
MIDG2331_RS04010,,ABC transporter permease
MIDG2331_RS04015,,ABC transporter substrate-binding protein
MIDG2331_RS04020,,sigma 54-interacting transcriptional regulator
MIDG2331_RS04025,lpcA,D-sedoheptulose 7-phosphate isomerase
MIDG2331_RS04030,pckA,phosphoenolpyruvate carboxykinase (ATP)
MIDG2331_RS04035,ftsB,cell division protein FtsB
MIDG2331_RS04040,ispD,2-C-methyl-D-erythritol 4-phosphate cytidylyltransferase
MIDG2331_RS04045,ispF,"2-C-methyl-D-erythritol 2,4-cyclodiphosphate synthase"
MIDG2331_RS04050,,LTA synthase family protein
MIDG2331_RS04055,,MOSC domain-containing protein
MIDG2331_RS04060,xseB,exodeoxyribonuclease VII small subunit
MIDG2331_RS04065,ispA,"(2E,6E)-farnesyl diphosphate synthase"
MIDG2331_RS04070,,DMT family protein
MIDG2331_RS04075,lysS,lysine--tRNA ligase
MIDG2331_RS04080,rng,ribonuclease G
MIDG2331_RS04085,ycaO,30S ribosomal protein S12 methylthiotransferase accessory factor YcaO
MIDG2331_RS04090,cmoB,tRNA 5-methoxyuridine(34)/uridine 5-oxyacetic acid(34) synthase CmoB
MIDG2331_RS04095,,hypothetical protein
MIDG2331_RS04100,mltA,murein transglycosylase A
MIDG2331_RS04110,xseA,exodeoxyribonuclease VII large subunit
MIDG2331_RS04120,uraH,hydroxyisourate hydrolase
MIDG2331_RS04125,purR,HTH-type transcriptional repressor PurR
MIDG2331_RS04130,,DedA family protein
MIDG2331_RS04135,gyrB,DNA topoisomerase (ATP-hydrolyzing) subunit B
MIDG2331_RS04140,ubiA,4-hydroxybenzoate octaprenyltransferase
MIDG2331_RS04145,,DeoR/GlpR family transcriptional regulator
MIDG2331_RS04150,purB,adenylosuccinate lyase
MIDG2331_RS04155,hflD,high frequency lysogenization protein HflD
MIDG2331_RS04160,cydC,heme ABC transporter ATP-binding protein/permease CydC
MIDG2331_RS04165,cydD,heme ABC transporter permease/ATP-binding protein CydD
MIDG2331_RS04170,tamB,autotransporter assembly complex protein TamB
MIDG2331_RS04175,tamA,autotransporter assembly complex protein TamA
MIDG2331_RS04180,,divergent polysaccharide deacetylase family protein
MIDG2331_RS04185,envC,murein hydrolase activator EnvC
MIDG2331_RS04190,,"2,3-diphosphoglycerate-dependent phosphoglycerate mutase"
MIDG2331_RS04195,,LysE/ArgO family amino acid transporter
MIDG2331_RS04200,udk,uridine kinase
MIDG2331_RS04205,dcd,dCTP deaminase
MIDG2331_RS04210,,TetR/AcrR family transcriptional regulator
MIDG2331_RS04215,,HlyD family secretion protein
MIDG2331_RS04220,rbbA,ribosome-associated ATPase/putative transporter RbbA
MIDG2331_RS04225,,ABC transporter permease
MIDG2331_RS04230,,efflux transporter outer membrane subunit
MIDG2331_RS04235,pntB,Re/Si-specific NAD(P)(+) transhydrogenase subunit beta
MIDG2331_RS04240,pntA,Re/Si-specific NAD(P)(+) transhydrogenase subunit alpha
MIDG2331_RS04245,trmJ,tRNA (cytosine(32)/uridine(32)-2'-O)-methyltransferase TrmJ
MIDG2331_RS04250,,hypothetical protein
MIDG2331_RS04255,,nucleoid-associated protein
MIDG2331_RS04260,queF,NADPH-dependent 7-cyano-7-deazaguanine reductase QueF
MIDG2331_RS04265,gmhB,"D-glycero-beta-D-manno-heptose 1,7-bisphosphate 7-phosphatase"
MIDG2331_RS04270,bcp,thioredoxin-dependent thiol peroxidase
MIDG2331_RS04275,,hypothetical protein
MIDG2331_RS04280,hemW,radical SAM family heme chaperone HemW
MIDG2331_RS04285,,ABC transporter substrate-binding protein
MIDG2331_RS04290,,ABC transporter permease
MIDG2331_RS04295,,dipeptide/oligopeptide/nickel ABC transporter permease/ATP-binding protein
MIDG2331_RS04300,,ABC transporter ATP-binding protein
MIDG2331_RS04305,,FAD-binding protein
MIDG2331_RS04310,,5-methyltetrahydropteroyltriglutamate-- homocysteine S-methyltransferase
MIDG2331_RS04315,metF,methylenetetrahydrofolate reductase
MIDG2331_RS04320,,ABC transporter substrate-binding protein
MIDG2331_RS04325,,serine/threonine transporter
MIDG2331_RS04330,,L-serine ammonia-lyase
MIDG2331_RS04335,mnmC,bifunctional tRNA (5-methylaminomethyl-2-thiouridine)(34)-methyltransferase MnmC2/FAD-dependent 5-carboxymethylaminomethyl-2-thiouridine(34) oxidoreductase MnmC1
MIDG2331_RS04340,trpCF,bifunctional indole-3-glycerol-phosphate synthase TrpC/phosphoribosylanthranilate isomerase TrpF
MIDG2331_RS04345,,Fic family protein
MIDG2331_RS04350,,YqcC family protein
MIDG2331_RS04355,truC,tRNA pseudouridine(65) synthase TruC
MIDG2331_RS04360,,hypothetical protein
MIDG2331_RS04365,,CYTH domain-containing protein
MIDG2331_RS04370,,YcjX family GTP-binding protein
MIDG2331_RS04375,smpB,SsrA-binding protein SmpB
MIDG2331_RS04380,serS,serine--tRNA ligase
MIDG2331_RS04385,,M20 family metallo-hydrolase
MIDG2331_RS04390,dcuC,C4-dicarboxylate transporter DcuC
MIDG2331_RS04395,pepE,dipeptidase PepE
MIDG2331_RS04400,leuS,leucine--tRNA ligase
MIDG2331_RS04405,,LPS-assembly lipoprotein LptE
MIDG2331_RS04410,holA,DNA polymerase III subunit delta
MIDG2331_RS04415,yacG,DNA gyrase inhibitor YacG
MIDG2331_RS04420,coaE,dephospho-CoA kinase
MIDG2331_RS04425,,prepilin peptidase
MIDG2331_RS04430,,type II secretion system F family protein
MIDG2331_RS04435,,GspE/PulE family protein
MIDG2331_RS04440,,prepilin-type N-terminal cleavage/methylation domain-containing protein
MIDG2331_RS04445,radA,DNA repair protein RadA
MIDG2331_RS04450,,YgjV family protein
MIDG2331_RS04455,folA,type 3 dihydrofolate reductase
MIDG2331_RS04460,proB,glutamate 5-kinase
MIDG2331_RS04465,,TSUP family transporter
MIDG2331_RS04470,nth,endonuclease III
MIDG2331_RS04475,,acetyl-CoA C-acyltransferase
MIDG2331_RS04480,,3-hydroxyacyl-CoA dehydrogenase NAD-binding domain-containing protein
MIDG2331_RS04485,,YdgA family protein
MIDG2331_RS04490,,AEC family transporter
MIDG2331_RS04495,fdhD,formate dehydrogenase accessory sulfurtransferase FdhD
MIDG2331_RS04505,fdnG,formate dehydrogenase-N subunit alpha
MIDG2331_RS04510,fdxH,formate dehydrogenase subunit beta
MIDG2331_RS04515,,formate dehydrogenase subunit gamma
MIDG2331_RS04520,fdhE,formate dehydrogenase accessory protein FdhE
MIDG2331_RS04535,folD,bifunctional methylenetetrahydrofolate dehydrogenase/methenyltetrahydrofolate cyclohydrolase FolD
MIDG2331_RS04540,,L-lactate MFS transporter
MIDG2331_RS04545,dapA,4-hydroxy-tetrahydrodipicolinate synthase
MIDG2331_RS04550,,Kdo(2)-lipid IV(A) acyltransferase
MIDG2331_RS04555,hpf,"ribosome hibernation-promoting factor, HPF/YfiA family"
MIDG2331_RS04560,truA,tRNA pseudouridine(38-40) synthase TruA
MIDG2331_RS04565,folE,GTP cyclohydrolase I FolE
MIDG2331_RS04570,,3-deoxy-D-manno-octulosonic acid kinase
MIDG2331_RS04575,,cyclophilin-like fold protein
MIDG2331_RS04580,,sugar O-acetyltransferase
MIDG2331_RS04585,,alpha/beta hydrolase
MIDG2331_RS04590,,LysR family transcriptional regulator
MIDG2331_RS04595,,MetQ/NlpA family ABC transporter substrate-binding protein
MIDG2331_RS04600,,MetQ/NlpA family lipoprotein
MIDG2331_RS04605,,methionine ABC transporter permease
MIDG2331_RS04610,metN,methionine ABC transporter ATP-binding protein MetN
MIDG2331_RS04615,cysS,cysteine--tRNA ligase
MIDG2331_RS04620,,peptidylprolyl isomerase
MIDG2331_RS04625,,multifunctional CCA addition/repair protein
MIDG2331_RS04640,,TonB-dependent receptor
MIDG2331_RS04645,,membrane protein
MIDG2331_RS04650,,surface lipoprotein assembly modifier
MIDG2331_RS04655,iscX,Fe-S cluster assembly protein IscX
MIDG2331_RS04660,fdx,ISC system 2Fe-2S type ferredoxin
MIDG2331_RS04665,hscA,Fe-S protein assembly chaperone HscA
MIDG2331_RS04670,,DUF2625 family protein
MIDG2331_RS04675,,DMT family transporter
MIDG2331_RS04680,hscB,Fe-S protein assembly co-chaperone HscB
MIDG2331_RS04685,iscA,iron-sulfur cluster assembly protein IscA
MIDG2331_RS04690,iscU,Fe-S cluster assembly scaffold IscU
MIDG2331_RS04695,,IscS subfamily cysteine desulfurase
MIDG2331_RS04700,,Rrf2 family transcriptional regulator
MIDG2331_RS04705,,outer membrane protein transport protein
MIDG2331_RS04710,,methylated-DNA--[protein]-cysteine S-methyltransferase
MIDG2331_RS04715,,ATP-binding protein
MIDG2331_RS04720,,membrane protein
MIDG2331_RS04725,smrB,endonuclease SmrB
MIDG2331_RS04730,bioD,dethiobiotin synthase
MIDG2331_RS04735,bioC,malonyl-ACP O-methyltransferase BioC
MIDG2331_RS04740,,DUF452 family protein
MIDG2331_RS04745,,8-amino-7-oxononanoate synthase
MIDG2331_RS04750,bioA,adenosylmethionine--8-amino-7-oxononanoate transaminase
MIDG2331_RS04755,prmB,50S ribosomal protein L3 N(5)-glutamine methyltransferase
MIDG2331_RS04760,greA,transcription elongation factor GreA
MIDG2331_RS04765,dacB,serine-type D-Ala-D-Ala carboxypeptidase
MIDG2331_RS04770,,GNAT family N-acetyltransferase
MIDG2331_RS04775,,IS1595 family transposase
MIDG2331_RS04780,,hypothetical protein
MIDG2331_RS04785,,IS481 family transposase
MIDG2331_RS04790,,FRG domain-containing protein
MIDG2331_RS04795,,ImmA/IrrE family metallo-endopeptidase
MIDG2331_RS04800,,helix-turn-helix domain-containing protein
MIDG2331_RS04805,,IS1595 family transposase
MIDG2331_RS04810,,hypothetical protein
MIDG2331_RS04815,,hypothetical protein
MIDG2331_RS04820,,cysteine peptidase family C39 domain-containing protein
MIDG2331_RS04825,,RTX family hemolysin
MIDG2331_RS04830,apxIIC,RTX-II toxin-activating lysine-acyltransferase ApxIIC
MIDG2331_RS04845,ybeY,rRNA maturation RNase YbeY
MIDG2331_RS04850,purH,bifunctional phosphoribosylaminoimidazolecarboxamide formyltransferase/IMP cyclohydrolase
MIDG2331_RS04855,,hypothetical protein
MIDG2331_RS04860,,hypothetical protein
MIDG2331_RS04865,,hypothetical protein
MIDG2331_RS04875,,hypothetical protein
MIDG2331_RS04890,,ShlB/FhaC/HecB family hemolysin secretion/activation protein
MIDG2331_RS04895,lptD,LPS assembly protein LptD
MIDG2331_RS04900,hemN,oxygen-independent coproporphyrinogen III oxidase
MIDG2331_RS04905,,DUF2489 domain-containing protein
MIDG2331_RS04910,yihI,Der GTPase-activating protein YihI
MIDG2331_RS04915,,putative transporter
MIDG2331_RS04920,gltS,sodium/glutamate symporter
MIDG2331_RS04925,,YacL family protein
MIDG2331_RS04930,glnE,bifunctional [glutamate--ammonia ligase]-adenylyl-L-tyrosine phosphorylase/[glutamate--ammonia-ligase] adenylyltransferase
MIDG2331_RS04935,,YciI family protein
MIDG2331_RS04940,yciA,acyl-CoA thioester hydrolase YciA
MIDG2331_RS04945,,septation protein A
MIDG2331_RS04950,,hypothetical protein
MIDG2331_RS04955,yfbV,terminus macrodomain insulation protein YfbV
MIDG2331_RS04960,ttcA,tRNA 2-thiocytidine(32) synthetase TtcA
MIDG2331_RS04965,,Na+/H+ antiporter family protein
MIDG2331_RS04970,xthA,exodeoxyribonuclease III
MIDG2331_RS04975,ilvY,HTH-type transcriptional activator IlvY
MIDG2331_RS04980,,glycosyltransferase family 9 protein
MIDG2331_RS04985,,glycosyltransferase family 25 protein
MIDG2331_RS04990,,heptosyltransferase
MIDG2331_RS04995,rpmE,50S ribosomal protein L31
MIDG2331_RS05000,tkt,transketolase
MIDG2331_RS05005,htpG,molecular chaperone HtpG
MIDG2331_RS05010,,catalase
MIDG2331_RS05020,,IS3 family transposase
MIDG2331_RS05025,,metallophosphoesterase
MIDG2331_RS05030,nrdA,class 1a ribonucleoside-diphosphate reductase subunit alpha
MIDG2331_RS05035,nrdB,class Ia ribonucleoside-diphosphate reductase subunit beta
MIDG2331_RS05040,galT,galactose-1-phosphate uridylyltransferase
MIDG2331_RS05045,galK,galactokinase
MIDG2331_RS05050,,galactose-1-epimerase
MIDG2331_RS05055,,glycoside hydrolase family 2 TIM barrel-domain containing protein
MIDG2331_RS05065,,hypothetical protein
MIDG2331_RS05070,,"IS256 family transposase, variant Zn-binding type"
MIDG2331_RS05075,,calcium-binding protein
MIDG2331_RS05080,,hypothetical protein
MIDG2331_RS05085,apbC,iron-sulfur cluster carrier protein ApbC
MIDG2331_RS05090,,peptide ABC transporter substrate-binding protein
MIDG2331_RS05095,,YchE family NAAT transporter
MIDG2331_RS05100,,SurA N-terminal domain-containing protein
MIDG2331_RS05105,,cation:proton antiporter
MIDG2331_RS05110,rpsO,30S ribosomal protein S15
MIDG2331_RS05115,,DUF808 domain-containing protein
MIDG2331_RS05120,,heme biosynthesis protein HemY
MIDG2331_RS05125,,uroporphyrinogen-III C-methyltransferase
MIDG2331_RS05130,,uroporphyrinogen-III synthase
MIDG2331_RS05135,hemC,hydroxymethylbilane synthase
MIDG2331_RS05140,adhE,bifunctional acetaldehyde-CoA/alcohol dehydrogenase
MIDG2331_RS05145,groL,chaperonin GroEL
MIDG2331_RS05150,,co-chaperone GroES
MIDG2331_RS05155,deoD,purine-nucleoside phosphorylase
MIDG2331_RS05160,deoC,deoxyribose-phosphate aldolase
MIDG2331_RS05165,,NupC/NupG family nucleoside CNT transporter
MIDG2331_RS05170,yczE,membrane protein YczE
MIDG2331_RS05175,,bifunctional 4-hydroxy-2-oxoglutarate aldolase/2-dehydro-3-deoxy-phosphogluconate aldolase
MIDG2331_RS05180,,sugar kinase
MIDG2331_RS05185,,glucuronate isomerase
MIDG2331_RS05190,,glycoside hydrolase family 31 protein
MIDG2331_RS05195,,GntR family transcriptional regulator
MIDG2331_RS05200,,DMT family transporter
MIDG2331_RS05205,msrA,peptide-methionine (S)-S-oxide reductase MsrA
MIDG2331_RS05210,,glycosyltransferase family 2 protein
MIDG2331_RS05215,,glycosyltransferase family 2 protein
MIDG2331_RS05220,,hypothetical protein
MIDG2331_RS05225,,glycosyltransferase family 25 protein
MIDG2331_RS05230,,lipopolysaccharide biosynthesis protein
MIDG2331_RS05235,,polysaccharide pyruvyl transferase family protein
MIDG2331_RS05240,,YdcF family protein
MIDG2331_RS05245,priA,primosomal protein N'
MIDG2331_RS05250,,chorismate mutase
MIDG2331_RS05255,prlC,oligopeptidase A
MIDG2331_RS05260,pflA,pyruvate formate lyase 1-activating protein
MIDG2331_RS05265,pflB,formate C-acetyltransferase
MIDG2331_RS05270,focA,formate transporter FocA
MIDG2331_RS05275,,YqaA family protein
MIDG2331_RS05280,htpX,protease HtpX
MIDG2331_RS05285,dinB,DNA polymerase IV
MIDG2331_RS05290,,LysO family transporter
MIDG2331_RS05295,,isochorismate synthase
MIDG2331_RS05300,,pyridoxal phosphate-dependent aminotransferase
MIDG2331_RS05305,rarD,EamA family transporter RarD
MIDG2331_RS05310,rarD,EamA family transporter RarD
MIDG2331_RS05315,,LysE family translocator
MIDG2331_RS05320,,TonB-dependent hemoglobin/transferrin/lactoferrin family receptor
MIDG2331_RS05325,hutZ,heme utilization protein HutZ
MIDG2331_RS05330,,TPR domain-containing protein
MIDG2331_RS05335,nrfF,heme lyase NrfEFG subunit NrfF
MIDG2331_RS05340,,redoxin family protein
MIDG2331_RS05345,nrfE,heme lyase NrfEFG subunit NrfE
MIDG2331_RS05350,,monovalent cation:proton antiporter-2 (CPA2) family protein
MIDG2331_RS05355,,class I adenylate cyclase
MIDG2331_RS05360,fabB,beta-ketoacyl-ACP synthase I
MIDG2331_RS05375,,YgiW/YdeI family stress tolerance OB fold protein
MIDG2331_RS05380,,NirD/YgiW/YdeI family stress tolerance protein
MIDG2331_RS05385,,YgiW/YdeI family stress tolerance OB fold protein
MIDG2331_RS05390,,response regulator
MIDG2331_RS05395,,ATP-binding protein
MIDG2331_RS05400,,YtfJ family protein
MIDG2331_RS05405,yajC,preprotein translocase subunit YajC
MIDG2331_RS05410,secD,protein translocase subunit SecD
MIDG2331_RS05415,secF,protein translocase subunit SecF
MIDG2331_RS05420,ftnA,non-heme ferritin
MIDG2331_RS05425,ftnA,non-heme ferritin
MIDG2331_RS05430,,NCS2 family permease
MIDG2331_RS05435,,Maf family protein
MIDG2331_RS05440,,carboxymuconolactone decarboxylase family protein
MIDG2331_RS05445,thiI,tRNA uracil 4-sulfurtransferase ThiI
MIDG2331_RS05450,purA,adenylosuccinate synthase
MIDG2331_RS05455,hflC,protease modulator HflC
MIDG2331_RS05460,hflK,FtsH protease activity modulator HflK
MIDG2331_RS05465,trxA,thioredoxin
MIDG2331_RS05470,,nucleobase:cation symporter-2 family protein
MIDG2331_RS05475,metK,methionine adenosyltransferase
MIDG2331_RS05480,,homocysteine S-methyltransferase family protein
MIDG2331_RS05485,,basic amino acid/polyamine antiporter
MIDG2331_RS05490,,basic amino acid/polyamine antiporter
MIDG2331_RS05495,,hypothetical protein
MIDG2331_RS05500,argE,acetylornithine deacetylase
MIDG2331_RS05505,,OmpW/AlkL family protein
MIDG2331_RS05510,clpB,ATP-dependent chaperone ClpB
MIDG2331_RS05515,arsB,ACR3 family arsenite efflux transporter
MIDG2331_RS05520,arsC,arsenate reductase (glutaredoxin)
MIDG2331_RS05525,,ArsR/SmtB family transcription factor
MIDG2331_RS05530,aspA,aspartate ammonia-lyase
MIDG2331_RS05535,,DUF1294 domain-containing protein
MIDG2331_RS05540,purM,phosphoribosylformylglycinamidine cyclo-ligase
MIDG2331_RS05545,,family 20 glycosylhydrolase
MIDG2331_RS05550,queC,7-cyano-7-deazaguanine synthase QueC
MIDG2331_RS05555,queD,6-carboxytetrahydropterin synthase QueD
MIDG2331_RS05560,,7-carboxy-7-deazaguanine synthase QueE
MIDG2331_RS05565,,hypothetical protein
MIDG2331_RS05570,,hypothetical protein
MIDG2331_RS05575,pepA,leucyl aminopeptidase
MIDG2331_RS05580,,hypothetical protein
MIDG2331_RS05585,lptF,LPS export ABC transporter permease LptF
MIDG2331_RS05590,lptG,LPS export ABC transporter permease LptG
MIDG2331_RS05595,dnaE,DNA polymerase III subunit alpha
MIDG2331_RS05600,,ATP-grasp domain-containing protein
MIDG2331_RS05610,,hypothetical protein
MIDG2331_RS05615,purT,formate-dependent phosphoribosylglycinamide formyltransferase
MIDG2331_RS05620,plsB,glycerol-3-phosphate 1-O-acyltransferase PlsB
MIDG2331_RS05625,lexA,transcriptional repressor LexA
MIDG2331_RS05630,mutH,DNA mismatch repair endonuclease MutH
MIDG2331_RS05635,,TerC family protein
MIDG2331_RS05640,nagZ,beta-N-acetylhexosaminidase
MIDG2331_RS05645,rlmC,23S rRNA (uracil(747)-C(5))-methyltransferase RlmC
MIDG2331_RS05650,eno,phosphopyruvate hydratase
MIDG2331_RS05655,,NUDIX hydrolase N-terminal domain-containing protein
MIDG2331_RS05660,,DUF2251 domain-containing protein
MIDG2331_RS05665,recQ,ATP-dependent DNA helicase RecQ
MIDG2331_RS05670,cyaY,iron donor protein CyaY
MIDG2331_RS05685,tsaD,tRNA (adenosine(37)-N6)-threonylcarbamoyltransferase complex transferase subunit TsaD
MIDG2331_RS05690,,outer membrane protein assembly factor BamD
MIDG2331_RS05695,rluD,23S rRNA pseudouridine(1911/1915/1917) synthase RluD
MIDG2331_RS05700,,YwiC-like family protein
MIDG2331_RS05705,pfkA,6-phosphofructokinase
MIDG2331_RS05710,,aminotransferase class V-fold PLP-dependent enzyme
MIDG2331_RS05715,,thermonuclease family protein
MIDG2331_RS05720,,alanine/glycine:cation symporter family protein
MIDG2331_RS05725,,AI-2E family transporter
MIDG2331_RS05730,,cytochrome b562
MIDG2331_RS05735,trhP,prephenate-dependent tRNA uridine(34) hydroxylase TrhP
MIDG2331_RS05740,,O-antigen ligase family protein
MIDG2331_RS05745,waaA,lipid IV(A) 3-deoxy-D-manno-octulosonic acid transferase
MIDG2331_RS05750,coaD,pantetheine-phosphate adenylyltransferase
MIDG2331_RS05755,orn,oligoribonuclease
MIDG2331_RS05760,tsaE,tRNA (adenosine(37)-N6)-threonylcarbamoyltransferase complex ATPase subunit type 1 TsaE
MIDG2331_RS05765,,N-acetylmuramoyl-L-alanine amidase family protein
MIDG2331_RS05770,pgi,glucose-6-phosphate isomerase
MIDG2331_RS05775,ubiK,ubiquinone biosynthesis accessory factor UbiK
MIDG2331_RS05800,aroE,shikimate dehydrogenase
MIDG2331_RS05805,tsaC,L-threonylcarbamoyladenylate synthase type 1 TsaC
MIDG2331_RS05810,,DNA topoisomerase family protein
MIDG2331_RS05815,yqfB,N(4)-acetylcytidine aminohydrolase
MIDG2331_RS05820,recX,recombination regulator RecX
MIDG2331_RS05825,recA,recombinase RecA
MIDG2331_RS05830,,aminotransferase class IV family protein
MIDG2331_RS05835,,aminodeoxychorismate synthase component I
MIDG2331_RS05840,,DNA recombination protein RmuC
MIDG2331_RS05845,,anthranilate synthase component II
MIDG2331_RS05850,,DUF302 domain-containing protein
MIDG2331_RS05855,aspS,aspartate--tRNA ligase
MIDG2331_RS05860,nudB,dihydroneopterin triphosphate diphosphatase
MIDG2331_RS05865,,YebC/PmpR family DNA-binding transcriptional regulator
MIDG2331_RS05870,,hypothetical protein
MIDG2331_RS05875,ruvC,crossover junction endodeoxyribonuclease RuvC
MIDG2331_RS05880,,M16 family metallopeptidase
MIDG2331_RS05885,metE,5-methyltetrahydropteroyltriglutamate-- homocysteine S-methyltransferase
MIDG2331_RS05890,,DASS family sodium-coupled anion symporter
MIDG2331_RS05895,,LysR family transcriptional regulator
MIDG2331_RS05905,rluB,23S rRNA pseudouridine(2605) synthase RluB
MIDG2331_RS05910,,L-threonylcarbamoyladenylate synthase
MIDG2331_RS05920,,Dyp-type peroxidase
MIDG2331_RS05925,,anthranilate synthase component 1
MIDG2331_RS05930,,aminodeoxychorismate/anthranilate synthase component II
MIDG2331_RS05935,trpD,anthranilate phosphoribosyltransferase
MIDG2331_RS05940,,class I SAM-dependent methyltransferase
MIDG2331_RS05945,,prolipoprotein diacylglyceryl transferase
MIDG2331_RS05950,,YdcH family protein
MIDG2331_RS05955,rplI,50S ribosomal protein L9
MIDG2331_RS05960,rpsR,30S ribosomal protein S18
MIDG2331_RS05965,priB,primosomal replication protein N
MIDG2331_RS05970,rpsF,30S ribosomal protein S6
MIDG2331_RS05975,purD,phosphoribosylamine--glycine ligase
MIDG2331_RS05980,pnuC,nicotinamide riboside transporter PnuC
MIDG2331_RS05985,,YfgM family protein
MIDG2331_RS05990,hisS,histidine--tRNA ligase
MIDG2331_RS05995,ispG,flavodoxin-dependent (E)-4-hydroxy-3-methylbut-2-enyl-diphosphate synthase
MIDG2331_RS06000,,RodZ domain-containing protein
MIDG2331_RS06005,,SulP family inorganic anion transporter
MIDG2331_RS06010,argH,argininosuccinate lyase
MIDG2331_RS06015,,Gfo/Idh/MocA family oxidoreductase
MIDG2331_RS06020,,monovalent cation:proton antiporter-2 (CPA2) family protein
MIDG2331_RS06025,,ATP-binding protein
MIDG2331_RS06030,,SIR2 family protein
MIDG2331_RS06035,,TIR domain-containing protein
MIDG2331_RS06040,,TIR domain-containing protein
MIDG2331_RS06045,,LysR family transcriptional regulator
MIDG2331_RS06050,,nuclear transport factor 2 family protein
MIDG2331_RS06055,,"IS256 family transposase, variant Zn-binding type"
MIDG2331_RS06060,,AraC family transcriptional regulator
MIDG2331_RS06065,,LysR family transcriptional regulator
MIDG2331_RS06070,,NADH:flavin oxidoreductase/NADH oxidase
MIDG2331_RS06075,,LLM class flavin-dependent oxidoreductase
MIDG2331_RS06080,,NAD(P)-dependent oxidoreductase
MIDG2331_RS06085,,NAD(P)H-dependent oxidoreductase
MIDG2331_RS06090,,MarC family protein
MIDG2331_RS06095,,ACP phosphodiesterase
MIDG2331_RS06100,fghA,S-formylglutathione hydrolase
MIDG2331_RS06105,yghU,glutathione-dependent disulfide-bond oxidoreductase
MIDG2331_RS06110,,type II toxin-antitoxin system VapC family toxin
MIDG2331_RS06115,,type II toxin-antitoxin system Phd/YefM family antitoxin
MIDG2331_RS06120,,S-(hydroxymethyl)glutathione dehydrogenase/class III alcohol dehydrogenase
MIDG2331_RS06125,,BCCT family transporter
MIDG2331_RS06130,,GNAT family N-acetyltransferase
MIDG2331_RS06135,,DUF72 domain-containing protein
MIDG2331_RS06140,tehA,dicarboxylate transporter/tellurite-resistance protein TehA
MIDG2331_RS06145,hxpB,hexitol phosphatase HxpB
MIDG2331_RS06150,,flavin reductase family protein
MIDG2331_RS06155,,ABC transporter ATP-binding protein
MIDG2331_RS06160,luxS,S-ribosylhomocysteine lyase
MIDG2331_RS06165,,PqiB family protein
MIDG2331_RS06170,fur,ferric iron uptake transcriptional regulator
MIDG2331_RS06175,fldA,flavodoxin FldA
MIDG2331_RS06180,ybfE,LexA regulated protein
MIDG2331_RS06185,ybaK,Cys-tRNA(Pro)/Cys-tRNA(Cys) deacylase YbaK
MIDG2331_RS06190,,oxidoreductase
MIDG2331_RS06195,,NCS2 family permease
MIDG2331_RS06200,,DsrE/DsrF/TusD sulfur relay family protein
MIDG2331_RS06205,,BaiN/RdsA family NAD(P)/FAD-dependent oxidoreductase
MIDG2331_RS06210,infA,translation initiation factor IF-1
MIDG2331_RS06215,,YtjB family periplasmic protein
MIDG2331_RS06220,serB,phosphoserine phosphatase SerB
MIDG2331_RS06225,,YajQ family cyclic di-GMP-binding protein
MIDG2331_RS06230,,DUF5363 domain-containing protein
MIDG2331_RS06235,glgP,glycogen/starch/alpha-glucan family phosphorylase
MIDG2331_RS06240,malT,HTH-type transcriptional regulator MalT
MIDG2331_RS06245,malM,maltose operon protein MalM
MIDG2331_RS06250,,maltoporin
MIDG2331_RS06255,malK,maltose/maltodextrin ABC transporter ATP-binding protein MalK
MIDG2331_RS06260,malE,maltose/maltodextrin ABC transporter substrate-binding protein MalE
MIDG2331_RS06265,malF,maltose ABC transporter permease MalF
MIDG2331_RS06270,malG,maltose ABC transporter permease MalG
MIDG2331_RS06275,malQ,4-alpha-glucanotransferase
MIDG2331_RS06280,,carbon starvation CstA family protein
MIDG2331_RS06285,,TatD family hydrolase
MIDG2331_RS06290,gorA,glutathione-disulfide reductase
MIDG2331_RS06295,,TIGR00645 family protein
MIDG2331_RS06300,,nitroreductase family protein
MIDG2331_RS06305,,AzlD family protein
MIDG2331_RS06310,,AzlC family ABC transporter permease
MIDG2331_RS06315,,peptide ABC transporter ATP-binding protein
MIDG2331_RS06320,fbaA,class II fructose-bisphosphate aldolase
MIDG2331_RS06325,,phosphoglycerate kinase
MIDG2331_RS06330,,SLC13 family permease
MIDG2331_RS06335,sdcA,sodium/C4-dicarboxylate transporter SdcA
MIDG2331_RS06340,,DASS family sodium-coupled anion symporter
MIDG2331_RS06345,parE,DNA topoisomerase IV subunit B
MIDG2331_RS06350,phoR,phosphate regulon sensor histidine kinase PhoR
MIDG2331_RS06355,phoB,phosphate regulon transcriptional regulator PhoB
MIDG2331_RS06360,pstB,phosphate ABC transporter ATP-binding protein PstB
MIDG2331_RS06365,pstA,phosphate ABC transporter permease PstA
MIDG2331_RS06370,pstC,phosphate ABC transporter permease subunit PstC
MIDG2331_RS06375,pstS,phosphate ABC transporter substrate-binding protein PstS
MIDG2331_RS06380,cueR,Cu(I)-responsive transcriptional regulator
MIDG2331_RS06385,,DUF411 domain-containing protein
MIDG2331_RS06390,,heavy-metal-associated domain-containing protein
MIDG2331_RS06395,,heavy metal translocating P-type ATPase
MIDG2331_RS06400,,SDR family NAD(P)-dependent oxidoreductase
MIDG2331_RS06405,,NAD(P)H nitroreductase
MIDG2331_RS06410,sppA,signal peptide peptidase SppA
MIDG2331_RS06415,,ribonuclease T2 family protein
MIDG2331_RS06420,,SprT family zinc-dependent metalloprotease
MIDG2331_RS06425,,NAD(P)/FAD-dependent oxidoreductase
MIDG2331_RS06430,,Tex family protein
MIDG2331_RS06435,pilW,type IV pilus biogenesis/stability protein PilW
MIDG2331_RS06440,rlmN,dual-specificity RNA methyltransferase RlmN
MIDG2331_RS06465,gltX,glutamate--tRNA ligase
MIDG2331_RS06475,,tyrosine-type recombinase/integrase
MIDG2331_RS06480,,hypothetical protein
MIDG2331_RS06485,,helix-turn-helix transcriptional regulator
MIDG2331_RS06490,,hypothetical protein
MIDG2331_RS06500,,antA/AntB antirepressor family protein
MIDG2331_RS06505,,terminase small subunit
MIDG2331_RS06510,,YlcI/YnfO family protein
MIDG2331_RS06515,,ash family protein
MIDG2331_RS06520,,hypothetical protein
MIDG2331_RS06525,,hypothetical protein
MIDG2331_RS06530,,hypothetical protein
MIDG2331_RS06535,,DUF927 domain-containing protein
MIDG2331_RS06540,yefM,YoeB-YefM toxin-antitoxin system antitoxin YefM
MIDG2331_RS06545,,Txe/YoeB family addiction module toxin
MIDG2331_RS06550,,Trm112 family protein
MIDG2331_RS06555,lpxK,tetraacyldisaccharide 4'-kinase
MIDG2331_RS06560,clpX,ATP-dependent protease ATP-binding subunit ClpX
MIDG2331_RS06565,clpP,ATP-dependent Clp endopeptidase proteolytic subunit ClpP
MIDG2331_RS06570,,SufE family protein
MIDG2331_RS06585,dnaQ,DNA polymerase III subunit epsilon
MIDG2331_RS06590,ettA,energy-dependent translational throttle protein EttA
MIDG2331_RS06595,,carboxymuconolactone decarboxylase family protein
MIDG2331_RS06600,,rhodanese-like domain-containing protein
MIDG2331_RS06605,,hypothetical protein
MIDG2331_RS06610,murA,UDP-N-acetylglucosamine 1-carboxyvinyltransferase
MIDG2331_RS06615,,BolA family protein
MIDG2331_RS06620,,STAS domain-containing protein
MIDG2331_RS06625,mlaC,phospholipid-binding protein MlaC
MIDG2331_RS06630,mlaD,outer membrane lipid asymmetry maintenance protein MlaD
MIDG2331_RS06635,mlaE,lipid asymmetry maintenance ABC transporter permease subunit MlaE
MIDG2331_RS06640,mlaF,phospholipid ABC transporter ATP-binding protein MlaF
MIDG2331_RS06645,,DegQ family serine endoprotease
MIDG2331_RS06650,,TIGR01777 family oxidoreductase
MIDG2331_RS06655,argR,transcriptional regulator ArgR
MIDG2331_RS06660,mdh,malate dehydrogenase
MIDG2331_RS06665,,hypothetical protein
MIDG2331_RS06670,adk,adenylate kinase
MIDG2331_RS06675,,TonB-dependent receptor domain-containing protein
MIDG2331_RS06680,,AmpG family muropeptide MFS transporter
MIDG2331_RS06685,galE,UDP-glucose 4-epimerase GalE
MIDG2331_RS06690,ligA,NAD-dependent DNA ligase LigA
MIDG2331_RS06695,zipA,cell division protein ZipA
MIDG2331_RS06700,cysZ,sulfate transporter CysZ
MIDG2331_RS06705,,hypothetical protein
MIDG2331_RS06710,gnd,decarboxylating NADP(+)-dependent phosphogluconate dehydrogenase
MIDG2331_RS06715,,hypothetical protein
MIDG2331_RS06720,,aspartate/glutamate racemase family protein
MIDG2331_RS06725,,MFS transporter
MIDG2331_RS06730,pgl,6-phosphogluconolactonase
MIDG2331_RS06735,zwf,glucose-6-phosphate dehydrogenase
MIDG2331_RS06740,cysQ,"3'(2'),5'-bisphosphate nucleotidase CysQ"
MIDG2331_RS06745,nudE,ADP compounds hydrolase NudE
MIDG2331_RS06750,hslR,ribosome-associated heat shock protein Hsp15
MIDG2331_RS06755,hslO,Hsp33 family molecular chaperone HslO
MIDG2331_RS06760,,anaerobic C4-dicarboxylate transporter
MIDG2331_RS06770,,ornithine carbamoyltransferase
MIDG2331_RS06775,arcC,carbamate kinase
MIDG2331_RS06780,,sucrose-specific PTS transporter subunit IIBC
MIDG2331_RS06785,thiQ,thiamine ABC transporter ATP-binding protein
MIDG2331_RS06790,thiP,thiamine/thiamine pyrophosphate ABC transporter permease ThiP
MIDG2331_RS06795,ptsH,phosphocarrier protein Hpr
MIDG2331_RS06800,ptsI,phosphoenolpyruvate-protein phosphotransferase PtsI
MIDG2331_RS06805,crr,PTS glucose transporter subunit IIA
MIDG2331_RS06810,miaB,tRNA (N6-isopentenyl adenosine(37)-C2)-methylthiotransferase MiaB
MIDG2331_RS06815,uvrD,DNA helicase II
MIDG2331_RS06820,hypB,hydrogenase nickel incorporation protein HypB
MIDG2331_RS06825,hypD,hydrogenase formation protein HypD
MIDG2331_RS06830,hypE,hydrogenase expression/formation protein HypE
MIDG2331_RS06835,,HlyD family type I secretion periplasmic adaptor subunit
MIDG2331_RS06840,,type I secretion system permease/ATPase
MIDG2331_RS06845,,RTX family hemolysin
MIDG2331_RS06850,apxIIIC,RTX-III toxin-activating lysine-acyltransferase ApxIIC
MIDG2331_RS06855,hypF,carbamoyltransferase HypF
MIDG2331_RS06860,hybO,hydrogenase 2 small subunit
MIDG2331_RS06865,hybA,hydrogenase 2 operon protein HybA
MIDG2331_RS06870,hybB,Ni/Fe-hydrogenase cytochrome b subunit
MIDG2331_RS06875,hybC,hydrogenase 2 large subunit
MIDG2331_RS06880,,HyaD/HybD family hydrogenase maturation endopeptidase
MIDG2331_RS06885,hybE,hydrogenase-2 assembly chaperone
MIDG2331_RS06890,hybG,hydrogenase maturation factor HybG
MIDG2331_RS06895,hypA,hydrogenase maturation nickel metallochaperone HypA
MIDG2331_RS06905,,tyrosine-type recombinase/integrase
MIDG2331_RS06910,mobH,MobH family relaxase
MIDG2331_RS06915,,phosphoribosyltransferase
MIDG2331_RS06920,,helix-turn-helix domain-containing protein
MIDG2331_RS06925,,hypothetical protein
MIDG2331_RS06930,,hypothetical protein
MIDG2331_RS06935,,recombinase family protein
MIDG2331_RS06940,,hypothetical protein
MIDG2331_RS06945,,N-6 DNA methylase
MIDG2331_RS06950,,ArdC family protein
MIDG2331_RS06955,,hypothetical protein
MIDG2331_RS06960,,hypothetical protein
MIDG2331_RS06965,,hypothetical protein
MIDG2331_RS06970,,TIGR03757 family integrating conjugative element protein
MIDG2331_RS06975,,TIGR03756 family integrating conjugative element protein
MIDG2331_RS06980,,integrating conjugative element protein
MIDG2331_RS06985,,hypothetical protein
MIDG2331_RS06990,,hypothetical protein
MIDG2331_RS06995,,hypothetical protein
MIDG2331_RS07000,,conjugal transfer protein TraG N-terminal domain-containing protein
MIDG2331_RS07005,,hypothetical protein
MIDG2331_RS07010,,hypothetical protein
MIDG2331_RS07015,,conjugative transfer ATPase
MIDG2331_RS07020,,TIGR03751 family conjugal transfer lipoprotein
MIDG2331_RS07025,,TIGR03752 family integrating conjugative element protein
MIDG2331_RS07030,,TIGR03749 family integrating conjugative element protein
MIDG2331_RS07035,,PFL_4703 family integrating conjugative element protein
MIDG2331_RS07040,,TIGR03750 family conjugal transfer protein
MIDG2331_RS07045,,DUF2976 domain-containing protein
MIDG2331_RS07050,,DUF3262 family protein
MIDG2331_RS07055,,"integrative conjugative element protein, RAQPRD family"
MIDG2331_RS07060,,TIGR03747 family integrating conjugative element membrane protein
MIDG2331_RS07065,,hypothetical protein
MIDG2331_RS07070,traD,type IV conjugative transfer system coupling protein TraD
MIDG2331_RS07075,,integrating conjugative element protein
MIDG2331_RS07080,,transglycosylase SLT domain-containing protein
MIDG2331_RS07085,,TIGR03759 family integrating conjugative element protein
MIDG2331_RS07090,pilL2,PFGI-1 class ICE element type IV pilus protein PilL2
MIDG2331_RS07095,,TraX family protein
MIDG2331_RS07100,,hypothetical protein
MIDG2331_RS07105,,IS4-like element ISVsa5 family transposase
MIDG2331_RS07110,,helix-turn-helix domain-containing protein
MIDG2331_RS07115,tetC,tetracyline resistance-associated transcriptional repressor TetC
MIDG2331_RS07120,tet(B),tetracycline efflux MFS transporter Tet(B)
MIDG2331_RS07125,tetR(B),tetracycline resistance transcriptional repressor TetR(B)
MIDG2331_RS07130,,ArsR/SmtB family transcription factor
MIDG2331_RS07135,,hypothetical protein
MIDG2331_RS07140,,antibiotic biosynthesis monooxygenase family protein
MIDG2331_RS07145,gltS,sodium/glutamate symporter
MIDG2331_RS07155,,IS4-like element ISVsa5 family transposase
MIDG2331_RS07160,,hypothetical protein
MIDG2331_RS07165,radC,RadC family protein
MIDG2331_RS07170,,DUF3560 domain-containing protein
MIDG2331_RS07175,,STY4534 family ICE replication protein
MIDG2331_RS07180,,DNA topoisomerase III
MIDG2331_RS07185,,plasmid fertility inhibition factor family protein
MIDG2331_RS07190,,membrane lipoprotein lipid attachment site-containing protein
MIDG2331_RS07195,,single-stranded DNA-binding protein
MIDG2331_RS07200,,DUF3158 family protein
MIDG2331_RS07205,,PFL_4669 family integrating conjugative element protein
MIDG2331_RS07215,,STY4528 family pathogenicity island replication protein
MIDG2331_RS07220,,DUF2857 domain-containing protein
MIDG2331_RS07225,,ParB family protein
MIDG2331_RS07230,dnaB,replicative DNA helicase
MIDG2331_RS07235,,ParA family protein
MIDG2331_RS07265,mfd,transcription-repair coupling factor
MIDG2331_RS07270,pepN,aminopeptidase N
MIDG2331_RS07275,plsY,glycerol-3-phosphate 1-O-acyltransferase PlsY
MIDG2331_RS07280,folB,dihydroneopterin aldolase
MIDG2331_RS07285,cdd,cytidine deaminase
MIDG2331_RS07290,ftsX,permease-like cell division protein FtsX
MIDG2331_RS07295,ftsE,cell division ATP-binding protein FtsE
MIDG2331_RS07300,ftsY,signal recognition particle-docking protein FtsY
MIDG2331_RS07305,rsmD,16S rRNA (guanine(966)-N(2))-methyltransferase RsmD
MIDG2331_RS07310,,HI1450 family dsDNA-mimic protein
MIDG2331_RS07315,hpaC,"4-hydroxyphenylacetate 3-monooxygenase, reductase component"
MIDG2331_RS07320,tehB,SAM-dependent methyltransferase TehB
MIDG2331_RS07325,artM,arginine ABC transporter permease ArtM
MIDG2331_RS07330,artQ,arginine ABC transporter permease ArtQ
MIDG2331_RS07335,,transporter substrate-binding domain-containing protein
MIDG2331_RS07340,artP,arginine ABC transporter ATP-binding protein ArtP
MIDG2331_RS07345,,YbhB/YbcL family Raf kinase inhibitor-like protein
MIDG2331_RS07350,,calcium/sodium antiporter
MIDG2331_RS07355,,helix-turn-helix domain-containing protein
MIDG2331_RS07360,,type II toxin-antitoxin system RelE/ParE family toxin
MIDG2331_RS07365,,protein-disulfide reductase DsbD
MIDG2331_RS07370,,elongation factor P hydroxylase
MIDG2331_RS07375,rsmI,16S rRNA (cytidine(1402)-2'-O)-methyltransferase
MIDG2331_RS07380,,penicillin-binding protein activator
MIDG2331_RS07385,,YraN family protein
MIDG2331_RS07390,,D-sedoheptulose-7-phosphate isomerase
MIDG2331_RS07395,dolP,division/outer membrane stress-associated lipid-binding lipoprotein
MIDG2331_RS07400,mltF,membrane-bound lytic murein transglycosylase MltF
MIDG2331_RS07420,,heme lyase CcmF/NrfE family subunit
MIDG2331_RS07425,ccmE,cytochrome c maturation protein CcmE
MIDG2331_RS07430,ccmD,heme exporter protein CcmD
MIDG2331_RS07435,,heme ABC transporter permease
MIDG2331_RS07440,ccmB,heme exporter protein CcmB
MIDG2331_RS07445,ccmA,cytochrome c biogenesis heme-transporting ATPase CcmA
MIDG2331_RS07450,hda,DnaA regulatory inactivator Hda
MIDG2331_RS07480,,DUF5718 family protein
MIDG2331_RS07485,,oxaloacetate decarboxylase subunit gamma
MIDG2331_RS07490,oadA,sodium-extruding oxaloacetate decarboxylase subunit alpha
MIDG2331_RS07495,,sodium ion-translocating decarboxylase subunit beta
MIDG2331_RS07500,,zinc ribbon domain-containing protein YjdM
MIDG2331_RS07505,,cytochrome c peroxidase
MIDG2331_RS07510,yggU,DUF167 family protein YggU
MIDG2331_RS07515,,YggT family protein
MIDG2331_RS07520,,YggL family protein
MIDG2331_RS07525,trmB,tRNA (guanosine(46)-N7)-methyltransferase TrmB
MIDG2331_RS07530,,beta-ketoacyl-ACP synthase III
MIDG2331_RS07535,plsX,phosphate acyltransferase PlsX
MIDG2331_RS07540,rpmF,50S ribosomal protein L32
MIDG2331_RS07545,yceD,23S rRNA accumulation protein YceD
MIDG2331_RS07550,,cytochrome C assembly family protein
MIDG2331_RS07555,,HlyC/CorC family transporter
MIDG2331_RS07560,,sodium-dependent transporter
MIDG2331_RS07565,manX,PTS mannose transporter subunit IIAB
MIDG2331_RS07570,,PTS mannose/fructose/sorbose transporter subunit IIC
MIDG2331_RS07575,,PTS mannose transporter subunit IID
MIDG2331_RS07580,,DUF986 family protein
MIDG2331_RS07585,manA,"mannose-6-phosphate isomerase, class I"
MIDG2331_RS07590,,hypothetical protein
MIDG2331_RS07595,apxID,RTX toxin T1SS ABC transporter adaptor subunit ApxID
MIDG2331_RS07600,apxIB,RTX toxin T1SS ABC transporter permease/ATPase subunit ApxIB
MIDG2331_RS07605,,hypothetical protein
MIDG2331_RS07610,,ABC transporter substrate-binding protein
MIDG2331_RS07615,,ABC transporter permease
MIDG2331_RS07620,fbpC,ferric ABC transporter ATP-binding protein
MIDG2331_RS07625,mpl,UDP-N-acetylmuramate:L-alanyl-gamma-D-glutamyl- meso-diaminopimelate ligase
MIDG2331_RS07630,fbp,class 1 fructose-bisphosphatase
MIDG2331_RS07635,,"IS256 family transposase, variant Zn-binding type"
MIDG2331_RS07640,tuf,elongation factor Tu
MIDG2331_RS07645,fusA,elongation factor G
MIDG2331_RS07650,rpsG,30S ribosomal protein S7
MIDG2331_RS07655,rpsL,30S ribosomal protein S12
MIDG2331_RS07660,rfaC,lipopolysaccharide heptosyltransferase RfaC
MIDG2331_RS07665,waaF,lipopolysaccharide heptosyltransferase II
MIDG2331_RS07670,,MliC family protein
MIDG2331_RS07675,,LysM-like peptidoglycan-binding domain-containing protein
MIDG2331_RS07680,,ComEA family DNA-binding protein
MIDG2331_RS07685,asd,archaetidylserine decarboxylase
MIDG2331_RS07690,hsdR,EcoAI/FtnUII family type I restriction enzme subunit R
MIDG2331_RS07695,,class I SAM-dependent DNA methyltransferase
MIDG2331_RS07700,,virulence RhuM family protein
MIDG2331_RS07705,,restriction endonuclease subunit S
MIDG2331_RS07710,,tyrosine-type recombinase/integrase
MIDG2331_RS07715,,restriction endonuclease subunit S
MIDG2331_RS07720,gshAB,bifunctional glutamate--cysteine ligase GshA/glutathione synthetase GshB
MIDG2331_RS07725,,MerR family transcriptional regulator
MIDG2331_RS07730,,aromatic amino acid transporter
MIDG2331_RS07735,,YfcZ/YiiS family protein
MIDG2331_RS07740,,aldo/keto reductase
MIDG2331_RS07745,,AMP-dependent synthetase/ligase
MIDG2331_RS07750,mqo,malate dehydrogenase (quinone)
MIDG2331_RS07755,,hypothetical protein
MIDG2331_RS07760,,glycine zipper 2TM domain-containing protein
MIDG2331_RS07765,,PACE efflux transporter
MIDG2331_RS07770,mglC,galactose/methyl galactoside ABC transporter permease MglC
MIDG2331_RS07775,mglA,galactose/methyl galactoside ABC transporter ATP-binding protein MglA
MIDG2331_RS07780,mglB,galactose/glucose ABC transporter substrate-binding protein MglB
MIDG2331_RS07785,ompA,porin OmpA
MIDG2331_RS07790,ydiJ,D-2-hydroxyglutarate dehydrogenase YdiJ
MIDG2331_RS07795,,hotdog fold thioesterase
MIDG2331_RS07800,yidC,membrane protein insertase YidC
MIDG2331_RS07805,,cytochrome c3 family protein
MIDG2331_RS07810,,nitrate reductase cytochrome c-type subunit
MIDG2331_RS07815,napH,quinol dehydrogenase ferredoxin subunit NapH
MIDG2331_RS07820,napG,ferredoxin-type protein NapG
MIDG2331_RS07825,napA,nitrate reductase catalytic subunit NapA
MIDG2331_RS07830,,chaperone NapD
MIDG2331_RS07835,napF,ferredoxin-type protein NapF
MIDG2331_RS07840,,NAD(P)H-dependent oxidoreductase
MIDG2331_RS07855,,hypothetical protein
MIDG2331_RS07860,rne,ribonuclease E
MIDG2331_RS07865,,RsiV family protein
MIDG2331_RS07870,,isoprenylcysteine carboxyl methyltransferase family protein
MIDG2331_RS07875,ubiD,4-hydroxy-3-polyprenylbenzoate decarboxylase
MIDG2331_RS07880,znuA,zinc ABC transporter substrate-binding protein ZnuA
MIDG2331_RS07885,,"IS256 family transposase, variant Zn-binding type"
MIDG2331_RS07890,,glutathione peroxidase
MIDG2331_RS07895,oxyR,DNA-binding transcriptional regulator OxyR
MIDG2331_RS07900,fabR,HTH-type transcriptional repressor FabR
MIDG2331_RS07905,,protein disulfide oxidoreductase
MIDG2331_RS07910,rnr,ribonuclease R
MIDG2331_RS07915,,hypothetical protein
MIDG2331_RS07920,tyrS,tyrosine--tRNA ligase
MIDG2331_RS07925,rpoD,RNA polymerase sigma factor RpoD
MIDG2331_RS07930,dnaG,DNA primase
MIDG2331_RS07935,rpsU,30S ribosomal protein S21
MIDG2331_RS07940,rfbB,"dTDP-glucose 4,6-dehydratase"
MIDG2331_RS07945,,acyltransferase
MIDG2331_RS07950,,acyltransferase family protein
MIDG2331_RS07955,,acyltransferase family protein
MIDG2331_RS07960,,sugar transferase
MIDG2331_RS07965,glf,UDP-galactopyranose mutase
MIDG2331_RS07970,,flippase
MIDG2331_RS07975,,O-antigen polymerase
MIDG2331_RS07980,,sugar transferase
MIDG2331_RS07985,,glycosyltransferase family 2 protein
MIDG2331_RS07990,,glycosyltransferase
MIDG2331_RS07995,,DUF4422 domain-containing protein
MIDG2331_RS08000,,LPS O-antigen chain length determinant protein WzzB
MIDG2331_RS08005,erpA,iron-sulfur cluster insertion protein ErpA
MIDG2331_RS08010,,"1,4-dihydroxy-2-naphthoate polyprenyltransferase"
MIDG2331_RS08015,tsaA,tRNA (N6-threonylcarbamoyladenosine(37)-N6)-methyltransferase TrmO
MIDG2331_RS08020,,SIMPL domain-containing protein
MIDG2331_RS08025,aqpZ,aquaporin Z
MIDG2331_RS08030,slyD,peptidylprolyl isomerase
MIDG2331_RS08035,ilvA,"threonine ammonia-lyase, biosynthetic"
MIDG2331_RS08040,glmM,phosphoglucosamine mutase
MIDG2331_RS08045,rpiA,ribose-5-phosphate isomerase RpiA
MIDG2331_RS08050,serA,phosphoglycerate dehydrogenase
MIDG2331_RS08055,,"IS256 family transposase, variant Zn-binding type"
MIDG2331_RS08060,,"IS256 family transposase, variant Zn-binding type"
MIDG2331_RS08065,pdxY,pyridoxal kinase PdxY
MIDG2331_RS08075,accA,acetyl-CoA carboxylase carboxyl transferase subunit alpha
MIDG2331_RS08080,,multicopper oxidase domain-containing protein
MIDG2331_RS08085,,1-acylglycerol-3-phosphate O-acyltransferase
MIDG2331_RS08090,tpx,thiol peroxidase
MIDG2331_RS08095,mnmE,tRNA uridine-5-carboxymethylaminomethyl(34) synthesis GTPase MnmE
MIDG2331_RS08100,,PFL family protein
MIDG2331_RS08105,,ACT domain-containing protein
MIDG2331_RS08110,,pirin family protein
MIDG2331_RS08115,,Dps family protein
MIDG2331_RS08120,,helix-turn-helix domain-containing protein
MIDG2331_RS08125,,patatin-like phospholipase family protein
MIDG2331_RS08130,yccS,YccS family putative transporter
MIDG2331_RS08135,mgsA,methylglyoxal synthase
MIDG2331_RS08140,thrC,threonine synthase
MIDG2331_RS08155,,valine--tRNA ligase
MIDG2331_RS08160,,phospholipase D-like domain-containing protein
MIDG2331_RS08170,,UPF0149 family protein
MIDG2331_RS08175,,GNAT family N-acetyltransferase
MIDG2331_RS08180,,DNA polymerase III subunit chi
MIDG2331_RS08185,lysM,peptidoglycan-binding protein LysM
MIDG2331_RS08190,tig,trigger factor
MIDG2331_RS08195,,rhodanese-like domain-containing protein
MIDG2331_RS08200,secB,protein-export chaperone SecB
MIDG2331_RS08205,gpsA,NAD(P)H-dependent glycerol-3-phosphate dehydrogenase
MIDG2331_RS08210,cysE,serine O-acetyltransferase
MIDG2331_RS08215,tuf,elongation factor Tu
MIDG2331_RS08240,coaA,type I pantothenate kinase
MIDG2331_RS08245,,DsbE family thiol:disulfide interchange protein
MIDG2331_RS08250,,cytochrome c-type biogenesis protein
MIDG2331_RS08255,ccmI,c-type cytochrome biogenesis protein CcmI
MIDG2331_RS08260,mog,molybdopterin adenylyltransferase
MIDG2331_RS08265,glnB,nitrogen regulatory protein P-II
MIDG2331_RS08270,lspA,signal peptidase II
MIDG2331_RS08275,ispH,4-hydroxy-3-methylbut-2-enyl diphosphate reductase
MIDG2331_RS08280,,FAD assembly factor SdhE
MIDG2331_RS08285,,NAD(P)-dependent oxidoreductase
MIDG2331_RS08290,hutW,heme anaerobic degradation radical SAM methyltransferase ChuW/HutW
MIDG2331_RS08295,,glutathione S-transferase family protein
MIDG2331_RS08300,lysA,diaminopimelate decarboxylase
MIDG2331_RS08305,frdD,fumarate reductase subunit FrdD
MIDG2331_RS08310,frdC,fumarate reductase subunit FrdC
MIDG2331_RS08315,,succinate dehydrogenase/fumarate reductase iron-sulfur subunit
MIDG2331_RS08320,frdA,fumarate reductase (quinol) flavoprotein subunit
MIDG2331_RS08325,epmA,elongation factor P--(R)-beta-lysine ligase
MIDG2331_RS08330,dapF,diaminopimelate epimerase
MIDG2331_RS08335,,anaerobic C4-dicarboxylate transporter
MIDG2331_RS08340,,fluoride efflux transporter FluC
MIDG2331_RS08345,,MFS transporter
MIDG2331_RS08350,,anhydro-N-acetylmuramic acid kinase
MIDG2331_RS08355,murQ,N-acetylmuramic acid 6-phosphate etherase
MIDG2331_RS08360,prmA,50S ribosomal protein L11 methyltransferase
MIDG2331_RS08365,,GNAT family N-acetyltransferase
MIDG2331_RS08370,,type II toxin-antitoxin system TacA family antitoxin
MIDG2331_RS08375,tldD,metalloprotease TldD
MIDG2331_RS08380,tilS,tRNA lysidine(34) synthetase TilS
MIDG2331_RS08385,,DUF5389 family protein
MIDG2331_RS08390,xerD,site-specific tyrosine recombinase XerD
MIDG2331_RS08450,wecG,lipopolysaccharide N-acetylmannosaminouronosyltransferase
MIDG2331_RS08455,wzyE,ECA oligosaccharide polymerase
MIDG2331_RS08460,,TDP-N-acetylfucosamine:lipid II N-acetylfucosaminyltransferase
MIDG2331_RS08465,hcp,hydroxylamine reductase
MIDG2331_RS08470,hcr,NADH oxidoreductase
MIDG2331_RS08475,wzxE,lipid III flippase WzxE
MIDG2331_RS08480,rffA,"dTDP-4-amino-4,6-dideoxygalactose transaminase"
MIDG2331_RS08485,rffC,"dTDP-4-amino-4,6-dideoxy-D-galactose acyltransferase"
MIDG2331_RS08490,wecC,UDP-N-acetyl-D-mannosamine dehydrogenase
MIDG2331_RS08495,wecB,non-hydrolyzing UDP-N-acetylglucosamine 2-epimerase
MIDG2331_RS08500,,transporter
MIDG2331_RS08505,wecA,UDP-N-acetylglucosamine--undecaprenyl-phosphate N-acetylglucosaminephosphotransferase
MIDG2331_RS08510,hemL,"glutamate-1-semialdehyde 2,1-aminomutase"
MIDG2331_RS08515,,MFS transporter
MIDG2331_RS08520,murJ,murein biosynthesis integral membrane protein MurJ
MIDG2331_RS08525,rpsT,30S ribosomal protein S20
MIDG2331_RS08530,trkA,Trk system potassium transporter TrkA
MIDG2331_RS08535,rsmB,16S rRNA (cytosine(967)-C(5))-methyltransferase RsmB
MIDG2331_RS08540,selB,selenocysteine-specific translation elongation factor
MIDG2331_RS08545,selA,L-seryl-tRNA(Sec) selenium transferase
MIDG2331_RS08555,mioC,FMN-binding protein MioC
MIDG2331_RS08560,,FGGY-family carbohydrate kinase
MIDG2331_RS08565,,SMP-30/gluconolactonase/LRE family protein
MIDG2331_RS08570,,hypothetical protein
MIDG2331_RS08575,,lactoferrin/transferrin family TonB-dependent receptor
MIDG2331_RS08580,,transferrin-binding protein-like solute binding protein
MIDG2331_RS08585,,ExbD/TolR family protein
MIDG2331_RS08590,,MotA/TolQ/ExbB proton channel family protein
MIDG2331_RS08595,,energy transducer TonB
MIDG2331_RS08600,,LysO family transporter
MIDG2331_RS08605,yiaK,3-dehydro-L-gulonate 2-dehydrogenase
MIDG2331_RS08615,,RBBP9/YdeN family alpha/beta hydrolase
MIDG2331_RS08620,,diaminopimelate decarboxylase family protein
MIDG2331_RS08625,,hypothetical protein
MIDG2331_RS08630,,prolyl oligopeptidase family serine peptidase
MIDG2331_RS08635,,hypothetical protein
MIDG2331_RS08640,,glycosyltransferase family 2 protein
MIDG2331_RS08645,,CDP-glycerol glycerophosphotransferase family protein
MIDG2331_RS08650,,LicD family protein
MIDG2331_RS08655,tagD,glycerol-3-phosphate cytidylyltransferase
MIDG2331_RS08660,,CDP-glycerol glycerophosphotransferase family protein
MIDG2331_RS08665,,polysaccharide biosynthesis/export family protein
MIDG2331_RS08670,,capsule biosynthesis protein
MIDG2331_RS08675,,ABC transporter permease
MIDG2331_RS08680,,ABC transporter ATP-binding protein
MIDG2331_RS08685,modF,molybdate ABC transporter ATP-binding protein ModF
MIDG2331_RS08690,fmt,methionyl-tRNA formyltransferase
MIDG2331_RS08695,,TAXI family TRAP transporter solute-binding subunit
MIDG2331_RS08700,,YigZ family protein
MIDG2331_RS08705,,TrkH family potassium uptake protein
MIDG2331_RS08710,hemG,menaquinone-dependent protoporphyrinogen IX dehydrogenase
MIDG2331_RS08715,mscL,large-conductance mechanosensitive channel protein MscL
MIDG2331_RS08720,lipA,lipoyl synthase
MIDG2331_RS08725,lipB,lipoyl(octanoyl) transferase LipB
MIDG2331_RS08730,ybeD,DUF493 family protein YbeD
MIDG2331_RS08735,,serine hydrolase
MIDG2331_RS08740,,septal ring lytic transglycosylase RlpA family protein
MIDG2331_RS08745,rodA,rod shape-determining protein RodA
MIDG2331_RS08750,mrdA,penicillin-binding protein 2
MIDG2331_RS08755,rlmH,23S rRNA (pseudouridine(1915)-N(3))-methyltransferase RlmH
MIDG2331_RS08760,rsfS,ribosome silencing factor
MIDG2331_RS08765,mutS,DNA mismatch repair protein MutS
MIDG2331_RS08770,,amino acid ABC transporter ATP-binding protein
MIDG2331_RS08775,,amino acid ABC transporter permease
MIDG2331_RS08780,,L-cysteine desulfidase family protein
MIDG2331_RS08785,,hemerythrin domain-containing protein
MIDG2331_RS08790,,DMT family transporter
MIDG2331_RS08795,,YfcZ/YiiS family protein
MIDG2331_RS08800,,tellurite resistance TerB family protein
MIDG2331_RS08805,,putative quinol monooxygenase
MIDG2331_RS08810,,urease accessory protein UreD
MIDG2331_RS08815,ureG,urease accessory protein UreG
MIDG2331_RS08820,,urease accessory protein UreF
MIDG2331_RS08825,ureE,urease accessory protein UreE
MIDG2331_RS08830,,glutathione S-transferase
MIDG2331_RS08835,ureC,urease subunit alpha
MIDG2331_RS08840,ureB,urease subunit beta
MIDG2331_RS08845,ureA,urease subunit gamma
MIDG2331_RS08850,,urea transporter
MIDG2331_RS08855,,energy-coupling factor ABC transporter ATP-binding protein
MIDG2331_RS08860,,energy-coupling factor transporter transmembrane component T family protein
MIDG2331_RS08865,cbiM,cobalt transporter CbiM
MIDG2331_RS08870,,hypothetical protein
MIDG2331_RS08875,,DUF4198 domain-containing protein
MIDG2331_RS08880,,LysR family transcriptional regulator
MIDG2331_RS08885,,nuclear transport factor 2 family protein
MIDG2331_RS08890,,SLC13 family permease
MIDG2331_RS08895,,MltR family transcriptional regulator
MIDG2331_RS08900,,mannitol-1-phosphate 5-dehydrogenase
MIDG2331_RS08905,,PTS mannitol transporter subunit IICBA
MIDG2331_RS08910,glmS,glutamine--fructose-6-phosphate transaminase (isomerizing)
MIDG2331_RS08915,,DeoR/GlpR family DNA-binding transcription regulator
MIDG2331_RS08920,,glycine zipper 2TM domain-containing protein
MIDG2331_RS08925,,"alpha-1,6-glucosyltransferase"
MIDG2331_RS08930,,UDP-glucose:protein N-beta-glucosyltransferase
MIDG2331_RS08935,rimO,30S ribosomal protein S12 methylthiotransferase RimO
MIDG2331_RS08940,mtnN,5'-methylthioadenosine/S-adenosylhomocysteine nucleosidase
MIDG2331_RS08945,,thiol:disulfide interchange protein DsbA/DsbL
MIDG2331_RS08950,,SlyX family protein
MIDG2331_RS08955,fkpA,FKBP-type peptidyl-prolyl cis-trans isomerase
MIDG2331_RS08960,,helix-turn-helix transcriptional regulator
MIDG2331_RS08965,tusD,sulfurtransferase complex subunit TusD
MIDG2331_RS08970,tusC,sulfurtransferase complex subunit TusC
MIDG2331_RS08975,tusB,sulfurtransferase complex subunit TusB
MIDG2331_RS09000,,F0F1 ATP synthase subunit epsilon
MIDG2331_RS09005,atpD,F0F1 ATP synthase subunit beta
MIDG2331_RS09010,atpG,F0F1 ATP synthase subunit gamma
MIDG2331_RS09015,atpA,F0F1 ATP synthase subunit alpha
MIDG2331_RS09020,atpH,F0F1 ATP synthase subunit delta
MIDG2331_RS09025,atpF,F0F1 ATP synthase subunit B
MIDG2331_RS09030,atpE,F0F1 ATP synthase subunit C
MIDG2331_RS09035,atpB,F0F1 ATP synthase subunit A
MIDG2331_RS09040,,ATP synthase subunit I
MIDG2331_RS09045,rsmG,16S rRNA (guanine(527)-N(7))-methyltransferase RsmG
MIDG2331_RS09050,mnmG,tRNA uridine-5-carboxymethylaminomethyl(34) synthesis enzyme MnmG
MIDG2331_RS09055,,Cof-type HAD-IIB family hydrolase
MIDG2331_RS09060,,amino acid ABC transporter substrate-binding protein
MIDG2331_RS09065,,YchJ family protein
MIDG2331_RS09070,,hypothetical protein
MIDG2331_RS09075,manZ,PTS mannose transporter subunit IID
MIDG2331_RS09080,,PTS mannose/fructose/sorbose transporter subunit IIC
MIDG2331_RS09085,,mannose/fructose/sorbose PTS transporter subunit IIA
MIDG2331_RS09090,,GntP family permease
MIDG2331_RS09095,,gluconokinase
MIDG2331_RS09100,gntR,gluconate operon transcriptional repressor GntR
MIDG2331_RS09105,,substrate-binding domain-containing protein
MIDG2331_RS09110,rbsD,D-ribose pyranase
MIDG2331_RS09115,rbsA,ribose ABC transporter ATP-binding protein RbsA
MIDG2331_RS09120,rbsC,ribose ABC transporter permease
MIDG2331_RS09125,rbsB,ribose ABC transporter substrate-binding protein RbsB
MIDG2331_RS09130,rbsK,ribokinase
MIDG2331_RS09135,,DMSO/selenate family reductase complex A subunit
MIDG2331_RS09140,,DMSO/selenate family reductase complex B subunit
MIDG2331_RS09145,,DmsC/YnfH family molybdoenzyme membrane anchor subunit
MIDG2331_RS09150,dmsD,Tat proofreading chaperone DmsD
MIDG2331_RS09155,napF,ferredoxin-type protein NapF
MIDG2331_RS09160,,class I SAM-dependent methyltransferase
MIDG2331_RS09175,,DUF6037 family protein
MIDG2331_RS09180,purL,phosphoribosylformylglycinamidine synthase
MIDG2331_RS09185,,DeoR/GlpR family DNA-binding transcription regulator
MIDG2331_RS09190,fucI,L-fucose isomerase
MIDG2331_RS09195,fucK,L-fuculokinase
MIDG2331_RS09200,fucU,L-fucose mutarotase
MIDG2331_RS09205,,L-fuculose-phosphate aldolase
MIDG2331_RS09210,fucP,L-fucose:H+ symporter permease
MIDG2331_RS09215,fucO,lactaldehyde reductase
MIDG2331_RS09220,,YagU family protein
MIDG2331_RS09225,,amino acid ABC transporter permease
MIDG2331_RS09230,,amino acid ABC transporter permease
MIDG2331_RS09245,,capsular polysaccharide biosynthesis protein
MIDG2331_RS09250,,capsule biosynthesis protein
MIDG2331_RS09255,,hypothetical protein
MIDG2331_RS09260,,3-keto-L-gulonate-6-phosphate decarboxylase UlaD
MIDG2331_RS09265,,PTS sugar transporter subunit IIA
MIDG2331_RS09270,,PTS ascorbate-specific subunit IIBC
MIDG2331_RS09275,ulaG,L-ascorbate 6-phosphate lactonase
MIDG2331_RS09280,ulaR,HTH-type transcriptional regulator UlaR
MIDG2331_RS09285,,L-ribulose-5-phosphate 3-epimerase
MIDG2331_RS09290,araD,L-ribulose-5-phosphate 4-epimerase
MIDG2331_RS09295,,FKBP-type peptidyl-prolyl cis-trans isomerase
MIDG2331_RS09300,,hypothetical protein
MIDG2331_RS09305,,hypothetical protein
MIDG2331_RS09310,,factor H binding protein domain-containing protein
MIDG2331_RS09320,,surface lipoprotein assembly modifier
MIDG2331_RS09325,rfaD,ADP-glyceromanno-heptose 6-epimerase
MIDG2331_RS09330,def,peptide deformylase
MIDG2331_RS09335,dprA,DNA-processing protein DprA
MIDG2331_RS09340,,OPT family oligopeptide transporter
MIDG2331_RS09345,,PTS ascorbate transporter subunit IIC
MIDG2331_RS09350,,PTS sugar transporter subunit IIB
MIDG2331_RS09355,secE,preprotein translocase subunit SecE
MIDG2331_RS09360,nusG,transcription termination/antitermination protein NusG
MIDG2331_RS09365,rplK,50S ribosomal protein L11
MIDG2331_RS09370,rplA,50S ribosomal protein L1
MIDG2331_RS09375,rplJ,50S ribosomal protein L10
MIDG2331_RS09380,rplL,50S ribosomal protein L7/L12
MIDG2331_RS09385,,helix-turn-helix domain-containing protein
MIDG2331_RS09390,,type II toxin-antitoxin system HipA family toxin
MIDG2331_RS09395,,hypothetical protein
MIDG2331_RS09400,,hypothetical protein
MIDG2331_RS09405,,hypothetical protein
MIDG2331_RS09410,,"IS256 family transposase, variant Zn-binding type"
MIDG2331_RS09415,,hypothetical protein
MIDG2331_RS09420,rpoB,DNA-directed RNA polymerase subunit beta
MIDG2331_RS09425,rpoC,DNA-directed RNA polymerase subunit beta'
MIDG2331_RS09430,,hypothetical protein
MIDG2331_RS09435,vapB,type II toxin-antitoxin system VapB family antitoxin
MIDG2331_RS09440,vapC,type II toxin-antitoxin system tRNA(fMet)-specific endonuclease VapC
MIDG2331_RS09445,,DUF417 family protein
MIDG2331_RS09450,,DUF2202 domain-containing protein
MIDG2331_RS09455,,hypothetical protein
MIDG2331_RS09460,,hypothetical protein
MIDG2331_RS09465,hslU,HslU--HslV peptidase ATPase subunit
MIDG2331_RS09470,hslV,ATP-dependent protease subunit HslV
MIDG2331_RS09475,sfsA,DNA/RNA nuclease SfsA
MIDG2331_RS09480,gloA2,SMU1112c/YaeR family gloxylase I-like metalloprotein
MIDG2331_RS09485,mutY,A/G-specific adenine glycosylase
MIDG2331_RS09490,,oxidative damage protection protein
MIDG2331_RS09495,mltC,membrane-bound lytic murein transglycosylase MltC
MIDG2331_RS09530,,DnaB-like helicase N-terminal domain-containing protein
MIDG2331_RS09535,,conjugal transfer nickase/helicase domain-containing protein
MIDG2331_RS09540,,tyrosine-type recombinase/integrase
MIDG2331_RS09560,,"IS256 family transposase, variant Zn-binding type"
MIDG2331_RS09565,,peptidase domain-containing ABC transporter
MIDG2331_RS09570,,HlyD family secretion protein
MIDG2331_RS09585,ffh,signal recognition particle protein
MIDG2331_RS09590,,bifunctional metallophosphatase/5'-nucleotidase
MIDG2331_RS09595,,FAD-dependent oxidoreductase
MIDG2331_RS09600,,YifB family Mg chelatase-like AAA ATPase
MIDG2331_RS09605,,HupA family protein
MIDG2331_RS09610,menH,"2-succinyl-6-hydroxy-2, 4-cyclohexadiene-1-carboxylate synthase"
MIDG2331_RS09615,menD,2-succinyl-5-enolpyruvyl-6-hydroxy-3- cyclohexene-1-carboxylic-acid synthase
MIDG2331_RS09620,,SGNH/GDSL hydrolase family protein
MIDG2331_RS09625,,N-acetylmannosamine-6-phosphate 2-epimerase
MIDG2331_RS09630,,N-acetylmannosamine kinase
MIDG2331_RS09635,nanA,N-acetylneuraminate lyase
MIDG2331_RS09640,nagB,glucosamine-6-phosphate deaminase
MIDG2331_RS09645,nagA,N-acetylglucosamine-6-phosphate deacetylase
MIDG2331_RS09650,fumC,class II fumarate hydratase
MIDG2331_RS09655,,TfoX/Sxy family DNA transformation protein
MIDG2331_RS09660,rpsJ,30S ribosomal protein S10
MIDG2331_RS09665,rplC,50S ribosomal protein L3
MIDG2331_RS09670,rplD,50S ribosomal protein L4
MIDG2331_RS09675,rplW,50S ribosomal protein L23
MIDG2331_RS09680,rplB,50S ribosomal protein L2
MIDG2331_RS09685,rpsS,30S ribosomal protein S19
MIDG2331_RS09690,rplV,50S ribosomal protein L22
MIDG2331_RS09695,rpsC,30S ribosomal protein S3
MIDG2331_RS09700,rplP,50S ribosomal protein L16
MIDG2331_RS09705,rpmC,50S ribosomal protein L29
MIDG2331_RS09710,rpsQ,30S ribosomal protein S17
MIDG2331_RS09715,rplN,50S ribosomal protein L14
MIDG2331_RS09720,rplX,50S ribosomal protein L24
MIDG2331_RS09725,rplE,50S ribosomal protein L5
MIDG2331_RS09730,rpsN,30S ribosomal protein S14
MIDG2331_RS09735,rpsH,30S ribosomal protein S8
MIDG2331_RS09740,rplF,50S ribosomal protein L6
MIDG2331_RS09745,rplR,50S ribosomal protein L18
MIDG2331_RS09750,rpsE,30S ribosomal protein S5
MIDG2331_RS09755,rpmD,50S ribosomal protein L30
MIDG2331_RS09760,rplO,50S ribosomal protein L15
MIDG2331_RS09765,secY,preprotein translocase subunit SecY
MIDG2331_RS09770,rpmJ,50S ribosomal protein L36
MIDG2331_RS09775,rpsM,30S ribosomal protein S13
MIDG2331_RS09780,rpsK,30S ribosomal protein S11
MIDG2331_RS09785,rpsD,30S ribosomal protein S4
MIDG2331_RS09790,,DNA-directed RNA polymerase subunit alpha
MIDG2331_RS09795,rplQ,50S ribosomal protein L17
MIDG2331_RS09800,rpsP,30S ribosomal protein S16
MIDG2331_RS09805,rimM,ribosome maturation factor RimM
MIDG2331_RS09810,trmD,tRNA (guanosine(37)-N1)-methyltransferase TrmD
MIDG2331_RS09815,rplS,50S ribosomal protein L19
MIDG2331_RS09820,,ribosomal protein uL16 3-hydroxylase
MIDG2331_RS09825,,ABC transporter substrate-binding protein
MIDG2331_RS09830,,FecCD family ABC transporter permease
MIDG2331_RS09835,,ABC transporter ATP-binding protein
MIDG2331_RS09840,,pseudoazurin
MIDG2331_RS09845,,ABC transporter substrate-binding protein
MIDG2331_RS09850,,ATP-grasp domain-containing protein
MIDG2331_RS09855,torD,molecular chaperone TorD
MIDG2331_RS09860,torA,trimethylamine-N-oxide reductase TorA
MIDG2331_RS09865,,hypothetical protein
MIDG2331_RS09870,glyQ,glycine--tRNA ligase subunit alpha
MIDG2331_RS09875,,endonuclease domain-containing protein
MIDG2331_RS09880,,hypothetical protein
MIDG2331_RS09885,glyS,glycine--tRNA ligase subunit beta
MIDG2331_RS09890,,methyltransferase domain-containing protein
MIDG2331_RS09895,,DUF5377 family protein
MIDG2331_RS09900,xerC,tyrosine recombinase XerC
MIDG2331_RS09905,,YbaN family protein
MIDG2331_RS09910,,glycosyltransferase family 2 protein
MIDG2331_RS09915,lpxH,"UDP-2,3-diacylglucosamine diphosphatase"
MIDG2331_RS09920,,DUF1523 family protein
MIDG2331_RS09925,,TatD family hydrolase
MIDG2331_RS09930,,"IS256 family transposase, variant Zn-binding type"
MIDG2331_RS09935,,MacB family efflux pump subunit
MIDG2331_RS09940,,efflux RND transporter periplasmic adaptor subunit
MIDG2331_RS09945,,MipA/OmpV family protein
MIDG2331_RS09950,,DNA polymerase III subunit delta'
MIDG2331_RS09955,tmk,dTMP kinase
MIDG2331_RS09960,mltG,endolytic transglycosylase MltG
MIDG2331_RS09980,acpP,acyl carrier protein
MIDG2331_RS09985,rpe,ribulose-phosphate 3-epimerase
MIDG2331_RS09990,,type B 50S ribosomal protein L31
MIDG2331_RS09995,ykgO,type B 50S ribosomal protein L36
MIDG2331_RS10000,mrcB,penicillin-binding protein 1B
MIDG2331_RS10005,menB,"1,4-dihydroxy-2-naphthoyl-CoA synthase"
MIDG2331_RS10010,,RelA/SpoT family protein
MIDG2331_RS10015,rpoZ,DNA-directed RNA polymerase subunit omega
MIDG2331_RS10020,recG,ATP-dependent DNA helicase RecG
MIDG2331_RS10025,,type II toxin-antitoxin system VapC family toxin
MIDG2331_RS10030,,type II toxin-antitoxin system Phd/YefM family antitoxin
MIDG2331_RS10035,proS,proline--tRNA ligase
MIDG2331_RS10040,,anti-sigma factor family protein
MIDG2331_RS10045,,sigma-70 family RNA polymerase sigma factor
MIDG2331_RS10050,msrP,protein-methionine-sulfoxide reductase catalytic subunit MsrP
MIDG2331_RS10055,,protein-methionine-sulfoxide reductase heme-binding subunit MsrQ
MIDG2331_RS10060,rpoH,RNA polymerase sigma factor RpoH
MIDG2331_RS10065,,MFS transporter
MIDG2331_RS10070,,hypothetical protein
MIDG2331_RS10075,,type II toxin-antitoxin system YafO family toxin
MIDG2331_RS10080,asnA,aspartate--ammonia ligase
MIDG2331_RS10085,asnC,transcriptional regulator AsnC
MIDG2331_RS10090,udp,uridine phosphorylase
MIDG2331_RS10095,,chorismate--pyruvate lyase family protein
MIDG2331_RS10100,murI,glutamate racemase
MIDG2331_RS10130,cysI,assimilatory sulfite reductase (NADPH) hemoprotein subunit
MIDG2331_RS10135,,assimilatory sulfite reductase (NADPH) flavoprotein subunit
MIDG2331_RS10140,,sulfate adenylyltransferase subunit 1
MIDG2331_RS10145,cysD,sulfate adenylyltransferase subunit CysD
MIDG2331_RS10150,,phosphoadenylyl-sulfate reductase
MIDG2331_RS10155,cysG,siroheme synthase CysG
MIDG2331_RS10160,,sulfate ABC transporter substrate-binding protein
MIDG2331_RS10165,cysT,sulfate ABC transporter permease subunit CysT
MIDG2331_RS10170,cysW,sulfate ABC transporter permease subunit CysW
MIDG2331_RS10175,,sulfate/molybdate ABC transporter ATP-binding protein
MIDG2331_RS10180,lldD,FMN-dependent L-lactate dehydrogenase LldD
MIDG2331_RS10185,,biotin--[acetyl-CoA-carboxylase] ligase
MIDG2331_RS10190,murB,UDP-N-acetylmuramate dehydrogenase
MIDG2331_RS10195,ompA,porin OmpA
MIDG2331_RS10200,ilvC,ketol-acid reductoisomerase
MIDG2331_RS10205,,paraquat-inducible protein A
MIDG2331_RS10210,,transglutaminase-like domain-containing protein
MIDG2331_RS10215,,mercuric transporter MerT family protein
MIDG2331_RS10220,,heavy-metal-associated domain-containing protein
MIDG2331_RS10225,,iron-containing alcohol dehydrogenase
MIDG2331_RS10230,,LysR family transcriptional regulator
MIDG2331_RS10235,dapD,"2,3,4,5-tetrahydropyridine-2,6-dicarboxylate N-succinyltransferase"
MIDG2331_RS10240,aroQ,type II 3-dehydroquinate dehydratase
MIDG2331_RS10245,,glycosyltransferase family 32 protein
MIDG2331_RS10250,accB,acetyl-CoA carboxylase biotin carboxyl carrier protein
MIDG2331_RS10255,accC,acetyl-CoA carboxylase biotin carboxylase subunit
MIDG2331_RS10260,mobA,molybdenum cofactor guanylyltransferase MobA
MIDG2331_RS10265,,YihD family protein
MIDG2331_RS10270,dsbA,thiol:disulfide interchange protein DsbA
MIDG2331_RS10280,ftsN,cell division protein FtsN
MIDG2331_RS10285,,class I SAM-dependent methyltransferase
MIDG2331_RS10290,,M15 family metallopeptidase
MIDG2331_RS10295,dapE,succinyl-diaminopimelate desuccinylase
MIDG2331_RS10300,,ArsC family reductase
MIDG2331_RS10305,,DUF5358 family protein
MIDG2331_RS10310,folP,dihydropteroate synthase
MIDG2331_RS10315,rluC,23S rRNA pseudouridine(955/2504/2580) synthase RluC
MIDG2331_RS10320,,TonB-dependent receptor plug domain-containing protein
MIDG2331_RS10325,,mechanosensitive ion channel family protein
MIDG2331_RS10330,,ATP-grasp domain-containing protein
MIDG2331_RS10335,,esterase family protein
MIDG2331_RS10340,ptrA,pitrilysin
MIDG2331_RS10345,recC,exodeoxyribonuclease V subunit gamma
MIDG2331_RS10350,,DUF5374 domain-containing protein
MIDG2331_RS10355,,DUF2572 family protein
MIDG2331_RS10360,,hypothetical protein
MIDG2331_RS10365,,pilus assembly FimT family protein
MIDG2331_RS10370,fabA,bifunctional 3-hydroxydecanoyl-ACP dehydratase/trans-2-decenoyl-ACP isomerase
MIDG2331_RS10375,,AAA family ATPase
MIDG2331_RS10380,matP,macrodomain Ter protein MatP
MIDG2331_RS10385,trpS,tryptophan--tRNA ligase
MIDG2331_RS10390,,phosphoglycolate phosphatase
MIDG2331_RS10400,lgt,prolipoprotein diacylglyceryl transferase
MIDG2331_RS10405,,sulfite exporter TauE/SafE family protein
MIDG2331_RS10410,rppH,RNA pyrophosphohydrolase
MIDG2331_RS10415,,M48 family metallopeptidase
MIDG2331_RS10420,ppa,inorganic diphosphatase
MIDG2331_RS10425,,tRNA1(Val) (adenine(37)-N6)-methyltransferase
MIDG2331_RS10430,rraA,ribonuclease E activity regulator RraA
MIDG2331_RS10435,,formate/nitrite transporter family protein
MIDG2331_RS10440,,alpha/beta hydrolase
MIDG2331_RS10455,,"IS256 family transposase, variant Zn-binding type"
MIDG2331_RS10460,dnaJ,molecular chaperone DnaJ
MIDG2331_RS10465,dnaK,molecular chaperone DnaK
MIDG2331_RS10470,xylB,xylulokinase
MIDG2331_RS10475,xylA,xylose isomerase
MIDG2331_RS10480,xylF,D-xylose ABC transporter substrate-binding protein
MIDG2331_RS10485,xylG,D-xylose ABC transporter ATP-binding protein
MIDG2331_RS10490,,sugar ABC transporter permease
MIDG2331_RS10495,,XylR family transcriptional regulator
MIDG2331_RS10500,,M13 family metallopeptidase
MIDG2331_RS10505,,zinc ribbon domain-containing protein
MIDG2331_RS10510,panF,sodium/pantothenate symporter
MIDG2331_RS10515,,YhdT family protein
MIDG2331_RS10520,metJ,met regulon transcriptional regulator MetJ
MIDG2331_RS10525,,MlaA family lipoprotein
MIDG2331_RS10530,,D-hexose-6-phosphate mutarotase
MIDG2331_RS10535,,site-specific recombinase
MIDG2331_RS10540,pgaA,"poly-beta-1,6 N-acetyl-D-glucosamine export porin PgaA"
MIDG2331_RS10545,pgaB,"poly-beta-1,6-N-acetyl-D-glucosamine N-deacetylase PgaB"
MIDG2331_RS10550,pgaC,"poly-beta-1,6-N-acetyl-D-glucosamine synthase"
MIDG2331_RS10555,,hypothetical protein
MIDG2331_RS10560,tpiA,triose-phosphate isomerase
MIDG2331_RS10565,truD,tRNA pseudouridine(13) synthase TruD
MIDG2331_RS10570,surE,5'/3'-nucleotidase SurE
MIDG2331_RS10575,,YqaA family protein
MIDG2331_RS10580,,LysM peptidoglycan-binding domain-containing protein
MIDG2331_RS10585,,hypothetical protein
MIDG2331_RS10590,,peptidoglycan DD-metalloendopeptidase family protein
MIDG2331_RS10595,,DNA-3-methyladenine glycosylase I
MIDG2331_RS10605,,YjiG family protein
MIDG2331_RS10610,,nucleoside recognition domain-containing protein
MIDG2331_RS10615,hemH,ferrochelatase
MIDG2331_RS10620,rpmH,50S ribosomal protein L34
MIDG2331_RS10625,rnpA,ribonuclease P protein component
MIDG2331_RS10630,yidD,membrane protein insertion efficiency factor YidD
MIDG2331_RS10635,glnA,type I glutamate--ammonia ligase
MIDG2331_RS10640,cpdA,"3',5'-cyclic-AMP phosphodiesterase"
MIDG2331_RS10645,nudF,ADP-ribose diphosphatase
MIDG2331_RS10650,psiE,phosphate-starvation-inducible protein PsiE
MIDG2331_RS10655,,4'-phosphopantetheinyl transferase family protein
MIDG2331_RS10660,,EamA family transporter
MIDG2331_RS10665,nhaA,Na+/H+ antiporter NhaA
MIDG2331_RS10675,dtd,D-aminoacyl-tRNA deacylase
MIDG2331_RS10680,,virulence factor BrkB family protein
MIDG2331_RS10685,proA,glutamate-5-semialdehyde dehydrogenase
MIDG2331_RS10700,,transferrin-binding protein-like solute binding protein
MIDG2331_RS10705,,transferrin-binding protein-like solute binding protein
MIDG2331_RS10710,mutL,DNA mismatch repair endonuclease MutL
MIDG2331_RS10715,adhP,alcohol dehydrogenase AdhP
MIDG2331_RS10720,miaA,tRNA (adenosine(37)-N6)-dimethylallyltransferase MiaA
MIDG2331_RS10725,hfq,RNA chaperone Hfq
MIDG2331_RS10730,hflX,ribosome rescue GTPase HflX
MIDG2331_RS10735,,LOG family protein
MIDG2331_RS10740,,MazG nucleotide pyrophosphohydrolase domain-containing protein
MIDG2331_RS10745,crp,cAMP-activated global transcriptional regulator CRP
MIDG2331_RS10750,,YheU family protein
MIDG2331_RS10755,slmA,nucleoid occlusion factor SlmA
MIDG2331_RS10760,dut,dUTP diphosphatase
MIDG2331_RS10765,coaBC,bifunctional phosphopantothenoylcysteine decarboxylase/phosphopantothenate--cysteine ligase CoaBC
MIDG2331_RS10770,radC,RadC family protein
MIDG2331_RS10775,rpmB,50S ribosomal protein L28
MIDG2331_RS10780,rpmG,50S ribosomal protein L33
MIDG2331_RS10790,,hypothetical protein
MIDG2331_RS10795,,diaminobutyrate--2-oxoglutarate transaminase
MIDG2331_RS10800,ddc,"L-2,4-diaminobutyrate decarboxylase"
MIDG2331_RS10805,yedF,sulfurtransferase-like selenium metabolism protein YedF
MIDG2331_RS10810,yedE,selenium metabolism membrane protein YedE/FdhT
MIDG2331_RS10815,,MaoP family protein
MIDG2331_RS10820,trmA,tRNA (uridine(54)-C5)-methyltransferase TrmA
MIDG2331_RS10835,corA,magnesium/cobalt transporter CorA
MIDG2331_RS10840,ubiE,"bifunctional demethylmenaquinone methyltransferase/2-methoxy-6-polyprenyl-1,4-benzoquinol methylase UbiE"
MIDG2331_RS10845,,ubiquinone biosynthesis accessory factor UbiJ
MIDG2331_RS10850,ubiB,ubiquinone biosynthesis regulatory protein kinase UbiB
MIDG2331_RS10855,tatA,Sec-independent protein translocase subunit TatA
MIDG2331_RS10860,tatB,Sec-independent protein translocase protein TatB
MIDG2331_RS10865,tatC,twin-arginine translocase subunit TatC
MIDG2331_RS10870,hemB,porphobilinogen synthase
MIDG2331_RS10875,,DUF4870 family protein
MIDG2331_RS10880,mutM,bifunctional DNA-formamidopyrimidine glycosylase/DNA-(apurinic or apyrimidinic site) lyase
MIDG2331_RS10885,brnQ,branched-chain amino acid transport system II carrier protein
MIDG2331_RS10890,fabG,3-oxoacyl-ACP reductase FabG
MIDG2331_RS10895,fabD,ACP S-malonyltransferase
MIDG2331_RS10900,,epoxyqueuosine reductase QueH
MIDG2331_RS10905,ispB,octaprenyl diphosphate synthase
MIDG2331_RS10910,,patatin-like phospholipase family protein
MIDG2331_RS10915,,NADPH-dependent FMN reductase
MIDG2331_RS10920,,DoxX family protein
MIDG2331_RS10925,rplU,50S ribosomal protein L21
MIDG2331_RS10930,rpmA,50S ribosomal protein L27
MIDG2331_RS10935,,DMT family transporter
MIDG2331_RS10940,,surface lipoprotein assembly modifier
MIDG2331_RS10945,,Cof-type HAD-IIB family hydrolase
MIDG2331_RS10950,,DNA utilization protein GntX
MIDG2331_RS10955,rsmC,16S rRNA (guanine(1207)-N(2))-methyltransferase RsmC
MIDG2331_RS10960,,DNA polymerase III subunit psi
MIDG2331_RS10965,rimI,ribosomal protein S18-alanine N-acetyltransferase
MIDG2331_RS10970,srmB,ATP-dependent RNA helicase SrmB
MIDG2331_RS10975,pdxH,pyridoxamine 5'-phosphate oxidase
MIDG2331_RS10980,,ABC transporter substrate-binding protein
MIDG2331_RS10985,,aldehyde dehydrogenase family protein
MIDG2331_RS10990,,acetate uptake transporter
MIDG2331_RS10995,,ABC transporter ATP-binding protein
MIDG2331_RS11000,,iron-siderophore ABC transporter substrate-binding protein
MIDG2331_RS11005,fhuB,Fe(3+)-hydroxamate ABC transporter permease FhuB
MIDG2331_RS11010,,TonB-dependent siderophore receptor
MIDG2331_RS11015,,DUF2322 family protein
MIDG2331_RS11020,,phosphoribosylaminoimidazolesuccinocarboxamide synthase
MIDG2331_RS11025,hisG,ATP phosphoribosyltransferase
MIDG2331_RS11030,hisD,histidinol dehydrogenase
MIDG2331_RS11035,hisC,histidinol-phosphate transaminase
MIDG2331_RS11040,,IS200/IS605 family transposase
MIDG2331_RS11045,hisB,bifunctional histidinol-phosphatase/imidazoleglycerol-phosphate dehydratase HisB
MIDG2331_RS11050,,phosphoglycerate mutase family protein
MIDG2331_RS11055,,PDDEXK nuclease domain-containing protein
MIDG2331_RS11060,hisH,imidazole glycerol phosphate synthase subunit HisH
MIDG2331_RS11065,hisA,1-(5-phosphoribosyl)-5-[(5- phosphoribosylamino)methylideneamino]imidazole-4- carboxamide isomerase
MIDG2331_RS11070,hisF,imidazole glycerol phosphate synthase subunit HisF
MIDG2331_RS11075,,hypothetical protein
MIDG2331_RS11080,hisIE,bifunctional phosphoribosyl-AMP cyclohydrolase/phosphoribosyl-ATP diphosphatase HisIE
MIDG2331_RS11085,,7-cyano-7-deazaguanine/7-aminomethyl-7- deazaguanine transporter
MIDG2331_RS11090,map,type I methionyl aminopeptidase
MIDG2331_RS11095,,thioredoxin family protein
MIDG2331_RS11100,,LacI family DNA-binding transcriptional regulator
MIDG2331_RS11105,,glycoside hydrolase family 32 protein
MIDG2331_RS11110,,aminoimidazole riboside kinase
MIDG2331_RS11115,nirK,copper-containing nitrite reductase
MIDG2331_RS11120,lolE,lipoprotein-releasing ABC transporter permease subunit LolE
MIDG2331_RS11125,lolD,lipoprotein-releasing ABC transporter ATP-binding protein LolD
MIDG2331_RS11130,,lipoprotein-releasing ABC transporter permease subunit
MIDG2331_RS11135,,2-hydroxyacid dehydrogenase
MIDG2331_RS11140,kdsA,3-deoxy-8-phosphooctulonate synthase
MIDG2331_RS11145,,SirB1 family protein
MIDG2331_RS11150,prmC,peptide chain release factor N(5)-glutamine methyltransferase
MIDG2331_RS11155,,hypothetical protein
MIDG2331_RS11160,prfA,peptide chain release factor 1
MIDG2331_RS11165,,rhodanese-like domain-containing protein
MIDG2331_RS11170,,YeeE/YedE family protein
MIDG2331_RS11185,,IS3-like element ISApl3 family transposase
MIDG2331_RS11200,,CydX/CbdX family cytochrome bd oxidase small subunit
MIDG2331_RS11205,,DUF1232 domain-containing protein
MIDG2331_RS11235,,IS3-like element ISApl3 family transposase
MIDG2331_RS11240,,nicotinate phosphoribosyltransferase
MIDG2331_RS11250,,YoaH family protein
MIDG2331_RS11260,,IS3 family transposase
MIDG2331_RS11275,,GNAT family N-acetyltransferase
MIDG2331_RS11295,,IS3 family transposase
MIDG2331_RS11300,,cupin domain-containing protein
MIDG2331_RS11330,,methionine/alanine import family NSS transporter small subunit
MIDG2331_RS11335,,IS3-like element ISApl3 family transposase
MIDG2331_RS11340,,IS3 family transposase
MIDG2331_RS11345,lptM,LPS translocon maturation chaperone LptM
MIDG2331_RS11355,,NAD(P)H-binding protein
MIDG2331_RS11360,lptM,LPS translocon maturation chaperone LptM
MIDG2331_RS11370,,ParA family protein
MIDG2331_RS11400,,IS3-like element ISApl3 family transposase
MIDG2331_RS11405,,ricin-type beta-trefoil lectin domain protein
MIDG2331_RS11495,,hypothetical protein
MIDG2331_RS11505,,hypothetical protein
MIDG2331_RS11510,,hypothetical protein
MIDG2331_RS11515,,hypothetical protein
MIDG2331_RS11525,,amino acid ABC transporter ATP-binding protein
MIDG2331_RS11530,,cysteine ABC transporter substrate-binding protein
MIDG2331_RS11535,,hypothetical protein
MIDG2331_RS11540,,helix-turn-helix domain-containing protein
MIDG2331_RS11545,,hypothetical protein
MIDG2331_RS11550,,hypothetical protein
MIDG2331_RS11555,,hypothetical protein
MIDG2331_RS11560,,hypothetical protein
MIDG2331_RS11570,,porin family protein
MIDG2331_RS11580,,TonB-dependent receptor domain-containing protein
MIDG2331_RS11595,,TonB-dependent receptor plug domain-containing protein
MIDG2331_RS11600,,hypothetical protein
MIDG2331_RS11605,,TonB-dependent receptor domain-containing protein
MIDG2331_RS11610,,thiazole synthase
MIDG2331_RS11615,,two-partner secretion domain-containing protein
MIDG2331_RS11620,,helix-turn-helix domain-containing protein
MIDG2331_RS11635,,hypothetical protein
MIDG2331_RS11640,,glycosyltransferase family 25 protein
MIDG2331_RS11650,,Fic family protein
MIDG2331_RS11655,,Fic family protein
MIDG2331_RS11665,,cupin domain-containing protein
MIDG2331_RS11670,,hypothetical protein
MIDG2331_RS11675,,TonB-dependent receptor plug domain-containing protein
MIDG2331_RS11680,,hypothetical protein
MIDG2331_RS11685,,DUF5368 family protein
MIDG2331_RS11695,,hypothetical protein
MIDG2331_RS11700,,calcium-binding protein
MIDG2331_RS11705,,hypothetical protein
MIDG2331_RS11710,,Abi family protein
MIDG2331_RS11715,,Abi family protein
MIDG2331_RS11730,,TonB-dependent receptor domain-containing protein
MIDG2331_RS11735,,ABC transporter ATP-binding protein
MIDG2331_RS11745,,M20/M25/M40 family metallo-hydrolase
MIDG2331_RS11750,,hypothetical protein
MIDG2331_RS11755,,IS3 family transposase
MIDG2331_RS11760,,Slam-dependent surface lipoprotein
MIDG2331_RS11765,,pentapeptide repeat-containing protein
MIDG2331_RS11770,,SEC-C metal-binding domain-containing protein
MIDG2331_RS11775,,LysR family transcriptional regulator
MIDG2331_RS11780,,hypothetical protein
MIDG2331_RS11785,,hypothetical protein
MIDG2331_RS11790,,hypothetical protein
MIDG2331_RS11795,,hypothetical protein
MIDG2331_RS11800,,hypothetical protein
MIDG2331_RS11805,,hypothetical protein
MIDG2331_RS11810,,hypothetical protein
MIDG2331_RS11815,,hypothetical protein
MIDG2331_RS11820,,hypothetical protein
MIDG2331_RS11825,,hypothetical protein
MIDG2331_RS11830,,hypothetical protein
